risk,K,n,seed,gamma,alpha,entropy_kappa,smoothing_tau,step_size,step_decay,max_iter,minibatch_size,regret_tolerance,record_every,certify_every,method,continuation_stage,stage_iteration,iteration,selected_stage,stage_improvement,stage_relative_improvement,stage_termination_reason,continuation_stop_reason,residual_norm,objective,eta,regret1,regret2,theta1,theta2
msd,500,50,14128123,0.5,nan,0.01,0.02,10.0,0.5,2000,23,0.01,100,100,full_batch,0,0,0,True,nan,nan,max_iter,,0.3094581489022535,0.047882172961004645,0.06407351841610076,0.06407351841610076,0.04377378393098297,nan,nan
msd,500,50,14128123,0.5,nan,0.01,0.02,10.0,0.5,2000,23,0.01,100,100,full_batch,0,100,100,True,nan,nan,max_iter,,0.2712651493180134,0.03679239061726205,0.05698644408493014,0.05698644408493014,0.03662684318095538,nan,nan
msd,500,50,14128123,0.5,nan,0.01,0.02,10.0,0.5,2000,23,0.01,100,100,full_batch,0,200,200,True,nan,nan,max_iter,,0.2586032563140923,0.03343782208812606,0.05417017615686048,0.05417017615686048,0.03422287866218521,nan,nan
msd,500,50,14128123,0.5,nan,0.01,0.02,10.0,0.5,2000,23,0.01,100,100,full_batch,0,300,300,True,nan,nan,max_iter,,0.2504186688304355,0.031354754849403664,0.05221262026314444,0.05221262026314444,0.03261540828655629,nan,nan
msd,500,50,14128123,0.5,nan,0.01,0.02,10.0,0.5,2000,23,0.01,100,100,full_batch,0,400,400,True,nan,nan,max_iter,,0.2444555543803572,0.029879259033703892,0.05070953369136455,0.05070953369136455,0.03143820134984593,nan,nan
msd,500,50,14128123,0.5,nan,0.01,0.02,10.0,0.5,2000,23,0.01,100,100,full_batch,0,500,500,True,nan,nan,max_iter,,0.23982890998664652,0.0287589530326915,0.049500749038632996,0.049500749038632996,0.030603731014220703,nan,nan
msd,500,50,14128123,0.5,nan,0.01,0.02,10.0,0.5,2000,23,0.01,100,100,full_batch,0,600,600,True,nan,nan,max_iter,,0.23608496954953492,0.027868056423602416,0.048498521522914784,0.048498521522914784,0.02996373329736074,nan,nan
msd,500,50,14128123,0.5,nan,0.01,0.02,10.0,0.5,2000,23,0.01,100,100,full_batch,0,700,700,True,nan,nan,max_iter,,0.2329596646933799,0.027135102687025996,0.04764810862960667,0.04764810862960667,0.029476305605635023,nan,nan
msd,500,50,14128123,0.5,nan,0.01,0.02,10.0,0.5,2000,23,0.01,100,100,full_batch,0,800,800,True,nan,nan,max_iter,,0.23028745356195418,0.026516155634024603,0.04692038880347754,0.04692038880347754,0.02910286782192184,nan,nan
msd,500,50,14128123,0.5,nan,0.01,0.02,10.0,0.5,2000,23,0.01,100,100,full_batch,0,900,900,True,nan,nan,max_iter,,0.2279590778078168,0.025982670577495134,0.0462917130506208,0.0462917130506208,0.028798377891509797,nan,nan
msd,500,50,14128123,0.5,nan,0.01,0.02,10.0,0.5,2000,23,0.01,100,100,full_batch,0,1000,1000,True,nan,nan,max_iter,,0.22589946999807609,0.02551528527270584,0.045739441912446166,0.045739441912446166,0.02854237754860761,nan,nan
msd,500,50,14128123,0.5,nan,0.01,0.02,10.0,0.5,2000,23,0.01,100,100,full_batch,0,1100,1100,True,nan,nan,max_iter,,0.2240552832045384,0.025100384965932955,0.04524500186859198,0.04524500186859198,0.028317670194907885,nan,nan
msd,500,50,14128123,0.5,nan,0.01,0.02,10.0,0.5,2000,23,0.01,100,100,full_batch,0,1200,1200,True,nan,nan,max_iter,,0.22238747432030082,0.02472809436728123,0.044802112781916315,0.044802112781916315,0.028118369638443996,nan,nan
msd,500,50,14128123,0.5,nan,0.01,0.02,10.0,0.5,2000,23,0.01,100,100,full_batch,0,1300,1300,True,nan,nan,max_iter,,0.22086671591902518,0.024391053100427686,0.04440522895034216,0.04440522895034216,0.027942382067331684,nan,nan
msd,500,50,14128123,0.5,nan,0.01,0.02,10.0,0.5,2000,23,0.01,100,100,full_batch,0,1400,1400,True,nan,nan,max_iter,,0.21947046465168002,0.024083642427212164,0.044044219998413514,0.044044219998413514,0.02779594539609953,nan,nan
msd,500,50,14128123,0.5,nan,0.01,0.02,10.0,0.5,2000,23,0.01,100,100,full_batch,0,1500,1500,True,nan,nan,max_iter,,0.2181810343893554,0.023801481883604543,0.04371356839199192,0.04371356839199192,0.02766534509054208,nan,nan
msd,500,50,14128123,0.5,nan,0.01,0.02,10.0,0.5,2000,23,0.01,100,100,full_batch,0,1600,1600,True,nan,nan,max_iter,,0.216984296849527,0.023541092539641827,0.04340962919810809,0.04340962919810809,0.027553710694825817,nan,nan
msd,500,50,14128123,0.5,nan,0.01,0.02,10.0,0.5,2000,23,0.01,100,100,full_batch,0,1700,1700,True,nan,nan,max_iter,,0.21586878435356155,0.02329966602914223,0.04312962356571215,0.04312962356571215,0.027461560568696697,nan,nan
msd,500,50,14128123,0.5,nan,0.01,0.02,10.0,0.5,2000,23,0.01,100,100,full_batch,0,1800,1800,True,nan,nan,max_iter,,0.21482505647911632,0.023074902445627758,0.04286719306568526,0.04286719306568526,0.02738761712505583,nan,nan
msd,500,50,14128123,0.5,nan,0.01,0.02,10.0,0.5,2000,23,0.01,100,100,full_batch,0,1900,1900,True,nan,nan,max_iter,,0.21384524377963446,0.022864894143585644,0.042620841191985614,0.042620841191985614,0.02733061601802822,nan,nan
msd,500,50,14128123,0.5,nan,0.01,0.02,10.0,0.5,2000,23,0.01,100,100,full_batch,0,2000,2000,True,nan,nan,max_iter,,0.2129227128281717,0.02266804081905404,0.04238881021670099,0.04238881021670099,0.02728404562092357,nan,nan
msd,500,50,14128123,0.5,nan,0.01,0.02,10.0,0.5,2000,23,0.01,100,100,minibatch,0,0,0,True,nan,nan,max_iter,,0.3094581489022535,0.047882172961004645,0.06407351841610076,0.06407351841610076,0.04377378393098297,nan,nan
msd,500,50,14128123,0.5,nan,0.01,0.02,10.0,0.5,2000,23,0.01,100,100,minibatch,0,100,100,True,nan,nan,max_iter,,0.27123569929348806,0.03678440228561374,0.05694782360109213,0.05694782360109213,0.03657275827220757,nan,nan
msd,500,50,14128123,0.5,nan,0.01,0.02,10.0,0.5,2000,23,0.01,100,100,minibatch,0,200,200,True,nan,nan,max_iter,,0.25857934394522897,0.03343163855757251,0.054135611464298516,0.054135611464298516,0.03416350658816053,nan,nan
msd,500,50,14128123,0.5,nan,0.01,0.02,10.0,0.5,2000,23,0.01,100,100,minibatch,0,300,300,True,nan,nan,max_iter,,0.25040186681487064,0.03135054745218611,0.05217895008766443,0.05217895008766443,0.03257347323650911,nan,nan
msd,500,50,14128123,0.5,nan,0.01,0.02,10.0,0.5,2000,23,0.01,100,100,minibatch,0,400,400,True,nan,nan,max_iter,,0.2444380818032206,0.029874987917818983,0.05068964360120343,0.05068964360120343,0.031399606473509756,nan,nan
msd,500,50,14128123,0.5,nan,0.01,0.02,10.0,0.5,2000,23,0.01,100,100,minibatch,0,500,500,True,nan,nan,max_iter,,0.2398180332795161,0.028756344543027543,0.04948296139124558,0.04948296139124558,0.030572564501198995,nan,nan
msd,500,50,14128123,0.5,nan,0.01,0.02,10.0,0.5,2000,23,0.01,100,100,minibatch,0,600,600,True,nan,nan,max_iter,,0.23607649527159585,0.02786605580985991,0.0484819353479744,0.0484819353479744,0.02993306649855243,nan,nan
msd,500,50,14128123,0.5,nan,0.01,0.02,10.0,0.5,2000,23,0.01,100,100,minibatch,0,700,700,True,nan,nan,max_iter,,0.23293698282778402,0.027129818984455673,0.04761718272220633,0.04761718272220633,0.029454550387266853,nan,nan
msd,500,50,14128123,0.5,nan,0.01,0.02,10.0,0.5,2000,23,0.01,100,100,minibatch,0,800,800,True,nan,nan,max_iter,,0.23026818301405572,0.026511718054297327,0.04689454244148861,0.04689454244148861,0.029079351112741014,nan,nan
msd,500,50,14128123,0.5,nan,0.01,0.02,10.0,0.5,2000,23,0.01,100,100,minibatch,0,900,900,True,nan,nan,max_iter,,0.2279366947878799,0.025977568415411555,0.04626775071620143,0.04626775071620143,0.02877621992611673,nan,nan
msd,500,50,14128123,0.5,nan,0.01,0.02,10.0,0.5,2000,23,0.01,100,100,minibatch,0,1000,1000,True,nan,nan,max_iter,,0.22587803684446614,0.025510443764355,0.04571687718912354,0.04571687718912354,0.028518555937927237,nan,nan
msd,500,50,14128123,0.5,nan,0.01,0.02,10.0,0.5,2000,23,0.01,100,100,minibatch,0,1100,1100,True,nan,nan,max_iter,,0.2240376404177045,0.025096432161966328,0.04522290309265664,0.04522290309265664,0.02829766605329065,nan,nan
msd,500,50,14128123,0.5,nan,0.01,0.02,10.0,0.5,2000,23,0.01,100,100,minibatch,0,1200,1200,True,nan,nan,max_iter,,0.2223694906939098,0.024724095195734416,0.04477920237707228,0.04477920237707228,0.028101624483258147,nan,nan
msd,500,50,14128123,0.5,nan,0.01,0.02,10.0,0.5,2000,23,0.01,100,100,minibatch,0,1300,1300,True,nan,nan,max_iter,,0.22084539318599586,0.024386343845738553,0.04438193167452287,0.04438193167452287,0.02793123971264022,nan,nan
msd,500,50,14128123,0.5,nan,0.01,0.02,10.0,0.5,2000,23,0.01,100,100,minibatch,0,1400,1400,True,nan,nan,max_iter,,0.2194477653795098,0.02407866086503019,0.04401748539919215,0.04401748539919215,0.027790041692693945,nan,nan
msd,500,50,14128123,0.5,nan,0.01,0.02,10.0,0.5,2000,23,0.01,100,100,minibatch,0,1500,1500,True,nan,nan,max_iter,,0.21816147780404518,0.023797215198822448,0.04369311934120873,0.04369311934120873,0.02765967282413423,nan,nan
msd,500,50,14128123,0.5,nan,0.01,0.02,10.0,0.5,2000,23,0.01,100,100,minibatch,0,1600,1600,True,nan,nan,max_iter,,0.21696498996310953,0.023536903434846112,0.04339001377253382,0.04339001377253382,0.027546774527317963,nan,nan
msd,500,50,14128123,0.5,nan,0.01,0.02,10.0,0.5,2000,23,0.01,100,100,minibatch,0,1700,1700,True,nan,nan,max_iter,,0.21584975958672492,0.023295559356823474,0.04311466307116596,0.04311466307116596,0.02745878229960874,nan,nan
msd,500,50,14128123,0.5,nan,0.01,0.02,10.0,0.5,2000,23,0.01,100,100,minibatch,0,1800,1800,True,nan,nan,max_iter,,0.21480951970540524,0.02307156487803344,0.04285128434669905,0.04285128434669905,0.027383819742742288,nan,nan
msd,500,50,14128123,0.5,nan,0.01,0.02,10.0,0.5,2000,23,0.01,100,100,minibatch,0,1900,1900,True,nan,nan,max_iter,,0.21382755871646356,0.022861112433321337,0.042606023210450095,0.042606023210450095,0.027331869310006363,nan,nan
msd,500,50,14128123,0.5,nan,0.01,0.02,10.0,0.5,2000,23,0.01,100,100,minibatch,0,2000,2000,True,nan,nan,max_iter,,0.2129009511929711,0.022663407509435927,0.042374111846819495,0.042374111846819495,0.027285298401434066,nan,nan
msd,500,50,14128123,0.5,nan,0.01,0.02,100.0,0.5,2000,23,0.01,100,100,full_batch,0,0,0,True,nan,nan,stagnation,,0.3094581489022535,0.047882172961004645,0.06407351841610076,0.06407351841610076,0.04377378393098297,nan,nan
msd,500,50,14128123,0.5,nan,0.01,0.02,100.0,0.5,2000,23,0.01,100,100,full_batch,0,100,100,True,nan,nan,stagnation,,0.19005406098240932,0.018060273047952678,0.036670935221714496,0.036670935221714496,0.028713448650147633,nan,nan
msd,500,50,14128123,0.5,nan,0.01,0.02,100.0,0.5,2000,23,0.01,100,100,full_batch,0,200,200,True,nan,nan,stagnation,,0.18083608321951808,0.016350844497088235,0.03452249792667006,0.03452249792667006,0.030975357243927915,nan,nan
msd,500,50,14128123,0.5,nan,0.01,0.02,100.0,0.5,2000,23,0.01,100,100,full_batch,0,300,300,True,nan,nan,stagnation,,0.1755120938605791,0.015402247545662362,0.033415548482441604,0.033415548482441604,0.03184350309245787,nan,nan
msd,500,50,14128123,0.5,nan,0.01,0.02,100.0,0.5,2000,23,0.01,100,100,full_batch,0,400,400,True,nan,nan,stagnation,,0.17163140017389153,0.014728668762825246,0.0326656687730576,0.0326656687730576,0.03219602294254076,nan,nan
msd,500,50,14128123,0.5,nan,0.01,0.02,100.0,0.5,2000,23,0.01,100,100,full_batch,0,500,500,True,nan,nan,stagnation,,0.1685244887204491,0.014200251649244386,0.032330511641610216,0.03207881726944306,0.032330511641610216,nan,nan
msd,500,50,14128123,0.5,nan,0.01,0.02,100.0,0.5,2000,23,0.01,100,100,full_batch,0,600,600,True,nan,nan,stagnation,,0.16590926867945302,0.013762942716875465,0.03236379572341752,0.03157768747479095,0.03236379572341752,nan,nan
msd,500,50,14128123,0.5,nan,0.01,0.02,100.0,0.5,2000,23,0.01,100,100,full_batch,0,700,700,True,nan,nan,stagnation,,0.1636385963966182,0.013388795115327654,0.032348315588655585,0.03112769461087117,0.032348315588655585,nan,nan
msd,500,50,14128123,0.5,nan,0.01,0.02,100.0,0.5,2000,23,0.01,100,100,full_batch,0,800,800,True,nan,nan,stagnation,,0.16162538211577523,0.013061382072035178,0.03231052304496307,0.030710490155966386,0.03231052304496307,nan,nan
msd,500,50,14128123,0.5,nan,0.01,0.02,100.0,0.5,2000,23,0.01,100,100,full_batch,0,900,900,True,nan,nan,stagnation,,0.15981361881002615,0.012770196378578172,0.03226406997247849,0.030317576849092864,0.03226406997247849,nan,nan
msd,500,50,14128123,0.5,nan,0.01,0.02,100.0,0.5,2000,23,0.01,100,100,full_batch,0,1000,1000,True,nan,nan,stagnation,,0.1581650601948175,0.012508093133215121,0.03221443678525038,0.02994550998110279,0.03221443678525038,nan,nan
msd,500,50,14128123,0.5,nan,0.01,0.02,100.0,0.5,2000,23,0.01,100,100,minibatch,0,0,0,True,nan,nan,stagnation,,0.3094581489022535,0.047882172961004645,0.06407351841610076,0.06407351841610076,0.04377378393098297,nan,nan
msd,500,50,14128123,0.5,nan,0.01,0.02,100.0,0.5,2000,23,0.01,100,100,minibatch,0,100,100,True,nan,nan,stagnation,,0.19002078339143885,0.018053949060348063,0.03675979319504685,0.03675979319504685,0.028684348332034426,nan,nan
msd,500,50,14128123,0.5,nan,0.01,0.02,100.0,0.5,2000,23,0.01,100,100,minibatch,0,200,200,True,nan,nan,stagnation,,0.18079589476966015,0.016343577782781015,0.034502957573210646,0.034502957573210646,0.031128299729802023,nan,nan
msd,500,50,14128123,0.5,nan,0.01,0.02,100.0,0.5,2000,23,0.01,100,100,minibatch,0,300,300,True,nan,nan,stagnation,,0.17549591514417592,0.015399408116145898,0.03326918137190954,0.03326918137190954,0.03194015833071967,nan,nan
msd,500,50,14128123,0.5,nan,0.01,0.02,100.0,0.5,2000,23,0.01,100,100,minibatch,0,400,400,True,nan,nan,stagnation,,0.17161111557396647,0.014725187494270637,0.032560307468823824,0.032560307468823824,0.03243479829048501,nan,nan
msd,500,50,14128123,0.5,nan,0.01,0.02,100.0,0.5,2000,23,0.01,100,100,minibatch,0,500,500,True,nan,nan,stagnation,,0.16849912742754913,0.01419597797192272,0.03247586522390966,0.03211569727528785,0.03247586522390966,nan,nan
msd,500,50,14128123,0.5,nan,0.01,0.02,100.0,0.5,2000,23,0.01,100,100,minibatch,0,600,600,True,nan,nan,stagnation,,0.1658934420678633,0.013760317060561758,0.03239063930256719,0.03164887182952858,0.03239063930256719,nan,nan
msd,500,50,14128123,0.5,nan,0.01,0.02,100.0,0.5,2000,23,0.01,100,100,minibatch,0,700,700,True,nan,nan,stagnation,,0.16362368320210213,0.01338635485231094,0.032492831183753235,0.031073344039851958,0.032492831183753235,nan,nan
msd,500,50,14128123,0.5,nan,0.01,0.02,100.0,0.5,2000,23,0.01,100,100,minibatch,0,800,800,True,nan,nan,stagnation,,0.16161356275097372,0.01305947183253146,0.032325961958294125,0.030704959606049576,0.032325961958294125,nan,nan
msd,500,50,14128123,0.5,nan,0.01,0.02,100.0,0.5,2000,23,0.01,100,100,minibatch,0,900,900,True,nan,nan,stagnation,,0.15980590225057828,0.01276896319706069,0.0323352539240066,0.03036816350386018,0.0323352539240066,nan,nan
msd,500,50,14128123,0.5,nan,0.01,0.02,100.0,0.5,2000,23,0.01,100,100,minibatch,0,1000,1000,True,nan,nan,stagnation,,0.15815901800820142,0.012507137488659292,0.032280732608440776,0.030018341217004973,0.032280732608440776,nan,nan
msd,500,50,14128123,0.5,nan,0.01,0.02,100.0,0.5,2000,23,0.01,100,100,minibatch,0,1100,1100,True,nan,nan,stagnation,,0.15664641698078474,0.012269049976458944,0.032343036966026806,0.029616919570384814,0.032343036966026806,nan,nan
msd,500,50,14128123,0.5,nan,0.01,0.02,1000.0,0.5,2000,23,0.01,100,100,full_batch,0,0,0,True,nan,nan,stagnation,,0.3094581489022535,0.047882172961004645,0.06407351841610076,0.06407351841610076,0.04377378393098297,nan,nan
msd,500,50,14128123,0.5,nan,0.01,0.02,1000.0,0.5,2000,23,0.01,100,100,full_batch,0,100,100,True,nan,nan,stagnation,,2.436674369971285,2.96869099263748,0.2839982379028637,0.17067089664920987,0.2839982379028637,nan,nan
msd,500,50,14128123,0.5,nan,0.01,0.02,1000.0,0.5,2000,23,0.01,100,100,full_batch,0,200,200,True,nan,nan,stagnation,,2.770203968105163,3.8370150124527957,0.3101302438698117,0.3101302438698117,0.22646489995160246,nan,nan
msd,500,50,14128123,0.5,nan,0.01,0.02,1000.0,0.5,2000,23,0.01,100,100,full_batch,0,300,300,True,nan,nan,stagnation,,1.665085091355696,1.3862541807275033,0.14311037752965095,0.07520195728631685,0.14311037752965095,nan,nan
msd,500,50,14128123,0.5,nan,0.01,0.02,1000.0,0.5,2000,23,0.01,100,100,full_batch,0,400,400,True,nan,nan,stagnation,,1.3109032698405807,0.8592336914393631,0.035621995529210526,0.035621995529210526,0.031906523966200084,nan,nan
msd,500,50,14128123,0.5,nan,0.01,0.02,1000.0,0.5,2000,23,0.01,100,100,full_batch,0,500,500,True,nan,nan,stagnation,,1.8114595869463648,1.6406929175699472,0.04105839886184692,0.04105839886184692,0.0224521494179053,nan,nan
msd,500,50,14128123,0.5,nan,0.01,0.02,1000.0,0.5,2000,23,0.01,100,100,full_batch,0,600,600,True,nan,nan,stagnation,,1.9503000111753563,1.9018350667952975,0.03879694333885719,0.03705187640610075,0.03879694333885719,nan,nan
msd,500,50,14128123,0.5,nan,0.01,0.02,1000.0,0.5,2000,23,0.01,100,100,full_batch,0,700,700,True,nan,nan,stagnation,,1.6752580754925384,1.4032448097514816,0.02683266087601499,0.02683266087601499,0.02132043780189352,nan,nan
msd,500,50,14128123,0.5,nan,0.01,0.02,1000.0,0.5,2000,23,0.01,100,100,full_batch,0,800,800,True,nan,nan,stagnation,,1.8726165289906769,1.7533463323245453,0.030293277058418888,0.024629454354726854,0.030293277058418888,nan,nan
msd,500,50,14128123,0.5,nan,0.01,0.02,1000.0,0.5,2000,23,0.01,100,100,full_batch,0,900,900,True,nan,nan,stagnation,,2.0652724133849487,2.1326750707444453,0.04103130153731738,0.04103130153731738,0.0222377076469491,nan,nan
msd,500,50,14128123,0.5,nan,0.01,0.02,1000.0,0.5,2000,23,0.01,100,100,full_batch,0,1000,1000,True,nan,nan,stagnation,,2.9032128142771207,4.21432232249144,0.5423308364321892,0.19282630456039962,0.5423308364321892,nan,nan
msd,500,50,14128123,0.5,nan,0.01,0.02,1000.0,0.5,2000,23,0.01,100,100,full_batch,0,1100,1100,True,nan,nan,stagnation,,2.675815218436682,3.5799935416086743,0.327051552324283,0.327051552324283,0.045735044658466895,nan,nan
msd,500,50,14128123,0.5,nan,0.01,0.02,1000.0,0.5,2000,23,0.01,100,100,full_batch,0,1200,1200,True,nan,nan,stagnation,,1.6080410202875102,1.2928979614636484,0.18319709382566185,0.18319709382566185,0.12054741056369955,nan,nan
msd,500,50,14128123,0.5,nan,0.01,0.02,1000.0,0.5,2000,23,0.01,100,100,minibatch,0,0,0,True,nan,nan,stagnation,,0.3094581489022535,0.047882172961004645,0.06407351841610076,0.06407351841610076,0.04377378393098297,nan,nan
msd,500,50,14128123,0.5,nan,0.01,0.02,1000.0,0.5,2000,23,0.01,100,100,minibatch,0,100,100,True,nan,nan,stagnation,,4.11339223711815,8.45999784819193,0.4829689428440416,0.4307993919507637,0.4829689428440416,nan,nan
msd,500,50,14128123,0.5,nan,0.01,0.02,1000.0,0.5,2000,23,0.01,100,100,minibatch,0,200,200,True,nan,nan,stagnation,,2.8653891042462027,4.105227359366428,0.34290906259071774,0.34290906259071774,0.028182952125785032,nan,nan
msd,500,50,14128123,0.5,nan,0.01,0.02,1000.0,0.5,2000,23,0.01,100,100,minibatch,0,300,300,True,nan,nan,stagnation,,2.084730520118354,2.1730506707564716,0.028318096028123185,0.028318096028123185,0.014565360537506788,nan,nan
msd,500,50,14128123,0.5,nan,0.01,0.02,1000.0,0.5,2000,23,0.01,100,100,minibatch,0,400,400,True,nan,nan,stagnation,,3.1098288282716013,4.835517670574561,0.3592746328334871,0.3592746328334871,0.28079558071922106,nan,nan
msd,500,50,14128123,0.5,nan,0.01,0.02,1000.0,0.5,2000,23,0.01,100,100,minibatch,0,500,500,True,nan,nan,stagnation,,2.700554194081572,3.6464964775857847,0.3245813321824247,0.2505017772524363,0.3245813321824247,nan,nan
msd,500,50,14128123,0.5,nan,0.01,0.02,1000.0,0.5,2000,23,0.01,100,100,minibatch,0,600,600,True,nan,nan,stagnation,,2.709894130295674,3.671763098705474,0.40364308931308873,0.40364308931308873,0.06759475604334886,nan,nan
msd,500,50,14128123,0.5,nan,0.01,0.02,1000.0,0.5,2000,23,0.01,100,100,minibatch,0,700,700,True,nan,nan,stagnation,,1.795180442424566,1.6113364104318304,0.04158567233382249,0.028920623550092173,0.04158567233382249,nan,nan
msd,500,50,14128123,0.5,nan,0.01,0.02,1000.0,0.5,2000,23,0.01,100,100,minibatch,0,800,800,True,nan,nan,stagnation,,2.4156489791252924,2.9176799951745336,0.3352545777097531,0.019649783331331938,0.3352545777097531,nan,nan
msd,500,50,14128123,0.5,nan,0.01,0.002,10.0,0.5,2000,23,0.01,100,100,full_batch,0,0,0,True,nan,nan,max_iter,,0.3095963046006083,0.04792493591117631,0.06407351841610076,0.06407351841610076,0.04377378393098297,nan,nan
msd,500,50,14128123,0.5,nan,0.01,0.002,10.0,0.5,2000,23,0.01,100,100,full_batch,0,100,100,True,nan,nan,max_iter,,0.2710759295206309,0.03674107978273703,0.05700344137765351,0.05700344137765351,0.036594093183053567,nan,nan
msd,500,50,14128123,0.5,nan,0.01,0.002,10.0,0.5,2000,23,0.01,100,100,full_batch,0,200,200,True,nan,nan,max_iter,,0.25837650587557476,0.03337920939423546,0.054204577869861714,0.054204577869861714,0.03417070998331395,nan,nan
msd,500,50,14128123,0.5,nan,0.01,0.002,10.0,0.5,2000,23,0.01,100,100,full_batch,0,300,300,True,nan,nan,max_iter,,0.2501788371459805,0.03129472527785752,0.052264883820589136,0.052264883820589136,0.03254155789623092,nan,nan
msd,500,50,14128123,0.5,nan,0.01,0.002,10.0,0.5,2000,23,0.01,100,100,full_batch,0,400,400,True,nan,nan,max_iter,,0.24420820203128182,0.02981882296967568,0.050780924217393386,0.050780924217393386,0.031369511976940656,nan,nan
msd,500,50,14128123,0.5,nan,0.01,0.002,10.0,0.5,2000,23,0.01,100,100,full_batch,0,500,500,True,nan,nan,max_iter,,0.23957531855156863,0.028698166629542794,0.04959060756200301,0.04959060756200301,0.03053487889817641,nan,nan
msd,500,50,14128123,0.5,nan,0.01,0.002,10.0,0.5,2000,23,0.01,100,100,full_batch,0,600,600,True,nan,nan,max_iter,,0.2358256325833705,0.027806864491673428,0.048607327079260076,0.048607327079260076,0.029905936527381216,nan,nan
msd,500,50,14128123,0.5,nan,0.01,0.002,10.0,0.5,2000,23,0.01,100,100,full_batch,0,700,700,True,nan,nan,max_iter,,0.23269512894910696,0.02707351151832076,0.047776142957810575,0.047776142957810575,0.029424469884041682,nan,nan
msd,500,50,14128123,0.5,nan,0.01,0.002,10.0,0.5,2000,23,0.01,100,100,full_batch,0,800,800,True,nan,nan,max_iter,,0.2300184160389481,0.026454235858533307,0.04706654606536692,0.04706654606536692,0.029053345514776563,nan,nan
msd,500,50,14128123,0.5,nan,0.01,0.002,10.0,0.5,2000,23,0.01,100,100,full_batch,0,900,900,True,nan,nan,max_iter,,0.22768630905874948,0.025920527666398192,0.0464559959879553,0.0464559959879553,0.028752856140697503,nan,nan
msd,500,50,14128123,0.5,nan,0.01,0.002,10.0,0.5,2000,23,0.01,100,100,full_batch,0,1000,1000,True,nan,nan,max_iter,,0.22562373068772706,0.025453033924723995,0.04592021776841543,0.04592021776841543,0.028498352669800664,nan,nan
msd,500,50,14128123,0.5,nan,0.01,0.002,10.0,0.5,2000,23,0.01,100,100,full_batch,0,1100,1100,True,nan,nan,max_iter,,0.2237772704722823,0.02503813339001249,0.04544151436162458,0.04544151436162458,0.028275949867310635,nan,nan
msd,500,50,14128123,0.5,nan,0.01,0.002,10.0,0.5,2000,23,0.01,100,100,full_batch,0,1200,1200,True,nan,nan,max_iter,,0.22210779641001524,0.02466593661305639,0.045014696186103376,0.045014696186103376,0.028079971535966253,nan,nan
msd,500,50,14128123,0.5,nan,0.01,0.002,10.0,0.5,2000,23,0.01,100,100,full_batch,0,1300,1300,True,nan,nan,max_iter,,0.22058588587458058,0.024329066523536745,0.04463218672651409,0.04463218672651409,0.027910418036995455,nan,nan
msd,500,50,14128123,0.5,nan,0.01,0.002,10.0,0.5,2000,23,0.01,100,100,full_batch,0,1400,1400,True,nan,nan,max_iter,,0.21918890489754034,0.024021888015091492,0.044284692247830826,0.044284692247830826,0.02776913853647811,nan,nan
msd,500,50,14128123,0.5,nan,0.01,0.002,10.0,0.5,2000,23,0.01,100,100,full_batch,0,1500,1500,True,nan,nan,max_iter,,0.21789908661212215,0.023740005973198555,0.0439669511854755,0.0439669511854755,0.027646696630461487,nan,nan
msd,500,50,14128123,0.5,nan,0.01,0.002,10.0,0.5,2000,23,0.01,100,100,full_batch,0,1600,1600,True,nan,nan,max_iter,,0.2167022338016028,0.023479929067302265,0.04367471127867001,0.04367471127867001,0.027541627103081556,nan,nan
msd,500,50,14128123,0.5,nan,0.01,0.002,10.0,0.5,2000,23,0.01,100,100,full_batch,0,1700,1700,True,nan,nan,max_iter,,0.21558682170278315,0.023238838845953805,0.043406426951419774,0.043406426951419774,0.02745953355516667,nan,nan
msd,500,50,14128123,0.5,nan,0.01,0.002,10.0,0.5,2000,23,0.01,100,100,full_batch,0,1800,1800,True,nan,nan,max_iter,,0.2145433637563354,0.023014427465941626,0.043155993930913406,0.043155993930913406,0.027396451119045706,nan,nan
msd,500,50,14128123,0.5,nan,0.01,0.002,10.0,0.5,2000,23,0.01,100,100,full_batch,0,1900,1900,True,nan,nan,max_iter,,0.2135639540159782,0.022804781227469425,0.04292158022408554,0.04292158022408554,0.027342803268081084,nan,nan
msd,500,50,14128123,0.5,nan,0.01,0.002,10.0,0.5,2000,23,0.01,100,100,full_batch,0,2000,2000,True,nan,nan,max_iter,,0.21264193077234195,0.022608295361294734,0.04270196270965082,0.04270196270965082,0.0273001904641737,nan,nan
msd,500,50,14128123,0.5,nan,0.01,0.002,10.0,0.5,2000,23,0.01,100,100,minibatch,0,0,0,True,nan,nan,max_iter,,0.3095963046006083,0.04792493591117631,0.06407351841610076,0.06407351841610076,0.04377378393098297,nan,nan
msd,500,50,14128123,0.5,nan,0.01,0.002,10.0,0.5,2000,23,0.01,100,100,minibatch,0,100,100,True,nan,nan,max_iter,,0.2710382270546956,0.036730860262476364,0.05693850792108668,0.05693850792108668,0.03650785937864026,nan,nan
msd,500,50,14128123,0.5,nan,0.01,0.002,10.0,0.5,2000,23,0.01,100,100,minibatch,0,200,200,True,nan,nan,max_iter,,0.25835767190531156,0.03337434331616631,0.05414979643087775,0.05414979643087775,0.03407825413934956,nan,nan
msd,500,50,14128123,0.5,nan,0.01,0.002,10.0,0.5,2000,23,0.01,100,100,minibatch,0,300,300,True,nan,nan,max_iter,,0.2501848568344318,0.03129623129463257,0.05219989936805519,0.05219989936805519,0.032474614928659384,nan,nan
msd,500,50,14128123,0.5,nan,0.01,0.002,10.0,0.5,2000,23,0.01,100,100,minibatch,0,400,400,True,nan,nan,max_iter,,0.24420281958017484,0.029817508545453713,0.050733973705657354,0.050733973705657354,0.03132000516839206,nan,nan
msd,500,50,14128123,0.5,nan,0.01,0.002,10.0,0.5,2000,23,0.01,100,100,minibatch,0,500,500,True,nan,nan,max_iter,,0.23958336301083363,0.028700093915790443,0.04955056585920775,0.04955056585920775,0.030500228219996983,nan,nan
msd,500,50,14128123,0.5,nan,0.01,0.002,10.0,0.5,2000,23,0.01,100,100,minibatch,0,600,600,True,nan,nan,max_iter,,0.23584458569490427,0.02781133430080052,0.04857259512118478,0.04857259512118478,0.029878903935425083,nan,nan
msd,500,50,14128123,0.5,nan,0.01,0.002,10.0,0.5,2000,23,0.01,100,100,minibatch,0,700,700,True,nan,nan,max_iter,,0.23269810452106443,0.027074203923848114,0.04772286935867459,0.04772286935867459,0.029405465108274742,nan,nan
msd,500,50,14128123,0.5,nan,0.01,0.002,10.0,0.5,2000,23,0.01,100,100,minibatch,0,800,800,True,nan,nan,max_iter,,0.2300313592204333,0.026457213112400013,0.047015913967209666,0.047015913967209666,0.029030683677994273,nan,nan
msd,500,50,14128123,0.5,nan,0.01,0.002,10.0,0.5,2000,23,0.01,100,100,minibatch,0,900,900,True,nan,nan,max_iter,,0.22769315254377467,0.02592208585766132,0.04641300541480198,0.04641300541480198,0.028731174083750255,nan,nan
msd,500,50,14128123,0.5,nan,0.01,0.002,10.0,0.5,2000,23,0.01,100,100,minibatch,0,1000,1000,True,nan,nan,max_iter,,0.22562616332631394,0.025453582788676248,0.04587657784575927,0.04587657784575927,0.028474193762471234,nan,nan
msd,500,50,14128123,0.5,nan,0.01,0.002,10.0,0.5,2000,23,0.01,100,100,minibatch,0,1100,1100,True,nan,nan,max_iter,,0.22378516753783156,0.02503990060496767,0.04539977426483521,0.04539977426483521,0.02825818407545233,nan,nan
msd,500,50,14128123,0.5,nan,0.01,0.002,10.0,0.5,2000,23,0.01,100,100,minibatch,0,1200,1200,True,nan,nan,max_iter,,0.2221187767374522,0.024668375489671067,0.04497502405055537,0.04497502405055537,0.028061797424277946,nan,nan
msd,500,50,14128123,0.5,nan,0.01,0.002,10.0,0.5,2000,23,0.01,100,100,minibatch,0,1300,1300,True,nan,nan,max_iter,,0.22059394510188174,0.024330844307806007,0.04459287042197213,0.04459287042197213,0.02790095435796852,nan,nan
msd,500,50,14128123,0.5,nan,0.01,0.002,10.0,0.5,2000,23,0.01,100,100,minibatch,0,1400,1400,True,nan,nan,max_iter,,0.21919341170454268,0.024022875867338575,0.04424365840996658,0.04424365840996658,0.02776349349322227,nan,nan
msd,500,50,14128123,0.5,nan,0.01,0.002,10.0,0.5,2000,23,0.01,100,100,minibatch,0,1500,1500,True,nan,nan,max_iter,,0.21790621121568762,0.023741558443187934,0.043934763725617776,0.043934763725617776,0.02764782619770012,nan,nan
msd,500,50,14128123,0.5,nan,0.01,0.002,10.0,0.5,2000,23,0.01,100,100,minibatch,0,1600,1600,True,nan,nan,max_iter,,0.21670543777952747,0.023480623381608327,0.043641063848797956,0.043641063848797956,0.027540619087728868,nan,nan
msd,500,50,14128123,0.5,nan,0.01,0.002,10.0,0.5,2000,23,0.01,100,100,minibatch,0,1700,1700,True,nan,nan,max_iter,,0.21559308800880658,0.02324018979858651,0.04337491821796052,0.04337491821796052,0.027465600410978674,nan,nan
msd,500,50,14128123,0.5,nan,0.01,0.002,10.0,0.5,2000,23,0.01,100,100,minibatch,0,1800,1800,True,nan,nan,max_iter,,0.2145521881456364,0.02301632071904028,0.0431211572569139,0.0431211572569139,0.027402292426116026,nan,nan
msd,500,50,14128123,0.5,nan,0.01,0.002,10.0,0.5,2000,23,0.01,100,100,minibatch,0,1900,1900,True,nan,nan,max_iter,,0.21357297901789113,0.022806708683288282,0.04288686530669755,0.04288686530669755,0.027351406476404383,nan,nan
msd,500,50,14128123,0.5,nan,0.01,0.002,10.0,0.5,2000,23,0.01,100,100,minibatch,0,2000,2000,True,nan,nan,max_iter,,0.21264592897411314,0.022609145554631786,0.04267014952034931,0.04267014952034931,0.027307710533517437,nan,nan
msd,500,50,14128123,0.5,nan,0.01,0.002,100.0,0.5,2000,23,0.01,100,100,full_batch,0,0,0,True,nan,nan,max_iter,,0.3095963046006083,0.04792493591117631,0.06407351841610076,0.06407351841610076,0.04377378393098297,nan,nan
msd,500,50,14128123,0.5,nan,0.01,0.002,100.0,0.5,2000,23,0.01,100,100,full_batch,0,100,100,True,nan,nan,max_iter,,0.18988685563479846,0.018028508971435396,0.03758097283646378,0.03758097283646378,0.028790553165685295,nan,nan
msd,500,50,14128123,0.5,nan,0.01,0.002,100.0,0.5,2000,23,0.01,100,100,full_batch,0,200,200,True,nan,nan,max_iter,,0.18080557641585668,0.016345328231535096,0.035863896240536985,0.035863896240536985,0.030941492079003374,nan,nan
msd,500,50,14128123,0.5,nan,0.01,0.002,100.0,0.5,2000,23,0.01,100,100,full_batch,0,300,300,True,nan,nan,max_iter,,0.1755872360770638,0.015415438736591269,0.034991916469330475,0.034991916469330475,0.03175058845405221,nan,nan
msd,500,50,14128123,0.5,nan,0.01,0.002,100.0,0.5,2000,23,0.01,100,100,full_batch,0,400,400,True,nan,nan,max_iter,,0.17179939991228013,0.014757516905109779,0.034394244553231534,0.034394244553231534,0.032064013329231034,nan,nan
msd,500,50,14128123,0.5,nan,0.01,0.002,100.0,0.5,2000,23,0.01,100,100,full_batch,0,500,500,True,nan,nan,max_iter,,0.16877624224616236,0.014242709973367641,0.03391576712704025,0.03391576712704025,0.03217194731001971,nan,nan
msd,500,50,14128123,0.5,nan,0.01,0.002,100.0,0.5,2000,23,0.01,100,100,full_batch,0,600,600,True,nan,nan,max_iter,,0.16623719182956742,0.013817401973690198,0.033498122031544786,0.033498122031544786,0.03218844547239913,nan,nan
msd,500,50,14128123,0.5,nan,0.01,0.002,100.0,0.5,2000,23,0.01,100,100,full_batch,0,700,700,True,nan,nan,max_iter,,0.16403610690491233,0.013453922184259913,0.033114799967736475,0.033114799967736475,0.0321621816212696,nan,nan
msd,500,50,14128123,0.5,nan,0.01,0.002,100.0,0.5,2000,23,0.01,100,100,full_batch,0,800,800,True,nan,nan,max_iter,,0.16208664462572017,0.013136040183012251,0.032752384516515076,0.032752384516515076,0.03211849318886306,nan,nan
msd,500,50,14128123,0.5,nan,0.01,0.002,100.0,0.5,2000,23,0.01,100,100,full_batch,0,900,900,True,nan,nan,max_iter,,0.16033337560324062,0.012853395666164918,0.03240542727184503,0.03240542727184503,0.03206790594529968,nan,nan
msd,500,50,14128123,0.5,nan,0.01,0.002,100.0,0.5,2000,23,0.01,100,100,full_batch,0,1000,1000,True,nan,nan,max_iter,,0.1587385181968735,0.012598958579669571,0.0320714779406831,0.0320714779406831,0.032016648922591706,nan,nan
msd,500,50,14128123,0.5,nan,0.01,0.002,100.0,0.5,2000,23,0.01,100,100,full_batch,0,1100,1100,True,nan,nan,max_iter,,0.15727506971236863,0.012367723776515205,0.03196664021683704,0.031750593023994855,0.03196664021683704,nan,nan
msd,500,50,14128123,0.5,nan,0.01,0.002,100.0,0.5,2000,23,0.01,100,100,full_batch,0,1200,1200,True,nan,nan,max_iter,,0.15592293682166505,0.012155981113546476,0.03191913572998584,0.03144327750269116,0.03191913572998584,nan,nan
msd,500,50,14128123,0.5,nan,0.01,0.002,100.0,0.5,2000,23,0.01,100,100,full_batch,0,1300,1300,True,nan,nan,max_iter,,0.1546666293186709,0.011960883112399574,0.031873960723071304,0.031150206739213093,0.031873960723071304,nan,nan
msd,500,50,14128123,0.5,nan,0.01,0.002,100.0,0.5,2000,23,0.01,100,100,full_batch,0,1400,1400,True,nan,nan,max_iter,,0.15349383596330068,0.011780178839364329,0.03183082579378743,0.030871234912961065,0.03183082579378743,nan,nan
msd,500,50,14128123,0.5,nan,0.01,0.002,100.0,0.5,2000,23,0.01,100,100,full_batch,0,1500,1500,True,nan,nan,max_iter,,0.1523945237461329,0.011612045433905333,0.031788966790164463,0.0306073245406433,0.031788966790164463,nan,nan
msd,500,50,14128123,0.5,nan,0.01,0.002,100.0,0.5,2000,23,0.01,100,100,full_batch,0,1600,1600,True,nan,nan,max_iter,,0.15136035521444002,0.01145497856532073,0.031748508668391295,0.030358345029053768,0.031748508668391295,nan,nan
msd,500,50,14128123,0.5,nan,0.01,0.002,100.0,0.5,2000,23,0.01,100,100,full_batch,0,1700,1700,True,nan,nan,max_iter,,0.15038430035175793,0.01130771889614387,0.03170967698020133,0.030123447265036907,0.03170967698020133,nan,nan
msd,500,50,14128123,0.5,nan,0.01,0.002,100.0,0.5,2000,23,0.01,100,100,full_batch,0,1800,1800,True,nan,nan,max_iter,,0.14946036781617475,0.011169200773873122,0.03167226546156454,0.02990168879952715,0.03167226546156454,nan,nan
msd,500,50,14128123,0.5,nan,0.01,0.002,100.0,0.5,2000,23,0.01,100,100,full_batch,0,1900,1900,True,nan,nan,max_iter,,0.14858341032652714,0.011038514912130565,0.031635859295749746,0.029691814019500384,0.031635859295749746,nan,nan
msd,500,50,14128123,0.5,nan,0.01,0.002,100.0,0.5,2000,23,0.01,100,100,full_batch,0,2000,2000,True,nan,nan,max_iter,,0.147748977542378,0.01091488018240906,0.03160031321168655,0.029492698047770993,0.03160031321168655,nan,nan
msd,500,50,14128123,0.5,nan,0.01,0.002,100.0,0.5,2000,23,0.01,100,100,minibatch,0,0,0,True,nan,nan,max_iter,,0.3095963046006083,0.04792493591117631,0.06407351841610076,0.06407351841610076,0.04377378393098297,nan,nan
msd,500,50,14128123,0.5,nan,0.01,0.002,100.0,0.5,2000,23,0.01,100,100,minibatch,0,100,100,True,nan,nan,max_iter,,0.18990278637777616,0.018031534137021642,0.03762406649768407,0.03762406649768407,0.02875449560067922,nan,nan
msd,500,50,14128123,0.5,nan,0.01,0.002,100.0,0.5,2000,23,0.01,100,100,minibatch,0,200,200,True,nan,nan,max_iter,,0.18080972691752425,0.016346078673994846,0.035884247005036896,0.035884247005036896,0.03116213213470581,nan,nan
msd,500,50,14128123,0.5,nan,0.01,0.002,100.0,0.5,2000,23,0.01,100,100,minibatch,0,300,300,True,nan,nan,max_iter,,0.1756141128467706,0.015420158315479137,0.03487649864890302,0.03487649864890302,0.03191803487874828,nan,nan
msd,500,50,14128123,0.5,nan,0.01,0.002,100.0,0.5,2000,23,0.01,100,100,minibatch,0,400,400,True,nan,nan,max_iter,,0.17182575960598606,0.014762045832087055,0.03434174004535817,0.03434174004535817,0.032486843187406744,nan,nan
msd,500,50,14128123,0.5,nan,0.01,0.002,100.0,0.5,2000,23,0.01,100,100,minibatch,0,500,500,True,nan,nan,max_iter,,0.16879561978322585,0.014245980629001674,0.033949438934761544,0.033949438934761544,0.03250469528701816,nan,nan
msd,500,50,14128123,0.5,nan,0.01,0.002,100.0,0.5,2000,23,0.01,100,100,minibatch,0,600,600,True,nan,nan,max_iter,,0.16625706065255458,0.013820705108413605,0.03348811597931223,0.03348811597931223,0.032314196655783056,nan,nan
msd,500,50,14128123,0.5,nan,0.01,0.002,100.0,0.5,2000,23,0.01,100,100,minibatch,0,700,700,True,nan,nan,max_iter,,0.16405420854141223,0.013456891670074586,0.033021313596552804,0.033021313596552804,0.03230840185057188,nan,nan
msd,500,50,14128123,0.5,nan,0.01,0.002,100.0,0.5,2000,23,0.01,100,100,minibatch,0,800,800,True,nan,nan,max_iter,,0.16210788642363178,0.01313948342036855,0.03270057302004026,0.03270057302004026,0.03219726231453485,nan,nan
msd,500,50,14128123,0.5,nan,0.01,0.002,100.0,0.5,2000,23,0.01,100,100,minibatch,0,900,900,True,nan,nan,max_iter,,0.16035303113687532,0.012856547297391854,0.03235583920755836,0.03235583920755836,0.03217952021337722,nan,nan
msd,500,50,14128123,0.5,nan,0.01,0.002,100.0,0.5,2000,23,0.01,100,100,minibatch,0,1000,1000,True,nan,nan,max_iter,,0.15875547708454435,0.012601650752170642,0.03228041628957051,0.03207174402437374,0.03228041628957051,nan,nan
msd,500,50,14128123,0.5,nan,0.01,0.002,100.0,0.5,2000,23,0.01,100,100,minibatch,0,1100,1100,True,nan,nan,max_iter,,0.15728849378361534,0.0123698351383592,0.03234397050348359,0.031720347079948086,0.03234397050348359,nan,nan
msd,500,50,14128123,0.5,nan,0.01,0.002,100.0,0.5,2000,23,0.01,100,100,minibatch,0,1200,1200,True,nan,nan,max_iter,,0.1559292132624766,0.012156959774327455,0.032230960188727065,0.03135092258066763,0.032230960188727065,nan,nan
msd,500,50,14128123,0.5,nan,0.01,0.002,100.0,0.5,2000,23,0.01,100,100,minibatch,0,1300,1300,True,nan,nan,max_iter,,0.15467228067985392,0.011961757205353757,0.032218315557985766,0.03110434888702185,0.032218315557985766,nan,nan
msd,500,50,14128123,0.5,nan,0.01,0.002,100.0,0.5,2000,23,0.01,100,100,minibatch,0,1400,1400,True,nan,nan,max_iter,,0.15349560643972807,0.011780450598149944,0.032115425749004445,0.03064612014954926,0.032115425749004445,nan,nan
msd,500,50,14128123,0.5,nan,0.01,0.002,100.0,0.5,2000,23,0.01,100,100,minibatch,0,1500,1500,True,nan,nan,max_iter,,0.15239291117081707,0.011611799687558272,0.03195136344040295,0.030463371928949767,0.03195136344040295,nan,nan
msd,500,50,14128123,0.5,nan,0.01,0.002,100.0,0.5,2000,23,0.01,100,100,minibatch,0,1600,1600,True,nan,nan,max_iter,,0.15135827965690427,0.011454664410348819,0.03194243297867011,0.030268457331533605,0.03194243297867011,nan,nan
msd,500,50,14128123,0.5,nan,0.01,0.002,100.0,0.5,2000,23,0.01,100,100,minibatch,0,1700,1700,True,nan,nan,max_iter,,0.15038938355637985,0.011308483343233967,0.03190749840379142,0.030099241605621607,0.03190749840379142,nan,nan
msd,500,50,14128123,0.5,nan,0.01,0.002,100.0,0.5,2000,23,0.01,100,100,minibatch,0,1800,1800,True,nan,nan,max_iter,,0.14946644842060436,0.011170109601734592,0.03183601581261475,0.029718447332022446,0.03183601581261475,nan,nan
msd,500,50,14128123,0.5,nan,0.01,0.002,100.0,0.5,2000,23,0.01,100,100,minibatch,0,1900,1900,True,nan,nan,max_iter,,0.14859018554076503,0.011039521619519488,0.03175848600038145,0.029536809549636667,0.03175848600038145,nan,nan
msd,500,50,14128123,0.5,nan,0.01,0.002,100.0,0.5,2000,23,0.01,100,100,minibatch,0,2000,2000,True,nan,nan,max_iter,,0.14775050121266226,0.010915105304296456,0.031588681310456446,0.02934888306320249,0.031588681310456446,nan,nan
msd,500,50,14128123,0.5,nan,0.01,0.002,1000.0,0.5,2000,23,0.01,100,100,full_batch,0,0,0,True,nan,nan,stagnation,,0.3095963046006083,0.04792493591117631,0.06407351841610076,0.06407351841610076,0.04377378393098297,nan,nan
msd,500,50,14128123,0.5,nan,0.01,0.002,1000.0,0.5,2000,23,0.01,100,100,full_batch,0,100,100,True,nan,nan,stagnation,,3.8629458372327545,7.461175270696933,0.4441836086725608,0.4441836086725608,0.37036439596034876,nan,nan
msd,500,50,14128123,0.5,nan,0.01,0.002,1000.0,0.5,2000,23,0.01,100,100,full_batch,0,200,200,True,nan,nan,stagnation,,3.4827298101162296,6.064703465136114,0.4638305355978975,0.4638305355978975,0.30277333664347766,nan,nan
msd,500,50,14128123,0.5,nan,0.01,0.002,1000.0,0.5,2000,23,0.01,100,100,full_batch,0,300,300,True,nan,nan,stagnation,,3.3432599446361544,5.588693528704271,0.4353380703462564,0.4353380703462564,0.028436661743465708,nan,nan
msd,500,50,14128123,0.5,nan,0.01,0.002,1000.0,0.5,2000,23,0.01,100,100,full_batch,0,400,400,True,nan,nan,stagnation,,1.5305535196180395,1.1712970382075842,0.2175427362987955,0.2175427362987955,0.028837372067332834,nan,nan
msd,500,50,14128123,0.5,nan,0.01,0.002,1000.0,0.5,2000,23,0.01,100,100,full_batch,0,500,500,True,nan,nan,stagnation,,1.8305846513253512,1.675520082833979,0.028668897984526875,0.0193512892022093,0.028668897984526875,nan,nan
msd,500,50,14128123,0.5,nan,0.01,0.002,1000.0,0.5,2000,23,0.01,100,100,full_batch,0,600,600,True,nan,nan,stagnation,,2.3674160594700737,2.8023293993184057,0.3135287606761139,0.19944036854038605,0.3135287606761139,nan,nan
msd,500,50,14128123,0.5,nan,0.01,0.002,1000.0,0.5,2000,23,0.01,100,100,full_batch,0,700,700,True,nan,nan,stagnation,,1.7338492133549748,1.5031165473258323,0.02369141152285048,0.01860508945010253,0.02369141152285048,nan,nan
msd,500,50,14128123,0.5,nan,0.01,0.002,1000.0,0.5,2000,23,0.01,100,100,full_batch,0,800,800,True,nan,nan,stagnation,,1.3831955080438691,0.9566149067363686,0.027998625611881378,0.019259767262390315,0.027998625611881378,nan,nan
msd,500,50,14128123,0.5,nan,0.01,0.002,1000.0,0.5,2000,23,0.01,100,100,full_batch,0,900,900,True,nan,nan,stagnation,,4.097740359271067,8.395738025999487,0.6194092907840256,0.6194092907840256,0.01312697514574579,nan,nan
msd,500,50,14128123,0.5,nan,0.01,0.002,1000.0,0.5,2000,23,0.01,100,100,full_batch,0,1000,1000,True,nan,nan,stagnation,,1.771672579370323,1.5694118642463466,0.033549482290816,0.01522104080766129,0.033549482290816,nan,nan
msd,500,50,14128123,0.5,nan,0.01,0.002,1000.0,0.5,2000,23,0.01,100,100,full_batch,0,1100,1100,True,nan,nan,stagnation,,2.3577987361508073,2.779607440097172,0.3145264612515612,0.3145264612515612,0.03026342486196809,nan,nan
msd,500,50,14128123,0.5,nan,0.01,0.002,1000.0,0.5,2000,23,0.01,100,100,full_batch,0,1200,1200,True,nan,nan,stagnation,,1.7496026494485915,1.5305547154787653,0.02146660390615407,0.0210476968253972,0.02146660390615407,nan,nan
msd,500,50,14128123,0.5,nan,0.01,0.002,1000.0,0.5,2000,23,0.01,100,100,full_batch,0,1300,1300,True,nan,nan,stagnation,,1.827899797994847,1.6706088357548012,0.19102397700694285,0.19102397700694285,0.10386323267036868,nan,nan
msd,500,50,14128123,0.5,nan,0.01,0.002,1000.0,0.5,2000,23,0.01,100,100,full_batch,0,1400,1400,True,nan,nan,stagnation,,1.8702386517811866,1.7488963073081554,0.028095469827112862,0.028095469827112862,0.01455215198549964,nan,nan
msd,500,50,14128123,0.5,nan,0.01,0.002,1000.0,0.5,2000,23,0.01,100,100,full_batch,0,1500,1500,True,nan,nan,stagnation,,1.5203611668342487,1.1557490388087992,0.02779358239095364,0.02779358239095364,0.01571302628096438,nan,nan
msd,500,50,14128123,0.5,nan,0.01,0.002,1000.0,0.5,2000,23,0.01,100,100,full_batch,0,1600,1600,True,nan,nan,stagnation,,1.7969316145542311,1.614481613692238,0.202768624516521,0.202768624516521,0.15898654790399847,nan,nan
msd,500,50,14128123,0.5,nan,0.01,0.002,1000.0,0.5,2000,23,0.01,100,100,full_batch,0,1700,1700,True,nan,nan,stagnation,,1.7656539880028939,1.5587670026752616,0.030801748970600284,0.030801748970600284,0.02396090008015206,nan,nan
msd,500,50,14128123,0.5,nan,0.01,0.002,1000.0,0.5,2000,23,0.01,100,100,minibatch,0,0,0,True,nan,nan,stagnation,,0.3095963046006083,0.04792493591117631,0.06407351841610076,0.06407351841610076,0.04377378393098297,nan,nan
msd,500,50,14128123,0.5,nan,0.01,0.002,1000.0,0.5,2000,23,0.01,100,100,minibatch,0,100,100,True,nan,nan,stagnation,,1.868952361785408,1.7464914653116272,0.0178321901562285,0.00727775787663687,0.0178321901562285,nan,nan
msd,500,50,14128123,0.5,nan,0.01,0.002,1000.0,0.5,2000,23,0.01,100,100,minibatch,0,200,200,True,nan,nan,stagnation,,2.118887635818423,2.2448424066120936,0.035190154864694456,0.035190154864694456,0.02268390940915166,nan,nan
msd,500,50,14128123,0.5,nan,0.01,0.002,1000.0,0.5,2000,23,0.01,100,100,minibatch,0,300,300,True,nan,nan,stagnation,,1.4911642645071823,1.111785431871623,0.019897053038592127,0.017207250880684755,0.019897053038592127,nan,nan
msd,500,50,14128123,0.5,nan,0.01,0.002,1000.0,0.5,2000,23,0.01,100,100,minibatch,0,400,400,True,nan,nan,stagnation,,2.152482527547265,2.316590515698131,0.033765955195409814,0.02040579621774996,0.033765955195409814,nan,nan
msd,500,50,14128123,0.5,nan,0.01,0.002,1000.0,0.5,2000,23,0.01,100,100,minibatch,0,500,500,True,nan,nan,stagnation,,2.410861420350896,2.9061263940681696,0.2485055126860949,0.2485055126860949,0.22814838876280774,nan,nan
msd,500,50,14128123,0.5,nan,0.01,0.002,1000.0,0.5,2000,23,0.01,100,100,minibatch,0,600,600,True,nan,nan,stagnation,,1.8868318724937136,1.7800672575290668,0.026251516648997275,0.01982613785120202,0.026251516648997275,nan,nan
msd,500,50,14128123,0.5,nan,0.003,0.02,10.0,0.5,2000,23,0.01,100,100,full_batch,0,0,0,True,nan,nan,max_iter,,0.3094581489022535,0.047882172961004645,0.06407351841610076,0.06407351841610076,0.04377378393098297,nan,nan
msd,500,50,14128123,0.5,nan,0.003,0.02,10.0,0.5,2000,23,0.01,100,100,full_batch,0,100,100,True,nan,nan,max_iter,,0.27261319690891317,0.037158977564448935,0.0565700426215065,0.0565700426215065,0.037091527182335327,nan,nan
msd,500,50,14128123,0.5,nan,0.003,0.02,10.0,0.5,2000,23,0.01,100,100,full_batch,0,200,200,True,nan,nan,max_iter,,0.25958562185728307,0.033692347537516175,0.053469487577637254,0.053469487577637254,0.0347390640261836,nan,nan
msd,500,50,14128123,0.5,nan,0.003,0.02,10.0,0.5,2000,23,0.01,100,100,full_batch,0,300,300,True,nan,nan,max_iter,,0.2510241634936703,0.031506565328848456,0.051264403429907734,0.051264403429907734,0.033179714763737767,nan,nan
msd,500,50,14128123,0.5,nan,0.003,0.02,10.0,0.5,2000,23,0.01,100,100,full_batch,0,400,400,True,nan,nan,max_iter,,0.2447589866261515,0.029953480767130305,0.049544912698719745,0.049544912698719745,0.03200595861290845,nan,nan
msd,500,50,14128123,0.5,nan,0.003,0.02,10.0,0.5,2000,23,0.01,100,100,full_batch,0,500,500,True,nan,nan,max_iter,,0.2399041450672636,0.02877699941022733,0.04813691155398131,0.04813691155398131,0.031051364193266984,nan,nan
msd,500,50,14128123,0.5,nan,0.003,0.02,10.0,0.5,2000,23,0.01,100,100,full_batch,0,600,600,True,nan,nan,max_iter,,0.23598965996233562,0.027845559804569396,0.046950953142778196,0.046950953142778196,0.030307455203891276,nan,nan
msd,500,50,14128123,0.5,nan,0.003,0.02,10.0,0.5,2000,23,0.01,100,100,full_batch,0,700,700,True,nan,nan,max_iter,,0.23273605474969697,0.027083035590226973,0.045936953329502095,0.045936953329502095,0.029709895263485053,nan,nan
msd,500,50,14128123,0.5,nan,0.003,0.02,10.0,0.5,2000,23,0.01,100,100,full_batch,0,800,800,True,nan,nan,max_iter,,0.22996637491260502,0.026442266795222404,0.04505564648617216,0.04505564648617216,0.029233526023884737,nan,nan
msd,500,50,14128123,0.5,nan,0.003,0.02,10.0,0.5,2000,23,0.01,100,100,full_batch,0,900,900,True,nan,nan,max_iter,,0.22756356861872737,0.02589258888124512,0.04427789390463066,0.04427789390463066,0.028849845319613265,nan,nan
msd,500,50,14128123,0.5,nan,0.003,0.02,10.0,0.5,2000,23,0.01,100,100,full_batch,0,1000,1000,True,nan,nan,max_iter,,0.22544733557108512,0.025413250558050732,0.043592668120105316,0.043592668120105316,0.028521173488579354,nan,nan
msd,500,50,14128123,0.5,nan,0.003,0.02,10.0,0.5,2000,23,0.01,100,100,full_batch,0,1100,1100,True,nan,nan,max_iter,,0.22356074630996942,0.024989703645335253,0.04298065702698178,0.04298065702698178,0.028241232907144254,nan,nan
msd,500,50,14128123,0.5,nan,0.003,0.02,10.0,0.5,2000,23,0.01,100,100,full_batch,0,1200,1200,True,nan,nan,max_iter,,0.2218622035386164,0.02461141867950523,0.042429346539440305,0.042429346539440305,0.02801715962760376,nan,nan
msd,500,50,14128123,0.5,nan,0.003,0.02,10.0,0.5,2000,23,0.01,100,100,full_batch,0,1300,1300,True,nan,nan,max_iter,,0.2203204675384297,0.02427055420817613,0.04192771961898767,0.04192771961898767,0.027833200759291354,nan,nan
msd,500,50,14128123,0.5,nan,0.003,0.02,10.0,0.5,2000,23,0.01,100,100,full_batch,0,1400,1400,True,nan,nan,max_iter,,0.2189114947270312,0.023961121261811505,0.04146918827259566,0.04146918827259566,0.02767297614527875,nan,nan
msd,500,50,14128123,0.5,nan,0.003,0.02,10.0,0.5,2000,23,0.01,100,100,full_batch,0,1500,1500,True,nan,nan,max_iter,,0.21761637610066875,0.023678443573593857,0.04104784393331867,0.04104784393331867,0.027529482821953777,nan,nan
msd,500,50,14128123,0.5,nan,0.003,0.02,10.0,0.5,2000,23,0.01,100,100,full_batch,0,1600,1600,True,nan,nan,max_iter,,0.21641995836558978,0.023418799189481806,0.04066044440233535,0.04066044440233535,0.027408894078772394,nan,nan
msd,500,50,14128123,0.5,nan,0.003,0.02,10.0,0.5,2000,23,0.01,100,100,full_batch,0,1700,1700,True,nan,nan,max_iter,,0.21530989852034976,0.023179176200421658,0.04030094019365493,0.04030094019365493,0.02731049195215368,nan,nan
msd,500,50,14128123,0.5,nan,0.003,0.02,10.0,0.5,2000,23,0.01,100,100,full_batch,0,1800,1800,True,nan,nan,max_iter,,0.21427599998164049,0.022957102084065997,0.039965575571990264,0.039965575571990264,0.027228910037871035,nan,nan
msd,500,50,14128123,0.5,nan,0.003,0.02,10.0,0.5,2000,23,0.01,100,100,full_batch,0,1900,1900,True,nan,nan,max_iter,,0.21330973579063617,0.022750521691535505,0.03965468946870965,0.03965468946870965,0.027154527400493123,nan,nan
msd,500,50,14128123,0.5,nan,0.003,0.02,10.0,0.5,2000,23,0.01,100,100,full_batch,0,2000,2000,True,nan,nan,max_iter,,0.2124038989453685,0.02255770814359716,0.03936245854088932,0.03936245854088932,0.027088523408457355,nan,nan
msd,500,50,14128123,0.5,nan,0.003,0.02,10.0,0.5,2000,23,0.01,100,100,minibatch,0,0,0,True,nan,nan,max_iter,,0.3094581489022535,0.047882172961004645,0.06407351841610076,0.06407351841610076,0.04377378393098297,nan,nan
msd,500,50,14128123,0.5,nan,0.003,0.02,10.0,0.5,2000,23,0.01,100,100,minibatch,0,100,100,True,nan,nan,max_iter,,0.2725865693002893,0.03715171888145071,0.05653180790524487,0.05653180790524487,0.03705143787950638,nan,nan
msd,500,50,14128123,0.5,nan,0.003,0.02,10.0,0.5,2000,23,0.01,100,100,minibatch,0,200,200,True,nan,nan,max_iter,,0.2595688849457001,0.03368800301597704,0.05343059999234384,0.05343059999234384,0.03469096341996647,nan,nan
msd,500,50,14128123,0.5,nan,0.003,0.02,10.0,0.5,2000,23,0.01,100,100,minibatch,0,300,300,True,nan,nan,max_iter,,0.25101285859955935,0.03150372759116119,0.051226090518309175,0.051226090518309175,0.033149579722599354,nan,nan
msd,500,50,14128123,0.5,nan,0.003,0.02,10.0,0.5,2000,23,0.01,100,100,minibatch,0,400,400,True,nan,nan,max_iter,,0.24474473288168622,0.02994999213666397,0.049520265545668074,0.049520265545668074,0.0319807254335131,nan,nan
msd,500,50,14128123,0.5,nan,0.003,0.02,10.0,0.5,2000,23,0.01,100,100,minibatch,0,500,500,True,nan,nan,max_iter,,0.23989671879457375,0.0287752178442014,0.048112807024358994,0.048112807024358994,0.031035586091075873,nan,nan
msd,500,50,14128123,0.5,nan,0.003,0.02,10.0,0.5,2000,23,0.01,100,100,minibatch,0,600,600,True,nan,nan,max_iter,,0.23598518885838446,0.02784450468026369,0.04693010164864331,0.04693010164864331,0.030291903319410785,nan,nan
msd,500,50,14128123,0.5,nan,0.003,0.02,10.0,0.5,2000,23,0.01,100,100,minibatch,0,700,700,True,nan,nan,max_iter,,0.23271719640751218,0.0270786467518863,0.045902010780763225,0.045902010780763225,0.029700220788270337,nan,nan
msd,500,50,14128123,0.5,nan,0.003,0.02,10.0,0.5,2000,23,0.01,100,100,minibatch,0,800,800,True,nan,nan,max_iter,,0.22995036541475491,0.026438585277189657,0.04502452829999992,0.04502452829999992,0.02922063009091752,nan,nan
msd,500,50,14128123,0.5,nan,0.003,0.02,10.0,0.5,2000,23,0.01,100,100,minibatch,0,900,900,True,nan,nan,max_iter,,0.22754468821298396,0.02588829256697204,0.044249076138001275,0.044249076138001275,0.028834392957346855,nan,nan
msd,500,50,14128123,0.5,nan,0.003,0.02,10.0,0.5,2000,23,0.01,100,100,minibatch,0,1000,1000,True,nan,nan,max_iter,,0.22543137706779176,0.025409652883340454,0.04356830618953372,0.04356830618953372,0.028503829170363704,nan,nan
msd,500,50,14128123,0.5,nan,0.003,0.02,10.0,0.5,2000,23,0.01,100,100,minibatch,0,1100,1100,True,nan,nan,max_iter,,0.22354902149769246,0.024987082506287884,0.0429596103155126,0.0429596103155126,0.028226681751506943,nan,nan
msd,500,50,14128123,0.5,nan,0.003,0.02,10.0,0.5,2000,23,0.01,100,100,minibatch,0,1200,1200,True,nan,nan,max_iter,,0.2218506042483456,0.02460884530267803,0.04240811232591696,0.04240811232591696,0.028001450263043404,nan,nan
msd,500,50,14128123,0.5,nan,0.003,0.02,10.0,0.5,2000,23,0.01,100,100,minibatch,0,1300,1300,True,nan,nan,max_iter,,0.22030637397998507,0.02426744920810452,0.04190696725981563,0.04190696725981563,0.027818688375439327,nan,nan
msd,500,50,14128123,0.5,nan,0.003,0.02,10.0,0.5,2000,23,0.01,100,100,minibatch,0,1400,1400,True,nan,nan,max_iter,,0.21889491883335443,0.023957492745530412,0.041444954187349614,0.041444954187349614,0.027664336530093425,nan,nan
msd,500,50,14128123,0.5,nan,0.003,0.02,10.0,0.5,2000,23,0.01,100,100,minibatch,0,1500,1500,True,nan,nan,max_iter,,0.21760464105153052,0.02367588990358272,0.04103108645094483,0.04103108645094483,0.02752110893431048,nan,nan
msd,500,50,14128123,0.5,nan,0.003,0.02,10.0,0.5,2000,23,0.01,100,100,minibatch,0,1600,1600,True,nan,nan,max_iter,,0.2164081851555903,0.023416251301168124,0.04064431674132163,0.04064431674132163,0.027405303796907032,nan,nan
msd,500,50,14128123,0.5,nan,0.003,0.02,10.0,0.5,2000,23,0.01,100,100,minibatch,0,1700,1700,True,nan,nan,max_iter,,0.215298465439559,0.02317671461031449,0.04029010850654935,0.04029010850654935,0.027311666490581143,nan,nan
msd,500,50,14128123,0.5,nan,0.003,0.02,10.0,0.5,2000,23,0.01,100,100,minibatch,0,1800,1800,True,nan,nan,max_iter,,0.21426745479395432,0.02295527109193963,0.039955757415557513,0.039955757415557513,0.027229057358677977,nan,nan
msd,500,50,14128123,0.5,nan,0.003,0.02,10.0,0.5,2000,23,0.01,100,100,minibatch,0,1900,1900,True,nan,nan,max_iter,,0.21329971131271255,0.022748383423043257,0.039647645458287306,0.039647645458287306,0.027159767379392463,nan,nan
msd,500,50,14128123,0.5,nan,0.003,0.02,10.0,0.5,2000,23,0.01,100,100,minibatch,0,2000,2000,True,nan,nan,max_iter,,0.2123897927620217,0.02255471203474726,0.0393539860012912,0.0393539860012912,0.027096543502021786,nan,nan
msd,500,50,14128123,0.5,nan,0.003,0.02,100.0,0.5,2000,23,0.01,100,100,full_batch,0,0,0,True,nan,nan,max_iter,,0.3094581489022535,0.047882172961004645,0.06407351841610076,0.06407351841610076,0.04377378393098297,nan,nan
msd,500,50,14128123,0.5,nan,0.003,0.02,100.0,0.5,2000,23,0.01,100,100,full_batch,0,100,100,True,nan,nan,max_iter,,0.19118513058340492,0.018275877078096796,0.03156734974540876,0.03156734974540876,0.027487169545813928,nan,nan
msd,500,50,14128123,0.5,nan,0.003,0.02,100.0,0.5,2000,23,0.01,100,100,full_batch,0,200,200,True,nan,nan,max_iter,,0.18388067446059814,0.016906051220042233,0.028753050427129834,0.028753050427129834,0.02828062787579949,nan,nan
msd,500,50,14128123,0.5,nan,0.003,0.02,100.0,0.5,2000,23,0.01,100,100,full_batch,0,300,300,True,nan,nan,max_iter,,0.1802619063965493,0.01624717744885915,0.02846340829613947,0.027585811845318775,0.02846340829613947,nan,nan
msd,500,50,14128123,0.5,nan,0.003,0.02,100.0,0.5,2000,23,0.01,100,100,full_batch,0,400,400,True,nan,nan,max_iter,,0.1778976334491959,0.015823783993412232,0.028289876522421653,0.026992203049864383,0.028289876522421653,nan,nan
msd,500,50,14128123,0.5,nan,0.003,0.02,100.0,0.5,2000,23,0.01,100,100,full_batch,0,500,500,True,nan,nan,max_iter,,0.1761539631451608,0.015515109365873334,0.027977808951113903,0.0266421784624854,0.027977808951113903,nan,nan
msd,500,50,14128123,0.5,nan,0.003,0.02,100.0,0.5,2000,23,0.01,100,100,full_batch,0,600,600,True,nan,nan,max_iter,,0.17477881818725444,0.015273817643466671,0.027614927891829844,0.026402708512360484,0.027614927891829844,nan,nan
msd,500,50,14128123,0.5,nan,0.003,0.02,100.0,0.5,2000,23,0.01,100,100,full_batch,0,700,700,True,nan,nan,max_iter,,0.17364844500629206,0.01507689122655162,0.02724111462835549,0.026223461497241418,0.02724111462835549,nan,nan
msd,500,50,14128123,0.5,nan,0.003,0.02,100.0,0.5,2000,23,0.01,100,100,full_batch,0,800,800,True,nan,nan,max_iter,,0.17269359726117336,0.014911539267502173,0.026880406565502946,0.02608227666493712,0.026880406565502946,nan,nan
msd,500,50,14128123,0.5,nan,0.003,0.02,100.0,0.5,2000,23,0.01,100,100,full_batch,0,900,900,True,nan,nan,max_iter,,0.1718714949749101,0.014769905392455276,0.02654515913655653,0.025967051002349972,0.02654515913655653,nan,nan
msd,500,50,14128123,0.5,nan,0.003,0.02,100.0,0.5,2000,23,0.01,100,100,full_batch,0,1000,1000,True,nan,nan,max_iter,,0.1711534727906265,0.014646755624145864,0.026244654145958113,0.025866145661297746,0.026244654145958113,nan,nan
msd,500,50,14128123,0.5,nan,0.003,0.02,100.0,0.5,2000,23,0.01,100,100,full_batch,0,1100,1100,True,nan,nan,max_iter,,0.17051905610074283,0.01453837424674414,0.025981131691082127,0.02577729354963576,0.025981131691082127,nan,nan
msd,500,50,14128123,0.5,nan,0.003,0.02,100.0,0.5,2000,23,0.01,100,100,full_batch,0,1200,1200,True,nan,nan,max_iter,,0.16995293811422763,0.014442000586829243,0.02575189992998228,0.025696809078026517,0.02575189992998228,nan,nan
msd,500,50,14128123,0.5,nan,0.003,0.02,100.0,0.5,2000,23,0.01,100,100,full_batch,0,1300,1300,True,nan,nan,max_iter,,0.16944332894079603,0.014355520861269403,0.02562184276967111,0.02562184276967111,0.02555314057243313,nan,nan
msd,500,50,14128123,0.5,nan,0.003,0.02,100.0,0.5,2000,23,0.01,100,100,full_batch,0,1400,1400,True,nan,nan,max_iter,,0.16898097411789703,0.014277284806916693,0.025551928621074582,0.025551928621074582,0.025379883483883037,nan,nan
msd,500,50,14128123,0.5,nan,0.003,0.02,100.0,0.5,2000,23,0.01,100,100,full_batch,0,1500,1500,True,nan,nan,max_iter,,0.16855851625073792,0.01420598670032514,0.025485472512364327,0.025485472512364327,0.025228063125515177,nan,nan
msd,500,50,14128123,0.5,nan,0.003,0.02,100.0,0.5,2000,23,0.01,100,100,full_batch,0,1600,1600,True,nan,nan,max_iter,,0.16817004823653092,0.014140582561938569,0.025421874097266928,0.025421874097266928,0.025093424739037917,nan,nan
msd,500,50,14128123,0.5,nan,0.003,0.02,100.0,0.5,2000,23,0.01,100,100,full_batch,0,1700,1700,True,nan,nan,max_iter,,0.16781078562964696,0.014080229886819664,0.02536121949261355,0.02536121949261355,0.02497263779603298,nan,nan
msd,500,50,14128123,0.5,nan,0.003,0.02,100.0,0.5,2000,23,0.01,100,100,full_batch,0,1800,1800,True,nan,nan,max_iter,,0.16747682037889236,0.014024242682111887,0.025303011941066933,0.025303011941066933,0.024863440757787236,nan,nan
msd,500,50,14128123,0.5,nan,0.003,0.02,100.0,0.5,2000,23,0.01,100,100,full_batch,0,1900,1900,True,nan,nan,max_iter,,0.16716493349993045,0.013972057496018084,0.025246712767483637,0.025246712767483637,0.024763474048285328,nan,nan
msd,500,50,14128123,0.5,nan,0.003,0.02,100.0,0.5,2000,23,0.01,100,100,full_batch,0,2000,2000,True,nan,nan,max_iter,,0.1668724516466657,0.013923207559284391,0.02519213097277534,0.02519213097277534,0.024671477266617725,nan,nan
msd,500,50,14128123,0.5,nan,0.003,0.02,100.0,0.5,2000,23,0.01,100,100,minibatch,0,0,0,True,nan,nan,max_iter,,0.3094581489022535,0.047882172961004645,0.06407351841610076,0.06407351841610076,0.04377378393098297,nan,nan
msd,500,50,14128123,0.5,nan,0.003,0.02,100.0,0.5,2000,23,0.01,100,100,minibatch,0,100,100,True,nan,nan,max_iter,,0.19119549119455495,0.01827785792656357,0.031569454861277546,0.031569454861277546,0.02748668268856791,nan,nan
msd,500,50,14128123,0.5,nan,0.003,0.02,100.0,0.5,2000,23,0.01,100,100,minibatch,0,200,200,True,nan,nan,max_iter,,0.18390169635149145,0.016909916960478083,0.028780681669543673,0.028780681669543673,0.028376792806711293,nan,nan
msd,500,50,14128123,0.5,nan,0.003,0.02,100.0,0.5,2000,23,0.01,100,100,minibatch,0,300,300,True,nan,nan,max_iter,,0.18028526411506945,0.016251388228520174,0.028492163514708846,0.027550728990043682,0.028492163514708846,nan,nan
msd,500,50,14128123,0.5,nan,0.003,0.02,100.0,0.5,2000,23,0.01,100,100,minibatch,0,400,400,True,nan,nan,max_iter,,0.17790668081883276,0.015825393539987017,0.028475678872347754,0.02701170984346185,0.028475678872347754,nan,nan
msd,500,50,14128123,0.5,nan,0.003,0.02,100.0,0.5,2000,23,0.01,100,100,minibatch,0,500,500,True,nan,nan,max_iter,,0.17615831892271122,0.015515876662837819,0.028056701367107306,0.026711846014340068,0.028056701367107306,nan,nan
msd,500,50,14128123,0.5,nan,0.003,0.02,100.0,0.5,2000,23,0.01,100,100,minibatch,0,600,600,True,nan,nan,max_iter,,0.17477601810387725,0.015273328252123413,0.027622273234890138,0.026471549348393797,0.027622273234890138,nan,nan
msd,500,50,14128123,0.5,nan,0.003,0.02,100.0,0.5,2000,23,0.01,100,100,minibatch,0,700,700,True,nan,nan,max_iter,,0.17364391192464812,0.015076104074247476,0.02737019903000243,0.02614524559603959,0.02737019903000243,nan,nan
msd,500,50,14128123,0.5,nan,0.003,0.02,100.0,0.5,2000,23,0.01,100,100,minibatch,0,800,800,True,nan,nan,max_iter,,0.17268922554021593,0.014910784308839783,0.026872198673194958,0.02612226825037145,0.026872198673194958,nan,nan
msd,500,50,14128123,0.5,nan,0.003,0.02,100.0,0.5,2000,23,0.01,100,100,minibatch,0,900,900,True,nan,nan,max_iter,,0.1718715576444893,0.014769916163571505,0.026598489067518938,0.026003684539414373,0.026598489067518938,nan,nan
msd,500,50,14128123,0.5,nan,0.003,0.02,100.0,0.5,2000,23,0.01,100,100,minibatch,0,1000,1000,True,nan,nan,max_iter,,0.1711523872364302,0.014646569828364478,0.026278858594181054,0.0258959369122303,0.026278858594181054,nan,nan
msd,500,50,14128123,0.5,nan,0.003,0.02,100.0,0.5,2000,23,0.01,100,100,minibatch,0,1100,1100,True,nan,nan,max_iter,,0.17051749644915273,0.014538108297643407,0.026102547043636848,0.025835729823544817,0.026102547043636848,nan,nan
msd,500,50,14128123,0.5,nan,0.003,0.02,100.0,0.5,2000,23,0.01,100,100,minibatch,0,1200,1200,True,nan,nan,max_iter,,0.16995359393617632,0.014442112045911353,0.025938449843213973,0.025699837156262173,0.025938449843213973,nan,nan
msd,500,50,14128123,0.5,nan,0.003,0.02,100.0,0.5,2000,23,0.01,100,100,minibatch,0,1300,1300,True,nan,nan,max_iter,,0.16944600469594856,0.01435597425370971,0.025840355244359015,0.02567986190385485,0.025840355244359015,nan,nan
msd,500,50,14128123,0.5,nan,0.003,0.02,100.0,0.5,2000,23,0.01,100,100,minibatch,0,1400,1400,True,nan,nan,max_iter,,0.1689835682247852,0.014277723164990316,0.025549099214933146,0.02553182375752705,0.025549099214933146,nan,nan
msd,500,50,14128123,0.5,nan,0.003,0.02,100.0,0.5,2000,23,0.01,100,100,minibatch,0,1500,1500,True,nan,nan,max_iter,,0.16856119159875652,0.014206437656596353,0.025538856175999047,0.025538856175999047,0.025232051023664936,nan,nan
msd,500,50,14128123,0.5,nan,0.003,0.02,100.0,0.5,2000,23,0.01,100,100,minibatch,0,1600,1600,True,nan,nan,max_iter,,0.16817418857006217,0.014141278850599414,0.025405983678939814,0.025405983678939814,0.02514168574617548,nan,nan
msd,500,50,14128123,0.5,nan,0.003,0.02,100.0,0.5,2000,23,0.01,100,100,minibatch,0,1700,1700,True,nan,nan,max_iter,,0.16781355827226713,0.014080695169999798,0.025396218781937596,0.025396218781937596,0.02508311828643256,nan,nan
msd,500,50,14128123,0.5,nan,0.003,0.02,100.0,0.5,2000,23,0.01,100,100,minibatch,0,1800,1800,True,nan,nan,max_iter,,0.1674827171944206,0.014025230279413135,0.02539511955765872,0.02539511955765872,0.024905613698999518,nan,nan
msd,500,50,14128123,0.5,nan,0.003,0.02,100.0,0.5,2000,23,0.01,100,100,minibatch,0,1900,1900,True,nan,nan,max_iter,,0.16717060025049527,0.013973004794055444,0.025269598479589428,0.025269598479589428,0.024900238903330096,nan,nan
msd,500,50,14128123,0.5,nan,0.003,0.02,100.0,0.5,2000,23,0.01,100,100,minibatch,0,2000,2000,True,nan,nan,max_iter,,0.16688120861065,0.013924668893675643,0.025146121042673775,0.025146121042673775,0.024717826946478394,nan,nan
msd,500,50,14128123,0.5,nan,0.003,0.02,1000.0,0.5,2000,23,0.01,100,100,full_batch,0,0,0,True,nan,nan,stagnation,,0.3094581489022535,0.047882172961004645,0.06407351841610076,0.06407351841610076,0.04377378393098297,nan,nan
msd,500,50,14128123,0.5,nan,0.003,0.02,1000.0,0.5,2000,23,0.01,100,100,full_batch,0,100,100,True,nan,nan,stagnation,,1.8713094437915554,1.7508995172117303,0.23601672682254327,0.23601672682254327,0.2281691833261833,nan,nan
msd,500,50,14128123,0.5,nan,0.003,0.02,1000.0,0.5,2000,23,0.01,100,100,full_batch,0,200,200,True,nan,nan,stagnation,,2.464053364333324,3.0357794911411857,0.230953555922628,0.230953555922628,0.020819447874158903,nan,nan
msd,500,50,14128123,0.5,nan,0.003,0.02,1000.0,0.5,2000,23,0.01,100,100,full_batch,0,300,300,True,nan,nan,stagnation,,2.2185648167179948,2.4610149229894747,0.3646216825804016,0.3354467799529215,0.3646216825804016,nan,nan
msd,500,50,14128123,0.5,nan,0.003,0.02,1000.0,0.5,2000,23,0.01,100,100,full_batch,0,400,400,True,nan,nan,stagnation,,3.5188522995375413,6.191160752980321,0.618127645646316,0.3543005543200421,0.618127645646316,nan,nan
msd,500,50,14128123,0.5,nan,0.003,0.02,1000.0,0.5,2000,23,0.01,100,100,full_batch,0,500,500,True,nan,nan,stagnation,,1.8171569080792078,1.6510296142899932,0.23954403922316936,0.22221747093208055,0.23954403922316936,nan,nan
msd,500,50,14128123,0.5,nan,0.003,0.02,1000.0,0.5,2000,23,0.01,100,100,minibatch,0,0,0,True,nan,nan,stagnation,,0.3094581489022535,0.047882172961004645,0.06407351841610076,0.06407351841610076,0.04377378393098297,nan,nan
msd,500,50,14128123,0.5,nan,0.003,0.02,1000.0,0.5,2000,23,0.01,100,100,minibatch,0,100,100,True,nan,nan,stagnation,,1.3298709249831706,0.8842783385577969,0.24796930256273553,0.24796930256273553,0.1381256310880925,nan,nan
msd,500,50,14128123,0.5,nan,0.003,0.02,1000.0,0.5,2000,23,0.01,100,100,minibatch,0,200,200,True,nan,nan,stagnation,,3.081327315746481,4.747289013382707,0.5229260243993701,0.5229260243993701,0.02518597356920782,nan,nan
msd,500,50,14128123,0.5,nan,0.003,0.02,1000.0,0.5,2000,23,0.01,100,100,minibatch,0,300,300,True,nan,nan,stagnation,,2.3513257862499053,2.7643664765418676,0.21835431763017055,0.21835431763017055,0.015966134802338217,nan,nan
msd,500,50,14128123,0.5,nan,0.003,0.02,1000.0,0.5,2000,23,0.01,100,100,minibatch,0,400,400,True,nan,nan,stagnation,,1.9596199282287012,1.92005513155553,0.35370535433827766,0.35370535433827766,0.18555673911592618,nan,nan
msd,500,50,14128123,0.5,nan,0.003,0.02,1000.0,0.5,2000,23,0.01,100,100,minibatch,0,500,500,True,nan,nan,stagnation,,1.9761249666311973,1.9525349418715754,0.24268589175852218,0.2208832792202413,0.24268589175852218,nan,nan
msd,500,50,14128123,0.5,nan,0.003,0.002,10.0,0.5,2000,23,0.01,100,100,full_batch,0,0,0,True,nan,nan,max_iter,,0.3095963046006083,0.04792493591117631,0.06407351841610076,0.06407351841610076,0.04377378393098297,nan,nan
msd,500,50,14128123,0.5,nan,0.003,0.002,10.0,0.5,2000,23,0.01,100,100,full_batch,0,100,100,True,nan,nan,max_iter,,0.27264328572723495,0.03716718062607134,0.056577489747292764,0.056577489747292764,0.037045443298342695,nan,nan
msd,500,50,14128123,0.5,nan,0.003,0.002,10.0,0.5,2000,23,0.01,100,100,full_batch,0,200,200,True,nan,nan,max_iter,,0.25962787733396403,0.033703317344469935,0.053487255732781125,0.053487255732781125,0.034660248737353794,nan,nan
msd,500,50,14128123,0.5,nan,0.003,0.002,10.0,0.5,2000,23,0.01,100,100,full_batch,0,300,300,True,nan,nan,max_iter,,0.25107992609560953,0.031520564644088374,0.05129295701656489,0.05129295701656489,0.03307289200489266,nan,nan
msd,500,50,14128123,0.5,nan,0.003,0.002,10.0,0.5,2000,23,0.01,100,100,full_batch,0,400,400,True,nan,nan,max_iter,,0.24482218275663645,0.029968950584861948,0.0495865193519433,0.0495865193519433,0.03188181955223984,nan,nan
msd,500,50,14128123,0.5,nan,0.003,0.002,10.0,0.5,2000,23,0.01,100,100,full_batch,0,500,500,True,nan,nan,max_iter,,0.239969193303971,0.028792606867479302,0.04819148639549553,0.04819148639549553,0.030911361728006792,nan,nan
msd,500,50,14128123,0.5,nan,0.003,0.002,10.0,0.5,2000,23,0.01,100,100,full_batch,0,600,600,True,nan,nan,max_iter,,0.23605293193911617,0.027860493338526506,0.04702159171166953,0.04702159171166953,0.03016019428874317,nan,nan
msd,500,50,14128123,0.5,nan,0.003,0.002,10.0,0.5,2000,23,0.01,100,100,full_batch,0,700,700,True,nan,nan,max_iter,,0.2327955911575947,0.027096893631206993,0.046023234700346805,0.046023234700346805,0.029567744129809226,nan,nan
msd,500,50,14128123,0.5,nan,0.003,0.002,10.0,0.5,2000,23,0.01,100,100,full_batch,0,800,800,True,nan,nan,max_iter,,0.23002128655992946,0.02645489613534259,0.04515668915587723,0.04515668915587723,0.029101318812746135,nan,nan
msd,500,50,14128123,0.5,nan,0.003,0.002,10.0,0.5,2000,23,0.01,100,100,full_batch,0,900,900,True,nan,nan,max_iter,,0.22761355575231326,0.02590396538110571,0.04439454536359605,0.04439454536359605,0.028720529420657448,nan,nan
msd,500,50,14128123,0.5,nan,0.003,0.002,10.0,0.5,2000,23,0.01,100,100,full_batch,0,1000,1000,True,nan,nan,max_iter,,0.22549238700242427,0.02542340829802554,0.04372626647961747,0.04372626647961747,0.028397932988292796,nan,nan
msd,500,50,14128123,0.5,nan,0.003,0.002,10.0,0.5,2000,23,0.01,100,100,full_batch,0,1100,1100,True,nan,nan,max_iter,,0.22360097454319025,0.02499869790833221,0.04312928152502499,0.04312928152502499,0.02813430982648968,nan,nan
msd,500,50,14128123,0.5,nan,0.003,0.002,10.0,0.5,2000,23,0.01,100,100,full_batch,0,1200,1200,True,nan,nan,max_iter,,0.22189776322722196,0.02461930866262213,0.042591560069498324,0.042591560069498324,0.0279317215549979,nan,nan
msd,500,50,14128123,0.5,nan,0.003,0.002,10.0,0.5,2000,23,0.01,100,100,full_batch,0,1300,1300,True,nan,nan,max_iter,,0.2203515196015067,0.024277396095346595,0.04210264556076809,0.04210264556076809,0.027756466680422198,nan,nan
msd,500,50,14128123,0.5,nan,0.003,0.002,10.0,0.5,2000,23,0.01,100,100,full_batch,0,1400,1400,True,nan,nan,max_iter,,0.21893819351407087,0.023966966289602373,0.04165680800134253,0.04165680800134253,0.027600438259691218,nan,nan
msd,500,50,14128123,0.5,nan,0.003,0.002,10.0,0.5,2000,23,0.01,100,100,full_batch,0,1500,1500,True,nan,nan,max_iter,,0.21763886721739514,0.02368333826183548,0.041247459882874093,0.041247459882874093,0.027468077394565638,nan,nan
msd,500,50,14128123,0.5,nan,0.003,0.002,10.0,0.5,2000,23,0.01,100,100,full_batch,0,1600,1600,True,nan,nan,max_iter,,0.21643838078422714,0.02342278633824905,0.04087286104010068,0.04087286104010068,0.02735813313030727,nan,nan
msd,500,50,14128123,0.5,nan,0.003,0.002,10.0,0.5,2000,23,0.01,100,100,full_batch,0,1700,1700,True,nan,nan,max_iter,,0.21532438788047673,0.023182296008050995,0.040524765407083774,0.040524765407083774,0.027270528972890395,nan,nan
msd,500,50,14128123,0.5,nan,0.003,0.002,10.0,0.5,2000,23,0.01,100,100,full_batch,0,1800,1800,True,nan,nan,max_iter,,0.21428669169880557,0.022959393119609473,0.04020174400582038,0.04020174400582038,0.027194337256862045,nan,nan
msd,500,50,14128123,0.5,nan,0.003,0.002,10.0,0.5,2000,23,0.01,100,100,full_batch,0,1900,1900,True,nan,nan,max_iter,,0.21331676744790684,0.022752021637212183,0.03990137219226236,0.03990137219226236,0.027127473126372315,nan,nan
msd,500,50,14128123,0.5,nan,0.003,0.002,10.0,0.5,2000,23,0.01,100,100,full_batch,0,2000,2000,True,nan,nan,max_iter,,0.21240741185395653,0.02255845430524816,0.03961950608676795,0.03961950608676795,0.02707180573053164,nan,nan
msd,500,50,14128123,0.5,nan,0.003,0.002,10.0,0.5,2000,23,0.01,100,100,minibatch,0,0,0,True,nan,nan,max_iter,,0.3095963046006083,0.04792493591117631,0.06407351841610076,0.06407351841610076,0.04377378393098297,nan,nan
msd,500,50,14128123,0.5,nan,0.003,0.002,10.0,0.5,2000,23,0.01,100,100,minibatch,0,100,100,True,nan,nan,max_iter,,0.27261088861263,0.03715834829508388,0.056511378542976165,0.056511378542976165,0.03698831370772199,nan,nan
msd,500,50,14128123,0.5,nan,0.003,0.002,10.0,0.5,2000,23,0.01,100,100,minibatch,0,200,200,True,nan,nan,max_iter,,0.2596223527786301,0.03370188303115573,0.0534286978933618,0.0534286978933618,0.034591516372567965,nan,nan
msd,500,50,14128123,0.5,nan,0.003,0.002,10.0,0.5,2000,23,0.01,100,100,minibatch,0,300,300,True,nan,nan,max_iter,,0.2510952195838021,0.0315244046489189,0.051224038270195116,0.051224038270195116,0.033025265460735975,nan,nan
msd,500,50,14128123,0.5,nan,0.003,0.002,10.0,0.5,2000,23,0.01,100,100,minibatch,0,400,400,True,nan,nan,max_iter,,0.2448243123950468,0.02996947196985373,0.04953387931180964,0.04953387931180964,0.03184156817211281,nan,nan
msd,500,50,14128123,0.5,nan,0.003,0.002,10.0,0.5,2000,23,0.01,100,100,minibatch,0,500,500,True,nan,nan,max_iter,,0.23998356749768818,0.02879605633445873,0.04814439385993785,0.04814439385993785,0.03088511414890438,nan,nan
msd,500,50,14128123,0.5,nan,0.003,0.002,10.0,0.5,2000,23,0.01,100,100,minibatch,0,600,600,True,nan,nan,max_iter,,0.23608051506870062,0.02786700479755149,0.046983995345902696,0.046983995345902696,0.030142773333802775,nan,nan
msd,500,50,14128123,0.5,nan,0.003,0.002,10.0,0.5,2000,23,0.01,100,100,minibatch,0,700,700,True,nan,nan,max_iter,,0.2328074460286699,0.027099653463196025,0.045965649341931814,0.045965649341931814,0.029553645853675092,nan,nan
msd,500,50,14128123,0.5,nan,0.003,0.002,10.0,0.5,2000,23,0.01,100,100,minibatch,0,800,800,True,nan,nan,max_iter,,0.23003991169483717,0.02645918048628424,0.04509992540900337,0.04509992540900337,0.029086259371500667,nan,nan
msd,500,50,14128123,0.5,nan,0.003,0.002,10.0,0.5,2000,23,0.01,100,100,minibatch,0,900,900,True,nan,nan,max_iter,,0.22762652177046153,0.0259069167066592,0.044348831976778025,0.044348831976778025,0.028700100104923965,nan,nan
msd,500,50,14128123,0.5,nan,0.003,0.002,10.0,0.5,2000,23,0.01,100,100,minibatch,0,1000,1000,True,nan,nan,max_iter,,0.22550106825739866,0.025425365892613985,0.043680753284674356,0.043680753284674356,0.028378826438791693,nan,nan
msd,500,50,14128123,0.5,nan,0.003,0.002,10.0,0.5,2000,23,0.01,100,100,minibatch,0,1100,1100,True,nan,nan,max_iter,,0.2236140485238294,0.025001621348608765,0.0430885645908739,0.0430885645908739,0.028115681429783046,nan,nan
msd,500,50,14128123,0.5,nan,0.003,0.002,10.0,0.5,2000,23,0.01,100,100,minibatch,0,1200,1200,True,nan,nan,max_iter,,0.22191317551026307,0.024622728732524413,0.04255293578345598,0.04255293578345598,0.027909235770326002,nan,nan
msd,500,50,14128123,0.5,nan,0.003,0.002,10.0,0.5,2000,23,0.01,100,100,minibatch,0,1300,1300,True,nan,nan,max_iter,,0.2203650669333473,0.024280381362269315,0.042065101026410645,0.042065101026410645,0.027733056870197392,nan,nan
msd,500,50,14128123,0.5,nan,0.003,0.002,10.0,0.5,2000,23,0.01,100,100,minibatch,0,1400,1400,True,nan,nan,max_iter,,0.21894792428835633,0.023969096775089908,0.04161781516251467,0.04161781516251467,0.027582592013096874,nan,nan
msd,500,50,14128123,0.5,nan,0.003,0.002,10.0,0.5,2000,23,0.01,100,100,minibatch,0,1500,1500,True,nan,nan,max_iter,,0.2176529538162156,0.023686404152461843,0.04121887301965632,0.04121887301965632,0.02746013342193554,nan,nan
msd,500,50,14128123,0.5,nan,0.003,0.002,10.0,0.5,2000,23,0.01,100,100,minibatch,0,1600,1600,True,nan,nan,max_iter,,0.21644734274963998,0.02342472609169006,0.040841998179336814,0.040841998179336814,0.027354652617987196,nan,nan
msd,500,50,14128123,0.5,nan,0.003,0.002,10.0,0.5,2000,23,0.01,100,100,minibatch,0,1700,1700,True,nan,nan,max_iter,,0.2153353797313264,0.02318466288201727,0.0404949391331077,0.0404949391331077,0.027273085875726077,nan,nan
msd,500,50,14128123,0.5,nan,0.003,0.002,10.0,0.5,2000,23,0.01,100,100,minibatch,0,1800,1800,True,nan,nan,max_iter,,0.21429869776920185,0.022961965932787858,0.04016865291573424,0.04016865291573424,0.027199435885856493,nan,nan
msd,500,50,14128123,0.5,nan,0.003,0.002,10.0,0.5,2000,23,0.01,100,100,minibatch,0,1900,1900,True,nan,nan,max_iter,,0.21332944001607987,0.022754724988787108,0.039868274494550326,0.039868274494550326,0.027137112313628586,nan,nan
msd,500,50,14128123,0.5,nan,0.003,0.002,10.0,0.5,2000,23,0.01,100,100,minibatch,0,2000,2000,True,nan,nan,max_iter,,0.21241669839425648,0.02256042687835826,0.03958754800533204,0.03958754800533204,0.027081188469610384,nan,nan
msd,500,50,14128123,0.5,nan,0.003,0.002,100.0,0.5,2000,23,0.01,100,100,full_batch,0,0,0,True,nan,nan,max_iter,,0.3095963046006083,0.04792493591117631,0.06407351841610076,0.06407351841610076,0.04377378393098297,nan,nan
msd,500,50,14128123,0.5,nan,0.003,0.002,100.0,0.5,2000,23,0.01,100,100,full_batch,0,100,100,True,nan,nan,max_iter,,0.19118509906291262,0.018275871051847855,0.032232690992108126,0.032232690992108126,0.027560308507445896,nan,nan
msd,500,50,14128123,0.5,nan,0.003,0.002,100.0,0.5,2000,23,0.01,100,100,full_batch,0,200,200,True,nan,nan,max_iter,,0.18394286218068764,0.016917488273611725,0.02940156840244007,0.02940156840244007,0.02832869774808483,nan,nan
msd,500,50,14128123,0.5,nan,0.003,0.002,100.0,0.5,2000,23,0.01,100,100,full_batch,0,300,300,True,nan,nan,max_iter,,0.18035236550845288,0.016263487872247292,0.028488840118231606,0.028208870194029956,0.028488840118231606,nan,nan
msd,500,50,14128123,0.5,nan,0.003,0.002,100.0,0.5,2000,23,0.01,100,100,full_batch,0,400,400,True,nan,nan,max_iter,,0.17800743321315377,0.0158433231395677,0.02830460794266948,0.02756632975700818,0.02830460794266948,nan,nan
msd,500,50,14128123,0.5,nan,0.003,0.002,100.0,0.5,2000,23,0.01,100,100,full_batch,0,500,500,True,nan,nan,max_iter,,0.1762802836879717,0.015537369208555888,0.02798849114975477,0.027160184999101722,0.02798849114975477,nan,nan
msd,500,50,14128123,0.5,nan,0.003,0.002,100.0,0.5,2000,23,0.01,100,100,full_batch,0,600,600,True,nan,nan,max_iter,,0.17492053981994857,0.015298597625451106,0.027623669013135344,0.02687848498621198,0.027623669013135344,nan,nan
msd,500,50,14128123,0.5,nan,0.003,0.002,100.0,0.5,2000,23,0.01,100,100,full_batch,0,700,700,True,nan,nan,max_iter,,0.17380487280510157,0.015104066905398767,0.027250566880602844,0.026669407233754605,0.027250566880602844,nan,nan
msd,500,50,14128123,0.5,nan,0.003,0.002,100.0,0.5,2000,23,0.01,100,100,full_batch,0,800,800,True,nan,nan,max_iter,,0.17286393025689922,0.01494096919193106,0.026890402800184898,0.026504214010695137,0.026890402800184898,nan,nan
msd,500,50,14128123,0.5,nan,0.003,0.002,100.0,0.5,2000,23,0.01,100,100,full_batch,0,900,900,True,nan,nan,max_iter,,0.17205466764973318,0.01480140433003007,0.026555323372302042,0.026366577634388988,0.026555323372302042,nan,nan
msd,500,50,14128123,0.5,nan,0.003,0.002,100.0,0.5,2000,23,0.01,100,100,full_batch,0,1000,1000,True,nan,nan,max_iter,,0.17134819777581498,0.014680102440509902,0.026256793924650745,0.026250018088996907,0.026256793924650745,nan,nan
msd,500,50,14128123,0.5,nan,0.003,0.002,100.0,0.5,2000,23,0.01,100,100,full_batch,0,1100,1100,True,nan,nan,max_iter,,0.17072394089474455,0.014573331997316115,0.026146806000865552,0.026146806000865552,0.02599295441673033,nan,nan
msd,500,50,14128123,0.5,nan,0.003,0.002,100.0,0.5,2000,23,0.01,100,100,full_batch,0,1200,1200,True,nan,nan,max_iter,,0.17016659809534052,0.014478335553670573,0.026054297775850443,0.026054297775850443,0.025763900067293566,nan,nan
msd,500,50,14128123,0.5,nan,0.003,0.002,100.0,0.5,2000,23,0.01,100,100,full_batch,0,1300,1300,True,nan,nan,max_iter,,0.16966446470825233,0.0143930152923689,0.025968995344599344,0.025968995344599344,0.025562666338632467,nan,nan
msd,500,50,14128123,0.5,nan,0.003,0.002,100.0,0.5,2000,23,0.01,100,100,full_batch,0,1400,1400,True,nan,nan,max_iter,,0.16920841065303116,0.014315743117862415,0.025890882594384212,0.025890882594384212,0.025385382736054563,nan,nan
msd,500,50,14128123,0.5,nan,0.003,0.002,100.0,0.5,2000,23,0.01,100,100,full_batch,0,1500,1500,True,nan,nan,max_iter,,0.168791213882246,0.014245236941921056,0.025817617508058277,0.025817617508058277,0.025228424933769422,nan,nan
msd,500,50,14128123,0.5,nan,0.003,0.002,100.0,0.5,2000,23,0.01,100,100,full_batch,0,1600,1600,True,nan,nan,max_iter,,0.16840709704533788,0.014180475167618925,0.02574784231388222,0.02574784231388222,0.025089476608835648,nan,nan
msd,500,50,14128123,0.5,nan,0.003,0.002,100.0,0.5,2000,23,0.01,100,100,full_batch,0,1700,1700,True,nan,nan,max_iter,,0.16805139212642262,0.014120635197814329,0.02568105185275299,0.02568105185275299,0.02496369823012462,nan,nan
msd,500,50,14128123,0.5,nan,0.003,0.002,100.0,0.5,2000,23,0.01,100,100,full_batch,0,1800,1800,True,nan,nan,max_iter,,0.16772029185522214,0.014065048150000446,0.02561787315656927,0.02561787315656927,0.02484881610378792,nan,nan
msd,500,50,14128123,0.5,nan,0.003,0.002,100.0,0.5,2000,23,0.01,100,100,full_batch,0,1900,1900,True,nan,nan,max_iter,,0.1674106628461367,0.014013165017291428,0.02555648760132817,0.02555648760132817,0.024743062372677094,nan,nan
msd,500,50,14128123,0.5,nan,0.003,0.002,100.0,0.5,2000,23,0.01,100,100,full_batch,0,2000,2000,True,nan,nan,max_iter,,0.1671199038241021,0.01396453112708857,0.025496923723065945,0.025496923723065945,0.024645428140387005,nan,nan
msd,500,50,14128123,0.5,nan,0.003,0.002,100.0,0.5,2000,23,0.01,100,100,minibatch,0,0,0,True,nan,nan,max_iter,,0.3095963046006083,0.04792493591117631,0.06407351841610076,0.06407351841610076,0.04377378393098297,nan,nan
msd,500,50,14128123,0.5,nan,0.003,0.002,100.0,0.5,2000,23,0.01,100,100,minibatch,0,100,100,True,nan,nan,max_iter,,0.19127028196632717,0.01829216038173915,0.032112610344402215,0.032112610344402215,0.027615576499551653,nan,nan
msd,500,50,14128123,0.5,nan,0.003,0.002,100.0,0.5,2000,23,0.01,100,100,minibatch,0,200,200,True,nan,nan,max_iter,,0.18403336694397604,0.016934140074368068,0.029434070730111783,0.029434070730111783,0.02841210217262924,nan,nan
msd,500,50,14128123,0.5,nan,0.003,0.002,100.0,0.5,2000,23,0.01,100,100,minibatch,0,300,300,True,nan,nan,max_iter,,0.1804254789192226,0.016276676721615417,0.028579463915770653,0.028114050045105754,0.028579463915770653,nan,nan
msd,500,50,14128123,0.5,nan,0.003,0.002,100.0,0.5,2000,23,0.01,100,100,minibatch,0,400,400,True,nan,nan,max_iter,,0.17805846343717066,0.01585240820080312,0.02868006250565236,0.027577511269714694,0.02868006250565236,nan,nan
msd,500,50,14128123,0.5,nan,0.003,0.002,100.0,0.5,2000,23,0.01,100,100,minibatch,0,500,500,True,nan,nan,max_iter,,0.1763224239795306,0.015544798599008675,0.028194166206019666,0.027262381693507753,0.028194166206019666,nan,nan
msd,500,50,14128123,0.5,nan,0.003,0.002,100.0,0.5,2000,23,0.01,100,100,minibatch,0,600,600,True,nan,nan,max_iter,,0.17495129304562546,0.015303977469168157,0.027697810808066603,0.02700345269227672,0.027697810808066603,nan,nan
msd,500,50,14128123,0.5,nan,0.003,0.002,100.0,0.5,2000,23,0.01,100,100,minibatch,0,700,700,True,nan,nan,max_iter,,0.17383199993617118,0.01510878210090451,0.027381901984886436,0.026605435777232123,0.027381901984886436,nan,nan
msd,500,50,14128123,0.5,nan,0.003,0.002,100.0,0.5,2000,23,0.01,100,100,minibatch,0,800,800,True,nan,nan,max_iter,,0.17289395594046064,0.014946160000370972,0.026895300295080415,0.026515360750983596,0.026895300295080415,nan,nan
msd,500,50,14128123,0.5,nan,0.003,0.002,100.0,0.5,2000,23,0.01,100,100,minibatch,0,900,900,True,nan,nan,max_iter,,0.17209072031849953,0.014807608009870014,0.026654130415228627,0.02635733114254324,0.026654130415228627,nan,nan
msd,500,50,14128123,0.5,nan,0.003,0.002,100.0,0.5,2000,23,0.01,100,100,minibatch,0,1000,1000,True,nan,nan,max_iter,,0.1713792786845443,0.01468542858121735,0.026409171044620317,0.026231822466022015,0.026409171044620317,nan,nan
msd,500,50,14128123,0.5,nan,0.003,0.002,100.0,0.5,2000,23,0.01,100,100,minibatch,0,1100,1100,True,nan,nan,max_iter,,0.17075370105414106,0.014578413211843487,0.026218390558294502,0.026125823366176526,0.026218390558294502,nan,nan
msd,500,50,14128123,0.5,nan,0.003,0.002,100.0,0.5,2000,23,0.01,100,100,minibatch,0,1200,1200,True,nan,nan,max_iter,,0.17019569855147157,0.014483287902711691,0.026059634563858847,0.026059634563858847,0.026040056007650414,nan,nan
msd,500,50,14128123,0.5,nan,0.003,0.002,100.0,0.5,2000,23,0.01,100,100,minibatch,0,1300,1300,True,nan,nan,max_iter,,0.16969238476618986,0.014397752723818312,0.026026043458898362,0.026026043458898362,0.02585026356676573,nan,nan
msd,500,50,14128123,0.5,nan,0.003,0.002,100.0,0.5,2000,23,0.01,100,100,minibatch,0,1400,1400,True,nan,nan,max_iter,,0.1692322401101759,0.014319775546354115,0.025802465908040473,0.025802465908040473,0.02562423561674526,nan,nan
msd,500,50,14128123,0.5,nan,0.003,0.002,100.0,0.5,2000,23,0.01,100,100,minibatch,0,1500,1500,True,nan,nan,max_iter,,0.16881666357320474,0.014249532949994296,0.025891700227444636,0.025891700227444636,0.02531939436724351,nan,nan
msd,500,50,14128123,0.5,nan,0.003,0.002,100.0,0.5,2000,23,0.01,100,100,minibatch,0,1600,1600,True,nan,nan,max_iter,,0.16843373135794373,0.014184960929579979,0.02574568105704539,0.02574568105704539,0.025130058131593302,nan,nan
msd,500,50,14128123,0.5,nan,0.003,0.002,100.0,0.5,2000,23,0.01,100,100,minibatch,0,1700,1700,True,nan,nan,max_iter,,0.1680788204035824,0.014125244934129855,0.025730523744726064,0.025730523744726064,0.025115573043166917,nan,nan
msd,500,50,14128123,0.5,nan,0.003,0.002,100.0,0.5,2000,23,0.01,100,100,minibatch,0,1800,1800,True,nan,nan,max_iter,,0.1677501998158749,0.01407006476913298,0.025655590507815962,0.025655590507815962,0.02494367580352269,nan,nan
msd,500,50,14128123,0.5,nan,0.003,0.002,100.0,0.5,2000,23,0.01,100,100,minibatch,0,1900,1900,True,nan,nan,max_iter,,0.16744205986855473,0.014018421706512334,0.025529175164423046,0.025529175164423046,0.02484596594379329,nan,nan
msd,500,50,14128123,0.5,nan,0.003,0.002,100.0,0.5,2000,23,0.01,100,100,minibatch,0,2000,2000,True,nan,nan,max_iter,,0.1671502948683541,0.01396961053728886,0.025440055441819154,0.025440055441819154,0.02463322558311737,nan,nan
msd,500,50,14128123,0.5,nan,0.003,0.002,1000.0,0.5,2000,23,0.01,100,100,full_batch,0,0,0,True,nan,nan,stagnation,,0.3095963046006083,0.04792493591117631,0.06407351841610076,0.06407351841610076,0.04377378393098297,nan,nan
msd,500,50,14128123,0.5,nan,0.003,0.002,1000.0,0.5,2000,23,0.01,100,100,full_batch,0,100,100,True,nan,nan,stagnation,,1.7320722577165042,1.500037152975574,0.32343461824009756,0.32343461824009756,0.3022373560584063,nan,nan
msd,500,50,14128123,0.5,nan,0.003,0.002,1000.0,0.5,2000,23,0.01,100,100,full_batch,0,200,200,True,nan,nan,stagnation,,3.094092046415027,4.7867027958443655,0.5118305654309554,0.4862358829782061,0.5118305654309554,nan,nan
msd,500,50,14128123,0.5,nan,0.003,0.002,1000.0,0.5,2000,23,0.01,100,100,full_batch,0,300,300,True,nan,nan,stagnation,,2.6225300635129374,3.4388319670145857,0.5380904827708393,0.20648953771037304,0.5380904827708393,nan,nan
msd,500,50,14128123,0.5,nan,0.003,0.002,1000.0,0.5,2000,23,0.01,100,100,full_batch,0,400,400,True,nan,nan,stagnation,,2.9691703491296106,4.407986281075227,0.5113054332783692,0.022488301661002685,0.5113054332783692,nan,nan
msd,500,50,14128123,0.5,nan,0.003,0.002,1000.0,0.5,2000,23,0.01,100,100,full_batch,0,500,500,True,nan,nan,stagnation,,1.7853676205547129,1.5937687702625987,0.23791429015482457,0.23178758440376523,0.23791429015482457,nan,nan
msd,500,50,14128123,0.5,nan,0.003,0.002,1000.0,0.5,2000,23,0.01,100,100,minibatch,0,0,0,True,nan,nan,stagnation,,0.3095963046006083,0.04792493591117631,0.06407351841610076,0.06407351841610076,0.04377378393098297,nan,nan
msd,500,50,14128123,0.5,nan,0.003,0.002,1000.0,0.5,2000,23,0.01,100,100,minibatch,0,100,100,True,nan,nan,stagnation,,3.880976287404356,7.530988471697449,0.616926390459005,0.586749671725216,0.616926390459005,nan,nan
msd,500,50,14128123,0.5,nan,0.003,0.002,1000.0,0.5,2000,23,0.01,100,100,minibatch,0,200,200,True,nan,nan,stagnation,,3.1068786847382355,4.826347580840394,0.5759325214077018,0.3947953056598769,0.5759325214077018,nan,nan
msd,500,50,14128123,0.5,nan,0.003,0.002,1000.0,0.5,2000,23,0.01,100,100,minibatch,0,300,300,True,nan,nan,stagnation,,3.0311783375988215,4.594021057164177,0.5923181283791082,0.3374146500400892,0.5923181283791082,nan,nan
msd,500,50,14128123,0.5,nan,0.003,0.002,1000.0,0.5,2000,23,0.01,100,100,minibatch,0,400,400,True,nan,nan,stagnation,,1.929750672901944,1.8619688297827528,0.24254112911161751,0.23319092794908958,0.24254112911161751,nan,nan
msd,500,50,14128123,0.5,nan,0.003,0.002,1000.0,0.5,2000,23,0.01,100,100,minibatch,0,500,500,True,nan,nan,stagnation,,2.408801033982985,2.9011612106587483,0.3962097502965559,0.3607303503910484,0.3962097502965559,nan,nan
msd,500,50,14128123,0.5,nan,0.001,0.02,10.0,0.5,2000,23,0.01,100,100,full_batch,0,0,0,True,nan,nan,max_iter,,0.3094581489022535,0.047882172961004645,0.06407351841610076,0.06407351841610076,0.04377378393098297,nan,nan
msd,500,50,14128123,0.5,nan,0.001,0.02,10.0,0.5,2000,23,0.01,100,100,full_batch,0,100,100,True,nan,nan,max_iter,,0.27240464700778577,0.03710214585571819,0.056463621421492194,0.056463621421492194,0.0372966461256411,nan,nan
msd,500,50,14128123,0.5,nan,0.001,0.02,10.0,0.5,2000,23,0.01,100,100,full_batch,0,200,200,True,nan,nan,max_iter,,0.2591715747114026,0.033584952569194075,0.053295341671201535,0.053295341671201535,0.03498851889391191,nan,nan
msd,500,50,14128123,0.5,nan,0.001,0.02,10.0,0.5,2000,23,0.01,100,100,full_batch,0,300,300,True,nan,nan,max_iter,,0.25045414528552606,0.0313636394453517,0.05103016783898162,0.05103016783898162,0.03346549821284667,nan,nan
msd,500,50,14128123,0.5,nan,0.001,0.02,10.0,0.5,2000,23,0.01,100,100,full_batch,0,400,400,True,nan,nan,max_iter,,0.24407348892571984,0.029785933998186742,0.04925900956862356,0.04925900956862356,0.03234379531189191,nan,nan
msd,500,50,14128123,0.5,nan,0.001,0.02,10.0,0.5,2000,23,0.01,100,100,full_batch,0,500,500,True,nan,nan,max_iter,,0.2391331777754686,0.028592338356496938,0.04780572953833628,0.04780572953833628,0.031433408012168984,nan,nan
msd,500,50,14128123,0.5,nan,0.001,0.02,10.0,0.5,2000,23,0.01,100,100,full_batch,0,600,600,True,nan,nan,max_iter,,0.23515444537733263,0.027648806590360456,0.04657660901676275,0.04657660901676275,0.03068363447994432,nan,nan
msd,500,50,14128123,0.5,nan,0.001,0.02,10.0,0.5,2000,23,0.01,100,100,full_batch,0,700,700,True,nan,nan,max_iter,,0.23185148683064938,0.02687755597279139,0.04551981294363039,0.04551981294363039,0.030097877256127503,nan,nan
msd,500,50,14128123,0.5,nan,0.001,0.02,10.0,0.5,2000,23,0.01,100,100,full_batch,0,800,800,True,nan,nan,max_iter,,0.22904311936517224,0.02623037526426427,0.044601376283128824,0.044601376283128824,0.029625779487106263,nan,nan
msd,500,50,14128123,0.5,nan,0.001,0.02,10.0,0.5,2000,23,0.01,100,100,full_batch,0,900,900,True,nan,nan,max_iter,,0.2266095278174567,0.025675939048825338,0.04379204941423048,0.04379204941423048,0.02922905299704548,nan,nan
msd,500,50,14128123,0.5,nan,0.001,0.02,10.0,0.5,2000,23,0.01,100,100,full_batch,0,1000,1000,True,nan,nan,max_iter,,0.22446857622270672,0.025193070855724548,0.04307027543265429,0.04307027543265429,0.02888431025868632,nan,nan
msd,500,50,14128123,0.5,nan,0.001,0.02,10.0,0.5,2000,23,0.01,100,100,full_batch,0,1100,1100,True,nan,nan,max_iter,,0.22256206462967498,0.024766936306111813,0.04242844410839042,0.04242844410839042,0.02858271990779354,nan,nan
msd,500,50,14128123,0.5,nan,0.001,0.02,10.0,0.5,2000,23,0.01,100,100,full_batch,0,1200,1200,True,nan,nan,max_iter,,0.2208474703120156,0.024386802571608305,0.04184935544683488,0.04184935544683488,0.028327303107120727,nan,nan
msd,500,50,14128123,0.5,nan,0.001,0.02,10.0,0.5,2000,23,0.01,100,100,full_batch,0,1300,1300,True,nan,nan,max_iter,,0.21929284594297416,0.0240446761408845,0.04132516326933133,0.04132516326933133,0.028105114467288694,nan,nan
msd,500,50,14128123,0.5,nan,0.001,0.02,10.0,0.5,2000,23,0.01,100,100,full_batch,0,1400,1400,True,nan,nan,max_iter,,0.2178735855783624,0.023734449646386,0.04084564396877294,0.04084564396877294,0.02790483724418802,nan,nan
msd,500,50,14128123,0.5,nan,0.001,0.02,10.0,0.5,2000,23,0.01,100,100,full_batch,0,1500,1500,True,nan,nan,max_iter,,0.21657032106664464,0.02345135198345477,0.0404050618577822,0.0404050618577822,0.027726084731958922,nan,nan
msd,500,50,14128123,0.5,nan,0.001,0.02,10.0,0.5,2000,23,0.01,100,100,full_batch,0,1600,1600,True,nan,nan,max_iter,,0.2153675178260611,0.02319158386727937,0.03999848905157971,0.03999848905157971,0.027568771188252517,nan,nan
msd,500,50,14128123,0.5,nan,0.001,0.02,10.0,0.5,2000,23,0.01,100,100,full_batch,0,1700,1700,True,nan,nan,max_iter,,0.21425251316863486,0.022952069699538027,0.03962072064571098,0.03962072064571098,0.027432604005301064,nan,nan
msd,500,50,14128123,0.5,nan,0.001,0.02,10.0,0.5,2000,23,0.01,100,100,full_batch,0,1800,1800,True,nan,nan,max_iter,,0.21321484122450562,0.02273028425919557,0.03926835170960741,0.03926835170960741,0.027322003856559696,nan,nan
msd,500,50,14128123,0.5,nan,0.001,0.02,10.0,0.5,2000,23,0.01,100,100,full_batch,0,1900,1900,True,nan,nan,max_iter,,0.21224574787464434,0.022524128745433546,0.03894030407052407,0.03894030407052407,0.027229843315255353,nan,nan
msd,500,50,14128123,0.5,nan,0.001,0.02,10.0,0.5,2000,23,0.01,100,100,full_batch,0,2000,2000,True,nan,nan,max_iter,,0.21133783461228212,0.022331840169304156,0.03863259675478209,0.03863259675478209,0.027151542432348297,nan,nan
msd,500,50,14128123,0.5,nan,0.001,0.02,10.0,0.5,2000,23,0.01,100,100,minibatch,0,0,0,True,nan,nan,max_iter,,0.3094581489022535,0.047882172961004645,0.06407351841610076,0.06407351841610076,0.04377378393098297,nan,nan
msd,500,50,14128123,0.5,nan,0.001,0.02,10.0,0.5,2000,23,0.01,100,100,minibatch,0,100,100,True,nan,nan,max_iter,,0.27237930308123504,0.03709524237350965,0.056425218137681254,0.056425218137681254,0.03725981871395595,nan,nan
msd,500,50,14128123,0.5,nan,0.001,0.02,10.0,0.5,2000,23,0.01,100,100,minibatch,0,200,200,True,nan,nan,max_iter,,0.2591570417006646,0.03358118613152001,0.05325543201698668,0.05325543201698668,0.034942674492163706,nan,nan
msd,500,50,14128123,0.5,nan,0.001,0.02,10.0,0.5,2000,23,0.01,100,100,minibatch,0,300,300,True,nan,nan,max_iter,,0.25044446318430313,0.031361214569836884,0.05099115334935206,0.05099115334935206,0.03344071849077229,nan,nan
msd,500,50,14128123,0.5,nan,0.001,0.02,10.0,0.5,2000,23,0.01,100,100,minibatch,0,400,400,True,nan,nan,max_iter,,0.24406004017046132,0.029782651604003597,0.04923355331034218,0.04923355331034218,0.03232603955047675,nan,nan
msd,500,50,14128123,0.5,nan,0.001,0.02,10.0,0.5,2000,23,0.01,100,100,minibatch,0,500,500,True,nan,nan,max_iter,,0.23912650024751808,0.028590741560313132,0.04778078105001193,0.04778078105001193,0.031426254707744405,nan,nan
msd,500,50,14128123,0.5,nan,0.001,0.02,10.0,0.5,2000,23,0.01,100,100,minibatch,0,600,600,True,nan,nan,max_iter,,0.23515076583164266,0.02764794133560402,0.04655455052960472,0.04655455052960472,0.030674214487101115,nan,nan
msd,500,50,14128123,0.5,nan,0.001,0.02,10.0,0.5,2000,23,0.01,100,100,minibatch,0,700,700,True,nan,nan,max_iter,,0.2318331755038377,0.026873310632096605,0.045483456997800153,0.045483456997800153,0.030094217129514378,nan,nan
msd,500,50,14128123,0.5,nan,0.001,0.02,10.0,0.5,2000,23,0.01,100,100,minibatch,0,800,800,True,nan,nan,max_iter,,0.22902745837832242,0.026226788345617105,0.04456997900417975,0.04456997900417975,0.02961945482120576,nan,nan
msd,500,50,14128123,0.5,nan,0.001,0.02,10.0,0.5,2000,23,0.01,100,100,minibatch,0,900,900,True,nan,nan,max_iter,,0.22659109292190854,0.025671761695772496,0.043762448108736196,0.043762448108736196,0.0292204724223728,nan,nan
msd,500,50,14128123,0.5,nan,0.001,0.02,10.0,0.5,2000,23,0.01,100,100,minibatch,0,1000,1000,True,nan,nan,max_iter,,0.2244534126253567,0.02518966721958432,0.043044803985241076,0.043044803985241076,0.028872880186056216,nan,nan
msd,500,50,14128123,0.5,nan,0.001,0.02,10.0,0.5,2000,23,0.01,100,100,minibatch,0,1100,1100,True,nan,nan,max_iter,,0.2225511378492838,0.02476450447900546,0.04240717266781141,0.04240717266781141,0.028573654004774796,nan,nan
msd,500,50,14128123,0.5,nan,0.001,0.02,10.0,0.5,2000,23,0.01,100,100,minibatch,0,1200,1200,True,nan,nan,max_iter,,0.2208367685447396,0.024384439170641446,0.041828480573351534,0.041828480573351534,0.0283167749956717,nan,nan
msd,500,50,14128123,0.5,nan,0.001,0.02,10.0,0.5,2000,23,0.01,100,100,minibatch,0,1300,1300,True,nan,nan,max_iter,,0.2192799623813452,0.024041850950982085,0.04130570416849577,0.04130570416849577,0.02809344146350118,nan,nan
msd,500,50,14128123,0.5,nan,0.001,0.02,10.0,0.5,2000,23,0.01,100,100,minibatch,0,1400,1400,True,nan,nan,max_iter,,0.21785792465416018,0.023731037667308868,0.040822553448593535,0.040822553448593535,0.027899087347754703,nan,nan
msd,500,50,14128123,0.5,nan,0.001,0.02,10.0,0.5,2000,23,0.01,100,100,minibatch,0,1500,1500,True,nan,nan,max_iter,,0.21655995536302564,0.02344910713341783,0.040389359854738516,0.040389359854738516,0.027722021040150258,nan,nan
msd,500,50,14128123,0.5,nan,0.001,0.02,10.0,0.5,2000,23,0.01,100,100,minibatch,0,1600,1600,True,nan,nan,max_iter,,0.21535707520966516,0.023189334921430688,0.0399831625741181,0.0399831625741181,0.027568202650945284,nan,nan
msd,500,50,14128123,0.5,nan,0.001,0.02,10.0,0.5,2000,23,0.01,100,100,minibatch,0,1700,1700,True,nan,nan,max_iter,,0.2142424484387366,0.022949913356512357,0.03961078432976406,0.03961078432976406,0.02743722870166282,nan,nan
msd,500,50,14128123,0.5,nan,0.001,0.02,10.0,0.5,2000,23,0.01,100,100,minibatch,0,1800,1800,True,nan,nan,max_iter,,0.21320750505921812,0.02272872010678826,0.03925944914206558,0.03925944914206558,0.027326946860148138,nan,nan
msd,500,50,14128123,0.5,nan,0.001,0.02,10.0,0.5,2000,23,0.01,100,100,minibatch,0,1900,1900,True,nan,nan,max_iter,,0.21223711244334587,0.02252229594914472,0.0389345213087654,0.0389345213087654,0.027239799807228016,nan,nan
msd,500,50,14128123,0.5,nan,0.001,0.02,10.0,0.5,2000,23,0.01,100,100,minibatch,0,2000,2000,True,nan,nan,max_iter,,0.21132516164817686,0.022329161972814038,0.038624576179022097,0.038624576179022097,0.027162575752169238,nan,nan
msd,500,50,14128123,0.5,nan,0.001,0.02,100.0,0.5,2000,23,0.01,100,100,full_batch,0,0,0,True,nan,nan,stagnation,,0.3094581489022535,0.047882172961004645,0.06407351841610076,0.06407351841610076,0.04377378393098297,nan,nan
msd,500,50,14128123,0.5,nan,0.001,0.02,100.0,0.5,2000,23,0.01,100,100,full_batch,0,100,100,True,nan,nan,stagnation,,0.18999028172656474,0.018048153575269718,0.031110337764862384,0.031110337764862384,0.027193655400817363,nan,nan
msd,500,50,14128123,0.5,nan,0.001,0.02,100.0,0.5,2000,23,0.01,100,100,full_batch,0,200,200,True,nan,nan,stagnation,,0.18251123997468108,0.016655176358547814,0.028654856086675395,0.028654856086675395,0.027632348611228985,nan,nan
msd,500,50,14128123,0.5,nan,0.001,0.02,100.0,0.5,2000,23,0.01,100,100,full_batch,0,300,300,True,nan,nan,stagnation,,0.17881792290468151,0.01598792477597231,0.02776895566201837,0.02776895566201837,0.027622791572879835,nan,nan
msd,500,50,14128123,0.5,nan,0.001,0.02,100.0,0.5,2000,23,0.01,100,100,full_batch,0,400,400,True,nan,nan,stagnation,,0.17643245285354975,0.015564205209960028,0.0274039293689754,0.0274039293689754,0.027350129585074656,nan,nan
msd,500,50,14128123,0.5,nan,0.001,0.02,100.0,0.5,2000,23,0.01,100,100,full_batch,0,500,500,True,nan,nan,stagnation,,0.17469538785389446,0.01525923926871131,0.02724147037708763,0.02724147037708763,0.026968902879681844,nan,nan
msd,500,50,14128123,0.5,nan,0.001,0.02,100.0,0.5,2000,23,0.01,100,100,full_batch,0,600,600,True,nan,nan,stagnation,,0.17334169410459438,0.015023671457525384,0.027166494823534393,0.027166494823534393,0.026555204372252728,nan,nan
msd,500,50,14128123,0.5,nan,0.001,0.02,100.0,0.5,2000,23,0.01,100,100,full_batch,0,700,700,True,nan,nan,stagnation,,0.17224099917747263,0.014833480898827063,0.027132493439796124,0.027132493439796124,0.026144600110802052,nan,nan
msd,500,50,14128123,0.5,nan,0.001,0.02,100.0,0.5,2000,23,0.01,100,100,full_batch,0,800,800,True,nan,nan,stagnation,,0.17132057876805976,0.014675370354711484,0.02711644993278617,0.02711644993278617,0.025754794837407613,nan,nan
msd,500,50,14128123,0.5,nan,0.001,0.02,100.0,0.5,2000,23,0.01,100,100,full_batch,0,900,900,True,nan,nan,stagnation,,0.1705357516267389,0.01454122129144839,0.027111565498721568,0.027111565498721568,0.02539393118145966,nan,nan
msd,500,50,14128123,0.5,nan,0.001,0.02,100.0,0.5,2000,23,0.01,100,100,full_batch,0,1000,1000,True,nan,nan,stagnation,,0.1698567688805375,0.014425660967268165,0.027110427573449003,0.027110427573449003,0.02506778900211598,nan,nan
msd,500,50,14128123,0.5,nan,0.001,0.02,100.0,0.5,2000,23,0.01,100,100,minibatch,0,0,0,True,nan,nan,stagnation,,0.3094581489022535,0.047882172961004645,0.06407351841610076,0.06407351841610076,0.04377378393098297,nan,nan
msd,500,50,14128123,0.5,nan,0.001,0.02,100.0,0.5,2000,23,0.01,100,100,minibatch,0,100,100,True,nan,nan,stagnation,,0.1900128886670843,0.018052448929804885,0.03114126436381426,0.03114126436381426,0.027206105533603697,nan,nan
msd,500,50,14128123,0.5,nan,0.001,0.02,100.0,0.5,2000,23,0.01,100,100,minibatch,0,200,200,True,nan,nan,stagnation,,0.18254386497930192,0.016661131320790803,0.028705507313455225,0.028705507313455225,0.02770758032996029,nan,nan
msd,500,50,14128123,0.5,nan,0.001,0.02,100.0,0.5,2000,23,0.01,100,100,minibatch,0,300,300,True,nan,nan,stagnation,,0.17884787900286464,0.015993281911911655,0.027785322360000808,0.027785322360000808,0.027640814049334883,nan,nan
msd,500,50,14128123,0.5,nan,0.001,0.02,100.0,0.5,2000,23,0.01,100,100,minibatch,0,400,400,True,nan,nan,stagnation,,0.17644709803483866,0.015566789202457982,0.027510212831784286,0.02744446612476248,0.027510212831784286,nan,nan
msd,500,50,14128123,0.5,nan,0.001,0.02,100.0,0.5,2000,23,0.01,100,100,minibatch,0,500,500,True,nan,nan,stagnation,,0.17470647056985958,0.015261175429488606,0.027296584474583552,0.027296584474583552,0.02701679739514723,nan,nan
msd,500,50,14128123,0.5,nan,0.001,0.02,100.0,0.5,2000,23,0.01,100,100,minibatch,0,600,600,True,nan,nan,stagnation,,0.1733407919671856,0.015023515079905559,0.027228104846586276,0.027228104846586276,0.02654685020637182,nan,nan
msd,500,50,14128123,0.5,nan,0.001,0.02,100.0,0.5,2000,23,0.01,100,100,minibatch,0,700,700,True,nan,nan,stagnation,,0.17223834082568565,0.014833023025192526,0.027056046313180426,0.027056046313180426,0.026269319006507863,nan,nan
msd,500,50,14128123,0.5,nan,0.001,0.02,100.0,0.5,2000,23,0.01,100,100,minibatch,0,800,800,True,nan,nan,stagnation,,0.17131713819914782,0.014674780920372957,0.02717693928664089,0.02717693928664089,0.02574146772369368,nan,nan
msd,500,50,14128123,0.5,nan,0.001,0.02,100.0,0.5,2000,23,0.01,100,100,minibatch,0,900,900,True,nan,nan,stagnation,,0.17053778027937036,0.0145415672513074,0.027155343513355357,0.027155343513355357,0.025439621027695536,nan,nan
msd,500,50,14128123,0.5,nan,0.001,0.02,100.0,0.5,2000,23,0.01,100,100,minibatch,0,1000,1000,True,nan,nan,stagnation,,0.16985876256958685,0.014425999610835639,0.02713356197677763,0.02713356197677763,0.025098640497843716,nan,nan
msd,500,50,14128123,0.5,nan,0.001,0.02,100.0,0.5,2000,23,0.01,100,100,minibatch,0,1100,1100,True,nan,nan,stagnation,,0.169263706819399,0.014325101223121731,0.027183750074727397,0.027183750074727397,0.02487242093684755,nan,nan
msd,500,50,14128123,0.5,nan,0.001,0.02,100.0,0.5,2000,23,0.01,100,100,minibatch,0,1200,1200,True,nan,nan,stagnation,,0.16874014477327767,0.014236618229053354,0.027138080909651863,0.027138080909651863,0.024690613527180993,nan,nan
msd,500,50,14128123,0.5,nan,0.001,0.02,1000.0,0.5,2000,23,0.01,100,100,full_batch,0,0,0,True,nan,nan,stagnation,,0.3094581489022535,0.047882172961004645,0.06407351841610076,0.06407351841610076,0.04377378393098297,nan,nan
msd,500,50,14128123,0.5,nan,0.001,0.02,1000.0,0.5,2000,23,0.01,100,100,full_batch,0,100,100,True,nan,nan,stagnation,,1.734056360441425,1.5034757305936806,0.23975857134719858,0.236331824774767,0.23975857134719858,nan,nan
msd,500,50,14128123,0.5,nan,0.001,0.02,1000.0,0.5,2000,23,0.01,100,100,full_batch,0,200,200,True,nan,nan,stagnation,,2.693062966701003,3.626294071308204,0.20723512265056698,0.02545813983481826,0.20723512265056698,nan,nan
msd,500,50,14128123,0.5,nan,0.001,0.02,1000.0,0.5,2000,23,0.01,100,100,full_batch,0,300,300,True,nan,nan,stagnation,,2.107210022053014,2.220167038520332,0.4124301710476876,0.4124301710476876,0.35403209030424065,nan,nan
msd,500,50,14128123,0.5,nan,0.001,0.02,1000.0,0.5,2000,23,0.01,100,100,full_batch,0,400,400,True,nan,nan,stagnation,,2.764894764502154,3.822321529385711,0.2169396682145729,0.029455606177860805,0.2169396682145729,nan,nan
msd,500,50,14128123,0.5,nan,0.001,0.02,1000.0,0.5,2000,23,0.01,100,100,full_batch,0,500,500,True,nan,nan,stagnation,,2.1861305975782797,2.389583494833983,0.44670018991846167,0.44670018991846167,0.3425924991111631,nan,nan
msd,500,50,14128123,0.5,nan,0.001,0.02,1000.0,0.5,2000,23,0.01,100,100,minibatch,0,0,0,True,nan,nan,stagnation,,0.3094581489022535,0.047882172961004645,0.06407351841610076,0.06407351841610076,0.04377378393098297,nan,nan
msd,500,50,14128123,0.5,nan,0.001,0.02,1000.0,0.5,2000,23,0.01,100,100,minibatch,0,100,100,True,nan,nan,stagnation,,2.4153593410270915,2.9169803731434127,0.47615367555626986,0.14942672292410586,0.47615367555626986,nan,nan
msd,500,50,14128123,0.5,nan,0.001,0.02,1000.0,0.5,2000,23,0.01,100,100,minibatch,0,200,200,True,nan,nan,stagnation,,2.0862282172959636,2.1761740873209474,0.31630301180457954,0.03512419075583295,0.31630301180457954,nan,nan
msd,500,50,14128123,0.5,nan,0.001,0.02,1000.0,0.5,2000,23,0.01,100,100,minibatch,0,300,300,True,nan,nan,stagnation,,1.8660953592679959,1.7411559449407752,0.3196271857715856,0.3196271857715856,0.2079656586864883,nan,nan
msd,500,50,14128123,0.5,nan,0.001,0.02,1000.0,0.5,2000,23,0.01,100,100,minibatch,0,400,400,True,nan,nan,stagnation,,2.1930695292404083,2.404776980041373,0.4311762449905434,0.2383543511192141,0.4311762449905434,nan,nan
msd,500,50,14128123,0.5,nan,0.001,0.02,1000.0,0.5,2000,23,0.01,100,100,minibatch,0,500,500,True,nan,nan,stagnation,,1.7720296544739726,1.5700445481675736,0.30570255983620176,0.27570996189206187,0.30570255983620176,nan,nan
msd,500,50,14128123,0.5,nan,0.001,0.002,10.0,0.5,2000,23,0.01,100,100,full_batch,0,0,0,True,nan,nan,max_iter,,0.30959630460060833,0.047924935911176324,0.06407351841610076,0.06407351841610076,0.04377378393098297,nan,nan
msd,500,50,14128123,0.5,nan,0.001,0.002,10.0,0.5,2000,23,0.01,100,100,full_batch,0,100,100,True,nan,nan,max_iter,,0.27249801229800474,0.037127583353181774,0.05646782294479419,0.05646782294479419,0.037247075013373876,nan,nan
msd,500,50,14128123,0.5,nan,0.001,0.002,10.0,0.5,2000,23,0.01,100,100,full_batch,0,200,200,True,nan,nan,max_iter,,0.25929133836721724,0.03361599907613137,0.05330692484239896,0.05330692484239896,0.0349042891763382,nan,nan
msd,500,50,14128123,0.5,nan,0.001,0.002,10.0,0.5,2000,23,0.01,100,100,full_batch,0,300,300,True,nan,nan,max_iter,,0.2505947931782705,0.03139887518403008,0.05105053650351743,0.05105053650351743,0.033349003850344616,nan,nan
msd,500,50,14128123,0.5,nan,0.001,0.002,10.0,0.5,2000,23,0.01,100,100,full_batch,0,400,400,True,nan,nan,max_iter,,0.2442254910846218,0.02982304524776234,0.04928910065119496,0.04928910065119496,0.03219567258394673,nan,nan
msd,500,50,14128123,0.5,nan,0.001,0.002,10.0,0.5,2000,23,0.01,100,100,full_batch,0,500,500,True,nan,nan,max_iter,,0.23928896117086268,0.028629603469115313,0.04784651990670602,0.04784651990670602,0.031260285701357526,nan,nan
msd,500,50,14128123,0.5,nan,0.001,0.002,10.0,0.5,2000,23,0.01,100,100,full_batch,0,600,600,True,nan,nan,max_iter,,0.23530924257896396,0.02768521982154285,0.04663045165293228,0.04663045165293228,0.030501831542293023,nan,nan
msd,500,50,14128123,0.5,nan,0.001,0.002,10.0,0.5,2000,23,0.01,100,100,full_batch,0,700,700,True,nan,nan,max_iter,,0.23200269263686504,0.026912624695377838,0.04558872928482316,0.04558872928482316,0.0299103596773046,nan,nan
msd,500,50,14128123,0.5,nan,0.001,0.002,10.0,0.5,2000,23,0.01,100,100,full_batch,0,800,800,True,nan,nan,max_iter,,0.22918946901531712,0.026263906353761503,0.04468489781508478,0.04468489781508478,0.029433713545457763,nan,nan
msd,500,50,14128123,0.5,nan,0.001,0.002,10.0,0.5,2000,23,0.01,100,100,full_batch,0,900,900,True,nan,nan,max_iter,,0.2267504911547536,0.025707892619460996,0.043887976472636814,0.043887976472636814,0.029035921123586272,nan,nan
msd,500,50,14128123,0.5,nan,0.001,0.002,10.0,0.5,2000,23,0.01,100,100,full_batch,0,1000,1000,True,nan,nan,max_iter,,0.224603992390753,0.025223476698932712,0.04318110869594449,0.04318110869594449,0.02869322417102832,nan,nan
msd,500,50,14128123,0.5,nan,0.001,0.002,10.0,0.5,2000,23,0.01,100,100,full_batch,0,1100,1100,True,nan,nan,max_iter,,0.22269194536149814,0.024795851264444238,0.042552314562097404,0.042552314562097404,0.028395426445723737,nan,nan
msd,500,50,14128123,0.5,nan,0.001,0.002,10.0,0.5,2000,23,0.01,100,100,full_batch,0,1200,1200,True,nan,nan,max_iter,,0.22097190233433614,0.024414290810627695,0.04198650896098943,0.04198650896098943,0.028148351112578796,nan,nan
msd,500,50,14128123,0.5,nan,0.001,0.002,10.0,0.5,2000,23,0.01,100,100,full_batch,0,1300,1300,True,nan,nan,max_iter,,0.21941194624439458,0.02407080107737655,0.04147398739970326,0.04147398739970326,0.027930973201936216,nan,nan
msd,500,50,14128123,0.5,nan,0.001,0.002,10.0,0.5,2000,23,0.01,100,100,full_batch,0,1400,1400,True,nan,nan,max_iter,,0.21798748297830506,0.023759271367608418,0.041004578759983146,0.041004578759983146,0.027744072166604794,nan,nan
msd,500,50,14128123,0.5,nan,0.001,0.002,10.0,0.5,2000,23,0.01,100,100,full_batch,0,1500,1500,True,nan,nan,max_iter,,0.21667915000127294,0.02347492702263707,0.04057506649094378,0.04057506649094378,0.02757751977404388,nan,nan
msd,500,50,14128123,0.5,nan,0.001,0.002,10.0,0.5,2000,23,0.01,100,100,full_batch,0,1600,1600,True,nan,nan,max_iter,,0.2154714172771626,0.02321396583171456,0.04017830274928724,0.04017830274928724,0.027436694578537757,nan,nan
msd,500,50,14128123,0.5,nan,0.001,0.002,10.0,0.5,2000,23,0.01,100,100,full_batch,0,1700,1700,True,nan,nan,max_iter,,0.21435162735497354,0.02297331007486272,0.03981008664688096,0.03981008664688096,0.027325556925610284,nan,nan
msd,500,50,14128123,0.5,nan,0.001,0.002,10.0,0.5,2000,23,0.01,100,100,full_batch,0,1800,1800,True,nan,nan,max_iter,,0.21330932054479837,0.02275043311564177,0.039468753579168125,0.039468753579168125,0.027233788438980278,nan,nan
msd,500,50,14128123,0.5,nan,0.001,0.002,10.0,0.5,2000,23,0.01,100,100,full_batch,0,1900,1900,True,nan,nan,max_iter,,0.2123357495072,0.02254323525939219,0.03915031260234619,0.03915031260234619,0.02715665343557988,nan,nan
msd,500,50,14128123,0.5,nan,0.001,0.002,10.0,0.5,2000,23,0.01,100,100,full_batch,0,2000,2000,True,nan,nan,max_iter,,0.21142352260770472,0.022349952955925314,0.03885351344586052,0.03885351344586052,0.027091025779367117,nan,nan
msd,500,50,14128123,0.5,nan,0.001,0.002,10.0,0.5,2000,23,0.01,100,100,minibatch,0,0,0,True,nan,nan,max_iter,,0.30959630460060833,0.047924935911176324,0.06407351841610076,0.06407351841610076,0.04377378393098297,nan,nan
msd,500,50,14128123,0.5,nan,0.001,0.002,10.0,0.5,2000,23,0.01,100,100,minibatch,0,100,100,True,nan,nan,max_iter,,0.27246727609289173,0.03711920827074004,0.056401393848839965,0.056401393848839965,0.03719720246924063,nan,nan
msd,500,50,14128123,0.5,nan,0.001,0.002,10.0,0.5,2000,23,0.01,100,100,minibatch,0,200,200,True,nan,nan,max_iter,,0.25928939541636,0.03361549528769074,0.05324769925058631,0.05324769925058631,0.034842450491976984,nan,nan
msd,500,50,14128123,0.5,nan,0.001,0.002,10.0,0.5,2000,23,0.01,100,100,minibatch,0,300,300,True,nan,nan,max_iter,,0.25061196846598227,0.031403179369197246,0.050981615067781205,0.050981615067781205,0.03330867871898818,nan,nan
msd,500,50,14128123,0.5,nan,0.001,0.002,10.0,0.5,2000,23,0.01,100,100,minibatch,0,400,400,True,nan,nan,max_iter,,0.244228861923988,0.029823868498343196,0.049235608573871936,0.049235608573871936,0.03216457672277928,nan,nan
msd,500,50,14128123,0.5,nan,0.001,0.002,10.0,0.5,2000,23,0.01,100,100,minibatch,0,500,500,True,nan,nan,max_iter,,0.2393041429208002,0.028633236409529386,0.04779762576846042,0.04779762576846042,0.031241983453186906,nan,nan
msd,500,50,14128123,0.5,nan,0.001,0.002,10.0,0.5,2000,23,0.01,100,100,minibatch,0,600,600,True,nan,nan,max_iter,,0.23533793914701012,0.02769197280098092,0.046591709816976745,0.046591709816976745,0.030487903419165963,nan,nan
msd,500,50,14128123,0.5,nan,0.001,0.002,10.0,0.5,2000,23,0.01,100,100,minibatch,0,700,700,True,nan,nan,max_iter,,0.2320154515872635,0.026915584887620907,0.04553048444532759,0.04553048444532759,0.029900199311642395,nan,nan
msd,500,50,14128123,0.5,nan,0.001,0.002,10.0,0.5,2000,23,0.01,100,100,minibatch,0,800,800,True,nan,nan,max_iter,,0.22920781292535647,0.026268110753012604,0.0446273869079814,0.0446273869079814,0.029423700933079555,nan,nan
msd,500,50,14128123,0.5,nan,0.001,0.002,10.0,0.5,2000,23,0.01,100,100,minibatch,0,900,900,True,nan,nan,max_iter,,0.22676357815993897,0.025710860189949374,0.04384162627795751,0.04384162627795751,0.02901807817073304,nan,nan
msd,500,50,14128123,0.5,nan,0.001,0.002,10.0,0.5,2000,23,0.01,100,100,minibatch,0,1000,1000,True,nan,nan,max_iter,,0.2246127729634527,0.025225448889165773,0.04313454601951261,0.04313454601951261,0.028677933933152155,nan,nan
msd,500,50,14128123,0.5,nan,0.001,0.002,10.0,0.5,2000,23,0.01,100,100,minibatch,0,1100,1100,True,nan,nan,max_iter,,0.22270480051967498,0.024798714087254113,0.04251100426132459,0.04251100426132459,0.028382324358859845,nan,nan
msd,500,50,14128123,0.5,nan,0.001,0.002,10.0,0.5,2000,23,0.01,100,100,minibatch,0,1200,1200,True,nan,nan,max_iter,,0.22098681585022079,0.024417586389809696,0.041948742036951314,0.041948742036951314,0.028130574764428873,nan,nan
msd,500,50,14128123,0.5,nan,0.001,0.002,10.0,0.5,2000,23,0.01,100,100,minibatch,0,1300,1300,True,nan,nan,max_iter,,0.21942533284962754,0.024073738348084916,0.04143682432927415,0.04143682432927415,0.02791017409485902,nan,nan
msd,500,50,14128123,0.5,nan,0.001,0.002,10.0,0.5,2000,23,0.01,100,100,minibatch,0,1400,1400,True,nan,nan,max_iter,,0.2179970203802414,0.023761350447331693,0.040966682823954326,0.040966682823954326,0.027728138339972785,nan,nan
msd,500,50,14128123,0.5,nan,0.001,0.002,10.0,0.5,2000,23,0.01,100,100,minibatch,0,1500,1500,True,nan,nan,max_iter,,0.21669345580229332,0.023478026893770224,0.04054723597100218,0.04054723597100218,0.02756944921272575,nan,nan
msd,500,50,14128123,0.5,nan,0.001,0.002,10.0,0.5,2000,23,0.01,100,100,minibatch,0,1600,1600,True,nan,nan,max_iter,,0.21548051770902732,0.023215926756075218,0.04014836076975686,0.04014836076975686,0.02743120473117755,nan,nan
msd,500,50,14128123,0.5,nan,0.001,0.002,10.0,0.5,2000,23,0.01,100,100,minibatch,0,1700,1700,True,nan,nan,max_iter,,0.2143624304987298,0.022975625804661382,0.039781417864246826,0.039781417864246826,0.027327027742556353,nan,nan
msd,500,50,14128123,0.5,nan,0.001,0.002,10.0,0.5,2000,23,0.01,100,100,minibatch,0,1800,1800,True,nan,nan,max_iter,,0.21332076258087715,0.02275287387404348,0.0394362129990915,0.0394362129990915,0.02723967116669951,nan,nan
msd,500,50,14128123,0.5,nan,0.001,0.002,10.0,0.5,2000,23,0.01,100,100,minibatch,0,1900,1900,True,nan,nan,max_iter,,0.21234781753860357,0.022545797806704036,0.039117467579106335,0.039117467579106335,0.027167639812733457,nan,nan
msd,500,50,14128123,0.5,nan,0.001,0.002,10.0,0.5,2000,23,0.01,100,100,minibatch,0,2000,2000,True,nan,nan,max_iter,,0.211432668324131,0.022351886617330993,0.0388211487963534,0.0388211487963534,0.027101691728832644,nan,nan
msd,500,50,14128123,0.5,nan,0.001,0.002,100.0,0.5,2000,23,0.01,100,100,full_batch,0,0,0,True,nan,nan,stagnation,,0.30959630460060833,0.047924935911176324,0.06407351841610076,0.06407351841610076,0.04377378393098297,nan,nan
msd,500,50,14128123,0.5,nan,0.001,0.002,100.0,0.5,2000,23,0.01,100,100,full_batch,0,100,100,True,nan,nan,stagnation,,0.19004625520251625,0.01805878955824997,0.03141152600902786,0.03141152600902786,0.027280282233914044,nan,nan
msd,500,50,14128123,0.5,nan,0.001,0.002,100.0,0.5,2000,23,0.01,100,100,full_batch,0,200,200,True,nan,nan,stagnation,,0.18262308047079348,0.016675594760320954,0.028944059258346755,0.028944059258346755,0.027715824270867717,nan,nan
msd,500,50,14128123,0.5,nan,0.001,0.002,100.0,0.5,2000,23,0.01,100,100,full_batch,0,300,300,True,nan,nan,stagnation,,0.17896190574514945,0.016013681853967877,0.027999107509905363,0.027999107509905363,0.027703991990383314,nan,nan
msd,500,50,14128123,0.5,nan,0.001,0.002,100.0,0.5,2000,23,0.01,100,100,full_batch,0,400,400,True,nan,nan,stagnation,,0.17660118724390622,0.015593989667978612,0.027572093160029287,0.027572093160029287,0.027439216914196096,nan,nan
msd,500,50,14128123,0.5,nan,0.001,0.002,100.0,0.5,2000,23,0.01,100,100,full_batch,0,500,500,True,nan,nan,stagnation,,0.17488521007902566,0.01529241835219247,0.02736250070335766,0.02736250070335766,0.02706340111201766,nan,nan
msd,500,50,14128123,0.5,nan,0.001,0.002,100.0,0.5,2000,23,0.01,100,100,full_batch,0,600,600,True,nan,nan,stagnation,,0.17355061120266502,0.015059907324409299,0.02724536274675393,0.02724536274675393,0.026652867198249774,nan,nan
msd,500,50,14128123,0.5,nan,0.001,0.002,100.0,0.5,2000,23,0.01,100,100,full_batch,0,700,700,True,nan,nan,stagnation,,0.17246784577618943,0.014872578913339731,0.02717394885382962,0.02717394885382962,0.026247726648330916,nan,nan
msd,500,50,14128123,0.5,nan,0.001,0.002,100.0,0.5,2000,23,0.01,100,100,full_batch,0,800,800,True,nan,nan,stagnation,,0.17156443407989108,0.014717177520576646,0.027126521213817256,0.027126521213817256,0.025862112759460654,nan,nan
msd,500,50,14128123,0.5,nan,0.001,0.002,100.0,0.5,2000,23,0.01,100,100,full_batch,0,900,900,True,nan,nan,stagnation,,0.17079565187560944,0.014585577349807186,0.02709634267356914,0.02709634267356914,0.025505069814642012,nan,nan
msd,500,50,14128123,0.5,nan,0.001,0.002,100.0,0.5,2000,23,0.01,100,100,full_batch,0,1000,1000,True,nan,nan,stagnation,,0.17013163641586587,0.014472386854770189,0.02707923239145693,0.02707923239145693,0.02518225073491115,nan,nan
msd,500,50,14128123,0.5,nan,0.001,0.002,100.0,0.5,2000,23,0.01,100,100,full_batch,0,1100,1100,True,nan,nan,stagnation,,0.16955118935441585,0.01437380290574849,0.02707247950177022,0.02707247950177022,0.024897864139619863,nan,nan
msd,500,50,14128123,0.5,nan,0.001,0.002,100.0,0.5,2000,23,0.01,100,100,full_batch,0,1200,1200,True,nan,nan,stagnation,,0.16903858502848693,0.014287021614216503,0.027067158177694284,0.027067158177694284,0.024645477335158372,nan,nan
msd,500,50,14128123,0.5,nan,0.001,0.002,100.0,0.5,2000,23,0.01,100,100,minibatch,0,0,0,True,nan,nan,stagnation,,0.30959630460060833,0.047924935911176324,0.06407351841610076,0.06407351841610076,0.04377378393098297,nan,nan
msd,500,50,14128123,0.5,nan,0.001,0.002,100.0,0.5,2000,23,0.01,100,100,minibatch,0,100,100,True,nan,nan,stagnation,,0.19014454391960456,0.018077473791197212,0.0313035669018244,0.0313035669018244,0.02735606762097964,nan,nan
msd,500,50,14128123,0.5,nan,0.001,0.002,100.0,0.5,2000,23,0.01,100,100,minibatch,0,200,200,True,nan,nan,stagnation,,0.1827298909457958,0.016695106522531214,0.028984243331621307,0.028984243331621307,0.02777079134316901,nan,nan
msd,500,50,14128123,0.5,nan,0.001,0.002,100.0,0.5,2000,23,0.01,100,100,minibatch,0,300,300,True,nan,nan,stagnation,,0.1790435969314803,0.01602830480108119,0.02794758135642872,0.02794758135642872,0.027769839131643603,nan,nan
msd,500,50,14128123,0.5,nan,0.001,0.002,100.0,0.5,2000,23,0.01,100,100,minibatch,0,400,400,True,nan,nan,stagnation,,0.17666053282824906,0.015604471929580432,0.027769347879604445,0.027614977828117004,0.027769347879604445,nan,nan
msd,500,50,14128123,0.5,nan,0.001,0.002,100.0,0.5,2000,23,0.01,100,100,minibatch,0,500,500,True,nan,nan,stagnation,,0.17493707778695033,0.015301490592318756,0.02745997270842987,0.02745997270842987,0.027207839095743203,nan,nan
msd,500,50,14128123,0.5,nan,0.001,0.002,100.0,0.5,2000,23,0.01,100,100,minibatch,0,600,600,True,nan,nan,stagnation,,0.17358474691958375,0.01506583218156797,0.027401035264409623,0.027401035264409623,0.026681845276306848,nan,nan
msd,500,50,14128123,0.5,nan,0.001,0.002,100.0,0.5,2000,23,0.01,100,100,minibatch,0,700,700,True,nan,nan,stagnation,,0.17249841275925223,0.014877851202230678,0.027128332076875372,0.027128332076875372,0.026376597148079495,nan,nan
msd,500,50,14128123,0.5,nan,0.001,0.002,100.0,0.5,2000,23,0.01,100,100,minibatch,0,800,800,True,nan,nan,stagnation,,0.17159487884465652,0.014722401222856174,0.027170238801015434,0.027170238801015434,0.025849614863891535,nan,nan
msd,500,50,14128123,0.5,nan,0.001,0.002,100.0,0.5,2000,23,0.01,100,100,minibatch,0,900,900,True,nan,nan,stagnation,,0.17083301236239792,0.0145919590564056,0.027099439070047915,0.027099439070047915,0.025604101590986417,nan,nan
msd,500,50,14128123,0.5,nan,0.001,0.002,100.0,0.5,2000,23,0.01,100,100,minibatch,0,1000,1000,True,nan,nan,stagnation,,0.1701626277351249,0.014477659938861347,0.027047268461301954,0.027047268461301954,0.025303784445945388,nan,nan
msd,500,50,14128123,0.5,nan,0.001,0.002,100.0,0.5,2000,23,0.01,100,100,minibatch,0,1100,1100,True,nan,nan,stagnation,,0.16957864344754944,0.014378458156755551,0.027085322709845427,0.027085322709845427,0.025055085002094468,nan,nan
msd,500,50,14128123,0.5,nan,0.001,0.002,100.0,0.5,2000,23,0.01,100,100,minibatch,0,1200,1200,True,nan,nan,stagnation,,0.16906338121410322,0.014291213433772595,0.02711140280441704,0.02711140280441704,0.024882900660673668,nan,nan
msd,500,50,14128123,0.5,nan,0.001,0.002,1000.0,0.5,2000,23,0.01,100,100,full_batch,0,0,0,True,nan,nan,stagnation,,0.30959630460060833,0.047924935911176324,0.06407351841610076,0.06407351841610076,0.04377378393098297,nan,nan
msd,500,50,14128123,0.5,nan,0.001,0.002,1000.0,0.5,2000,23,0.01,100,100,full_batch,0,100,100,True,nan,nan,stagnation,,2.3093309566696676,2.666504733716421,0.23336209169190048,0.028380539322690135,0.23336209169190048,nan,nan
msd,500,50,14128123,0.5,nan,0.001,0.002,1000.0,0.5,2000,23,0.01,100,100,full_batch,0,200,200,True,nan,nan,stagnation,,1.8955859109775421,1.7966229729482792,0.23877477046471252,0.22383483456561748,0.23877477046471252,nan,nan
msd,500,50,14128123,0.5,nan,0.001,0.002,1000.0,0.5,2000,23,0.01,100,100,full_batch,0,300,300,True,nan,nan,stagnation,,2.5814725382573194,3.3320002328883436,0.47591651864800055,0.47542167842900773,0.47591651864800055,nan,nan
msd,500,50,14128123,0.5,nan,0.001,0.002,1000.0,0.5,2000,23,0.01,100,100,full_batch,0,400,400,True,nan,nan,stagnation,,1.967625531484383,1.9357751160746002,0.23801771169333474,0.23801771169333474,0.21815929445634674,nan,nan
msd,500,50,14128123,0.5,nan,0.001,0.002,1000.0,0.5,2000,23,0.01,100,100,full_batch,0,500,500,True,nan,nan,stagnation,,1.9727278770532966,1.9458276384516031,0.23584365595241208,0.22953966890648747,0.23584365595241208,nan,nan
msd,500,50,14128123,0.5,nan,0.001,0.002,1000.0,0.5,2000,23,0.01,100,100,minibatch,0,0,0,True,nan,nan,stagnation,,0.30959630460060833,0.047924935911176324,0.06407351841610076,0.06407351841610076,0.04377378393098297,nan,nan
msd,500,50,14128123,0.5,nan,0.001,0.002,1000.0,0.5,2000,23,0.01,100,100,minibatch,0,100,100,True,nan,nan,stagnation,,2.7016975947926265,3.6495849468541315,0.5405269953406748,0.342769733424915,0.5405269953406748,nan,nan
msd,500,50,14128123,0.5,nan,0.001,0.002,1000.0,0.5,2000,23,0.01,100,100,minibatch,0,200,200,True,nan,nan,stagnation,,1.9262383473505915,1.855197085401969,0.37092826054822,0.37092826054822,0.3097094732479966,nan,nan
msd,500,50,14128123,0.5,nan,0.001,0.002,1000.0,0.5,2000,23,0.01,100,100,minibatch,0,300,300,True,nan,nan,stagnation,,1.8348671106693502,1.6833686569080446,0.24724429656685043,0.24724429656685043,0.24033312490413816,nan,nan
msd,500,50,14128123,0.5,nan,0.001,0.002,1000.0,0.5,2000,23,0.01,100,100,minibatch,0,400,400,True,nan,nan,stagnation,,2.260730040568366,2.555450158164123,0.4795777121320085,0.4795777121320085,0.2520021613702115,nan,nan
msd,500,50,14128123,0.5,nan,0.001,0.002,1000.0,0.5,2000,23,0.01,100,100,minibatch,0,500,500,True,nan,nan,stagnation,,1.8229418850135808,1.6615585580684336,0.34980991684599805,0.34980991684599805,0.1570777459577436,nan,nan
