msd	5	5	0	qptas_screened	50623
msd	5	5	0	stochastic_full_batch	50623
msd	5	5	0	stochastic_minibatch	50623
msd	5	5	1	qptas_screened	50624
msd	5	5	1	stochastic_full_batch	50624
msd	5	5	1	stochastic_minibatch	50624
msd	5	5	2	qptas_screened	50625
msd	5	5	2	stochastic_full_batch	50625
msd	5	5	2	stochastic_minibatch	50625
msd	5	5	3	qptas_screened	50626
msd	5	5	3	stochastic_full_batch	50626
msd	5	5	3	stochastic_minibatch	50626
msd	5	5	4	qptas_screened	50627
msd	5	5	4	stochastic_full_batch	50627
msd	5	5	4	stochastic_minibatch	50627
msd	5	5	5	qptas_screened	50628
msd	5	5	5	stochastic_full_batch	50628
msd	5	5	5	stochastic_minibatch	50628
msd	5	5	6	qptas_screened	50629
msd	5	5	6	stochastic_full_batch	50629
msd	5	5	6	stochastic_minibatch	50629
msd	5	5	7	qptas_screened	50630
msd	5	5	7	stochastic_full_batch	50630
msd	5	5	7	stochastic_minibatch	50630
msd	5	5	8	qptas_screened	50631
msd	5	5	8	stochastic_full_batch	50631
msd	5	5	8	stochastic_minibatch	50631
msd	5	5	9	qptas_screened	50632
msd	5	5	9	stochastic_full_batch	50632
msd	5	5	9	stochastic_minibatch	50632
msd	5	5	10	qptas_screened	50633
msd	5	5	10	stochastic_full_batch	50633
msd	5	5	10	stochastic_minibatch	50633
msd	5	5	11	qptas_screened	50634
msd	5	5	11	stochastic_full_batch	50634
msd	5	5	11	stochastic_minibatch	50634
msd	5	5	12	qptas_screened	50635
msd	5	5	12	stochastic_full_batch	50635
msd	5	5	12	stochastic_minibatch	50635
msd	5	5	13	qptas_screened	50636
msd	5	5	13	stochastic_full_batch	50636
msd	5	5	13	stochastic_minibatch	50636
msd	5	5	14	qptas_screened	50637
msd	5	5	14	stochastic_full_batch	50637
msd	5	5	14	stochastic_minibatch	50637
msd	5	5	15	qptas_screened	50638
msd	5	5	15	stochastic_full_batch	50638
msd	5	5	15	stochastic_minibatch	50638
msd	5	5	16	qptas_screened	50639
msd	5	5	16	stochastic_full_batch	50639
msd	5	5	16	stochastic_minibatch	50639
msd	5	5	17	qptas_screened	50640
msd	5	5	17	stochastic_full_batch	50640
msd	5	5	17	stochastic_minibatch	50640
msd	5	5	18	qptas_screened	50641
msd	5	5	18	stochastic_full_batch	50641
msd	5	5	18	stochastic_minibatch	50641
msd	5	5	19	qptas_screened	50642
msd	5	5	19	stochastic_full_batch	50642
msd	5	5	19	stochastic_minibatch	50642
msd	5	10	0	qptas_screened	51123
msd	5	10	0	stochastic_full_batch	51123
msd	5	10	0	stochastic_minibatch	51123
msd	5	10	1	qptas_screened	51124
msd	5	10	1	stochastic_full_batch	51124
msd	5	10	1	stochastic_minibatch	51124
msd	5	10	2	qptas_screened	51125
msd	5	10	2	stochastic_full_batch	51125
msd	5	10	2	stochastic_minibatch	51125
msd	5	10	3	qptas_screened	51126
msd	5	10	3	stochastic_full_batch	51126
msd	5	10	3	stochastic_minibatch	51126
msd	5	10	4	qptas_screened	51127
msd	5	10	4	stochastic_full_batch	51127
msd	5	10	4	stochastic_minibatch	51127
msd	5	10	5	qptas_screened	51128
msd	5	10	5	stochastic_full_batch	51128
msd	5	10	5	stochastic_minibatch	51128
msd	5	10	6	qptas_screened	51129
msd	5	10	6	stochastic_full_batch	51129
msd	5	10	6	stochastic_minibatch	51129
msd	5	10	7	qptas_screened	51130
msd	5	10	7	stochastic_full_batch	51130
msd	5	10	7	stochastic_minibatch	51130
msd	5	10	8	qptas_screened	51131
msd	5	10	8	stochastic_full_batch	51131
msd	5	10	8	stochastic_minibatch	51131
msd	5	10	9	qptas_screened	51132
msd	5	10	9	stochastic_full_batch	51132
msd	5	10	9	stochastic_minibatch	51132
msd	5	10	10	qptas_screened	51133
msd	5	10	10	stochastic_full_batch	51133
msd	5	10	10	stochastic_minibatch	51133
msd	5	10	11	qptas_screened	51134
msd	5	10	11	stochastic_full_batch	51134
msd	5	10	11	stochastic_minibatch	51134
msd	5	10	12	qptas_screened	51135
msd	5	10	12	stochastic_full_batch	51135
msd	5	10	12	stochastic_minibatch	51135
msd	5	10	13	qptas_screened	51136
msd	5	10	13	stochastic_full_batch	51136
msd	5	10	13	stochastic_minibatch	51136
msd	5	10	14	qptas_screened	51137
msd	5	10	14	stochastic_full_batch	51137
msd	5	10	14	stochastic_minibatch	51137
msd	5	10	15	qptas_screened	51138
msd	5	10	15	stochastic_full_batch	51138
msd	5	10	15	stochastic_minibatch	51138
msd	5	10	16	qptas_screened	51139
msd	5	10	16	stochastic_full_batch	51139
msd	5	10	16	stochastic_minibatch	51139
msd	5	10	17	qptas_screened	51140
msd	5	10	17	stochastic_full_batch	51140
msd	5	10	17	stochastic_minibatch	51140
msd	5	10	18	qptas_screened	51141
msd	5	10	18	stochastic_full_batch	51141
msd	5	10	18	stochastic_minibatch	51141
msd	5	10	19	qptas_screened	51142
msd	5	10	19	stochastic_full_batch	51142
msd	5	10	19	stochastic_minibatch	51142
msd	5	20	0	qptas_screened	52123
msd	5	20	0	stochastic_full_batch	52123
msd	5	20	0	stochastic_minibatch	52123
msd	5	20	1	qptas_screened	52124
msd	5	20	1	stochastic_full_batch	52124
msd	5	20	1	stochastic_minibatch	52124
msd	5	20	2	qptas_screened	52125
msd	5	20	2	stochastic_full_batch	52125
msd	5	20	2	stochastic_minibatch	52125
msd	5	20	3	qptas_screened	52126
msd	5	20	3	stochastic_full_batch	52126
msd	5	20	3	stochastic_minibatch	52126
msd	5	20	4	qptas_screened	52127
msd	5	20	4	stochastic_full_batch	52127
msd	5	20	4	stochastic_minibatch	52127
msd	5	20	5	qptas_screened	52128
msd	5	20	5	stochastic_full_batch	52128
msd	5	20	5	stochastic_minibatch	52128
msd	5	20	6	qptas_screened	52129
msd	5	20	6	stochastic_full_batch	52129
msd	5	20	6	stochastic_minibatch	52129
msd	5	20	7	qptas_screened	52130
msd	5	20	7	stochastic_full_batch	52130
msd	5	20	7	stochastic_minibatch	52130
msd	5	20	8	qptas_screened	52131
msd	5	20	8	stochastic_full_batch	52131
msd	5	20	8	stochastic_minibatch	52131
msd	5	20	9	qptas_screened	52132
msd	5	20	9	stochastic_full_batch	52132
msd	5	20	9	stochastic_minibatch	52132
msd	5	20	10	qptas_screened	52133
msd	5	20	10	stochastic_full_batch	52133
msd	5	20	10	stochastic_minibatch	52133
msd	5	20	11	qptas_screened	52134
msd	5	20	11	stochastic_full_batch	52134
msd	5	20	11	stochastic_minibatch	52134
msd	5	20	12	qptas_screened	52135
msd	5	20	12	stochastic_full_batch	52135
msd	5	20	12	stochastic_minibatch	52135
msd	5	20	13	qptas_screened	52136
msd	5	20	13	stochastic_full_batch	52136
msd	5	20	13	stochastic_minibatch	52136
msd	5	20	14	qptas_screened	52137
msd	5	20	14	stochastic_full_batch	52137
msd	5	20	14	stochastic_minibatch	52137
msd	5	20	15	qptas_screened	52138
msd	5	20	15	stochastic_full_batch	52138
msd	5	20	15	stochastic_minibatch	52138
msd	5	20	16	qptas_screened	52139
msd	5	20	16	stochastic_full_batch	52139
msd	5	20	16	stochastic_minibatch	52139
msd	5	20	17	qptas_screened	52140
msd	5	20	17	stochastic_full_batch	52140
msd	5	20	17	stochastic_minibatch	52140
msd	5	20	18	qptas_screened	52141
msd	5	20	18	stochastic_full_batch	52141
msd	5	20	18	stochastic_minibatch	52141
msd	5	20	19	qptas_screened	52142
msd	5	20	19	stochastic_full_batch	52142
msd	5	20	19	stochastic_minibatch	52142
msd	5	50	0	qptas_screened	55123
msd	5	50	0	stochastic_full_batch	55123
msd	5	50	0	stochastic_minibatch	55123
msd	5	50	1	qptas_screened	55124
msd	5	50	1	stochastic_full_batch	55124
msd	5	50	1	stochastic_minibatch	55124
msd	5	50	2	qptas_screened	55125
msd	5	50	2	stochastic_full_batch	55125
msd	5	50	2	stochastic_minibatch	55125
msd	5	50	3	qptas_screened	55126
msd	5	50	3	stochastic_full_batch	55126
msd	5	50	3	stochastic_minibatch	55126
msd	5	50	4	qptas_screened	55127
msd	5	50	4	stochastic_full_batch	55127
msd	5	50	4	stochastic_minibatch	55127
msd	5	50	5	qptas_screened	55128
msd	5	50	5	stochastic_full_batch	55128
msd	5	50	5	stochastic_minibatch	55128
msd	5	50	6	qptas_screened	55129
msd	5	50	6	stochastic_full_batch	55129
msd	5	50	6	stochastic_minibatch	55129
msd	5	50	7	qptas_screened	55130
msd	5	50	7	stochastic_full_batch	55130
msd	5	50	7	stochastic_minibatch	55130
msd	5	50	8	qptas_screened	55131
msd	5	50	8	stochastic_full_batch	55131
msd	5	50	8	stochastic_minibatch	55131
msd	5	50	9	qptas_screened	55132
msd	5	50	9	stochastic_full_batch	55132
msd	5	50	9	stochastic_minibatch	55132
msd	5	50	10	qptas_screened	55133
msd	5	50	10	stochastic_full_batch	55133
msd	5	50	10	stochastic_minibatch	55133
msd	5	50	11	qptas_screened	55134
msd	5	50	11	stochastic_full_batch	55134
msd	5	50	11	stochastic_minibatch	55134
msd	5	50	12	qptas_screened	55135
msd	5	50	12	stochastic_full_batch	55135
msd	5	50	12	stochastic_minibatch	55135
msd	5	50	13	qptas_screened	55136
msd	5	50	13	stochastic_full_batch	55136
msd	5	50	13	stochastic_minibatch	55136
msd	5	50	14	qptas_screened	55137
msd	5	50	14	stochastic_full_batch	55137
msd	5	50	14	stochastic_minibatch	55137
msd	5	50	15	qptas_screened	55138
msd	5	50	15	stochastic_full_batch	55138
msd	5	50	15	stochastic_minibatch	55138
msd	5	50	16	qptas_screened	55139
msd	5	50	16	stochastic_full_batch	55139
msd	5	50	16	stochastic_minibatch	55139
msd	5	50	17	qptas_screened	55140
msd	5	50	17	stochastic_full_batch	55140
msd	5	50	17	stochastic_minibatch	55140
msd	5	50	18	qptas_screened	55141
msd	5	50	18	stochastic_full_batch	55141
msd	5	50	18	stochastic_minibatch	55141
msd	5	50	19	qptas_screened	55142
msd	5	50	19	stochastic_full_batch	55142
msd	5	50	19	stochastic_minibatch	55142
msd	10	5	0	qptas_screened	100623
msd	10	5	0	stochastic_full_batch	100623
msd	10	5	0	stochastic_minibatch	100623
msd	10	5	1	qptas_screened	100624
msd	10	5	1	stochastic_full_batch	100624
msd	10	5	1	stochastic_minibatch	100624
msd	10	5	2	qptas_screened	100625
msd	10	5	2	stochastic_full_batch	100625
msd	10	5	2	stochastic_minibatch	100625
msd	10	5	3	qptas_screened	100626
msd	10	5	3	stochastic_full_batch	100626
msd	10	5	3	stochastic_minibatch	100626
msd	10	5	4	qptas_screened	100627
msd	10	5	4	stochastic_full_batch	100627
msd	10	5	4	stochastic_minibatch	100627
msd	10	5	5	qptas_screened	100628
msd	10	5	5	stochastic_full_batch	100628
msd	10	5	5	stochastic_minibatch	100628
msd	10	5	6	qptas_screened	100629
msd	10	5	6	stochastic_full_batch	100629
msd	10	5	6	stochastic_minibatch	100629
msd	10	5	7	qptas_screened	100630
msd	10	5	7	stochastic_full_batch	100630
msd	10	5	7	stochastic_minibatch	100630
msd	10	5	8	qptas_screened	100631
msd	10	5	8	stochastic_full_batch	100631
msd	10	5	8	stochastic_minibatch	100631
msd	10	5	9	qptas_screened	100632
msd	10	5	9	stochastic_full_batch	100632
msd	10	5	9	stochastic_minibatch	100632
msd	10	5	10	qptas_screened	100633
msd	10	5	10	stochastic_full_batch	100633
msd	10	5	10	stochastic_minibatch	100633
msd	10	5	11	qptas_screened	100634
msd	10	5	11	stochastic_full_batch	100634
msd	10	5	11	stochastic_minibatch	100634
msd	10	5	12	qptas_screened	100635
msd	10	5	12	stochastic_full_batch	100635
msd	10	5	12	stochastic_minibatch	100635
msd	10	5	13	qptas_screened	100636
msd	10	5	13	stochastic_full_batch	100636
msd	10	5	13	stochastic_minibatch	100636
msd	10	5	14	qptas_screened	100637
msd	10	5	14	stochastic_full_batch	100637
msd	10	5	14	stochastic_minibatch	100637
msd	10	5	15	qptas_screened	100638
msd	10	5	15	stochastic_full_batch	100638
msd	10	5	15	stochastic_minibatch	100638
msd	10	5	16	qptas_screened	100639
msd	10	5	16	stochastic_full_batch	100639
msd	10	5	16	stochastic_minibatch	100639
msd	10	5	17	qptas_screened	100640
msd	10	5	17	stochastic_full_batch	100640
msd	10	5	17	stochastic_minibatch	100640
msd	10	5	18	qptas_screened	100641
msd	10	5	18	stochastic_full_batch	100641
msd	10	5	18	stochastic_minibatch	100641
msd	10	5	19	qptas_screened	100642
msd	10	5	19	stochastic_full_batch	100642
msd	10	5	19	stochastic_minibatch	100642
msd	10	10	0	qptas_screened	101123
msd	10	10	0	stochastic_full_batch	101123
msd	10	10	0	stochastic_minibatch	101123
msd	10	10	1	qptas_screened	101124
msd	10	10	1	stochastic_full_batch	101124
msd	10	10	1	stochastic_minibatch	101124
msd	10	10	2	qptas_screened	101125
msd	10	10	2	stochastic_full_batch	101125
msd	10	10	2	stochastic_minibatch	101125
msd	10	10	3	qptas_screened	101126
msd	10	10	3	stochastic_full_batch	101126
msd	10	10	3	stochastic_minibatch	101126
msd	10	10	4	qptas_screened	101127
msd	10	10	4	stochastic_full_batch	101127
msd	10	10	4	stochastic_minibatch	101127
msd	10	10	5	qptas_screened	101128
msd	10	10	5	stochastic_full_batch	101128
msd	10	10	5	stochastic_minibatch	101128
msd	10	10	6	qptas_screened	101129
msd	10	10	6	stochastic_full_batch	101129
msd	10	10	6	stochastic_minibatch	101129
msd	10	10	7	qptas_screened	101130
msd	10	10	7	stochastic_full_batch	101130
msd	10	10	7	stochastic_minibatch	101130
msd	10	10	8	qptas_screened	101131
msd	10	10	8	stochastic_full_batch	101131
msd	10	10	8	stochastic_minibatch	101131
msd	10	10	9	qptas_screened	101132
msd	10	10	9	stochastic_full_batch	101132
msd	10	10	9	stochastic_minibatch	101132
msd	10	10	10	qptas_screened	101133
msd	10	10	10	stochastic_full_batch	101133
msd	10	10	10	stochastic_minibatch	101133
msd	10	10	11	qptas_screened	101134
msd	10	10	11	stochastic_full_batch	101134
msd	10	10	11	stochastic_minibatch	101134
msd	10	10	12	qptas_screened	101135
msd	10	10	12	stochastic_full_batch	101135
msd	10	10	12	stochastic_minibatch	101135
msd	10	10	13	qptas_screened	101136
msd	10	10	13	stochastic_full_batch	101136
msd	10	10	13	stochastic_minibatch	101136
msd	10	10	14	qptas_screened	101137
msd	10	10	14	stochastic_full_batch	101137
msd	10	10	14	stochastic_minibatch	101137
msd	10	10	15	qptas_screened	101138
msd	10	10	15	stochastic_full_batch	101138
msd	10	10	15	stochastic_minibatch	101138
msd	10	10	16	qptas_screened	101139
msd	10	10	16	stochastic_full_batch	101139
msd	10	10	16	stochastic_minibatch	101139
msd	10	10	17	qptas_screened	101140
msd	10	10	17	stochastic_full_batch	101140
msd	10	10	17	stochastic_minibatch	101140
msd	10	10	18	qptas_screened	101141
msd	10	10	18	stochastic_full_batch	101141
msd	10	10	18	stochastic_minibatch	101141
msd	10	10	19	qptas_screened	101142
msd	10	10	19	stochastic_full_batch	101142
msd	10	10	19	stochastic_minibatch	101142
msd	10	20	0	qptas_screened	102123
msd	10	20	0	stochastic_full_batch	102123
msd	10	20	0	stochastic_minibatch	102123
msd	10	20	1	qptas_screened	102124
msd	10	20	1	stochastic_full_batch	102124
msd	10	20	1	stochastic_minibatch	102124
msd	10	20	2	qptas_screened	102125
msd	10	20	2	stochastic_full_batch	102125
msd	10	20	2	stochastic_minibatch	102125
msd	10	20	3	qptas_screened	102126
msd	10	20	3	stochastic_full_batch	102126
msd	10	20	3	stochastic_minibatch	102126
msd	10	20	4	qptas_screened	102127
msd	10	20	4	stochastic_full_batch	102127
msd	10	20	4	stochastic_minibatch	102127
msd	10	20	5	qptas_screened	102128
msd	10	20	5	stochastic_full_batch	102128
msd	10	20	5	stochastic_minibatch	102128
msd	10	20	6	qptas_screened	102129
msd	10	20	6	stochastic_full_batch	102129
msd	10	20	6	stochastic_minibatch	102129
msd	10	20	7	qptas_screened	102130
msd	10	20	7	stochastic_full_batch	102130
msd	10	20	7	stochastic_minibatch	102130
msd	10	20	8	qptas_screened	102131
msd	10	20	8	stochastic_full_batch	102131
msd	10	20	8	stochastic_minibatch	102131
msd	10	20	9	qptas_screened	102132
msd	10	20	9	stochastic_full_batch	102132
msd	10	20	9	stochastic_minibatch	102132
msd	10	20	10	qptas_screened	102133
msd	10	20	10	stochastic_full_batch	102133
msd	10	20	10	stochastic_minibatch	102133
msd	10	20	11	qptas_screened	102134
msd	10	20	11	stochastic_full_batch	102134
msd	10	20	11	stochastic_minibatch	102134
msd	10	20	12	qptas_screened	102135
msd	10	20	12	stochastic_full_batch	102135
msd	10	20	12	stochastic_minibatch	102135
msd	10	20	13	qptas_screened	102136
msd	10	20	13	stochastic_full_batch	102136
msd	10	20	13	stochastic_minibatch	102136
msd	10	20	14	qptas_screened	102137
msd	10	20	14	stochastic_full_batch	102137
msd	10	20	14	stochastic_minibatch	102137
msd	10	20	15	qptas_screened	102138
msd	10	20	15	stochastic_full_batch	102138
msd	10	20	15	stochastic_minibatch	102138
msd	10	20	16	qptas_screened	102139
msd	10	20	16	stochastic_full_batch	102139
msd	10	20	16	stochastic_minibatch	102139
msd	10	20	17	qptas_screened	102140
msd	10	20	17	stochastic_full_batch	102140
msd	10	20	17	stochastic_minibatch	102140
msd	10	20	18	qptas_screened	102141
msd	10	20	18	stochastic_full_batch	102141
msd	10	20	18	stochastic_minibatch	102141
msd	10	20	19	qptas_screened	102142
msd	10	20	19	stochastic_full_batch	102142
msd	10	20	19	stochastic_minibatch	102142
msd	10	50	0	qptas_screened	105123
msd	10	50	0	stochastic_full_batch	105123
msd	10	50	0	stochastic_minibatch	105123
msd	10	50	1	qptas_screened	105124
msd	10	50	1	stochastic_full_batch	105124
msd	10	50	1	stochastic_minibatch	105124
msd	10	50	2	qptas_screened	105125
msd	10	50	2	stochastic_full_batch	105125
msd	10	50	2	stochastic_minibatch	105125
msd	10	50	3	qptas_screened	105126
msd	10	50	3	stochastic_full_batch	105126
msd	10	50	3	stochastic_minibatch	105126
msd	10	50	4	qptas_screened	105127
msd	10	50	4	stochastic_full_batch	105127
msd	10	50	4	stochastic_minibatch	105127
msd	10	50	5	qptas_screened	105128
msd	10	50	5	stochastic_full_batch	105128
msd	10	50	5	stochastic_minibatch	105128
msd	10	50	6	qptas_screened	105129
msd	10	50	6	stochastic_full_batch	105129
msd	10	50	6	stochastic_minibatch	105129
msd	10	50	7	qptas_screened	105130
msd	10	50	7	stochastic_full_batch	105130
msd	10	50	7	stochastic_minibatch	105130
msd	10	50	8	qptas_screened	105131
msd	10	50	8	stochastic_full_batch	105131
msd	10	50	8	stochastic_minibatch	105131
msd	10	50	9	qptas_screened	105132
msd	10	50	9	stochastic_full_batch	105132
msd	10	50	9	stochastic_minibatch	105132
msd	10	50	10	qptas_screened	105133
msd	10	50	10	stochastic_full_batch	105133
msd	10	50	10	stochastic_minibatch	105133
msd	10	50	11	qptas_screened	105134
msd	10	50	11	stochastic_full_batch	105134
msd	10	50	11	stochastic_minibatch	105134
msd	10	50	12	qptas_screened	105135
msd	10	50	12	stochastic_full_batch	105135
msd	10	50	12	stochastic_minibatch	105135
msd	10	50	13	qptas_screened	105136
msd	10	50	13	stochastic_full_batch	105136
msd	10	50	13	stochastic_minibatch	105136
msd	10	50	14	qptas_screened	105137
msd	10	50	14	stochastic_full_batch	105137
msd	10	50	14	stochastic_minibatch	105137
msd	10	50	15	qptas_screened	105138
msd	10	50	15	stochastic_full_batch	105138
msd	10	50	15	stochastic_minibatch	105138
msd	10	50	16	qptas_screened	105139
msd	10	50	16	stochastic_full_batch	105139
msd	10	50	16	stochastic_minibatch	105139
msd	10	50	17	qptas_screened	105140
msd	10	50	17	stochastic_full_batch	105140
msd	10	50	17	stochastic_minibatch	105140
msd	10	50	18	qptas_screened	105141
msd	10	50	18	stochastic_full_batch	105141
msd	10	50	18	stochastic_minibatch	105141
msd	10	50	19	qptas_screened	105142
msd	10	50	19	stochastic_full_batch	105142
msd	10	50	19	stochastic_minibatch	105142
msd	30	5	0	qptas_screened	300623
msd	30	5	0	stochastic_full_batch	300623
msd	30	5	0	stochastic_minibatch	300623
msd	30	5	1	qptas_screened	300624
msd	30	5	1	stochastic_full_batch	300624
msd	30	5	1	stochastic_minibatch	300624
msd	30	5	2	qptas_screened	300625
msd	30	5	2	stochastic_full_batch	300625
msd	30	5	2	stochastic_minibatch	300625
msd	30	5	3	qptas_screened	300626
msd	30	5	3	stochastic_full_batch	300626
msd	30	5	3	stochastic_minibatch	300626
msd	30	5	4	qptas_screened	300627
msd	30	5	4	stochastic_full_batch	300627
msd	30	5	4	stochastic_minibatch	300627
msd	30	5	5	qptas_screened	300628
msd	30	5	5	stochastic_full_batch	300628
msd	30	5	5	stochastic_minibatch	300628
msd	30	5	6	qptas_screened	300629
msd	30	5	6	stochastic_full_batch	300629
msd	30	5	6	stochastic_minibatch	300629
msd	30	5	7	qptas_screened	300630
msd	30	5	7	stochastic_full_batch	300630
msd	30	5	7	stochastic_minibatch	300630
msd	30	5	8	qptas_screened	300631
msd	30	5	8	stochastic_full_batch	300631
msd	30	5	8	stochastic_minibatch	300631
msd	30	5	9	qptas_screened	300632
msd	30	5	9	stochastic_full_batch	300632
msd	30	5	9	stochastic_minibatch	300632
msd	30	5	10	qptas_screened	300633
msd	30	5	10	stochastic_full_batch	300633
msd	30	5	10	stochastic_minibatch	300633
msd	30	5	11	qptas_screened	300634
msd	30	5	11	stochastic_full_batch	300634
msd	30	5	11	stochastic_minibatch	300634
msd	30	5	12	qptas_screened	300635
msd	30	5	12	stochastic_full_batch	300635
msd	30	5	12	stochastic_minibatch	300635
msd	30	5	13	qptas_screened	300636
msd	30	5	13	stochastic_full_batch	300636
msd	30	5	13	stochastic_minibatch	300636
msd	30	5	14	qptas_screened	300637
msd	30	5	14	stochastic_full_batch	300637
msd	30	5	14	stochastic_minibatch	300637
msd	30	5	15	qptas_screened	300638
msd	30	5	15	stochastic_full_batch	300638
msd	30	5	15	stochastic_minibatch	300638
msd	30	5	16	qptas_screened	300639
msd	30	5	16	stochastic_full_batch	300639
msd	30	5	16	stochastic_minibatch	300639
msd	30	5	17	qptas_screened	300640
msd	30	5	17	stochastic_full_batch	300640
msd	30	5	17	stochastic_minibatch	300640
msd	30	5	18	qptas_screened	300641
msd	30	5	18	stochastic_full_batch	300641
msd	30	5	18	stochastic_minibatch	300641
msd	30	5	19	qptas_screened	300642
msd	30	5	19	stochastic_full_batch	300642
msd	30	5	19	stochastic_minibatch	300642
msd	30	10	0	qptas_screened	301123
msd	30	10	0	stochastic_full_batch	301123
msd	30	10	0	stochastic_minibatch	301123
msd	30	10	1	qptas_screened	301124
msd	30	10	1	stochastic_full_batch	301124
msd	30	10	1	stochastic_minibatch	301124
msd	30	10	2	qptas_screened	301125
msd	30	10	2	stochastic_full_batch	301125
msd	30	10	2	stochastic_minibatch	301125
msd	30	10	3	qptas_screened	301126
msd	30	10	3	stochastic_full_batch	301126
msd	30	10	3	stochastic_minibatch	301126
msd	30	10	4	qptas_screened	301127
msd	30	10	4	stochastic_full_batch	301127
msd	30	10	4	stochastic_minibatch	301127
msd	30	10	5	qptas_screened	301128
msd	30	10	5	stochastic_full_batch	301128
msd	30	10	5	stochastic_minibatch	301128
msd	30	10	6	qptas_screened	301129
msd	30	10	6	stochastic_full_batch	301129
msd	30	10	6	stochastic_minibatch	301129
msd	30	10	7	qptas_screened	301130
msd	30	10	7	stochastic_full_batch	301130
msd	30	10	7	stochastic_minibatch	301130
msd	30	10	8	qptas_screened	301131
msd	30	10	8	stochastic_full_batch	301131
msd	30	10	8	stochastic_minibatch	301131
msd	30	10	9	qptas_screened	301132
msd	30	10	9	stochastic_full_batch	301132
msd	30	10	9	stochastic_minibatch	301132
msd	30	10	10	qptas_screened	301133
msd	30	10	10	stochastic_full_batch	301133
msd	30	10	10	stochastic_minibatch	301133
msd	30	10	11	qptas_screened	301134
msd	30	10	11	stochastic_full_batch	301134
msd	30	10	11	stochastic_minibatch	301134
msd	30	10	12	qptas_screened	301135
msd	30	10	12	stochastic_full_batch	301135
msd	30	10	12	stochastic_minibatch	301135
msd	30	10	13	qptas_screened	301136
msd	30	10	13	stochastic_full_batch	301136
msd	30	10	13	stochastic_minibatch	301136
msd	30	10	14	qptas_screened	301137
msd	30	10	14	stochastic_full_batch	301137
msd	30	10	14	stochastic_minibatch	301137
msd	30	10	15	qptas_screened	301138
msd	30	10	15	stochastic_full_batch	301138
msd	30	10	15	stochastic_minibatch	301138
msd	30	10	16	qptas_screened	301139
msd	30	10	16	stochastic_full_batch	301139
msd	30	10	16	stochastic_minibatch	301139
msd	30	10	17	qptas_screened	301140
msd	30	10	17	stochastic_full_batch	301140
msd	30	10	17	stochastic_minibatch	301140
msd	30	10	18	qptas_screened	301141
msd	30	10	18	stochastic_full_batch	301141
msd	30	10	18	stochastic_minibatch	301141
msd	30	10	19	qptas_screened	301142
msd	30	10	19	stochastic_full_batch	301142
msd	30	10	19	stochastic_minibatch	301142
msd	30	20	0	qptas_screened	302123
msd	30	20	0	stochastic_full_batch	302123
msd	30	20	0	stochastic_minibatch	302123
msd	30	20	1	qptas_screened	302124
msd	30	20	1	stochastic_full_batch	302124
msd	30	20	1	stochastic_minibatch	302124
msd	30	20	2	qptas_screened	302125
msd	30	20	2	stochastic_full_batch	302125
msd	30	20	2	stochastic_minibatch	302125
msd	30	20	3	qptas_screened	302126
msd	30	20	3	stochastic_full_batch	302126
msd	30	20	3	stochastic_minibatch	302126
msd	30	20	4	qptas_screened	302127
msd	30	20	4	stochastic_full_batch	302127
msd	30	20	4	stochastic_minibatch	302127
msd	30	20	5	qptas_screened	302128
msd	30	20	5	stochastic_full_batch	302128
msd	30	20	5	stochastic_minibatch	302128
msd	30	20	6	qptas_screened	302129
msd	30	20	6	stochastic_full_batch	302129
msd	30	20	6	stochastic_minibatch	302129
msd	30	20	7	qptas_screened	302130
msd	30	20	7	stochastic_full_batch	302130
msd	30	20	7	stochastic_minibatch	302130
msd	30	20	8	qptas_screened	302131
msd	30	20	8	stochastic_full_batch	302131
msd	30	20	8	stochastic_minibatch	302131
msd	30	20	9	qptas_screened	302132
msd	30	20	9	stochastic_full_batch	302132
msd	30	20	9	stochastic_minibatch	302132
msd	30	20	10	qptas_screened	302133
msd	30	20	10	stochastic_full_batch	302133
msd	30	20	10	stochastic_minibatch	302133
msd	30	20	11	qptas_screened	302134
msd	30	20	11	stochastic_full_batch	302134
msd	30	20	11	stochastic_minibatch	302134
msd	30	20	12	qptas_screened	302135
msd	30	20	12	stochastic_full_batch	302135
msd	30	20	12	stochastic_minibatch	302135
msd	30	20	13	qptas_screened	302136
msd	30	20	13	stochastic_full_batch	302136
msd	30	20	13	stochastic_minibatch	302136
msd	30	20	14	qptas_screened	302137
msd	30	20	14	stochastic_full_batch	302137
msd	30	20	14	stochastic_minibatch	302137
msd	30	20	15	qptas_screened	302138
msd	30	20	15	stochastic_full_batch	302138
msd	30	20	15	stochastic_minibatch	302138
msd	30	20	16	qptas_screened	302139
msd	30	20	16	stochastic_full_batch	302139
msd	30	20	16	stochastic_minibatch	302139
msd	30	20	17	qptas_screened	302140
msd	30	20	17	stochastic_full_batch	302140
msd	30	20	17	stochastic_minibatch	302140
msd	30	20	18	qptas_screened	302141
msd	30	20	18	stochastic_full_batch	302141
msd	30	20	18	stochastic_minibatch	302141
msd	30	20	19	qptas_screened	302142
msd	30	20	19	stochastic_full_batch	302142
msd	30	20	19	stochastic_minibatch	302142
msd	30	50	0	qptas_screened	305123
msd	30	50	0	stochastic_full_batch	305123
msd	30	50	0	stochastic_minibatch	305123
msd	30	50	1	qptas_screened	305124
msd	30	50	1	stochastic_full_batch	305124
msd	30	50	1	stochastic_minibatch	305124
msd	30	50	2	qptas_screened	305125
msd	30	50	2	stochastic_full_batch	305125
msd	30	50	2	stochastic_minibatch	305125
msd	30	50	3	qptas_screened	305126
msd	30	50	3	stochastic_full_batch	305126
msd	30	50	3	stochastic_minibatch	305126
msd	30	50	4	qptas_screened	305127
msd	30	50	4	stochastic_full_batch	305127
msd	30	50	4	stochastic_minibatch	305127
msd	30	50	5	qptas_screened	305128
msd	30	50	5	stochastic_full_batch	305128
msd	30	50	5	stochastic_minibatch	305128
msd	30	50	6	qptas_screened	305129
msd	30	50	6	stochastic_full_batch	305129
msd	30	50	6	stochastic_minibatch	305129
msd	30	50	7	qptas_screened	305130
msd	30	50	7	stochastic_full_batch	305130
msd	30	50	7	stochastic_minibatch	305130
msd	30	50	8	qptas_screened	305131
msd	30	50	8	stochastic_full_batch	305131
msd	30	50	8	stochastic_minibatch	305131
msd	30	50	9	qptas_screened	305132
msd	30	50	9	stochastic_full_batch	305132
msd	30	50	9	stochastic_minibatch	305132
msd	30	50	10	qptas_screened	305133
msd	30	50	10	stochastic_full_batch	305133
msd	30	50	10	stochastic_minibatch	305133
msd	30	50	11	qptas_screened	305134
msd	30	50	11	stochastic_full_batch	305134
msd	30	50	11	stochastic_minibatch	305134
msd	30	50	12	qptas_screened	305135
msd	30	50	12	stochastic_full_batch	305135
msd	30	50	12	stochastic_minibatch	305135
msd	30	50	13	qptas_screened	305136
msd	30	50	13	stochastic_full_batch	305136
msd	30	50	13	stochastic_minibatch	305136
msd	30	50	14	qptas_screened	305137
msd	30	50	14	stochastic_full_batch	305137
msd	30	50	14	stochastic_minibatch	305137
msd	30	50	15	qptas_screened	305138
msd	30	50	15	stochastic_full_batch	305138
msd	30	50	15	stochastic_minibatch	305138
msd	30	50	16	qptas_screened	305139
msd	30	50	16	stochastic_full_batch	305139
msd	30	50	16	stochastic_minibatch	305139
msd	30	50	17	qptas_screened	305140
msd	30	50	17	stochastic_full_batch	305140
msd	30	50	17	stochastic_minibatch	305140
msd	30	50	18	qptas_screened	305141
msd	30	50	18	stochastic_full_batch	305141
msd	30	50	18	stochastic_minibatch	305141
msd	30	50	19	qptas_screened	305142
msd	30	50	19	stochastic_full_batch	305142
msd	30	50	19	stochastic_minibatch	305142
msd	100	5	0	qptas_screened	1000623
msd	100	5	0	stochastic_full_batch	1000623
msd	100	5	0	stochastic_minibatch	1000623
msd	100	5	1	qptas_screened	1000624
msd	100	5	1	stochastic_full_batch	1000624
msd	100	5	1	stochastic_minibatch	1000624
msd	100	5	2	qptas_screened	1000625
msd	100	5	2	stochastic_full_batch	1000625
msd	100	5	2	stochastic_minibatch	1000625
msd	100	5	3	qptas_screened	1000626
msd	100	5	3	stochastic_full_batch	1000626
msd	100	5	3	stochastic_minibatch	1000626
msd	100	5	4	qptas_screened	1000627
msd	100	5	4	stochastic_full_batch	1000627
msd	100	5	4	stochastic_minibatch	1000627
msd	100	5	5	qptas_screened	1000628
msd	100	5	5	stochastic_full_batch	1000628
msd	100	5	5	stochastic_minibatch	1000628
msd	100	5	6	qptas_screened	1000629
msd	100	5	6	stochastic_full_batch	1000629
msd	100	5	6	stochastic_minibatch	1000629
msd	100	5	7	qptas_screened	1000630
msd	100	5	7	stochastic_full_batch	1000630
msd	100	5	7	stochastic_minibatch	1000630
msd	100	5	8	qptas_screened	1000631
msd	100	5	8	stochastic_full_batch	1000631
msd	100	5	8	stochastic_minibatch	1000631
msd	100	5	9	qptas_screened	1000632
msd	100	5	9	stochastic_full_batch	1000632
msd	100	5	9	stochastic_minibatch	1000632
msd	100	5	10	qptas_screened	1000633
msd	100	5	10	stochastic_full_batch	1000633
msd	100	5	10	stochastic_minibatch	1000633
msd	100	5	11	qptas_screened	1000634
msd	100	5	11	stochastic_full_batch	1000634
msd	100	5	11	stochastic_minibatch	1000634
msd	100	5	12	qptas_screened	1000635
msd	100	5	12	stochastic_full_batch	1000635
msd	100	5	12	stochastic_minibatch	1000635
msd	100	5	13	qptas_screened	1000636
msd	100	5	13	stochastic_full_batch	1000636
msd	100	5	13	stochastic_minibatch	1000636
msd	100	5	14	qptas_screened	1000637
msd	100	5	14	stochastic_full_batch	1000637
msd	100	5	14	stochastic_minibatch	1000637
msd	100	5	15	qptas_screened	1000638
msd	100	5	15	stochastic_full_batch	1000638
msd	100	5	15	stochastic_minibatch	1000638
msd	100	5	16	qptas_screened	1000639
msd	100	5	16	stochastic_full_batch	1000639
msd	100	5	16	stochastic_minibatch	1000639
msd	100	5	17	qptas_screened	1000640
msd	100	5	17	stochastic_full_batch	1000640
msd	100	5	17	stochastic_minibatch	1000640
msd	100	5	18	qptas_screened	1000641
msd	100	5	18	stochastic_full_batch	1000641
msd	100	5	18	stochastic_minibatch	1000641
msd	100	5	19	qptas_screened	1000642
msd	100	5	19	stochastic_full_batch	1000642
msd	100	5	19	stochastic_minibatch	1000642
msd	100	10	0	qptas_screened	1001123
msd	100	10	0	stochastic_full_batch	1001123
msd	100	10	0	stochastic_minibatch	1001123
msd	100	10	1	qptas_screened	1001124
msd	100	10	1	stochastic_full_batch	1001124
msd	100	10	1	stochastic_minibatch	1001124
msd	100	10	2	qptas_screened	1001125
msd	100	10	2	stochastic_full_batch	1001125
msd	100	10	2	stochastic_minibatch	1001125
msd	100	10	3	qptas_screened	1001126
msd	100	10	3	stochastic_full_batch	1001126
msd	100	10	3	stochastic_minibatch	1001126
msd	100	10	4	qptas_screened	1001127
msd	100	10	4	stochastic_full_batch	1001127
msd	100	10	4	stochastic_minibatch	1001127
msd	100	10	5	qptas_screened	1001128
msd	100	10	5	stochastic_full_batch	1001128
msd	100	10	5	stochastic_minibatch	1001128
msd	100	10	6	qptas_screened	1001129
msd	100	10	6	stochastic_full_batch	1001129
msd	100	10	6	stochastic_minibatch	1001129
msd	100	10	7	qptas_screened	1001130
msd	100	10	7	stochastic_full_batch	1001130
msd	100	10	7	stochastic_minibatch	1001130
msd	100	10	8	qptas_screened	1001131
msd	100	10	8	stochastic_full_batch	1001131
msd	100	10	8	stochastic_minibatch	1001131
msd	100	10	9	qptas_screened	1001132
msd	100	10	9	stochastic_full_batch	1001132
msd	100	10	9	stochastic_minibatch	1001132
msd	100	10	10	qptas_screened	1001133
msd	100	10	10	stochastic_full_batch	1001133
msd	100	10	10	stochastic_minibatch	1001133
msd	100	10	11	qptas_screened	1001134
msd	100	10	11	stochastic_full_batch	1001134
msd	100	10	11	stochastic_minibatch	1001134
msd	100	10	12	qptas_screened	1001135
msd	100	10	12	stochastic_full_batch	1001135
msd	100	10	12	stochastic_minibatch	1001135
msd	100	10	13	qptas_screened	1001136
msd	100	10	13	stochastic_full_batch	1001136
msd	100	10	13	stochastic_minibatch	1001136
msd	100	10	14	qptas_screened	1001137
msd	100	10	14	stochastic_full_batch	1001137
msd	100	10	14	stochastic_minibatch	1001137
msd	100	10	15	qptas_screened	1001138
msd	100	10	15	stochastic_full_batch	1001138
msd	100	10	15	stochastic_minibatch	1001138
msd	100	10	16	qptas_screened	1001139
msd	100	10	16	stochastic_full_batch	1001139
msd	100	10	16	stochastic_minibatch	1001139
msd	100	10	17	qptas_screened	1001140
msd	100	10	17	stochastic_full_batch	1001140
msd	100	10	17	stochastic_minibatch	1001140
msd	100	10	18	qptas_screened	1001141
msd	100	10	18	stochastic_full_batch	1001141
msd	100	10	18	stochastic_minibatch	1001141
msd	100	10	19	qptas_screened	1001142
msd	100	10	19	stochastic_full_batch	1001142
msd	100	10	19	stochastic_minibatch	1001142
msd	100	20	0	qptas_screened	1002123
msd	100	20	0	stochastic_full_batch	1002123
msd	100	20	0	stochastic_minibatch	1002123
msd	100	20	1	qptas_screened	1002124
msd	100	20	1	stochastic_full_batch	1002124
msd	100	20	1	stochastic_minibatch	1002124
msd	100	20	2	qptas_screened	1002125
msd	100	20	2	stochastic_full_batch	1002125
msd	100	20	2	stochastic_minibatch	1002125
msd	100	20	3	qptas_screened	1002126
msd	100	20	3	stochastic_full_batch	1002126
msd	100	20	3	stochastic_minibatch	1002126
msd	100	20	4	qptas_screened	1002127
msd	100	20	4	stochastic_full_batch	1002127
msd	100	20	4	stochastic_minibatch	1002127
msd	100	20	5	qptas_screened	1002128
msd	100	20	5	stochastic_full_batch	1002128
msd	100	20	5	stochastic_minibatch	1002128
msd	100	20	6	qptas_screened	1002129
msd	100	20	6	stochastic_full_batch	1002129
msd	100	20	6	stochastic_minibatch	1002129
msd	100	20	7	qptas_screened	1002130
msd	100	20	7	stochastic_full_batch	1002130
msd	100	20	7	stochastic_minibatch	1002130
msd	100	20	8	qptas_screened	1002131
msd	100	20	8	stochastic_full_batch	1002131
msd	100	20	8	stochastic_minibatch	1002131
msd	100	20	9	qptas_screened	1002132
msd	100	20	9	stochastic_full_batch	1002132
msd	100	20	9	stochastic_minibatch	1002132
msd	100	20	10	qptas_screened	1002133
msd	100	20	10	stochastic_full_batch	1002133
msd	100	20	10	stochastic_minibatch	1002133
msd	100	20	11	qptas_screened	1002134
msd	100	20	11	stochastic_full_batch	1002134
msd	100	20	11	stochastic_minibatch	1002134
msd	100	20	12	qptas_screened	1002135
msd	100	20	12	stochastic_full_batch	1002135
msd	100	20	12	stochastic_minibatch	1002135
msd	100	20	13	qptas_screened	1002136
msd	100	20	13	stochastic_full_batch	1002136
msd	100	20	13	stochastic_minibatch	1002136
msd	100	20	14	qptas_screened	1002137
msd	100	20	14	stochastic_full_batch	1002137
msd	100	20	14	stochastic_minibatch	1002137
msd	100	20	15	qptas_screened	1002138
msd	100	20	15	stochastic_full_batch	1002138
msd	100	20	15	stochastic_minibatch	1002138
msd	100	20	16	qptas_screened	1002139
msd	100	20	16	stochastic_full_batch	1002139
msd	100	20	16	stochastic_minibatch	1002139
msd	100	20	17	qptas_screened	1002140
msd	100	20	17	stochastic_full_batch	1002140
msd	100	20	17	stochastic_minibatch	1002140
msd	100	20	18	qptas_screened	1002141
msd	100	20	18	stochastic_full_batch	1002141
msd	100	20	18	stochastic_minibatch	1002141
msd	100	20	19	qptas_screened	1002142
msd	100	20	19	stochastic_full_batch	1002142
msd	100	20	19	stochastic_minibatch	1002142
msd	100	50	0	qptas_screened	1005123
msd	100	50	0	stochastic_full_batch	1005123
msd	100	50	0	stochastic_minibatch	1005123
msd	100	50	1	qptas_screened	1005124
msd	100	50	1	stochastic_full_batch	1005124
msd	100	50	1	stochastic_minibatch	1005124
msd	100	50	2	qptas_screened	1005125
msd	100	50	2	stochastic_full_batch	1005125
msd	100	50	2	stochastic_minibatch	1005125
msd	100	50	3	qptas_screened	1005126
msd	100	50	3	stochastic_full_batch	1005126
msd	100	50	3	stochastic_minibatch	1005126
msd	100	50	4	qptas_screened	1005127
msd	100	50	4	stochastic_full_batch	1005127
msd	100	50	4	stochastic_minibatch	1005127
msd	100	50	5	qptas_screened	1005128
msd	100	50	5	stochastic_full_batch	1005128
msd	100	50	5	stochastic_minibatch	1005128
msd	100	50	6	qptas_screened	1005129
msd	100	50	6	stochastic_full_batch	1005129
msd	100	50	6	stochastic_minibatch	1005129
msd	100	50	7	qptas_screened	1005130
msd	100	50	7	stochastic_full_batch	1005130
msd	100	50	7	stochastic_minibatch	1005130
msd	100	50	8	qptas_screened	1005131
msd	100	50	8	stochastic_full_batch	1005131
msd	100	50	8	stochastic_minibatch	1005131
msd	100	50	9	qptas_screened	1005132
msd	100	50	9	stochastic_full_batch	1005132
msd	100	50	9	stochastic_minibatch	1005132
msd	100	50	10	qptas_screened	1005133
msd	100	50	10	stochastic_full_batch	1005133
msd	100	50	10	stochastic_minibatch	1005133
msd	100	50	11	qptas_screened	1005134
msd	100	50	11	stochastic_full_batch	1005134
msd	100	50	11	stochastic_minibatch	1005134
msd	100	50	12	qptas_screened	1005135
msd	100	50	12	stochastic_full_batch	1005135
msd	100	50	12	stochastic_minibatch	1005135
msd	100	50	13	qptas_screened	1005136
msd	100	50	13	stochastic_full_batch	1005136
msd	100	50	13	stochastic_minibatch	1005136
msd	100	50	14	qptas_screened	1005137
msd	100	50	14	stochastic_full_batch	1005137
msd	100	50	14	stochastic_minibatch	1005137
msd	100	50	15	qptas_screened	1005138
msd	100	50	15	stochastic_full_batch	1005138
msd	100	50	15	stochastic_minibatch	1005138
msd	100	50	16	qptas_screened	1005139
msd	100	50	16	stochastic_full_batch	1005139
msd	100	50	16	stochastic_minibatch	1005139
msd	100	50	17	qptas_screened	1005140
msd	100	50	17	stochastic_full_batch	1005140
msd	100	50	17	stochastic_minibatch	1005140
msd	100	50	18	qptas_screened	1005141
msd	100	50	18	stochastic_full_batch	1005141
msd	100	50	18	stochastic_minibatch	1005141
msd	100	50	19	qptas_screened	1005142
msd	100	50	19	stochastic_full_batch	1005142
msd	100	50	19	stochastic_minibatch	1005142
msd	250	5	0	qptas_screened	2500623
msd	250	5	0	stochastic_full_batch	2500623
msd	250	5	0	stochastic_minibatch	2500623
msd	250	5	1	qptas_screened	2500624
msd	250	5	1	stochastic_full_batch	2500624
msd	250	5	1	stochastic_minibatch	2500624
msd	250	5	2	qptas_screened	2500625
msd	250	5	2	stochastic_full_batch	2500625
msd	250	5	2	stochastic_minibatch	2500625
msd	250	5	3	qptas_screened	2500626
msd	250	5	3	stochastic_full_batch	2500626
msd	250	5	3	stochastic_minibatch	2500626
msd	250	5	4	qptas_screened	2500627
msd	250	5	4	stochastic_full_batch	2500627
msd	250	5	4	stochastic_minibatch	2500627
msd	250	5	5	qptas_screened	2500628
msd	250	5	5	stochastic_full_batch	2500628
msd	250	5	5	stochastic_minibatch	2500628
msd	250	5	6	qptas_screened	2500629
msd	250	5	6	stochastic_full_batch	2500629
msd	250	5	6	stochastic_minibatch	2500629
msd	250	5	7	qptas_screened	2500630
msd	250	5	7	stochastic_full_batch	2500630
msd	250	5	7	stochastic_minibatch	2500630
msd	250	5	8	qptas_screened	2500631
msd	250	5	8	stochastic_full_batch	2500631
msd	250	5	8	stochastic_minibatch	2500631
msd	250	5	9	qptas_screened	2500632
msd	250	5	9	stochastic_full_batch	2500632
msd	250	5	9	stochastic_minibatch	2500632
msd	250	5	10	qptas_screened	2500633
msd	250	5	10	stochastic_full_batch	2500633
msd	250	5	10	stochastic_minibatch	2500633
msd	250	5	11	qptas_screened	2500634
msd	250	5	11	stochastic_full_batch	2500634
msd	250	5	11	stochastic_minibatch	2500634
msd	250	5	12	qptas_screened	2500635
msd	250	5	12	stochastic_full_batch	2500635
msd	250	5	12	stochastic_minibatch	2500635
msd	250	5	13	qptas_screened	2500636
msd	250	5	13	stochastic_full_batch	2500636
msd	250	5	13	stochastic_minibatch	2500636
msd	250	5	14	qptas_screened	2500637
msd	250	5	14	stochastic_full_batch	2500637
msd	250	5	14	stochastic_minibatch	2500637
msd	250	5	15	qptas_screened	2500638
msd	250	5	15	stochastic_full_batch	2500638
msd	250	5	15	stochastic_minibatch	2500638
msd	250	5	16	qptas_screened	2500639
msd	250	5	16	stochastic_full_batch	2500639
msd	250	5	16	stochastic_minibatch	2500639
msd	250	5	17	qptas_screened	2500640
msd	250	5	17	stochastic_full_batch	2500640
msd	250	5	17	stochastic_minibatch	2500640
msd	250	5	18	qptas_screened	2500641
msd	250	5	18	stochastic_full_batch	2500641
msd	250	5	18	stochastic_minibatch	2500641
msd	250	5	19	qptas_screened	2500642
msd	250	5	19	stochastic_full_batch	2500642
msd	250	5	19	stochastic_minibatch	2500642
msd	250	10	0	qptas_screened	2501123
msd	250	10	0	stochastic_full_batch	2501123
msd	250	10	0	stochastic_minibatch	2501123
msd	250	10	1	qptas_screened	2501124
msd	250	10	1	stochastic_full_batch	2501124
msd	250	10	1	stochastic_minibatch	2501124
msd	250	10	2	qptas_screened	2501125
msd	250	10	2	stochastic_full_batch	2501125
msd	250	10	2	stochastic_minibatch	2501125
msd	250	10	3	qptas_screened	2501126
msd	250	10	3	stochastic_full_batch	2501126
msd	250	10	3	stochastic_minibatch	2501126
msd	250	10	4	qptas_screened	2501127
msd	250	10	4	stochastic_full_batch	2501127
msd	250	10	4	stochastic_minibatch	2501127
msd	250	10	5	qptas_screened	2501128
msd	250	10	5	stochastic_full_batch	2501128
msd	250	10	5	stochastic_minibatch	2501128
msd	250	10	6	qptas_screened	2501129
msd	250	10	6	stochastic_full_batch	2501129
msd	250	10	6	stochastic_minibatch	2501129
msd	250	10	7	qptas_screened	2501130
msd	250	10	7	stochastic_full_batch	2501130
msd	250	10	7	stochastic_minibatch	2501130
msd	250	10	8	qptas_screened	2501131
msd	250	10	8	stochastic_full_batch	2501131
msd	250	10	8	stochastic_minibatch	2501131
msd	250	10	9	qptas_screened	2501132
msd	250	10	9	stochastic_full_batch	2501132
msd	250	10	9	stochastic_minibatch	2501132
msd	250	10	10	qptas_screened	2501133
msd	250	10	10	stochastic_full_batch	2501133
msd	250	10	10	stochastic_minibatch	2501133
msd	250	10	11	qptas_screened	2501134
msd	250	10	11	stochastic_full_batch	2501134
msd	250	10	11	stochastic_minibatch	2501134
msd	250	10	12	qptas_screened	2501135
msd	250	10	12	stochastic_full_batch	2501135
msd	250	10	12	stochastic_minibatch	2501135
msd	250	10	13	qptas_screened	2501136
msd	250	10	13	stochastic_full_batch	2501136
msd	250	10	13	stochastic_minibatch	2501136
msd	250	10	14	qptas_screened	2501137
msd	250	10	14	stochastic_full_batch	2501137
msd	250	10	14	stochastic_minibatch	2501137
msd	250	10	15	qptas_screened	2501138
msd	250	10	15	stochastic_full_batch	2501138
msd	250	10	15	stochastic_minibatch	2501138
msd	250	10	16	qptas_screened	2501139
msd	250	10	16	stochastic_full_batch	2501139
msd	250	10	16	stochastic_minibatch	2501139
msd	250	10	17	qptas_screened	2501140
msd	250	10	17	stochastic_full_batch	2501140
msd	250	10	17	stochastic_minibatch	2501140
msd	250	10	18	qptas_screened	2501141
msd	250	10	18	stochastic_full_batch	2501141
msd	250	10	18	stochastic_minibatch	2501141
msd	250	10	19	qptas_screened	2501142
msd	250	10	19	stochastic_full_batch	2501142
msd	250	10	19	stochastic_minibatch	2501142
msd	250	20	0	qptas_screened	2502123
msd	250	20	0	stochastic_full_batch	2502123
msd	250	20	0	stochastic_minibatch	2502123
msd	250	20	1	qptas_screened	2502124
msd	250	20	1	stochastic_full_batch	2502124
msd	250	20	1	stochastic_minibatch	2502124
msd	250	20	2	qptas_screened	2502125
msd	250	20	2	stochastic_full_batch	2502125
msd	250	20	2	stochastic_minibatch	2502125
msd	250	20	3	qptas_screened	2502126
msd	250	20	3	stochastic_full_batch	2502126
msd	250	20	3	stochastic_minibatch	2502126
msd	250	20	4	qptas_screened	2502127
msd	250	20	4	stochastic_full_batch	2502127
msd	250	20	4	stochastic_minibatch	2502127
msd	250	20	5	qptas_screened	2502128
msd	250	20	5	stochastic_full_batch	2502128
msd	250	20	5	stochastic_minibatch	2502128
msd	250	20	6	qptas_screened	2502129
msd	250	20	6	stochastic_full_batch	2502129
msd	250	20	6	stochastic_minibatch	2502129
msd	250	20	7	qptas_screened	2502130
msd	250	20	7	stochastic_full_batch	2502130
msd	250	20	7	stochastic_minibatch	2502130
msd	250	20	8	qptas_screened	2502131
msd	250	20	8	stochastic_full_batch	2502131
msd	250	20	8	stochastic_minibatch	2502131
msd	250	20	9	qptas_screened	2502132
msd	250	20	9	stochastic_full_batch	2502132
msd	250	20	9	stochastic_minibatch	2502132
msd	250	20	10	qptas_screened	2502133
msd	250	20	10	stochastic_full_batch	2502133
msd	250	20	10	stochastic_minibatch	2502133
msd	250	20	11	qptas_screened	2502134
msd	250	20	11	stochastic_full_batch	2502134
msd	250	20	11	stochastic_minibatch	2502134
msd	250	20	12	qptas_screened	2502135
msd	250	20	12	stochastic_full_batch	2502135
msd	250	20	12	stochastic_minibatch	2502135
msd	250	20	13	qptas_screened	2502136
msd	250	20	13	stochastic_full_batch	2502136
msd	250	20	13	stochastic_minibatch	2502136
msd	250	20	14	qptas_screened	2502137
msd	250	20	14	stochastic_full_batch	2502137
msd	250	20	14	stochastic_minibatch	2502137
msd	250	20	15	qptas_screened	2502138
msd	250	20	15	stochastic_full_batch	2502138
msd	250	20	15	stochastic_minibatch	2502138
msd	250	20	16	qptas_screened	2502139
msd	250	20	16	stochastic_full_batch	2502139
msd	250	20	16	stochastic_minibatch	2502139
msd	250	20	17	qptas_screened	2502140
msd	250	20	17	stochastic_full_batch	2502140
msd	250	20	17	stochastic_minibatch	2502140
msd	250	20	18	qptas_screened	2502141
msd	250	20	18	stochastic_full_batch	2502141
msd	250	20	18	stochastic_minibatch	2502141
msd	250	20	19	qptas_screened	2502142
msd	250	20	19	stochastic_full_batch	2502142
msd	250	20	19	stochastic_minibatch	2502142
msd	250	50	0	qptas_screened	2505123
msd	250	50	0	stochastic_full_batch	2505123
msd	250	50	0	stochastic_minibatch	2505123
msd	250	50	1	qptas_screened	2505124
msd	250	50	1	stochastic_full_batch	2505124
msd	250	50	1	stochastic_minibatch	2505124
msd	250	50	2	qptas_screened	2505125
msd	250	50	2	stochastic_full_batch	2505125
msd	250	50	2	stochastic_minibatch	2505125
msd	250	50	3	qptas_screened	2505126
msd	250	50	3	stochastic_full_batch	2505126
msd	250	50	3	stochastic_minibatch	2505126
msd	250	50	4	qptas_screened	2505127
msd	250	50	4	stochastic_full_batch	2505127
msd	250	50	4	stochastic_minibatch	2505127
msd	250	50	5	qptas_screened	2505128
msd	250	50	5	stochastic_full_batch	2505128
msd	250	50	5	stochastic_minibatch	2505128
msd	250	50	6	qptas_screened	2505129
msd	250	50	6	stochastic_full_batch	2505129
msd	250	50	6	stochastic_minibatch	2505129
msd	250	50	7	qptas_screened	2505130
msd	250	50	7	stochastic_full_batch	2505130
msd	250	50	7	stochastic_minibatch	2505130
msd	250	50	8	qptas_screened	2505131
msd	250	50	8	stochastic_full_batch	2505131
msd	250	50	8	stochastic_minibatch	2505131
msd	250	50	9	qptas_screened	2505132
msd	250	50	9	stochastic_full_batch	2505132
msd	250	50	9	stochastic_minibatch	2505132
msd	250	50	10	qptas_screened	2505133
msd	250	50	10	stochastic_full_batch	2505133
msd	250	50	10	stochastic_minibatch	2505133
msd	250	50	11	qptas_screened	2505134
msd	250	50	11	stochastic_full_batch	2505134
msd	250	50	11	stochastic_minibatch	2505134
msd	250	50	12	qptas_screened	2505135
msd	250	50	12	stochastic_full_batch	2505135
msd	250	50	12	stochastic_minibatch	2505135
msd	250	50	13	qptas_screened	2505136
msd	250	50	13	stochastic_full_batch	2505136
msd	250	50	13	stochastic_minibatch	2505136
msd	250	50	14	qptas_screened	2505137
msd	250	50	14	stochastic_full_batch	2505137
msd	250	50	14	stochastic_minibatch	2505137
msd	250	50	15	qptas_screened	2505138
msd	250	50	15	stochastic_full_batch	2505138
msd	250	50	15	stochastic_minibatch	2505138
msd	250	50	16	qptas_screened	2505139
msd	250	50	16	stochastic_full_batch	2505139
msd	250	50	16	stochastic_minibatch	2505139
msd	250	50	17	qptas_screened	2505140
msd	250	50	17	stochastic_full_batch	2505140
msd	250	50	17	stochastic_minibatch	2505140
msd	250	50	18	qptas_screened	2505141
msd	250	50	18	stochastic_full_batch	2505141
msd	250	50	18	stochastic_minibatch	2505141
msd	250	50	19	qptas_screened	2505142
msd	250	50	19	stochastic_full_batch	2505142
msd	250	50	19	stochastic_minibatch	2505142
msd	500	5	0	qptas_screened	5000623
msd	500	5	0	stochastic_full_batch	5000623
msd	500	5	0	stochastic_minibatch	5000623
msd	500	5	1	qptas_screened	5000624
msd	500	5	1	stochastic_full_batch	5000624
msd	500	5	1	stochastic_minibatch	5000624
msd	500	5	2	qptas_screened	5000625
msd	500	5	2	stochastic_full_batch	5000625
msd	500	5	2	stochastic_minibatch	5000625
msd	500	5	3	qptas_screened	5000626
msd	500	5	3	stochastic_full_batch	5000626
msd	500	5	3	stochastic_minibatch	5000626
msd	500	5	4	qptas_screened	5000627
msd	500	5	4	stochastic_full_batch	5000627
msd	500	5	4	stochastic_minibatch	5000627
msd	500	5	5	qptas_screened	5000628
msd	500	5	5	stochastic_full_batch	5000628
msd	500	5	5	stochastic_minibatch	5000628
msd	500	5	6	qptas_screened	5000629
msd	500	5	6	stochastic_full_batch	5000629
msd	500	5	6	stochastic_minibatch	5000629
msd	500	5	7	qptas_screened	5000630
msd	500	5	7	stochastic_full_batch	5000630
msd	500	5	7	stochastic_minibatch	5000630
msd	500	5	8	qptas_screened	5000631
msd	500	5	8	stochastic_full_batch	5000631
msd	500	5	8	stochastic_minibatch	5000631
msd	500	5	9	qptas_screened	5000632
msd	500	5	9	stochastic_full_batch	5000632
msd	500	5	9	stochastic_minibatch	5000632
msd	500	5	10	qptas_screened	5000633
msd	500	5	10	stochastic_full_batch	5000633
msd	500	5	10	stochastic_minibatch	5000633
msd	500	5	11	qptas_screened	5000634
msd	500	5	11	stochastic_full_batch	5000634
msd	500	5	11	stochastic_minibatch	5000634
msd	500	5	12	qptas_screened	5000635
msd	500	5	12	stochastic_full_batch	5000635
msd	500	5	12	stochastic_minibatch	5000635
msd	500	5	13	qptas_screened	5000636
msd	500	5	13	stochastic_full_batch	5000636
msd	500	5	13	stochastic_minibatch	5000636
msd	500	5	14	qptas_screened	5000637
msd	500	5	14	stochastic_full_batch	5000637
msd	500	5	14	stochastic_minibatch	5000637
msd	500	5	15	qptas_screened	5000638
msd	500	5	15	stochastic_full_batch	5000638
msd	500	5	15	stochastic_minibatch	5000638
msd	500	5	16	qptas_screened	5000639
msd	500	5	16	stochastic_full_batch	5000639
msd	500	5	16	stochastic_minibatch	5000639
msd	500	5	17	qptas_screened	5000640
msd	500	5	17	stochastic_full_batch	5000640
msd	500	5	17	stochastic_minibatch	5000640
msd	500	5	18	qptas_screened	5000641
msd	500	5	18	stochastic_full_batch	5000641
msd	500	5	18	stochastic_minibatch	5000641
msd	500	5	19	qptas_screened	5000642
msd	500	5	19	stochastic_full_batch	5000642
msd	500	5	19	stochastic_minibatch	5000642
msd	500	10	0	qptas_screened	5001123
msd	500	10	0	stochastic_full_batch	5001123
msd	500	10	0	stochastic_minibatch	5001123
msd	500	10	1	qptas_screened	5001124
msd	500	10	1	stochastic_full_batch	5001124
msd	500	10	1	stochastic_minibatch	5001124
msd	500	10	2	qptas_screened	5001125
msd	500	10	2	stochastic_full_batch	5001125
msd	500	10	2	stochastic_minibatch	5001125
msd	500	10	3	qptas_screened	5001126
msd	500	10	3	stochastic_full_batch	5001126
msd	500	10	3	stochastic_minibatch	5001126
msd	500	10	4	qptas_screened	5001127
msd	500	10	4	stochastic_full_batch	5001127
msd	500	10	4	stochastic_minibatch	5001127
msd	500	10	5	qptas_screened	5001128
msd	500	10	5	stochastic_full_batch	5001128
msd	500	10	5	stochastic_minibatch	5001128
msd	500	10	6	qptas_screened	5001129
msd	500	10	6	stochastic_full_batch	5001129
msd	500	10	6	stochastic_minibatch	5001129
msd	500	10	7	qptas_screened	5001130
msd	500	10	7	stochastic_full_batch	5001130
msd	500	10	7	stochastic_minibatch	5001130
msd	500	10	8	qptas_screened	5001131
msd	500	10	8	stochastic_full_batch	5001131
msd	500	10	8	stochastic_minibatch	5001131
msd	500	10	9	qptas_screened	5001132
msd	500	10	9	stochastic_full_batch	5001132
msd	500	10	9	stochastic_minibatch	5001132
msd	500	10	10	qptas_screened	5001133
msd	500	10	10	stochastic_full_batch	5001133
msd	500	10	10	stochastic_minibatch	5001133
msd	500	10	11	qptas_screened	5001134
msd	500	10	11	stochastic_full_batch	5001134
msd	500	10	11	stochastic_minibatch	5001134
msd	500	10	12	qptas_screened	5001135
msd	500	10	12	stochastic_full_batch	5001135
msd	500	10	12	stochastic_minibatch	5001135
msd	500	10	13	qptas_screened	5001136
msd	500	10	13	stochastic_full_batch	5001136
msd	500	10	13	stochastic_minibatch	5001136
msd	500	10	14	qptas_screened	5001137
msd	500	10	14	stochastic_full_batch	5001137
msd	500	10	14	stochastic_minibatch	5001137
msd	500	10	15	qptas_screened	5001138
msd	500	10	15	stochastic_full_batch	5001138
msd	500	10	15	stochastic_minibatch	5001138
msd	500	10	16	qptas_screened	5001139
msd	500	10	16	stochastic_full_batch	5001139
msd	500	10	16	stochastic_minibatch	5001139
msd	500	10	17	qptas_screened	5001140
msd	500	10	17	stochastic_full_batch	5001140
msd	500	10	17	stochastic_minibatch	5001140
msd	500	10	18	qptas_screened	5001141
msd	500	10	18	stochastic_full_batch	5001141
msd	500	10	18	stochastic_minibatch	5001141
msd	500	10	19	qptas_screened	5001142
msd	500	10	19	stochastic_full_batch	5001142
msd	500	10	19	stochastic_minibatch	5001142
msd	500	20	0	qptas_screened	5002123
msd	500	20	0	stochastic_full_batch	5002123
msd	500	20	0	stochastic_minibatch	5002123
msd	500	20	1	qptas_screened	5002124
msd	500	20	1	stochastic_full_batch	5002124
msd	500	20	1	stochastic_minibatch	5002124
msd	500	20	2	qptas_screened	5002125
msd	500	20	2	stochastic_full_batch	5002125
msd	500	20	2	stochastic_minibatch	5002125
msd	500	20	3	qptas_screened	5002126
msd	500	20	3	stochastic_full_batch	5002126
msd	500	20	3	stochastic_minibatch	5002126
msd	500	20	4	qptas_screened	5002127
msd	500	20	4	stochastic_full_batch	5002127
msd	500	20	4	stochastic_minibatch	5002127
msd	500	20	5	qptas_screened	5002128
msd	500	20	5	stochastic_full_batch	5002128
msd	500	20	5	stochastic_minibatch	5002128
msd	500	20	6	qptas_screened	5002129
msd	500	20	6	stochastic_full_batch	5002129
msd	500	20	6	stochastic_minibatch	5002129
msd	500	20	7	qptas_screened	5002130
msd	500	20	7	stochastic_full_batch	5002130
msd	500	20	7	stochastic_minibatch	5002130
msd	500	20	8	qptas_screened	5002131
msd	500	20	8	stochastic_full_batch	5002131
msd	500	20	8	stochastic_minibatch	5002131
msd	500	20	9	qptas_screened	5002132
msd	500	20	9	stochastic_full_batch	5002132
msd	500	20	9	stochastic_minibatch	5002132
msd	500	20	10	qptas_screened	5002133
msd	500	20	10	stochastic_full_batch	5002133
msd	500	20	10	stochastic_minibatch	5002133
msd	500	20	11	qptas_screened	5002134
msd	500	20	11	stochastic_full_batch	5002134
msd	500	20	11	stochastic_minibatch	5002134
msd	500	20	12	qptas_screened	5002135
msd	500	20	12	stochastic_full_batch	5002135
msd	500	20	12	stochastic_minibatch	5002135
msd	500	20	13	qptas_screened	5002136
msd	500	20	13	stochastic_full_batch	5002136
msd	500	20	13	stochastic_minibatch	5002136
msd	500	20	14	qptas_screened	5002137
msd	500	20	14	stochastic_full_batch	5002137
msd	500	20	14	stochastic_minibatch	5002137
msd	500	20	15	qptas_screened	5002138
msd	500	20	15	stochastic_full_batch	5002138
msd	500	20	15	stochastic_minibatch	5002138
msd	500	20	16	qptas_screened	5002139
msd	500	20	16	stochastic_full_batch	5002139
msd	500	20	16	stochastic_minibatch	5002139
msd	500	20	17	qptas_screened	5002140
msd	500	20	17	stochastic_full_batch	5002140
msd	500	20	17	stochastic_minibatch	5002140
msd	500	20	18	qptas_screened	5002141
msd	500	20	18	stochastic_full_batch	5002141
msd	500	20	18	stochastic_minibatch	5002141
msd	500	20	19	qptas_screened	5002142
msd	500	20	19	stochastic_full_batch	5002142
msd	500	20	19	stochastic_minibatch	5002142
msd	500	50	0	qptas_screened	5005123
msd	500	50	0	stochastic_full_batch	5005123
msd	500	50	0	stochastic_minibatch	5005123
msd	500	50	1	qptas_screened	5005124
msd	500	50	1	stochastic_full_batch	5005124
msd	500	50	1	stochastic_minibatch	5005124
msd	500	50	2	qptas_screened	5005125
msd	500	50	2	stochastic_full_batch	5005125
msd	500	50	2	stochastic_minibatch	5005125
msd	500	50	3	qptas_screened	5005126
msd	500	50	3	stochastic_full_batch	5005126
msd	500	50	3	stochastic_minibatch	5005126
msd	500	50	4	qptas_screened	5005127
msd	500	50	4	stochastic_full_batch	5005127
msd	500	50	4	stochastic_minibatch	5005127
msd	500	50	5	qptas_screened	5005128
msd	500	50	5	stochastic_full_batch	5005128
msd	500	50	5	stochastic_minibatch	5005128
msd	500	50	6	qptas_screened	5005129
msd	500	50	6	stochastic_full_batch	5005129
msd	500	50	6	stochastic_minibatch	5005129
msd	500	50	7	qptas_screened	5005130
msd	500	50	7	stochastic_full_batch	5005130
msd	500	50	7	stochastic_minibatch	5005130
msd	500	50	8	qptas_screened	5005131
msd	500	50	8	stochastic_full_batch	5005131
msd	500	50	8	stochastic_minibatch	5005131
msd	500	50	9	qptas_screened	5005132
msd	500	50	9	stochastic_full_batch	5005132
msd	500	50	9	stochastic_minibatch	5005132
msd	500	50	10	qptas_screened	5005133
msd	500	50	10	stochastic_full_batch	5005133
msd	500	50	10	stochastic_minibatch	5005133
msd	500	50	11	qptas_screened	5005134
msd	500	50	11	stochastic_full_batch	5005134
msd	500	50	11	stochastic_minibatch	5005134
msd	500	50	12	qptas_screened	5005135
msd	500	50	12	stochastic_full_batch	5005135
msd	500	50	12	stochastic_minibatch	5005135
msd	500	50	13	qptas_screened	5005136
msd	500	50	13	stochastic_full_batch	5005136
msd	500	50	13	stochastic_minibatch	5005136
msd	500	50	14	qptas_screened	5005137
msd	500	50	14	stochastic_full_batch	5005137
msd	500	50	14	stochastic_minibatch	5005137
msd	500	50	15	qptas_screened	5005138
msd	500	50	15	stochastic_full_batch	5005138
msd	500	50	15	stochastic_minibatch	5005138
msd	500	50	16	qptas_screened	5005139
msd	500	50	16	stochastic_full_batch	5005139
msd	500	50	16	stochastic_minibatch	5005139
msd	500	50	17	qptas_screened	5005140
msd	500	50	17	stochastic_full_batch	5005140
msd	500	50	17	stochastic_minibatch	5005140
msd	500	50	18	qptas_screened	5005141
msd	500	50	18	stochastic_full_batch	5005141
msd	500	50	18	stochastic_minibatch	5005141
msd	500	50	19	qptas_screened	5005142
msd	500	50	19	stochastic_full_batch	5005142
msd	500	50	19	stochastic_minibatch	5005142
cvar	5	5	0	qptas_screened	1050623
cvar	5	5	0	stochastic_full_batch	1050623
cvar	5	5	0	stochastic_minibatch	1050623
cvar	5	5	1	qptas_screened	1050624
cvar	5	5	1	stochastic_full_batch	1050624
cvar	5	5	1	stochastic_minibatch	1050624
cvar	5	5	2	qptas_screened	1050625
cvar	5	5	2	stochastic_full_batch	1050625
cvar	5	5	2	stochastic_minibatch	1050625
cvar	5	5	3	qptas_screened	1050626
cvar	5	5	3	stochastic_full_batch	1050626
cvar	5	5	3	stochastic_minibatch	1050626
cvar	5	5	4	qptas_screened	1050627
cvar	5	5	4	stochastic_full_batch	1050627
cvar	5	5	4	stochastic_minibatch	1050627
cvar	5	5	5	qptas_screened	1050628
cvar	5	5	5	stochastic_full_batch	1050628
cvar	5	5	5	stochastic_minibatch	1050628
cvar	5	5	6	qptas_screened	1050629
cvar	5	5	6	stochastic_full_batch	1050629
cvar	5	5	6	stochastic_minibatch	1050629
cvar	5	5	7	qptas_screened	1050630
cvar	5	5	7	stochastic_full_batch	1050630
cvar	5	5	7	stochastic_minibatch	1050630
cvar	5	5	8	qptas_screened	1050631
cvar	5	5	8	stochastic_full_batch	1050631
cvar	5	5	8	stochastic_minibatch	1050631
cvar	5	5	9	qptas_screened	1050632
cvar	5	5	9	stochastic_full_batch	1050632
cvar	5	5	9	stochastic_minibatch	1050632
cvar	5	5	10	qptas_screened	1050633
cvar	5	5	10	stochastic_full_batch	1050633
cvar	5	5	10	stochastic_minibatch	1050633
cvar	5	5	11	qptas_screened	1050634
cvar	5	5	11	stochastic_full_batch	1050634
cvar	5	5	11	stochastic_minibatch	1050634
cvar	5	5	12	qptas_screened	1050635
cvar	5	5	12	stochastic_full_batch	1050635
cvar	5	5	12	stochastic_minibatch	1050635
cvar	5	5	13	qptas_screened	1050636
cvar	5	5	13	stochastic_full_batch	1050636
cvar	5	5	13	stochastic_minibatch	1050636
cvar	5	5	14	qptas_screened	1050637
cvar	5	5	14	stochastic_full_batch	1050637
cvar	5	5	14	stochastic_minibatch	1050637
cvar	5	5	15	qptas_screened	1050638
cvar	5	5	15	stochastic_full_batch	1050638
cvar	5	5	15	stochastic_minibatch	1050638
cvar	5	5	16	qptas_screened	1050639
cvar	5	5	16	stochastic_full_batch	1050639
cvar	5	5	16	stochastic_minibatch	1050639
cvar	5	5	17	qptas_screened	1050640
cvar	5	5	17	stochastic_full_batch	1050640
cvar	5	5	17	stochastic_minibatch	1050640
cvar	5	5	18	qptas_screened	1050641
cvar	5	5	18	stochastic_full_batch	1050641
cvar	5	5	18	stochastic_minibatch	1050641
cvar	5	5	19	qptas_screened	1050642
cvar	5	5	19	stochastic_full_batch	1050642
cvar	5	5	19	stochastic_minibatch	1050642
cvar	5	10	0	qptas_screened	1051123
cvar	5	10	0	stochastic_full_batch	1051123
cvar	5	10	0	stochastic_minibatch	1051123
cvar	5	10	1	qptas_screened	1051124
cvar	5	10	1	stochastic_full_batch	1051124
cvar	5	10	1	stochastic_minibatch	1051124
cvar	5	10	2	qptas_screened	1051125
cvar	5	10	2	stochastic_full_batch	1051125
cvar	5	10	2	stochastic_minibatch	1051125
cvar	5	10	3	qptas_screened	1051126
cvar	5	10	3	stochastic_full_batch	1051126
cvar	5	10	3	stochastic_minibatch	1051126
cvar	5	10	4	qptas_screened	1051127
cvar	5	10	4	stochastic_full_batch	1051127
cvar	5	10	4	stochastic_minibatch	1051127
cvar	5	10	5	qptas_screened	1051128
cvar	5	10	5	stochastic_full_batch	1051128
cvar	5	10	5	stochastic_minibatch	1051128
cvar	5	10	6	qptas_screened	1051129
cvar	5	10	6	stochastic_full_batch	1051129
cvar	5	10	6	stochastic_minibatch	1051129
cvar	5	10	7	qptas_screened	1051130
cvar	5	10	7	stochastic_full_batch	1051130
cvar	5	10	7	stochastic_minibatch	1051130
cvar	5	10	8	qptas_screened	1051131
cvar	5	10	8	stochastic_full_batch	1051131
cvar	5	10	8	stochastic_minibatch	1051131
cvar	5	10	9	qptas_screened	1051132
cvar	5	10	9	stochastic_full_batch	1051132
cvar	5	10	9	stochastic_minibatch	1051132
cvar	5	10	10	qptas_screened	1051133
cvar	5	10	10	stochastic_full_batch	1051133
cvar	5	10	10	stochastic_minibatch	1051133
cvar	5	10	11	qptas_screened	1051134
cvar	5	10	11	stochastic_full_batch	1051134
cvar	5	10	11	stochastic_minibatch	1051134
cvar	5	10	12	qptas_screened	1051135
cvar	5	10	12	stochastic_full_batch	1051135
cvar	5	10	12	stochastic_minibatch	1051135
cvar	5	10	13	qptas_screened	1051136
cvar	5	10	13	stochastic_full_batch	1051136
cvar	5	10	13	stochastic_minibatch	1051136
cvar	5	10	14	qptas_screened	1051137
cvar	5	10	14	stochastic_full_batch	1051137
cvar	5	10	14	stochastic_minibatch	1051137
cvar	5	10	15	qptas_screened	1051138
cvar	5	10	15	stochastic_full_batch	1051138
cvar	5	10	15	stochastic_minibatch	1051138
cvar	5	10	16	qptas_screened	1051139
cvar	5	10	16	stochastic_full_batch	1051139
cvar	5	10	16	stochastic_minibatch	1051139
cvar	5	10	17	qptas_screened	1051140
cvar	5	10	17	stochastic_full_batch	1051140
cvar	5	10	17	stochastic_minibatch	1051140
cvar	5	10	18	qptas_screened	1051141
cvar	5	10	18	stochastic_full_batch	1051141
cvar	5	10	18	stochastic_minibatch	1051141
cvar	5	10	19	qptas_screened	1051142
cvar	5	10	19	stochastic_full_batch	1051142
cvar	5	10	19	stochastic_minibatch	1051142
cvar	5	20	0	qptas_screened	1052123
cvar	5	20	0	stochastic_full_batch	1052123
cvar	5	20	0	stochastic_minibatch	1052123
cvar	5	20	1	qptas_screened	1052124
cvar	5	20	1	stochastic_full_batch	1052124
cvar	5	20	1	stochastic_minibatch	1052124
cvar	5	20	2	qptas_screened	1052125
cvar	5	20	2	stochastic_full_batch	1052125
cvar	5	20	2	stochastic_minibatch	1052125
cvar	5	20	3	qptas_screened	1052126
cvar	5	20	3	stochastic_full_batch	1052126
cvar	5	20	3	stochastic_minibatch	1052126
cvar	5	20	4	qptas_screened	1052127
cvar	5	20	4	stochastic_full_batch	1052127
cvar	5	20	4	stochastic_minibatch	1052127
cvar	5	20	5	qptas_screened	1052128
cvar	5	20	5	stochastic_full_batch	1052128
cvar	5	20	5	stochastic_minibatch	1052128
cvar	5	20	6	qptas_screened	1052129
cvar	5	20	6	stochastic_full_batch	1052129
cvar	5	20	6	stochastic_minibatch	1052129
cvar	5	20	7	qptas_screened	1052130
cvar	5	20	7	stochastic_full_batch	1052130
cvar	5	20	7	stochastic_minibatch	1052130
cvar	5	20	8	qptas_screened	1052131
cvar	5	20	8	stochastic_full_batch	1052131
cvar	5	20	8	stochastic_minibatch	1052131
cvar	5	20	9	qptas_screened	1052132
cvar	5	20	9	stochastic_full_batch	1052132
cvar	5	20	9	stochastic_minibatch	1052132
cvar	5	20	10	qptas_screened	1052133
cvar	5	20	10	stochastic_full_batch	1052133
cvar	5	20	10	stochastic_minibatch	1052133
cvar	5	20	11	qptas_screened	1052134
cvar	5	20	11	stochastic_full_batch	1052134
cvar	5	20	11	stochastic_minibatch	1052134
cvar	5	20	12	qptas_screened	1052135
cvar	5	20	12	stochastic_full_batch	1052135
cvar	5	20	12	stochastic_minibatch	1052135
cvar	5	20	13	qptas_screened	1052136
cvar	5	20	13	stochastic_full_batch	1052136
cvar	5	20	13	stochastic_minibatch	1052136
cvar	5	20	14	qptas_screened	1052137
cvar	5	20	14	stochastic_full_batch	1052137
cvar	5	20	14	stochastic_minibatch	1052137
cvar	5	20	15	qptas_screened	1052138
cvar	5	20	15	stochastic_full_batch	1052138
cvar	5	20	15	stochastic_minibatch	1052138
cvar	5	20	16	qptas_screened	1052139
cvar	5	20	16	stochastic_full_batch	1052139
cvar	5	20	16	stochastic_minibatch	1052139
cvar	5	20	17	qptas_screened	1052140
cvar	5	20	17	stochastic_full_batch	1052140
cvar	5	20	17	stochastic_minibatch	1052140
cvar	5	20	18	qptas_screened	1052141
cvar	5	20	18	stochastic_full_batch	1052141
cvar	5	20	18	stochastic_minibatch	1052141
cvar	5	20	19	qptas_screened	1052142
cvar	5	20	19	stochastic_full_batch	1052142
cvar	5	20	19	stochastic_minibatch	1052142
cvar	5	50	0	qptas_screened	1055123
cvar	5	50	0	stochastic_full_batch	1055123
cvar	5	50	0	stochastic_minibatch	1055123
cvar	5	50	1	qptas_screened	1055124
cvar	5	50	1	stochastic_full_batch	1055124
cvar	5	50	1	stochastic_minibatch	1055124
cvar	5	50	2	qptas_screened	1055125
cvar	5	50	2	stochastic_full_batch	1055125
cvar	5	50	2	stochastic_minibatch	1055125
cvar	5	50	3	qptas_screened	1055126
cvar	5	50	3	stochastic_full_batch	1055126
cvar	5	50	3	stochastic_minibatch	1055126
cvar	5	50	4	qptas_screened	1055127
cvar	5	50	4	stochastic_full_batch	1055127
cvar	5	50	4	stochastic_minibatch	1055127
cvar	5	50	5	qptas_screened	1055128
cvar	5	50	5	stochastic_full_batch	1055128
cvar	5	50	5	stochastic_minibatch	1055128
cvar	5	50	6	qptas_screened	1055129
cvar	5	50	6	stochastic_full_batch	1055129
cvar	5	50	6	stochastic_minibatch	1055129
cvar	5	50	7	qptas_screened	1055130
cvar	5	50	7	stochastic_full_batch	1055130
cvar	5	50	7	stochastic_minibatch	1055130
cvar	5	50	8	qptas_screened	1055131
cvar	5	50	8	stochastic_full_batch	1055131
cvar	5	50	8	stochastic_minibatch	1055131
cvar	5	50	9	qptas_screened	1055132
cvar	5	50	9	stochastic_full_batch	1055132
cvar	5	50	9	stochastic_minibatch	1055132
cvar	5	50	10	qptas_screened	1055133
cvar	5	50	10	stochastic_full_batch	1055133
cvar	5	50	10	stochastic_minibatch	1055133
cvar	5	50	11	qptas_screened	1055134
cvar	5	50	11	stochastic_full_batch	1055134
cvar	5	50	11	stochastic_minibatch	1055134
cvar	5	50	12	qptas_screened	1055135
cvar	5	50	12	stochastic_full_batch	1055135
cvar	5	50	12	stochastic_minibatch	1055135
cvar	5	50	13	qptas_screened	1055136
cvar	5	50	13	stochastic_full_batch	1055136
cvar	5	50	13	stochastic_minibatch	1055136
cvar	5	50	14	qptas_screened	1055137
cvar	5	50	14	stochastic_full_batch	1055137
cvar	5	50	14	stochastic_minibatch	1055137
cvar	5	50	15	qptas_screened	1055138
cvar	5	50	15	stochastic_full_batch	1055138
cvar	5	50	15	stochastic_minibatch	1055138
cvar	5	50	16	qptas_screened	1055139
cvar	5	50	16	stochastic_full_batch	1055139
cvar	5	50	16	stochastic_minibatch	1055139
cvar	5	50	17	qptas_screened	1055140
cvar	5	50	17	stochastic_full_batch	1055140
cvar	5	50	17	stochastic_minibatch	1055140
cvar	5	50	18	qptas_screened	1055141
cvar	5	50	18	stochastic_full_batch	1055141
cvar	5	50	18	stochastic_minibatch	1055141
cvar	5	50	19	qptas_screened	1055142
cvar	5	50	19	stochastic_full_batch	1055142
cvar	5	50	19	stochastic_minibatch	1055142
cvar	10	5	0	qptas_screened	1100623
cvar	10	5	0	stochastic_full_batch	1100623
cvar	10	5	0	stochastic_minibatch	1100623
cvar	10	5	1	qptas_screened	1100624
cvar	10	5	1	stochastic_full_batch	1100624
cvar	10	5	1	stochastic_minibatch	1100624
cvar	10	5	2	qptas_screened	1100625
cvar	10	5	2	stochastic_full_batch	1100625
cvar	10	5	2	stochastic_minibatch	1100625
cvar	10	5	3	qptas_screened	1100626
cvar	10	5	3	stochastic_full_batch	1100626
cvar	10	5	3	stochastic_minibatch	1100626
cvar	10	5	4	qptas_screened	1100627
cvar	10	5	4	stochastic_full_batch	1100627
cvar	10	5	4	stochastic_minibatch	1100627
cvar	10	5	5	qptas_screened	1100628
cvar	10	5	5	stochastic_full_batch	1100628
cvar	10	5	5	stochastic_minibatch	1100628
cvar	10	5	6	qptas_screened	1100629
cvar	10	5	6	stochastic_full_batch	1100629
cvar	10	5	6	stochastic_minibatch	1100629
cvar	10	5	7	qptas_screened	1100630
cvar	10	5	7	stochastic_full_batch	1100630
cvar	10	5	7	stochastic_minibatch	1100630
cvar	10	5	8	qptas_screened	1100631
cvar	10	5	8	stochastic_full_batch	1100631
cvar	10	5	8	stochastic_minibatch	1100631
cvar	10	5	9	qptas_screened	1100632
cvar	10	5	9	stochastic_full_batch	1100632
cvar	10	5	9	stochastic_minibatch	1100632
cvar	10	5	10	qptas_screened	1100633
cvar	10	5	10	stochastic_full_batch	1100633
cvar	10	5	10	stochastic_minibatch	1100633
cvar	10	5	11	qptas_screened	1100634
cvar	10	5	11	stochastic_full_batch	1100634
cvar	10	5	11	stochastic_minibatch	1100634
cvar	10	5	12	qptas_screened	1100635
cvar	10	5	12	stochastic_full_batch	1100635
cvar	10	5	12	stochastic_minibatch	1100635
cvar	10	5	13	qptas_screened	1100636
cvar	10	5	13	stochastic_full_batch	1100636
cvar	10	5	13	stochastic_minibatch	1100636
cvar	10	5	14	qptas_screened	1100637
cvar	10	5	14	stochastic_full_batch	1100637
cvar	10	5	14	stochastic_minibatch	1100637
cvar	10	5	15	qptas_screened	1100638
cvar	10	5	15	stochastic_full_batch	1100638
cvar	10	5	15	stochastic_minibatch	1100638
cvar	10	5	16	qptas_screened	1100639
cvar	10	5	16	stochastic_full_batch	1100639
cvar	10	5	16	stochastic_minibatch	1100639
cvar	10	5	17	qptas_screened	1100640
cvar	10	5	17	stochastic_full_batch	1100640
cvar	10	5	17	stochastic_minibatch	1100640
cvar	10	5	18	qptas_screened	1100641
cvar	10	5	18	stochastic_full_batch	1100641
cvar	10	5	18	stochastic_minibatch	1100641
cvar	10	5	19	qptas_screened	1100642
cvar	10	5	19	stochastic_full_batch	1100642
cvar	10	5	19	stochastic_minibatch	1100642
cvar	10	10	0	qptas_screened	1101123
cvar	10	10	0	stochastic_full_batch	1101123
cvar	10	10	0	stochastic_minibatch	1101123
cvar	10	10	1	qptas_screened	1101124
cvar	10	10	1	stochastic_full_batch	1101124
cvar	10	10	1	stochastic_minibatch	1101124
cvar	10	10	2	qptas_screened	1101125
cvar	10	10	2	stochastic_full_batch	1101125
cvar	10	10	2	stochastic_minibatch	1101125
cvar	10	10	3	qptas_screened	1101126
cvar	10	10	3	stochastic_full_batch	1101126
cvar	10	10	3	stochastic_minibatch	1101126
cvar	10	10	4	qptas_screened	1101127
cvar	10	10	4	stochastic_full_batch	1101127
cvar	10	10	4	stochastic_minibatch	1101127
cvar	10	10	5	qptas_screened	1101128
cvar	10	10	5	stochastic_full_batch	1101128
cvar	10	10	5	stochastic_minibatch	1101128
cvar	10	10	6	qptas_screened	1101129
cvar	10	10	6	stochastic_full_batch	1101129
cvar	10	10	6	stochastic_minibatch	1101129
cvar	10	10	7	qptas_screened	1101130
cvar	10	10	7	stochastic_full_batch	1101130
cvar	10	10	7	stochastic_minibatch	1101130
cvar	10	10	8	qptas_screened	1101131
cvar	10	10	8	stochastic_full_batch	1101131
cvar	10	10	8	stochastic_minibatch	1101131
cvar	10	10	9	qptas_screened	1101132
cvar	10	10	9	stochastic_full_batch	1101132
cvar	10	10	9	stochastic_minibatch	1101132
cvar	10	10	10	qptas_screened	1101133
cvar	10	10	10	stochastic_full_batch	1101133
cvar	10	10	10	stochastic_minibatch	1101133
cvar	10	10	11	qptas_screened	1101134
cvar	10	10	11	stochastic_full_batch	1101134
cvar	10	10	11	stochastic_minibatch	1101134
cvar	10	10	12	qptas_screened	1101135
cvar	10	10	12	stochastic_full_batch	1101135
cvar	10	10	12	stochastic_minibatch	1101135
cvar	10	10	13	qptas_screened	1101136
cvar	10	10	13	stochastic_full_batch	1101136
cvar	10	10	13	stochastic_minibatch	1101136
cvar	10	10	14	qptas_screened	1101137
cvar	10	10	14	stochastic_full_batch	1101137
cvar	10	10	14	stochastic_minibatch	1101137
cvar	10	10	15	qptas_screened	1101138
cvar	10	10	15	stochastic_full_batch	1101138
cvar	10	10	15	stochastic_minibatch	1101138
cvar	10	10	16	qptas_screened	1101139
cvar	10	10	16	stochastic_full_batch	1101139
cvar	10	10	16	stochastic_minibatch	1101139
cvar	10	10	17	qptas_screened	1101140
cvar	10	10	17	stochastic_full_batch	1101140
cvar	10	10	17	stochastic_minibatch	1101140
cvar	10	10	18	qptas_screened	1101141
cvar	10	10	18	stochastic_full_batch	1101141
cvar	10	10	18	stochastic_minibatch	1101141
cvar	10	10	19	qptas_screened	1101142
cvar	10	10	19	stochastic_full_batch	1101142
cvar	10	10	19	stochastic_minibatch	1101142
cvar	10	20	0	qptas_screened	1102123
cvar	10	20	0	stochastic_full_batch	1102123
cvar	10	20	0	stochastic_minibatch	1102123
cvar	10	20	1	qptas_screened	1102124
cvar	10	20	1	stochastic_full_batch	1102124
cvar	10	20	1	stochastic_minibatch	1102124
cvar	10	20	2	qptas_screened	1102125
cvar	10	20	2	stochastic_full_batch	1102125
cvar	10	20	2	stochastic_minibatch	1102125
cvar	10	20	3	qptas_screened	1102126
cvar	10	20	3	stochastic_full_batch	1102126
cvar	10	20	3	stochastic_minibatch	1102126
cvar	10	20	4	qptas_screened	1102127
cvar	10	20	4	stochastic_full_batch	1102127
cvar	10	20	4	stochastic_minibatch	1102127
cvar	10	20	5	qptas_screened	1102128
cvar	10	20	5	stochastic_full_batch	1102128
cvar	10	20	5	stochastic_minibatch	1102128
cvar	10	20	6	qptas_screened	1102129
cvar	10	20	6	stochastic_full_batch	1102129
cvar	10	20	6	stochastic_minibatch	1102129
cvar	10	20	7	qptas_screened	1102130
cvar	10	20	7	stochastic_full_batch	1102130
cvar	10	20	7	stochastic_minibatch	1102130
cvar	10	20	8	qptas_screened	1102131
cvar	10	20	8	stochastic_full_batch	1102131
cvar	10	20	8	stochastic_minibatch	1102131
cvar	10	20	9	qptas_screened	1102132
cvar	10	20	9	stochastic_full_batch	1102132
cvar	10	20	9	stochastic_minibatch	1102132
cvar	10	20	10	qptas_screened	1102133
cvar	10	20	10	stochastic_full_batch	1102133
cvar	10	20	10	stochastic_minibatch	1102133
cvar	10	20	11	qptas_screened	1102134
cvar	10	20	11	stochastic_full_batch	1102134
cvar	10	20	11	stochastic_minibatch	1102134
cvar	10	20	12	qptas_screened	1102135
cvar	10	20	12	stochastic_full_batch	1102135
cvar	10	20	12	stochastic_minibatch	1102135
cvar	10	20	13	qptas_screened	1102136
cvar	10	20	13	stochastic_full_batch	1102136
cvar	10	20	13	stochastic_minibatch	1102136
cvar	10	20	14	qptas_screened	1102137
cvar	10	20	14	stochastic_full_batch	1102137
cvar	10	20	14	stochastic_minibatch	1102137
cvar	10	20	15	qptas_screened	1102138
cvar	10	20	15	stochastic_full_batch	1102138
cvar	10	20	15	stochastic_minibatch	1102138
cvar	10	20	16	qptas_screened	1102139
cvar	10	20	16	stochastic_full_batch	1102139
cvar	10	20	16	stochastic_minibatch	1102139
cvar	10	20	17	qptas_screened	1102140
cvar	10	20	17	stochastic_full_batch	1102140
cvar	10	20	17	stochastic_minibatch	1102140
cvar	10	20	18	qptas_screened	1102141
cvar	10	20	18	stochastic_full_batch	1102141
cvar	10	20	18	stochastic_minibatch	1102141
cvar	10	20	19	qptas_screened	1102142
cvar	10	20	19	stochastic_full_batch	1102142
cvar	10	20	19	stochastic_minibatch	1102142
cvar	10	50	0	qptas_screened	1105123
cvar	10	50	0	stochastic_full_batch	1105123
cvar	10	50	0	stochastic_minibatch	1105123
cvar	10	50	1	qptas_screened	1105124
cvar	10	50	1	stochastic_full_batch	1105124
cvar	10	50	1	stochastic_minibatch	1105124
cvar	10	50	2	qptas_screened	1105125
cvar	10	50	2	stochastic_full_batch	1105125
cvar	10	50	2	stochastic_minibatch	1105125
cvar	10	50	3	qptas_screened	1105126
cvar	10	50	3	stochastic_full_batch	1105126
cvar	10	50	3	stochastic_minibatch	1105126
cvar	10	50	4	qptas_screened	1105127
cvar	10	50	4	stochastic_full_batch	1105127
cvar	10	50	4	stochastic_minibatch	1105127
cvar	10	50	5	qptas_screened	1105128
cvar	10	50	5	stochastic_full_batch	1105128
cvar	10	50	5	stochastic_minibatch	1105128
cvar	10	50	6	qptas_screened	1105129
cvar	10	50	6	stochastic_full_batch	1105129
cvar	10	50	6	stochastic_minibatch	1105129
cvar	10	50	7	qptas_screened	1105130
cvar	10	50	7	stochastic_full_batch	1105130
cvar	10	50	7	stochastic_minibatch	1105130
cvar	10	50	8	qptas_screened	1105131
cvar	10	50	8	stochastic_full_batch	1105131
cvar	10	50	8	stochastic_minibatch	1105131
cvar	10	50	9	qptas_screened	1105132
cvar	10	50	9	stochastic_full_batch	1105132
cvar	10	50	9	stochastic_minibatch	1105132
cvar	10	50	10	qptas_screened	1105133
cvar	10	50	10	stochastic_full_batch	1105133
cvar	10	50	10	stochastic_minibatch	1105133
cvar	10	50	11	qptas_screened	1105134
cvar	10	50	11	stochastic_full_batch	1105134
cvar	10	50	11	stochastic_minibatch	1105134
cvar	10	50	12	qptas_screened	1105135
cvar	10	50	12	stochastic_full_batch	1105135
cvar	10	50	12	stochastic_minibatch	1105135
cvar	10	50	13	qptas_screened	1105136
cvar	10	50	13	stochastic_full_batch	1105136
cvar	10	50	13	stochastic_minibatch	1105136
cvar	10	50	14	qptas_screened	1105137
cvar	10	50	14	stochastic_full_batch	1105137
cvar	10	50	14	stochastic_minibatch	1105137
cvar	10	50	15	qptas_screened	1105138
cvar	10	50	15	stochastic_full_batch	1105138
cvar	10	50	15	stochastic_minibatch	1105138
cvar	10	50	16	qptas_screened	1105139
cvar	10	50	16	stochastic_full_batch	1105139
cvar	10	50	16	stochastic_minibatch	1105139
cvar	10	50	17	qptas_screened	1105140
cvar	10	50	17	stochastic_full_batch	1105140
cvar	10	50	17	stochastic_minibatch	1105140
cvar	10	50	18	qptas_screened	1105141
cvar	10	50	18	stochastic_full_batch	1105141
cvar	10	50	18	stochastic_minibatch	1105141
cvar	10	50	19	qptas_screened	1105142
cvar	10	50	19	stochastic_full_batch	1105142
cvar	10	50	19	stochastic_minibatch	1105142
cvar	30	5	0	qptas_screened	1300623
cvar	30	5	0	stochastic_full_batch	1300623
cvar	30	5	0	stochastic_minibatch	1300623
cvar	30	5	1	qptas_screened	1300624
cvar	30	5	1	stochastic_full_batch	1300624
cvar	30	5	1	stochastic_minibatch	1300624
cvar	30	5	2	qptas_screened	1300625
cvar	30	5	2	stochastic_full_batch	1300625
cvar	30	5	2	stochastic_minibatch	1300625
cvar	30	5	3	qptas_screened	1300626
cvar	30	5	3	stochastic_full_batch	1300626
cvar	30	5	3	stochastic_minibatch	1300626
cvar	30	5	4	qptas_screened	1300627
cvar	30	5	4	stochastic_full_batch	1300627
cvar	30	5	4	stochastic_minibatch	1300627
cvar	30	5	5	qptas_screened	1300628
cvar	30	5	5	stochastic_full_batch	1300628
cvar	30	5	5	stochastic_minibatch	1300628
cvar	30	5	6	qptas_screened	1300629
cvar	30	5	6	stochastic_full_batch	1300629
cvar	30	5	6	stochastic_minibatch	1300629
cvar	30	5	7	qptas_screened	1300630
cvar	30	5	7	stochastic_full_batch	1300630
cvar	30	5	7	stochastic_minibatch	1300630
cvar	30	5	8	qptas_screened	1300631
cvar	30	5	8	stochastic_full_batch	1300631
cvar	30	5	8	stochastic_minibatch	1300631
cvar	30	5	9	qptas_screened	1300632
cvar	30	5	9	stochastic_full_batch	1300632
cvar	30	5	9	stochastic_minibatch	1300632
cvar	30	5	10	qptas_screened	1300633
cvar	30	5	10	stochastic_full_batch	1300633
cvar	30	5	10	stochastic_minibatch	1300633
cvar	30	5	11	qptas_screened	1300634
cvar	30	5	11	stochastic_full_batch	1300634
cvar	30	5	11	stochastic_minibatch	1300634
cvar	30	5	12	qptas_screened	1300635
cvar	30	5	12	stochastic_full_batch	1300635
cvar	30	5	12	stochastic_minibatch	1300635
cvar	30	5	13	qptas_screened	1300636
cvar	30	5	13	stochastic_full_batch	1300636
cvar	30	5	13	stochastic_minibatch	1300636
cvar	30	5	14	qptas_screened	1300637
cvar	30	5	14	stochastic_full_batch	1300637
cvar	30	5	14	stochastic_minibatch	1300637
cvar	30	5	15	qptas_screened	1300638
cvar	30	5	15	stochastic_full_batch	1300638
cvar	30	5	15	stochastic_minibatch	1300638
cvar	30	5	16	qptas_screened	1300639
cvar	30	5	16	stochastic_full_batch	1300639
cvar	30	5	16	stochastic_minibatch	1300639
cvar	30	5	17	qptas_screened	1300640
cvar	30	5	17	stochastic_full_batch	1300640
cvar	30	5	17	stochastic_minibatch	1300640
cvar	30	5	18	qptas_screened	1300641
cvar	30	5	18	stochastic_full_batch	1300641
cvar	30	5	18	stochastic_minibatch	1300641
cvar	30	5	19	qptas_screened	1300642
cvar	30	5	19	stochastic_full_batch	1300642
cvar	30	5	19	stochastic_minibatch	1300642
cvar	30	10	0	qptas_screened	1301123
cvar	30	10	0	stochastic_full_batch	1301123
cvar	30	10	0	stochastic_minibatch	1301123
cvar	30	10	1	qptas_screened	1301124
cvar	30	10	1	stochastic_full_batch	1301124
cvar	30	10	1	stochastic_minibatch	1301124
cvar	30	10	2	qptas_screened	1301125
cvar	30	10	2	stochastic_full_batch	1301125
cvar	30	10	2	stochastic_minibatch	1301125
cvar	30	10	3	qptas_screened	1301126
cvar	30	10	3	stochastic_full_batch	1301126
cvar	30	10	3	stochastic_minibatch	1301126
cvar	30	10	4	qptas_screened	1301127
cvar	30	10	4	stochastic_full_batch	1301127
cvar	30	10	4	stochastic_minibatch	1301127
cvar	30	10	5	qptas_screened	1301128
cvar	30	10	5	stochastic_full_batch	1301128
cvar	30	10	5	stochastic_minibatch	1301128
cvar	30	10	6	qptas_screened	1301129
cvar	30	10	6	stochastic_full_batch	1301129
cvar	30	10	6	stochastic_minibatch	1301129
cvar	30	10	7	qptas_screened	1301130
cvar	30	10	7	stochastic_full_batch	1301130
cvar	30	10	7	stochastic_minibatch	1301130
cvar	30	10	8	qptas_screened	1301131
cvar	30	10	8	stochastic_full_batch	1301131
cvar	30	10	8	stochastic_minibatch	1301131
cvar	30	10	9	qptas_screened	1301132
cvar	30	10	9	stochastic_full_batch	1301132
cvar	30	10	9	stochastic_minibatch	1301132
cvar	30	10	10	qptas_screened	1301133
cvar	30	10	10	stochastic_full_batch	1301133
cvar	30	10	10	stochastic_minibatch	1301133
cvar	30	10	11	qptas_screened	1301134
cvar	30	10	11	stochastic_full_batch	1301134
cvar	30	10	11	stochastic_minibatch	1301134
cvar	30	10	12	qptas_screened	1301135
cvar	30	10	12	stochastic_full_batch	1301135
cvar	30	10	12	stochastic_minibatch	1301135
cvar	30	10	13	qptas_screened	1301136
cvar	30	10	13	stochastic_full_batch	1301136
cvar	30	10	13	stochastic_minibatch	1301136
cvar	30	10	14	qptas_screened	1301137
cvar	30	10	14	stochastic_full_batch	1301137
cvar	30	10	14	stochastic_minibatch	1301137
cvar	30	10	15	qptas_screened	1301138
cvar	30	10	15	stochastic_full_batch	1301138
cvar	30	10	15	stochastic_minibatch	1301138
cvar	30	10	16	qptas_screened	1301139
cvar	30	10	16	stochastic_full_batch	1301139
cvar	30	10	16	stochastic_minibatch	1301139
cvar	30	10	17	qptas_screened	1301140
cvar	30	10	17	stochastic_full_batch	1301140
cvar	30	10	17	stochastic_minibatch	1301140
cvar	30	10	18	qptas_screened	1301141
cvar	30	10	18	stochastic_full_batch	1301141
cvar	30	10	18	stochastic_minibatch	1301141
cvar	30	10	19	qptas_screened	1301142
cvar	30	10	19	stochastic_full_batch	1301142
cvar	30	10	19	stochastic_minibatch	1301142
cvar	30	20	0	qptas_screened	1302123
cvar	30	20	0	stochastic_full_batch	1302123
cvar	30	20	0	stochastic_minibatch	1302123
cvar	30	20	1	qptas_screened	1302124
cvar	30	20	1	stochastic_full_batch	1302124
cvar	30	20	1	stochastic_minibatch	1302124
cvar	30	20	2	qptas_screened	1302125
cvar	30	20	2	stochastic_full_batch	1302125
cvar	30	20	2	stochastic_minibatch	1302125
cvar	30	20	3	qptas_screened	1302126
cvar	30	20	3	stochastic_full_batch	1302126
cvar	30	20	3	stochastic_minibatch	1302126
cvar	30	20	4	qptas_screened	1302127
cvar	30	20	4	stochastic_full_batch	1302127
cvar	30	20	4	stochastic_minibatch	1302127
cvar	30	20	5	qptas_screened	1302128
cvar	30	20	5	stochastic_full_batch	1302128
cvar	30	20	5	stochastic_minibatch	1302128
cvar	30	20	6	qptas_screened	1302129
cvar	30	20	6	stochastic_full_batch	1302129
cvar	30	20	6	stochastic_minibatch	1302129
cvar	30	20	7	qptas_screened	1302130
cvar	30	20	7	stochastic_full_batch	1302130
cvar	30	20	7	stochastic_minibatch	1302130
cvar	30	20	8	qptas_screened	1302131
cvar	30	20	8	stochastic_full_batch	1302131
cvar	30	20	8	stochastic_minibatch	1302131
cvar	30	20	9	qptas_screened	1302132
cvar	30	20	9	stochastic_full_batch	1302132
cvar	30	20	9	stochastic_minibatch	1302132
cvar	30	20	10	qptas_screened	1302133
cvar	30	20	10	stochastic_full_batch	1302133
cvar	30	20	10	stochastic_minibatch	1302133
cvar	30	20	11	qptas_screened	1302134
cvar	30	20	11	stochastic_full_batch	1302134
cvar	30	20	11	stochastic_minibatch	1302134
cvar	30	20	12	qptas_screened	1302135
cvar	30	20	12	stochastic_full_batch	1302135
cvar	30	20	12	stochastic_minibatch	1302135
cvar	30	20	13	qptas_screened	1302136
cvar	30	20	13	stochastic_full_batch	1302136
cvar	30	20	13	stochastic_minibatch	1302136
cvar	30	20	14	qptas_screened	1302137
cvar	30	20	14	stochastic_full_batch	1302137
cvar	30	20	14	stochastic_minibatch	1302137
cvar	30	20	15	qptas_screened	1302138
cvar	30	20	15	stochastic_full_batch	1302138
cvar	30	20	15	stochastic_minibatch	1302138
cvar	30	20	16	qptas_screened	1302139
cvar	30	20	16	stochastic_full_batch	1302139
cvar	30	20	16	stochastic_minibatch	1302139
cvar	30	20	17	qptas_screened	1302140
cvar	30	20	17	stochastic_full_batch	1302140
cvar	30	20	17	stochastic_minibatch	1302140
cvar	30	20	18	qptas_screened	1302141
cvar	30	20	18	stochastic_full_batch	1302141
cvar	30	20	18	stochastic_minibatch	1302141
cvar	30	20	19	qptas_screened	1302142
cvar	30	20	19	stochastic_full_batch	1302142
cvar	30	20	19	stochastic_minibatch	1302142
cvar	30	50	0	qptas_screened	1305123
cvar	30	50	0	stochastic_full_batch	1305123
cvar	30	50	0	stochastic_minibatch	1305123
cvar	30	50	1	qptas_screened	1305124
cvar	30	50	1	stochastic_full_batch	1305124
cvar	30	50	1	stochastic_minibatch	1305124
cvar	30	50	2	qptas_screened	1305125
cvar	30	50	2	stochastic_full_batch	1305125
cvar	30	50	2	stochastic_minibatch	1305125
cvar	30	50	3	qptas_screened	1305126
cvar	30	50	3	stochastic_full_batch	1305126
cvar	30	50	3	stochastic_minibatch	1305126
cvar	30	50	4	qptas_screened	1305127
cvar	30	50	4	stochastic_full_batch	1305127
cvar	30	50	4	stochastic_minibatch	1305127
cvar	30	50	5	qptas_screened	1305128
cvar	30	50	5	stochastic_full_batch	1305128
cvar	30	50	5	stochastic_minibatch	1305128
cvar	30	50	6	qptas_screened	1305129
cvar	30	50	6	stochastic_full_batch	1305129
cvar	30	50	6	stochastic_minibatch	1305129
cvar	30	50	7	qptas_screened	1305130
cvar	30	50	7	stochastic_full_batch	1305130
cvar	30	50	7	stochastic_minibatch	1305130
cvar	30	50	8	qptas_screened	1305131
cvar	30	50	8	stochastic_full_batch	1305131
cvar	30	50	8	stochastic_minibatch	1305131
cvar	30	50	9	qptas_screened	1305132
cvar	30	50	9	stochastic_full_batch	1305132
cvar	30	50	9	stochastic_minibatch	1305132
cvar	30	50	10	qptas_screened	1305133
cvar	30	50	10	stochastic_full_batch	1305133
cvar	30	50	10	stochastic_minibatch	1305133
cvar	30	50	11	qptas_screened	1305134
cvar	30	50	11	stochastic_full_batch	1305134
cvar	30	50	11	stochastic_minibatch	1305134
cvar	30	50	12	qptas_screened	1305135
cvar	30	50	12	stochastic_full_batch	1305135
cvar	30	50	12	stochastic_minibatch	1305135
cvar	30	50	13	qptas_screened	1305136
cvar	30	50	13	stochastic_full_batch	1305136
cvar	30	50	13	stochastic_minibatch	1305136
cvar	30	50	14	qptas_screened	1305137
cvar	30	50	14	stochastic_full_batch	1305137
cvar	30	50	14	stochastic_minibatch	1305137
cvar	30	50	15	qptas_screened	1305138
cvar	30	50	15	stochastic_full_batch	1305138
cvar	30	50	15	stochastic_minibatch	1305138
cvar	30	50	16	qptas_screened	1305139
cvar	30	50	16	stochastic_full_batch	1305139
cvar	30	50	16	stochastic_minibatch	1305139
cvar	30	50	17	qptas_screened	1305140
cvar	30	50	17	stochastic_full_batch	1305140
cvar	30	50	17	stochastic_minibatch	1305140
cvar	30	50	18	qptas_screened	1305141
cvar	30	50	18	stochastic_full_batch	1305141
cvar	30	50	18	stochastic_minibatch	1305141
cvar	30	50	19	qptas_screened	1305142
cvar	30	50	19	stochastic_full_batch	1305142
cvar	30	50	19	stochastic_minibatch	1305142
cvar	100	5	0	qptas_screened	2000623
cvar	100	5	0	stochastic_full_batch	2000623
cvar	100	5	0	stochastic_minibatch	2000623
cvar	100	5	1	qptas_screened	2000624
cvar	100	5	1	stochastic_full_batch	2000624
cvar	100	5	1	stochastic_minibatch	2000624
cvar	100	5	2	qptas_screened	2000625
cvar	100	5	2	stochastic_full_batch	2000625
cvar	100	5	2	stochastic_minibatch	2000625
cvar	100	5	3	qptas_screened	2000626
cvar	100	5	3	stochastic_full_batch	2000626
cvar	100	5	3	stochastic_minibatch	2000626
cvar	100	5	4	qptas_screened	2000627
cvar	100	5	4	stochastic_full_batch	2000627
cvar	100	5	4	stochastic_minibatch	2000627
cvar	100	5	5	qptas_screened	2000628
cvar	100	5	5	stochastic_full_batch	2000628
cvar	100	5	5	stochastic_minibatch	2000628
cvar	100	5	6	qptas_screened	2000629
cvar	100	5	6	stochastic_full_batch	2000629
cvar	100	5	6	stochastic_minibatch	2000629
cvar	100	5	7	qptas_screened	2000630
cvar	100	5	7	stochastic_full_batch	2000630
cvar	100	5	7	stochastic_minibatch	2000630
cvar	100	5	8	qptas_screened	2000631
cvar	100	5	8	stochastic_full_batch	2000631
cvar	100	5	8	stochastic_minibatch	2000631
cvar	100	5	9	qptas_screened	2000632
cvar	100	5	9	stochastic_full_batch	2000632
cvar	100	5	9	stochastic_minibatch	2000632
cvar	100	5	10	qptas_screened	2000633
cvar	100	5	10	stochastic_full_batch	2000633
cvar	100	5	10	stochastic_minibatch	2000633
cvar	100	5	11	qptas_screened	2000634
cvar	100	5	11	stochastic_full_batch	2000634
cvar	100	5	11	stochastic_minibatch	2000634
cvar	100	5	12	qptas_screened	2000635
cvar	100	5	12	stochastic_full_batch	2000635
cvar	100	5	12	stochastic_minibatch	2000635
cvar	100	5	13	qptas_screened	2000636
cvar	100	5	13	stochastic_full_batch	2000636
cvar	100	5	13	stochastic_minibatch	2000636
cvar	100	5	14	qptas_screened	2000637
cvar	100	5	14	stochastic_full_batch	2000637
cvar	100	5	14	stochastic_minibatch	2000637
cvar	100	5	15	qptas_screened	2000638
cvar	100	5	15	stochastic_full_batch	2000638
cvar	100	5	15	stochastic_minibatch	2000638
cvar	100	5	16	qptas_screened	2000639
cvar	100	5	16	stochastic_full_batch	2000639
cvar	100	5	16	stochastic_minibatch	2000639
cvar	100	5	17	qptas_screened	2000640
cvar	100	5	17	stochastic_full_batch	2000640
cvar	100	5	17	stochastic_minibatch	2000640
cvar	100	5	18	qptas_screened	2000641
cvar	100	5	18	stochastic_full_batch	2000641
cvar	100	5	18	stochastic_minibatch	2000641
cvar	100	5	19	qptas_screened	2000642
cvar	100	5	19	stochastic_full_batch	2000642
cvar	100	5	19	stochastic_minibatch	2000642
cvar	100	10	0	qptas_screened	2001123
cvar	100	10	0	stochastic_full_batch	2001123
cvar	100	10	0	stochastic_minibatch	2001123
cvar	100	10	1	qptas_screened	2001124
cvar	100	10	1	stochastic_full_batch	2001124
cvar	100	10	1	stochastic_minibatch	2001124
cvar	100	10	2	qptas_screened	2001125
cvar	100	10	2	stochastic_full_batch	2001125
cvar	100	10	2	stochastic_minibatch	2001125
cvar	100	10	3	qptas_screened	2001126
cvar	100	10	3	stochastic_full_batch	2001126
cvar	100	10	3	stochastic_minibatch	2001126
cvar	100	10	4	qptas_screened	2001127
cvar	100	10	4	stochastic_full_batch	2001127
cvar	100	10	4	stochastic_minibatch	2001127
cvar	100	10	5	qptas_screened	2001128
cvar	100	10	5	stochastic_full_batch	2001128
cvar	100	10	5	stochastic_minibatch	2001128
cvar	100	10	6	qptas_screened	2001129
cvar	100	10	6	stochastic_full_batch	2001129
cvar	100	10	6	stochastic_minibatch	2001129
cvar	100	10	7	qptas_screened	2001130
cvar	100	10	7	stochastic_full_batch	2001130
cvar	100	10	7	stochastic_minibatch	2001130
cvar	100	10	8	qptas_screened	2001131
cvar	100	10	8	stochastic_full_batch	2001131
cvar	100	10	8	stochastic_minibatch	2001131
cvar	100	10	9	qptas_screened	2001132
cvar	100	10	9	stochastic_full_batch	2001132
cvar	100	10	9	stochastic_minibatch	2001132
cvar	100	10	10	qptas_screened	2001133
cvar	100	10	10	stochastic_full_batch	2001133
cvar	100	10	10	stochastic_minibatch	2001133
cvar	100	10	11	qptas_screened	2001134
cvar	100	10	11	stochastic_full_batch	2001134
cvar	100	10	11	stochastic_minibatch	2001134
cvar	100	10	12	qptas_screened	2001135
cvar	100	10	12	stochastic_full_batch	2001135
cvar	100	10	12	stochastic_minibatch	2001135
cvar	100	10	13	qptas_screened	2001136
cvar	100	10	13	stochastic_full_batch	2001136
cvar	100	10	13	stochastic_minibatch	2001136
cvar	100	10	14	qptas_screened	2001137
cvar	100	10	14	stochastic_full_batch	2001137
cvar	100	10	14	stochastic_minibatch	2001137
cvar	100	10	15	qptas_screened	2001138
cvar	100	10	15	stochastic_full_batch	2001138
cvar	100	10	15	stochastic_minibatch	2001138
cvar	100	10	16	qptas_screened	2001139
cvar	100	10	16	stochastic_full_batch	2001139
cvar	100	10	16	stochastic_minibatch	2001139
cvar	100	10	17	qptas_screened	2001140
cvar	100	10	17	stochastic_full_batch	2001140
cvar	100	10	17	stochastic_minibatch	2001140
cvar	100	10	18	qptas_screened	2001141
cvar	100	10	18	stochastic_full_batch	2001141
cvar	100	10	18	stochastic_minibatch	2001141
cvar	100	10	19	qptas_screened	2001142
cvar	100	10	19	stochastic_full_batch	2001142
cvar	100	10	19	stochastic_minibatch	2001142
cvar	100	20	0	qptas_screened	2002123
cvar	100	20	0	stochastic_full_batch	2002123
cvar	100	20	0	stochastic_minibatch	2002123
cvar	100	20	1	qptas_screened	2002124
cvar	100	20	1	stochastic_full_batch	2002124
cvar	100	20	1	stochastic_minibatch	2002124
cvar	100	20	2	qptas_screened	2002125
cvar	100	20	2	stochastic_full_batch	2002125
cvar	100	20	2	stochastic_minibatch	2002125
cvar	100	20	3	qptas_screened	2002126
cvar	100	20	3	stochastic_full_batch	2002126
cvar	100	20	3	stochastic_minibatch	2002126
cvar	100	20	4	qptas_screened	2002127
cvar	100	20	4	stochastic_full_batch	2002127
cvar	100	20	4	stochastic_minibatch	2002127
cvar	100	20	5	qptas_screened	2002128
cvar	100	20	5	stochastic_full_batch	2002128
cvar	100	20	5	stochastic_minibatch	2002128
cvar	100	20	6	qptas_screened	2002129
cvar	100	20	6	stochastic_full_batch	2002129
cvar	100	20	6	stochastic_minibatch	2002129
cvar	100	20	7	qptas_screened	2002130
cvar	100	20	7	stochastic_full_batch	2002130
cvar	100	20	7	stochastic_minibatch	2002130
cvar	100	20	8	qptas_screened	2002131
cvar	100	20	8	stochastic_full_batch	2002131
cvar	100	20	8	stochastic_minibatch	2002131
cvar	100	20	9	qptas_screened	2002132
cvar	100	20	9	stochastic_full_batch	2002132
cvar	100	20	9	stochastic_minibatch	2002132
cvar	100	20	10	qptas_screened	2002133
cvar	100	20	10	stochastic_full_batch	2002133
cvar	100	20	10	stochastic_minibatch	2002133
cvar	100	20	11	qptas_screened	2002134
cvar	100	20	11	stochastic_full_batch	2002134
cvar	100	20	11	stochastic_minibatch	2002134
cvar	100	20	12	qptas_screened	2002135
cvar	100	20	12	stochastic_full_batch	2002135
cvar	100	20	12	stochastic_minibatch	2002135
cvar	100	20	13	qptas_screened	2002136
cvar	100	20	13	stochastic_full_batch	2002136
cvar	100	20	13	stochastic_minibatch	2002136
cvar	100	20	14	qptas_screened	2002137
cvar	100	20	14	stochastic_full_batch	2002137
cvar	100	20	14	stochastic_minibatch	2002137
cvar	100	20	15	qptas_screened	2002138
cvar	100	20	15	stochastic_full_batch	2002138
cvar	100	20	15	stochastic_minibatch	2002138
cvar	100	20	16	qptas_screened	2002139
cvar	100	20	16	stochastic_full_batch	2002139
cvar	100	20	16	stochastic_minibatch	2002139
cvar	100	20	17	qptas_screened	2002140
cvar	100	20	17	stochastic_full_batch	2002140
cvar	100	20	17	stochastic_minibatch	2002140
cvar	100	20	18	qptas_screened	2002141
cvar	100	20	18	stochastic_full_batch	2002141
cvar	100	20	18	stochastic_minibatch	2002141
cvar	100	20	19	qptas_screened	2002142
cvar	100	20	19	stochastic_full_batch	2002142
cvar	100	20	19	stochastic_minibatch	2002142
cvar	100	50	0	qptas_screened	2005123
cvar	100	50	0	stochastic_full_batch	2005123
cvar	100	50	0	stochastic_minibatch	2005123
cvar	100	50	1	qptas_screened	2005124
cvar	100	50	1	stochastic_full_batch	2005124
cvar	100	50	1	stochastic_minibatch	2005124
cvar	100	50	2	qptas_screened	2005125
cvar	100	50	2	stochastic_full_batch	2005125
cvar	100	50	2	stochastic_minibatch	2005125
cvar	100	50	3	qptas_screened	2005126
cvar	100	50	3	stochastic_full_batch	2005126
cvar	100	50	3	stochastic_minibatch	2005126
cvar	100	50	4	qptas_screened	2005127
cvar	100	50	4	stochastic_full_batch	2005127
cvar	100	50	4	stochastic_minibatch	2005127
cvar	100	50	5	qptas_screened	2005128
cvar	100	50	5	stochastic_full_batch	2005128
cvar	100	50	5	stochastic_minibatch	2005128
cvar	100	50	6	qptas_screened	2005129
cvar	100	50	6	stochastic_full_batch	2005129
cvar	100	50	6	stochastic_minibatch	2005129
cvar	100	50	7	qptas_screened	2005130
cvar	100	50	7	stochastic_full_batch	2005130
cvar	100	50	7	stochastic_minibatch	2005130
cvar	100	50	8	qptas_screened	2005131
cvar	100	50	8	stochastic_full_batch	2005131
cvar	100	50	8	stochastic_minibatch	2005131
cvar	100	50	9	qptas_screened	2005132
cvar	100	50	9	stochastic_full_batch	2005132
cvar	100	50	9	stochastic_minibatch	2005132
cvar	100	50	10	qptas_screened	2005133
cvar	100	50	10	stochastic_full_batch	2005133
cvar	100	50	10	stochastic_minibatch	2005133
cvar	100	50	11	qptas_screened	2005134
cvar	100	50	11	stochastic_full_batch	2005134
cvar	100	50	11	stochastic_minibatch	2005134
cvar	100	50	12	qptas_screened	2005135
cvar	100	50	12	stochastic_full_batch	2005135
cvar	100	50	12	stochastic_minibatch	2005135
cvar	100	50	13	qptas_screened	2005136
cvar	100	50	13	stochastic_full_batch	2005136
cvar	100	50	13	stochastic_minibatch	2005136
cvar	100	50	14	qptas_screened	2005137
cvar	100	50	14	stochastic_full_batch	2005137
cvar	100	50	14	stochastic_minibatch	2005137
cvar	100	50	15	qptas_screened	2005138
cvar	100	50	15	stochastic_full_batch	2005138
cvar	100	50	15	stochastic_minibatch	2005138
cvar	100	50	16	qptas_screened	2005139
cvar	100	50	16	stochastic_full_batch	2005139
cvar	100	50	16	stochastic_minibatch	2005139
cvar	100	50	17	qptas_screened	2005140
cvar	100	50	17	stochastic_full_batch	2005140
cvar	100	50	17	stochastic_minibatch	2005140
cvar	100	50	18	qptas_screened	2005141
cvar	100	50	18	stochastic_full_batch	2005141
cvar	100	50	18	stochastic_minibatch	2005141
cvar	100	50	19	qptas_screened	2005142
cvar	100	50	19	stochastic_full_batch	2005142
cvar	100	50	19	stochastic_minibatch	2005142
cvar	250	5	0	qptas_screened	3500623
cvar	250	5	0	stochastic_full_batch	3500623
cvar	250	5	0	stochastic_minibatch	3500623
cvar	250	5	1	qptas_screened	3500624
cvar	250	5	1	stochastic_full_batch	3500624
cvar	250	5	1	stochastic_minibatch	3500624
cvar	250	5	2	qptas_screened	3500625
cvar	250	5	2	stochastic_full_batch	3500625
cvar	250	5	2	stochastic_minibatch	3500625
cvar	250	5	3	qptas_screened	3500626
cvar	250	5	3	stochastic_full_batch	3500626
cvar	250	5	3	stochastic_minibatch	3500626
cvar	250	5	4	qptas_screened	3500627
cvar	250	5	4	stochastic_full_batch	3500627
cvar	250	5	4	stochastic_minibatch	3500627
cvar	250	5	5	qptas_screened	3500628
cvar	250	5	5	stochastic_full_batch	3500628
cvar	250	5	5	stochastic_minibatch	3500628
cvar	250	5	6	qptas_screened	3500629
cvar	250	5	6	stochastic_full_batch	3500629
cvar	250	5	6	stochastic_minibatch	3500629
cvar	250	5	7	qptas_screened	3500630
cvar	250	5	7	stochastic_full_batch	3500630
cvar	250	5	7	stochastic_minibatch	3500630
cvar	250	5	8	qptas_screened	3500631
cvar	250	5	8	stochastic_full_batch	3500631
cvar	250	5	8	stochastic_minibatch	3500631
cvar	250	5	9	qptas_screened	3500632
cvar	250	5	9	stochastic_full_batch	3500632
cvar	250	5	9	stochastic_minibatch	3500632
cvar	250	5	10	qptas_screened	3500633
cvar	250	5	10	stochastic_full_batch	3500633
cvar	250	5	10	stochastic_minibatch	3500633
cvar	250	5	11	qptas_screened	3500634
cvar	250	5	11	stochastic_full_batch	3500634
cvar	250	5	11	stochastic_minibatch	3500634
cvar	250	5	12	qptas_screened	3500635
cvar	250	5	12	stochastic_full_batch	3500635
cvar	250	5	12	stochastic_minibatch	3500635
cvar	250	5	13	qptas_screened	3500636
cvar	250	5	13	stochastic_full_batch	3500636
cvar	250	5	13	stochastic_minibatch	3500636
cvar	250	5	14	qptas_screened	3500637
cvar	250	5	14	stochastic_full_batch	3500637
cvar	250	5	14	stochastic_minibatch	3500637
cvar	250	5	15	qptas_screened	3500638
cvar	250	5	15	stochastic_full_batch	3500638
cvar	250	5	15	stochastic_minibatch	3500638
cvar	250	5	16	qptas_screened	3500639
cvar	250	5	16	stochastic_full_batch	3500639
cvar	250	5	16	stochastic_minibatch	3500639
cvar	250	5	17	qptas_screened	3500640
cvar	250	5	17	stochastic_full_batch	3500640
cvar	250	5	17	stochastic_minibatch	3500640
cvar	250	5	18	qptas_screened	3500641
cvar	250	5	18	stochastic_full_batch	3500641
cvar	250	5	18	stochastic_minibatch	3500641
cvar	250	5	19	qptas_screened	3500642
cvar	250	5	19	stochastic_full_batch	3500642
cvar	250	5	19	stochastic_minibatch	3500642
cvar	250	10	0	qptas_screened	3501123
cvar	250	10	0	stochastic_full_batch	3501123
cvar	250	10	0	stochastic_minibatch	3501123
cvar	250	10	1	qptas_screened	3501124
cvar	250	10	1	stochastic_full_batch	3501124
cvar	250	10	1	stochastic_minibatch	3501124
cvar	250	10	2	qptas_screened	3501125
cvar	250	10	2	stochastic_full_batch	3501125
cvar	250	10	2	stochastic_minibatch	3501125
cvar	250	10	3	qptas_screened	3501126
cvar	250	10	3	stochastic_full_batch	3501126
cvar	250	10	3	stochastic_minibatch	3501126
cvar	250	10	4	qptas_screened	3501127
cvar	250	10	4	stochastic_full_batch	3501127
cvar	250	10	4	stochastic_minibatch	3501127
cvar	250	10	5	qptas_screened	3501128
cvar	250	10	5	stochastic_full_batch	3501128
cvar	250	10	5	stochastic_minibatch	3501128
cvar	250	10	6	qptas_screened	3501129
cvar	250	10	6	stochastic_full_batch	3501129
cvar	250	10	6	stochastic_minibatch	3501129
cvar	250	10	7	qptas_screened	3501130
cvar	250	10	7	stochastic_full_batch	3501130
cvar	250	10	7	stochastic_minibatch	3501130
cvar	250	10	8	qptas_screened	3501131
cvar	250	10	8	stochastic_full_batch	3501131
cvar	250	10	8	stochastic_minibatch	3501131
cvar	250	10	9	qptas_screened	3501132
cvar	250	10	9	stochastic_full_batch	3501132
cvar	250	10	9	stochastic_minibatch	3501132
cvar	250	10	10	qptas_screened	3501133
cvar	250	10	10	stochastic_full_batch	3501133
cvar	250	10	10	stochastic_minibatch	3501133
cvar	250	10	11	qptas_screened	3501134
cvar	250	10	11	stochastic_full_batch	3501134
cvar	250	10	11	stochastic_minibatch	3501134
cvar	250	10	12	qptas_screened	3501135
cvar	250	10	12	stochastic_full_batch	3501135
cvar	250	10	12	stochastic_minibatch	3501135
cvar	250	10	13	qptas_screened	3501136
cvar	250	10	13	stochastic_full_batch	3501136
cvar	250	10	13	stochastic_minibatch	3501136
cvar	250	10	14	qptas_screened	3501137
cvar	250	10	14	stochastic_full_batch	3501137
cvar	250	10	14	stochastic_minibatch	3501137
cvar	250	10	15	qptas_screened	3501138
cvar	250	10	15	stochastic_full_batch	3501138
cvar	250	10	15	stochastic_minibatch	3501138
cvar	250	10	16	qptas_screened	3501139
cvar	250	10	16	stochastic_full_batch	3501139
cvar	250	10	16	stochastic_minibatch	3501139
cvar	250	10	17	qptas_screened	3501140
cvar	250	10	17	stochastic_full_batch	3501140
cvar	250	10	17	stochastic_minibatch	3501140
cvar	250	10	18	qptas_screened	3501141
cvar	250	10	18	stochastic_full_batch	3501141
cvar	250	10	18	stochastic_minibatch	3501141
cvar	250	10	19	qptas_screened	3501142
cvar	250	10	19	stochastic_full_batch	3501142
cvar	250	10	19	stochastic_minibatch	3501142
cvar	250	20	0	qptas_screened	3502123
cvar	250	20	0	stochastic_full_batch	3502123
cvar	250	20	0	stochastic_minibatch	3502123
cvar	250	20	1	qptas_screened	3502124
cvar	250	20	1	stochastic_full_batch	3502124
cvar	250	20	1	stochastic_minibatch	3502124
cvar	250	20	2	qptas_screened	3502125
cvar	250	20	2	stochastic_full_batch	3502125
cvar	250	20	2	stochastic_minibatch	3502125
cvar	250	20	3	qptas_screened	3502126
cvar	250	20	3	stochastic_full_batch	3502126
cvar	250	20	3	stochastic_minibatch	3502126
cvar	250	20	4	qptas_screened	3502127
cvar	250	20	4	stochastic_full_batch	3502127
cvar	250	20	4	stochastic_minibatch	3502127
cvar	250	20	5	qptas_screened	3502128
cvar	250	20	5	stochastic_full_batch	3502128
cvar	250	20	5	stochastic_minibatch	3502128
cvar	250	20	6	qptas_screened	3502129
cvar	250	20	6	stochastic_full_batch	3502129
cvar	250	20	6	stochastic_minibatch	3502129
cvar	250	20	7	qptas_screened	3502130
cvar	250	20	7	stochastic_full_batch	3502130
cvar	250	20	7	stochastic_minibatch	3502130
cvar	250	20	8	qptas_screened	3502131
cvar	250	20	8	stochastic_full_batch	3502131
cvar	250	20	8	stochastic_minibatch	3502131
cvar	250	20	9	qptas_screened	3502132
cvar	250	20	9	stochastic_full_batch	3502132
cvar	250	20	9	stochastic_minibatch	3502132
cvar	250	20	10	qptas_screened	3502133
cvar	250	20	10	stochastic_full_batch	3502133
cvar	250	20	10	stochastic_minibatch	3502133
cvar	250	20	11	qptas_screened	3502134
cvar	250	20	11	stochastic_full_batch	3502134
cvar	250	20	11	stochastic_minibatch	3502134
cvar	250	20	12	qptas_screened	3502135
cvar	250	20	12	stochastic_full_batch	3502135
cvar	250	20	12	stochastic_minibatch	3502135
cvar	250	20	13	qptas_screened	3502136
cvar	250	20	13	stochastic_full_batch	3502136
cvar	250	20	13	stochastic_minibatch	3502136
cvar	250	20	14	qptas_screened	3502137
cvar	250	20	14	stochastic_full_batch	3502137
cvar	250	20	14	stochastic_minibatch	3502137
cvar	250	20	15	qptas_screened	3502138
cvar	250	20	15	stochastic_full_batch	3502138
cvar	250	20	15	stochastic_minibatch	3502138
cvar	250	20	16	qptas_screened	3502139
cvar	250	20	16	stochastic_full_batch	3502139
cvar	250	20	16	stochastic_minibatch	3502139
cvar	250	20	17	qptas_screened	3502140
cvar	250	20	17	stochastic_full_batch	3502140
cvar	250	20	17	stochastic_minibatch	3502140
cvar	250	20	18	qptas_screened	3502141
cvar	250	20	18	stochastic_full_batch	3502141
cvar	250	20	18	stochastic_minibatch	3502141
cvar	250	20	19	qptas_screened	3502142
cvar	250	20	19	stochastic_full_batch	3502142
cvar	250	20	19	stochastic_minibatch	3502142
cvar	250	50	0	qptas_screened	3505123
cvar	250	50	0	stochastic_full_batch	3505123
cvar	250	50	0	stochastic_minibatch	3505123
cvar	250	50	1	qptas_screened	3505124
cvar	250	50	1	stochastic_full_batch	3505124
cvar	250	50	1	stochastic_minibatch	3505124
cvar	250	50	2	qptas_screened	3505125
cvar	250	50	2	stochastic_full_batch	3505125
cvar	250	50	2	stochastic_minibatch	3505125
cvar	250	50	3	qptas_screened	3505126
cvar	250	50	3	stochastic_full_batch	3505126
cvar	250	50	3	stochastic_minibatch	3505126
cvar	250	50	4	qptas_screened	3505127
cvar	250	50	4	stochastic_full_batch	3505127
cvar	250	50	4	stochastic_minibatch	3505127
cvar	250	50	5	qptas_screened	3505128
cvar	250	50	5	stochastic_full_batch	3505128
cvar	250	50	5	stochastic_minibatch	3505128
cvar	250	50	6	qptas_screened	3505129
cvar	250	50	6	stochastic_full_batch	3505129
cvar	250	50	6	stochastic_minibatch	3505129
cvar	250	50	7	qptas_screened	3505130
cvar	250	50	7	stochastic_full_batch	3505130
cvar	250	50	7	stochastic_minibatch	3505130
cvar	250	50	8	qptas_screened	3505131
cvar	250	50	8	stochastic_full_batch	3505131
cvar	250	50	8	stochastic_minibatch	3505131
cvar	250	50	9	qptas_screened	3505132
cvar	250	50	9	stochastic_full_batch	3505132
cvar	250	50	9	stochastic_minibatch	3505132
cvar	250	50	10	qptas_screened	3505133
cvar	250	50	10	stochastic_full_batch	3505133
cvar	250	50	10	stochastic_minibatch	3505133
cvar	250	50	11	qptas_screened	3505134
cvar	250	50	11	stochastic_full_batch	3505134
cvar	250	50	11	stochastic_minibatch	3505134
cvar	250	50	12	qptas_screened	3505135
cvar	250	50	12	stochastic_full_batch	3505135
cvar	250	50	12	stochastic_minibatch	3505135
cvar	250	50	13	qptas_screened	3505136
cvar	250	50	13	stochastic_full_batch	3505136
cvar	250	50	13	stochastic_minibatch	3505136
cvar	250	50	14	qptas_screened	3505137
cvar	250	50	14	stochastic_full_batch	3505137
cvar	250	50	14	stochastic_minibatch	3505137
cvar	250	50	15	qptas_screened	3505138
cvar	250	50	15	stochastic_full_batch	3505138
cvar	250	50	15	stochastic_minibatch	3505138
cvar	250	50	16	qptas_screened	3505139
cvar	250	50	16	stochastic_full_batch	3505139
cvar	250	50	16	stochastic_minibatch	3505139
cvar	250	50	17	qptas_screened	3505140
cvar	250	50	17	stochastic_full_batch	3505140
cvar	250	50	17	stochastic_minibatch	3505140
cvar	250	50	18	qptas_screened	3505141
cvar	250	50	18	stochastic_full_batch	3505141
cvar	250	50	18	stochastic_minibatch	3505141
cvar	250	50	19	qptas_screened	3505142
cvar	250	50	19	stochastic_full_batch	3505142
cvar	250	50	19	stochastic_minibatch	3505142
cvar	500	5	0	qptas_screened	6000623
cvar	500	5	0	stochastic_full_batch	6000623
cvar	500	5	0	stochastic_minibatch	6000623
cvar	500	5	1	qptas_screened	6000624
cvar	500	5	1	stochastic_full_batch	6000624
cvar	500	5	1	stochastic_minibatch	6000624
cvar	500	5	2	qptas_screened	6000625
cvar	500	5	2	stochastic_full_batch	6000625
cvar	500	5	2	stochastic_minibatch	6000625
cvar	500	5	3	qptas_screened	6000626
cvar	500	5	3	stochastic_full_batch	6000626
cvar	500	5	3	stochastic_minibatch	6000626
cvar	500	5	4	qptas_screened	6000627
cvar	500	5	4	stochastic_full_batch	6000627
cvar	500	5	4	stochastic_minibatch	6000627
cvar	500	5	5	qptas_screened	6000628
cvar	500	5	5	stochastic_full_batch	6000628
cvar	500	5	5	stochastic_minibatch	6000628
cvar	500	5	6	qptas_screened	6000629
cvar	500	5	6	stochastic_full_batch	6000629
cvar	500	5	6	stochastic_minibatch	6000629
cvar	500	5	7	qptas_screened	6000630
cvar	500	5	7	stochastic_full_batch	6000630
cvar	500	5	7	stochastic_minibatch	6000630
cvar	500	5	8	qptas_screened	6000631
cvar	500	5	8	stochastic_full_batch	6000631
cvar	500	5	8	stochastic_minibatch	6000631
cvar	500	5	9	qptas_screened	6000632
cvar	500	5	9	stochastic_full_batch	6000632
cvar	500	5	9	stochastic_minibatch	6000632
cvar	500	5	10	qptas_screened	6000633
cvar	500	5	10	stochastic_full_batch	6000633
cvar	500	5	10	stochastic_minibatch	6000633
cvar	500	5	11	qptas_screened	6000634
cvar	500	5	11	stochastic_full_batch	6000634
cvar	500	5	11	stochastic_minibatch	6000634
cvar	500	5	12	qptas_screened	6000635
cvar	500	5	12	stochastic_full_batch	6000635
cvar	500	5	12	stochastic_minibatch	6000635
cvar	500	5	13	qptas_screened	6000636
cvar	500	5	13	stochastic_full_batch	6000636
cvar	500	5	13	stochastic_minibatch	6000636
cvar	500	5	14	qptas_screened	6000637
cvar	500	5	14	stochastic_full_batch	6000637
cvar	500	5	14	stochastic_minibatch	6000637
cvar	500	5	15	qptas_screened	6000638
cvar	500	5	15	stochastic_full_batch	6000638
cvar	500	5	15	stochastic_minibatch	6000638
cvar	500	5	16	qptas_screened	6000639
cvar	500	5	16	stochastic_full_batch	6000639
cvar	500	5	16	stochastic_minibatch	6000639
cvar	500	5	17	qptas_screened	6000640
cvar	500	5	17	stochastic_full_batch	6000640
cvar	500	5	17	stochastic_minibatch	6000640
cvar	500	5	18	qptas_screened	6000641
cvar	500	5	18	stochastic_full_batch	6000641
cvar	500	5	18	stochastic_minibatch	6000641
cvar	500	5	19	qptas_screened	6000642
cvar	500	5	19	stochastic_full_batch	6000642
cvar	500	5	19	stochastic_minibatch	6000642
cvar	500	10	0	qptas_screened	6001123
cvar	500	10	0	stochastic_full_batch	6001123
cvar	500	10	0	stochastic_minibatch	6001123
cvar	500	10	1	qptas_screened	6001124
cvar	500	10	1	stochastic_full_batch	6001124
cvar	500	10	1	stochastic_minibatch	6001124
cvar	500	10	2	qptas_screened	6001125
cvar	500	10	2	stochastic_full_batch	6001125
cvar	500	10	2	stochastic_minibatch	6001125
cvar	500	10	3	qptas_screened	6001126
cvar	500	10	3	stochastic_full_batch	6001126
cvar	500	10	3	stochastic_minibatch	6001126
cvar	500	10	4	qptas_screened	6001127
cvar	500	10	4	stochastic_full_batch	6001127
cvar	500	10	4	stochastic_minibatch	6001127
cvar	500	10	5	qptas_screened	6001128
cvar	500	10	5	stochastic_full_batch	6001128
cvar	500	10	5	stochastic_minibatch	6001128
cvar	500	10	6	qptas_screened	6001129
cvar	500	10	6	stochastic_full_batch	6001129
cvar	500	10	6	stochastic_minibatch	6001129
cvar	500	10	7	qptas_screened	6001130
cvar	500	10	7	stochastic_full_batch	6001130
cvar	500	10	7	stochastic_minibatch	6001130
cvar	500	10	8	qptas_screened	6001131
cvar	500	10	8	stochastic_full_batch	6001131
cvar	500	10	8	stochastic_minibatch	6001131
cvar	500	10	9	qptas_screened	6001132
cvar	500	10	9	stochastic_full_batch	6001132
cvar	500	10	9	stochastic_minibatch	6001132
cvar	500	10	10	qptas_screened	6001133
cvar	500	10	10	stochastic_full_batch	6001133
cvar	500	10	10	stochastic_minibatch	6001133
cvar	500	10	11	qptas_screened	6001134
cvar	500	10	11	stochastic_full_batch	6001134
cvar	500	10	11	stochastic_minibatch	6001134
cvar	500	10	12	qptas_screened	6001135
cvar	500	10	12	stochastic_full_batch	6001135
cvar	500	10	12	stochastic_minibatch	6001135
cvar	500	10	13	qptas_screened	6001136
cvar	500	10	13	stochastic_full_batch	6001136
cvar	500	10	13	stochastic_minibatch	6001136
cvar	500	10	14	qptas_screened	6001137
cvar	500	10	14	stochastic_full_batch	6001137
cvar	500	10	14	stochastic_minibatch	6001137
cvar	500	10	15	qptas_screened	6001138
cvar	500	10	15	stochastic_full_batch	6001138
cvar	500	10	15	stochastic_minibatch	6001138
cvar	500	10	16	qptas_screened	6001139
cvar	500	10	16	stochastic_full_batch	6001139
cvar	500	10	16	stochastic_minibatch	6001139
cvar	500	10	17	qptas_screened	6001140
cvar	500	10	17	stochastic_full_batch	6001140
cvar	500	10	17	stochastic_minibatch	6001140
cvar	500	10	18	qptas_screened	6001141
cvar	500	10	18	stochastic_full_batch	6001141
cvar	500	10	18	stochastic_minibatch	6001141
cvar	500	10	19	qptas_screened	6001142
cvar	500	10	19	stochastic_full_batch	6001142
cvar	500	10	19	stochastic_minibatch	6001142
cvar	500	20	0	qptas_screened	6002123
cvar	500	20	0	stochastic_full_batch	6002123
cvar	500	20	0	stochastic_minibatch	6002123
cvar	500	20	1	qptas_screened	6002124
cvar	500	20	1	stochastic_full_batch	6002124
cvar	500	20	1	stochastic_minibatch	6002124
cvar	500	20	2	qptas_screened	6002125
cvar	500	20	2	stochastic_full_batch	6002125
cvar	500	20	2	stochastic_minibatch	6002125
cvar	500	20	3	qptas_screened	6002126
cvar	500	20	3	stochastic_full_batch	6002126
cvar	500	20	3	stochastic_minibatch	6002126
cvar	500	20	4	qptas_screened	6002127
cvar	500	20	4	stochastic_full_batch	6002127
cvar	500	20	4	stochastic_minibatch	6002127
cvar	500	20	5	qptas_screened	6002128
cvar	500	20	5	stochastic_full_batch	6002128
cvar	500	20	5	stochastic_minibatch	6002128
cvar	500	20	6	qptas_screened	6002129
cvar	500	20	6	stochastic_full_batch	6002129
cvar	500	20	6	stochastic_minibatch	6002129
cvar	500	20	7	qptas_screened	6002130
cvar	500	20	7	stochastic_full_batch	6002130
cvar	500	20	7	stochastic_minibatch	6002130
cvar	500	20	8	qptas_screened	6002131
cvar	500	20	8	stochastic_full_batch	6002131
cvar	500	20	8	stochastic_minibatch	6002131
cvar	500	20	9	qptas_screened	6002132
cvar	500	20	9	stochastic_full_batch	6002132
cvar	500	20	9	stochastic_minibatch	6002132
cvar	500	20	10	qptas_screened	6002133
cvar	500	20	10	stochastic_full_batch	6002133
cvar	500	20	10	stochastic_minibatch	6002133
cvar	500	20	11	qptas_screened	6002134
cvar	500	20	11	stochastic_full_batch	6002134
cvar	500	20	11	stochastic_minibatch	6002134
cvar	500	20	12	qptas_screened	6002135
cvar	500	20	12	stochastic_full_batch	6002135
cvar	500	20	12	stochastic_minibatch	6002135
cvar	500	20	13	qptas_screened	6002136
cvar	500	20	13	stochastic_full_batch	6002136
cvar	500	20	13	stochastic_minibatch	6002136
cvar	500	20	14	qptas_screened	6002137
cvar	500	20	14	stochastic_full_batch	6002137
cvar	500	20	14	stochastic_minibatch	6002137
cvar	500	20	15	qptas_screened	6002138
cvar	500	20	15	stochastic_full_batch	6002138
cvar	500	20	15	stochastic_minibatch	6002138
cvar	500	20	16	qptas_screened	6002139
cvar	500	20	16	stochastic_full_batch	6002139
cvar	500	20	16	stochastic_minibatch	6002139
cvar	500	20	17	qptas_screened	6002140
cvar	500	20	17	stochastic_full_batch	6002140
cvar	500	20	17	stochastic_minibatch	6002140
cvar	500	20	18	qptas_screened	6002141
cvar	500	20	18	stochastic_full_batch	6002141
cvar	500	20	18	stochastic_minibatch	6002141
cvar	500	20	19	qptas_screened	6002142
cvar	500	20	19	stochastic_full_batch	6002142
cvar	500	20	19	stochastic_minibatch	6002142
cvar	500	50	0	qptas_screened	6005123
cvar	500	50	0	stochastic_full_batch	6005123
cvar	500	50	0	stochastic_minibatch	6005123
cvar	500	50	1	qptas_screened	6005124
cvar	500	50	1	stochastic_full_batch	6005124
cvar	500	50	1	stochastic_minibatch	6005124
cvar	500	50	2	qptas_screened	6005125
cvar	500	50	2	stochastic_full_batch	6005125
cvar	500	50	2	stochastic_minibatch	6005125
cvar	500	50	3	qptas_screened	6005126
cvar	500	50	3	stochastic_full_batch	6005126
cvar	500	50	3	stochastic_minibatch	6005126
cvar	500	50	4	qptas_screened	6005127
cvar	500	50	4	stochastic_full_batch	6005127
cvar	500	50	4	stochastic_minibatch	6005127
cvar	500	50	5	qptas_screened	6005128
cvar	500	50	5	stochastic_full_batch	6005128
cvar	500	50	5	stochastic_minibatch	6005128
cvar	500	50	6	qptas_screened	6005129
cvar	500	50	6	stochastic_full_batch	6005129
cvar	500	50	6	stochastic_minibatch	6005129
cvar	500	50	7	qptas_screened	6005130
cvar	500	50	7	stochastic_full_batch	6005130
cvar	500	50	7	stochastic_minibatch	6005130
cvar	500	50	8	qptas_screened	6005131
cvar	500	50	8	stochastic_full_batch	6005131
cvar	500	50	8	stochastic_minibatch	6005131
cvar	500	50	9	qptas_screened	6005132
cvar	500	50	9	stochastic_full_batch	6005132
cvar	500	50	9	stochastic_minibatch	6005132
cvar	500	50	10	qptas_screened	6005133
cvar	500	50	10	stochastic_full_batch	6005133
cvar	500	50	10	stochastic_minibatch	6005133
cvar	500	50	11	qptas_screened	6005134
cvar	500	50	11	stochastic_full_batch	6005134
cvar	500	50	11	stochastic_minibatch	6005134
cvar	500	50	12	qptas_screened	6005135
cvar	500	50	12	stochastic_full_batch	6005135
cvar	500	50	12	stochastic_minibatch	6005135
cvar	500	50	13	qptas_screened	6005136
cvar	500	50	13	stochastic_full_batch	6005136
cvar	500	50	13	stochastic_minibatch	6005136
cvar	500	50	14	qptas_screened	6005137
cvar	500	50	14	stochastic_full_batch	6005137
cvar	500	50	14	stochastic_minibatch	6005137
cvar	500	50	15	qptas_screened	6005138
cvar	500	50	15	stochastic_full_batch	6005138
cvar	500	50	15	stochastic_minibatch	6005138
cvar	500	50	16	qptas_screened	6005139
cvar	500	50	16	stochastic_full_batch	6005139
cvar	500	50	16	stochastic_minibatch	6005139
cvar	500	50	17	qptas_screened	6005140
cvar	500	50	17	stochastic_full_batch	6005140
cvar	500	50	17	stochastic_minibatch	6005140
cvar	500	50	18	qptas_screened	6005141
cvar	500	50	18	stochastic_full_batch	6005141
cvar	500	50	18	stochastic_minibatch	6005141
cvar	500	50	19	qptas_screened	6005142
cvar	500	50	19	stochastic_full_batch	6005142
cvar	500	50	19	stochastic_minibatch	6005142
