K,n,seed,gamma,entropy_kappa,smoothing_tau,step_size,step_decay,max_iter,minibatch_size,regret_tolerance,record_every,certify_every,method,iteration,residual_norm,objective,eta,regret1,regret2
30,20,302123,0.5,0.05,0.02,0.3,0.5,1000,6,0.001,25,25,full_batch,0,0.06938924242737485,0.002407433482322499,0.014194061668509617,0.013391379516060287,0.014194061668509617
30,20,302123,0.5,0.05,0.02,0.3,0.5,1000,6,0.001,25,25,full_batch,25,0.06893059522925567,0.002375713479329742,0.01416928480674745,0.013363419995735148,0.01416928480674745
30,20,302123,0.5,0.05,0.02,0.3,0.5,1000,6,0.001,25,25,full_batch,50,0.06871366461866117,0.002360783852662924,0.01415758295714914,0.013350184718968372,0.01415758295714914
30,20,302123,0.5,0.05,0.02,0.3,0.5,1000,6,0.001,25,25,full_batch,75,0.06854732520987408,0.0023493678967141194,0.014148617500863214,0.013340031289691412,0.014148617500863214
30,20,302123,0.5,0.05,0.02,0.3,0.5,1000,6,0.001,25,25,full_batch,100,0.06840733927648102,0.002339782033443791,0.014141455427769012,0.013331749578785135,0.014141455427769012
30,20,302123,0.5,0.05,0.02,0.3,0.5,1000,6,0.001,25,25,full_batch,125,0.06828424034094724,0.002331368739470123,0.014135673917061387,0.013324721451887511,0.014135673917061387
30,20,302123,0.5,0.05,0.02,0.3,0.5,1000,6,0.001,25,25,full_batch,150,0.06817315499371163,0.002323789530898314,0.014130465291635919,0.013318378183392932,0.014130465291635919
30,20,302123,0.5,0.05,0.02,0.3,0.5,1000,6,0.001,25,25,full_batch,175,0.06807118174851179,0.002316842892319462,0.01412569114534018,0.01331255437598039,0.01412569114534018
30,20,302123,0.5,0.05,0.02,0.3,0.5,1000,6,0.001,25,25,full_batch,200,0.06797642733108014,0.0023103973363488095,0.014121261169020294,0.013307142104258762,0.014121261169020294
30,20,302123,0.5,0.05,0.02,0.3,0.5,1000,6,0.001,25,25,full_batch,225,0.06788757528282255,0.0023043614388904496,0.014117112569984935,0.013302066323615414,0.014117112569984935
30,20,302123,0.5,0.05,0.02,0.3,0.5,1000,6,0.001,25,25,full_batch,250,0.06780366634247037,0.0022986685847405245,0.014113199594907366,0.013297272351154965,0.014113199594907366
30,20,302123,0.5,0.05,0.02,0.3,0.5,1000,6,0.001,25,25,full_batch,275,0.06772397590266244,0.0022932684560322014,0.014109487683884592,0.01329271888025857,0.014109487683884592
30,20,302123,0.5,0.05,0.02,0.3,0.5,1000,6,0.001,25,25,full_batch,300,0.06764794074166512,0.002288121943293918,0.014105949975228183,0.01328837380400566,0.014105949975228183
30,20,302123,0.5,0.05,0.02,0.3,0.5,1000,6,0.001,25,25,full_batch,325,0.06757511278166689,0.0022831979337275,0.014102565099577191,0.013284211579212057,0.014102565099577191
30,20,302123,0.5,0.05,0.02,0.3,0.5,1000,6,0.001,25,25,full_batch,350,0.06750512860414759,0.002278471193931253,0.014099315725700223,0.013280211488678806,0.014099315725700223
30,20,302123,0.5,0.05,0.02,0.3,0.5,1000,6,0.001,25,25,full_batch,375,0.0674376886181121,0.002273920923076723,0.014096187566781604,0.013276356453693738,0.014096187566781604
30,20,302123,0.5,0.05,0.02,0.3,0.5,1000,6,0.001,25,25,full_batch,400,0.06737254238915516,0.0022695297339892545,0.014093168680601731,0.013272632197723955,0.014093168680601731
30,20,302123,0.5,0.05,0.02,0.3,0.5,1000,6,0.001,25,25,full_batch,425,0.06730947803881136,0.0022652829169286146,0.014090248963883278,0.013269026642130588,0.014090248963883278
30,20,302123,0.5,0.05,0.02,0.3,0.5,1000,6,0.001,25,25,full_batch,450,0.06724831441360744,0.0022611678957357014,0.014087419778758437,0.013265529459769554,0.014087419778758437
30,20,302123,0.5,0.05,0.02,0.3,0.5,1000,6,0.001,25,25,full_batch,475,0.06718889518758006,0.0022571738182638095,0.014084673671465875,0.01326213173880647,0.014084673671465875
30,20,302123,0.5,0.05,0.02,0.3,0.5,1000,6,0.001,25,25,full_batch,500,0.06713108434496615,0.0022532912426654794,0.01408200415688432,0.013258825725207923,0.01408200415688432
30,20,302123,0.5,0.05,0.02,0.3,0.5,1000,6,0.001,25,25,full_batch,525,0.06707476266769964,0.002249511893464117,0.01407940555099596,0.013255604622511907,0.01407940555099596
30,20,302123,0.5,0.05,0.02,0.3,0.5,1000,6,0.001,25,25,full_batch,550,0.06701982496733837,0.0022458284693263357,0.014076872838859278,0.01325246243403283,0.014076872838859278
30,20,302123,0.5,0.05,0.02,0.3,0.5,1000,6,0.001,25,25,full_batch,575,0.06696617787722142,0.00224223448974183,0.014074401569302952,0.013249393837002799,0.014074401569302952
30,20,302123,0.5,0.05,0.02,0.3,0.5,1000,6,0.001,25,25,full_batch,600,0.06691373807220703,0.0022387241713979645,0.014071987770018113,0.01324639408108752,0.014071987770018113
30,20,302123,0.5,0.05,0.02,0.3,0.5,1000,6,0.001,25,25,full_batch,625,0.06686243081894182,0.0022352923275088905,0.014069627878412372,0.013243458905743188,0.014069627878412372
30,20,302123,0.5,0.05,0.02,0.3,0.5,1000,6,0.001,25,25,full_batch,650,0.0668121887846134,0.00223193428509541,0.014067318684797325,0.013240584472309413,0.014067318684797325
30,20,302123,0.5,0.05,0.02,0.3,0.5,1000,6,0.001,25,25,full_batch,675,0.06676295104999826,0.002228645816452232,0.014065057285316929,0.013237767307746118,0.014065057285316929
30,20,302123,0.5,0.05,0.02,0.3,0.5,1000,6,0.001,25,25,full_batch,700,0.06671466228554554,0.002225423081937196,0.01406284104265254,0.013235004257666383,0.01406284104265254
30,20,302123,0.5,0.05,0.02,0.3,0.5,1000,6,0.001,25,25,full_batch,725,0.06666727205874368,0.0022222625818772725,0.014060667552991513,0.013232292446851646,0.014060667552991513
30,20,302123,0.5,0.05,0.02,0.3,0.5,1000,6,0.001,25,25,full_batch,750,0.06662073424807242,0.002219161115876145,0.014058534618078267,0.013229629245843588,0.014058534618078267
30,20,302123,0.5,0.05,0.02,0.3,0.5,1000,6,0.001,25,25,full_batch,775,0.06657500654415507,0.0022161157481771455,0.014056440221422939,0.013227012242506109,0.014056440221422939
30,20,302123,0.5,0.05,0.02,0.3,0.5,1000,6,0.001,25,25,full_batch,800,0.06653005002275841,0.0022131237780153683,0.014054382507939889,0.013224439217684514,0.014054382507939889
30,20,302123,0.5,0.05,0.02,0.3,0.5,1000,6,0.001,25,25,full_batch,825,0.06648582877738232,0.0022101827141077,0.014052359766425493,0.013221908124260162,0.014052359766425493
30,20,302123,0.5,0.05,0.02,0.3,0.5,1000,6,0.001,25,25,full_batch,850,0.06644230960158296,0.0022072902525963013,0.01405037041440893,0.01321941706904034,0.01405037041440893
30,20,302123,0.5,0.05,0.02,0.3,0.5,1000,6,0.001,25,25,full_batch,875,0.06639946171303862,0.002204444257890641,0.014048412984994374,0.013216964297028733,0.014048412984994374
30,20,302123,0.5,0.05,0.02,0.3,0.5,1000,6,0.001,25,25,full_batch,900,0.06635725651284434,0.0022016427459557114,0.014046486115381784,0.013214548177703456,0.014046486115381784
30,20,302123,0.5,0.05,0.02,0.3,0.5,1000,6,0.001,25,25,full_batch,925,0.06631566737469088,0.0021988838696753205,0.014044588536814673,0.013212167192998447,0.014044588536814673
30,20,302123,0.5,0.05,0.02,0.3,0.5,1000,6,0.001,25,25,full_batch,950,0.0662746694595128,0.002196165905983839,0.014042719065741172,0.01320981992673742,0.014042719065741172
30,20,302123,0.5,0.05,0.02,0.3,0.5,1000,6,0.001,25,25,full_batch,975,0.06623423955194514,0.0021934872445122273,0.014040876596015384,0.013207505055310598,0.014040876596015384
30,20,302123,0.5,0.05,0.02,0.3,0.5,1000,6,0.001,25,25,full_batch,1000,0.0661943559155292,0.002190846377535878,0.014039060091994127,0.013205221339419593,0.014039060091994127
30,20,302123,0.5,0.05,0.02,0.3,0.5,1000,6,0.001,25,25,minibatch,0,0.06938924242737485,0.002407433482322499,0.014194061668509617,0.013391379516060287,0.014194061668509617
30,20,302123,0.5,0.05,0.02,0.3,0.5,1000,6,0.001,25,25,minibatch,25,0.06892088580092832,0.0023750442497923016,0.014167234765283476,0.013362554029732465,0.014167234765283476
30,20,302123,0.5,0.05,0.02,0.3,0.5,1000,6,0.001,25,25,minibatch,50,0.06869163243436885,0.002359270183249217,0.014155292814971798,0.013347341778809418,0.014155292814971798
30,20,302123,0.5,0.05,0.02,0.3,0.5,1000,6,0.001,25,25,minibatch,75,0.06852591234510205,0.002347900331364305,0.014146614832827087,0.013336401804176445,0.014146614832827087
30,20,302123,0.5,0.05,0.02,0.3,0.5,1000,6,0.001,25,25,minibatch,100,0.06838090758815256,0.00233797426128973,0.014139512953080913,0.01332777323870471,0.014139512953080913
30,20,302123,0.5,0.05,0.02,0.3,0.5,1000,6,0.001,25,25,minibatch,125,0.06825932150590265,0.0023296674862230923,0.014133880009375321,0.013321307353843903,0.014133880009375321
30,20,302123,0.5,0.05,0.02,0.3,0.5,1000,6,0.001,25,25,minibatch,150,0.06814630680023558,0.002321959565255917,0.014128620535531822,0.013314574069591523,0.014128620535531822
30,20,302123,0.5,0.05,0.02,0.3,0.5,1000,6,0.001,25,25,minibatch,175,0.06804187086973017,0.0023148480957265174,0.014123571034600768,0.013308868931564077,0.014123571034600768
30,20,302123,0.5,0.05,0.02,0.3,0.5,1000,6,0.001,25,25,minibatch,200,0.06794525347821993,0.002308278735109779,0.014118907324242591,0.013303800744395244,0.014118907324242591
30,20,302123,0.5,0.05,0.02,0.3,0.5,1000,6,0.001,25,25,minibatch,225,0.06785897276439586,0.002302420092319509,0.014115349895749973,0.013298721232280486,0.014115349895749973
30,20,302123,0.5,0.05,0.02,0.3,0.5,1000,6,0.001,25,25,minibatch,250,0.06777562562974994,0.0022967677147520084,0.014111507680821533,0.013294286372321884,0.014111507680821533
30,20,302123,0.5,0.05,0.02,0.3,0.5,1000,6,0.001,25,25,minibatch,275,0.0676962230099385,0.0022913893049056632,0.0141076272595832,0.01328944248843611,0.0141076272595832
30,20,302123,0.5,0.05,0.02,0.3,0.5,1000,6,0.001,25,25,minibatch,300,0.06761964047683404,0.0022862078891081462,0.014104081414539782,0.013285379449908485,0.014104081414539782
30,20,302123,0.5,0.05,0.02,0.3,0.5,1000,6,0.001,25,25,minibatch,325,0.06755013387824621,0.0022815102934844933,0.014101085715563566,0.013281593456424934,0.014101085715563566
30,20,302123,0.5,0.05,0.02,0.3,0.5,1000,6,0.001,25,25,minibatch,350,0.0674806836203162,0.0022768213309326056,0.014097634665085623,0.013278036284581407,0.014097634665085623
30,20,302123,0.5,0.05,0.02,0.3,0.5,1000,6,0.001,25,25,minibatch,375,0.0674135583587576,0.0022722939252948085,0.01409484505530606,0.013273688456915178,0.01409484505530606
30,20,302123,0.5,0.05,0.02,0.3,0.5,1000,6,0.001,25,25,minibatch,400,0.06735155825250969,0.002268116199520603,0.014092126602544108,0.01327048175546347,0.014092126602544108
30,20,302123,0.5,0.05,0.02,0.3,0.5,1000,6,0.001,25,25,minibatch,425,0.06728818974849905,0.0022638502398150064,0.01408936121403348,0.01326685869686256,0.01408936121403348
30,20,302123,0.5,0.05,0.02,0.3,0.5,1000,6,0.001,25,25,minibatch,450,0.06722775803062135,0.002259785724911887,0.014086540204693021,0.013263622899594651,0.014086540204693021
30,20,302123,0.5,0.05,0.02,0.3,0.5,1000,6,0.001,25,25,minibatch,475,0.06716887352647287,0.002255828785407654,0.01408389684146688,0.013260088654408086,0.01408389684146688
30,20,302123,0.5,0.05,0.02,0.3,0.5,1000,6,0.001,25,25,minibatch,500,0.06711133695406889,0.002251965773881286,0.014081247474088843,0.01325659318488931,0.014081247474088843
30,20,302123,0.5,0.05,0.02,0.3,0.5,1000,6,0.001,25,25,minibatch,525,0.06705695460252918,0.0022483175802828297,0.014078602103409998,0.013253471412373152,0.014078602103409998
30,20,302123,0.5,0.05,0.02,0.3,0.5,1000,6,0.001,25,25,minibatch,550,0.06700085479607461,0.0022445572717023367,0.014075861124302425,0.013250422245057847,0.014075861124302425
30,20,302123,0.5,0.05,0.02,0.3,0.5,1000,6,0.001,25,25,minibatch,575,0.06694507497614831,0.0022408215317810593,0.014073274295341776,0.013247085607244968,0.014073274295341776
30,20,302123,0.5,0.05,0.02,0.3,0.5,1000,6,0.001,25,25,minibatch,600,0.06689361657992535,0.0022373779695710316,0.014071176068144564,0.013244133972594496,0.014071176068144564
30,20,302123,0.5,0.05,0.02,0.3,0.5,1000,6,0.001,25,25,minibatch,625,0.06684283784022742,0.0022339824852674692,0.0140687718729815,0.013241420620055011,0.0140687718729815
30,20,302123,0.5,0.05,0.02,0.3,0.5,1000,6,0.001,25,25,minibatch,650,0.06679432517179006,0.0022307409375774134,0.01406675451467393,0.01323834011111541,0.01406675451467393
30,20,302123,0.5,0.05,0.02,0.3,0.5,1000,6,0.001,25,25,minibatch,675,0.06674385528492495,0.002227371109147502,0.014064567346067425,0.01323520356672081,0.014064567346067425
30,20,302123,0.5,0.05,0.02,0.3,0.5,1000,6,0.001,25,25,minibatch,700,0.06669696980356966,0.0022242428904891416,0.014062297412896996,0.013232758082386664,0.014062297412896996
30,20,302123,0.5,0.05,0.02,0.3,0.5,1000,6,0.001,25,25,minibatch,725,0.06665077159245777,0.002221162676934988,0.014060228305465161,0.013229989272641518,0.014060228305465161
30,20,302123,0.5,0.05,0.02,0.3,0.5,1000,6,0.001,25,25,minibatch,750,0.06660387587213241,0.002218038140595211,0.014058272757474566,0.013227663949921975,0.014058272757474566
30,20,302123,0.5,0.05,0.02,0.3,0.5,1000,6,0.001,25,25,minibatch,775,0.06655727410092234,0.0022149353678726537,0.014056361214176027,0.013225014671664426,0.014056361214176027
30,20,302123,0.5,0.05,0.02,0.3,0.5,1000,6,0.001,25,25,minibatch,800,0.06651155184206684,0.0022118932642199722,0.014054382861729664,0.013222237333417708,0.014054382861729664
30,20,302123,0.5,0.05,0.02,0.3,0.5,1000,6,0.001,25,25,minibatch,825,0.06646939824024466,0.0022090904512101195,0.014052384334033274,0.013219804698269888,0.014052384334033274
30,20,302123,0.5,0.05,0.02,0.3,0.5,1000,6,0.001,25,25,minibatch,850,0.06642619825812937,0.0022062199075141547,0.014050567458061658,0.013217178168363763,0.014050567458061658
30,20,302123,0.5,0.05,0.02,0.3,0.5,1000,6,0.001,25,25,minibatch,875,0.06638124722629223,0.0022032349916590644,0.014048515384047833,0.013214652426464912,0.014048515384047833
30,20,302123,0.5,0.05,0.02,0.3,0.5,1000,6,0.001,25,25,minibatch,900,0.06633839280194881,0.0022003911797728267,0.01404659586973217,0.01321215041303675,0.01404659586973217
30,20,302123,0.5,0.05,0.02,0.3,0.5,1000,6,0.001,25,25,minibatch,925,0.06629854579956315,0.0021977485875683865,0.014044753405729082,0.013209805307483058,0.014044753405729082
30,20,302123,0.5,0.05,0.02,0.3,0.5,1000,6,0.001,25,25,minibatch,950,0.06625726277585757,0.0021950124352745205,0.01404303301153409,0.013207515851406948,0.01404303301153409
30,20,302123,0.5,0.05,0.02,0.3,0.5,1000,6,0.001,25,25,minibatch,975,0.06621767610894491,0.002192390314634567,0.014041304387846565,0.013205143285681509,0.014041304387846565
30,20,302123,0.5,0.05,0.02,0.3,0.5,1000,6,0.001,25,25,minibatch,1000,0.06617844114603182,0.0021897930362593985,0.014039547978392464,0.013202848272467649,0.014039547978392464
100,20,1002123,0.5,0.05,0.02,0.3,0.5,1000,10,0.001,25,25,full_batch,0,0.042062152240195,0.0008846123255386707,0.00940034226682579,0.00940034226682579,0.003913588771301324
100,20,1002123,0.5,0.05,0.02,0.3,0.5,1000,10,0.001,25,25,full_batch,25,0.041766217290417545,0.0008722084533751868,0.009389627679768475,0.009389627679768475,0.0039097466576289985
100,20,1002123,0.5,0.05,0.02,0.3,0.5,1000,10,0.001,25,25,full_batch,50,0.041626133180781406,0.0008663674817920754,0.009384557807344873,0.009384557807344873,0.003907932655516144
100,20,1002123,0.5,0.05,0.02,0.3,0.5,1000,10,0.001,25,25,full_batch,75,0.04151867001605792,0.0008618999799511535,0.009380669404654762,0.009380669404654762,0.003906543135712592
100,20,1002123,0.5,0.05,0.02,0.3,0.5,1000,10,0.001,25,25,full_batch,100,0.04142819991600844,0.0008581478741403809,0.00937739645492186,0.00937739645492186,0.003905374732915079
100,20,1002123,0.5,0.05,0.02,0.3,0.5,1000,10,0.001,25,25,full_batch,125,0.0413486190636267,0.0008548541492344566,0.009374517888419032,0.009374517888419032,0.003904348019138193
100,20,1002123,0.5,0.05,0.02,0.3,0.5,1000,10,0.001,25,25,full_batch,150,0.041276785138654105,0.0008518864956913083,0.009371919896025371,0.009371919896025371,0.003903422104284626
100,20,1002123,0.5,0.05,0.02,0.3,0.5,1000,10,0.001,25,25,full_batch,175,0.041210827276715094,0.0008491661424156224,0.009369534718598027,0.009369534718598027,0.0039025726435768515
100,20,1002123,0.5,0.05,0.02,0.3,0.5,1000,10,0.001,25,25,full_batch,200,0.04114952469199881,0.00084664169118871,0.009367318141697667,0.009367318141697667,0.0039017837515890053
100,20,1002123,0.5,0.05,0.02,0.3,0.5,1000,10,0.001,25,25,full_batch,225,0.041092028522220894,0.0008442774040355078,0.009365239421281979,0.009365239421281979,0.0039010443826387187
100,20,1002123,0.5,0.05,0.02,0.3,0.5,1000,10,0.001,25,25,full_batch,250,0.04103772022281421,0.0008420472405429873,0.009363276154987,0.009363276154987,0.0039003464880894567
100,20,1002123,0.5,0.05,0.02,0.3,0.5,1000,10,0.001,25,25,full_batch,275,0.04098613255287828,0.0008399315308210542,0.009361411420378218,0.009361411420378218,0.003899683988158209
100,20,1002123,0.5,0.05,0.02,0.3,0.5,1000,10,0.001,25,25,full_batch,300,0.040936902332753045,0.0008379149863006808,0.009359632063915546,0.009359632063915546,0.003899052157159244
100,20,1002123,0.5,0.05,0.02,0.3,0.5,1000,10,0.001,25,25,full_batch,325,0.040889740627848746,0.0008359854443063722,0.009357927621066575,0.009357927621066575,0.003898447235517244
100,20,1002123,0.5,0.05,0.02,0.3,0.5,1000,10,0.001,25,25,full_batch,350,0.040844413092392,0.0008341330404309815,0.009356289604392887,0.009356289604392887,0.003897866173985798
100,20,1002123,0.5,0.05,0.02,0.3,0.5,1000,10,0.001,25,25,full_batch,375,0.040800726537208946,0.0008323496429820531,0.00935471101706331,0.00935471101706331,0.003897306458861327
100,20,1002123,0.5,0.05,0.02,0.3,0.5,1000,10,0.001,25,25,full_batch,400,0.040758519469942675,0.000830628454690848,0.00935318601023638,0.00935318601023638,0.0038967659888865525
100,20,1002123,0.5,0.05,0.02,0.3,0.5,1000,10,0.001,25,25,full_batch,425,0.04071765525975204,0.0008289637249260064,0.009351709635501915,0.009351709635501915,0.0038962429863050874
100,20,1002123,0.5,0.05,0.02,0.3,0.5,1000,10,0.001,25,25,full_batch,450,0.040678017087895646,0.0008273505371015651,0.009350277661998141,0.009350277661998141,0.003895735931157329
100,20,1002123,0.5,0.05,0.02,0.3,0.5,1000,10,0.001,25,25,full_batch,475,0.04063950414500327,0.0008257846485758691,0.009348886438687531,0.009348886438687531,0.003895243511798041
100,20,1002123,0.5,0.05,0.02,0.3,0.5,1000,10,0.001,25,25,full_batch,500,0.04060202871827993,0.000824262368020014,0.009347532788860302,0.009347532788860302,0.003894764767154224
100,20,1002123,0.5,0.05,0.02,0.3,0.5,1000,10,0.001,25,25,full_batch,525,0.04056551392660442,0.0008227804600647687,0.009346217446561056,0.009346217446561056,0.003894299075055674
100,20,1002123,0.5,0.05,0.02,0.3,0.5,1000,10,0.001,25,25,full_batch,550,0.04052989193564377,0.0008213360701574809,0.009344936066534748,0.009344936066534748,0.003893844558603532
100,20,1002123,0.5,0.05,0.02,0.3,0.5,1000,10,0.001,25,25,full_batch,575,0.040495102534197996,0.0008199266646276045,0.009343684717336653,0.009343684717336653,0.0038934004645918563
100,20,1002123,0.5,0.05,0.02,0.3,0.5,1000,10,0.001,25,25,full_batch,600,0.040461091986256685,0.0008185499823601625,0.009342461460614404,0.009342461460614404,0.00389296612080392
100,20,1002123,0.5,0.05,0.02,0.3,0.5,1000,10,0.001,25,25,full_batch,625,0.040427812096182326,0.000817203995442113,0.009341264557869045,0.009341264557869045,0.003892538375324106
100,20,1002123,0.5,0.05,0.02,0.3,0.5,1000,10,0.001,25,25,full_batch,650,0.04039521944056628,0.000815886876825752,0.009340092442746306,0.009340092442746306,0.0038921098190117798
100,20,1002123,0.5,0.05,0.02,0.3,0.5,1000,10,0.001,25,25,full_batch,675,0.040363274731816536,0.0008145969735380497,0.009338943698081525,0.009338943698081525,0.0038916898603071903
100,20,1002123,0.5,0.05,0.02,0.3,0.5,1000,10,0.001,25,25,full_batch,700,0.04033194228687321,0.0008133327843158356,0.009337817036732254,0.009337817036732254,0.0038912780256247226
100,20,1002123,0.5,0.05,0.02,0.3,0.5,1000,10,0.001,25,25,full_batch,725,0.04030118958057714,0.0008120929408048099,0.00933671128546909,0.00933671128546909,0.00389087388329179
100,20,1002123,0.5,0.05,0.02,0.3,0.5,1000,10,0.001,25,25,full_batch,750,0.040270986867767054,0.0008108761916519332,0.009335625371343026,0.009335625371343026,0.003890477038533513
100,20,1002123,0.5,0.05,0.02,0.3,0.5,1000,10,0.001,25,25,full_batch,775,0.040241306861603814,0.0008096813889648811,0.009334558310081564,0.009334558310081564,0.003890087129204023
100,20,1002123,0.5,0.05,0.02,0.3,0.5,1000,10,0.001,25,25,full_batch,800,0.04021212445822449,0.000808507476721868,0.00933350919615683,0.00933350919615683,0.003889703822130497
100,20,1002123,0.5,0.05,0.02,0.3,0.5,1000,10,0.001,25,25,full_batch,825,0.040183416499822294,0.0008073534807990953,0.009332477194239686,0.009332477194239686,0.00388932680996934
100,20,1002123,0.5,0.05,0.02,0.3,0.5,1000,10,0.001,25,25,full_batch,850,0.040155161569793485,0.0008062185003481098,0.009331461531808138,0.009331461531808138,0.003888955808486916
100,20,1002123,0.5,0.05,0.02,0.3,0.5,1000,10,0.001,25,25,full_batch,875,0.040127339814802564,0.0008051017003063196,0.009330461492732034,0.009330461492732034,0.0038885905541984345
100,20,1002123,0.5,0.05,0.02,0.3,0.5,1000,10,0.001,25,25,full_batch,900,0.040099932789563746,0.0008040023048637648,0.0093294764116712,0.0093294764116712,0.0038882308023068246
100,20,1002123,0.5,0.05,0.02,0.3,0.5,1000,10,0.001,25,25,full_batch,925,0.040072923320893884,0.0008029195917411204,0.00932850566917276,0.00932850566917276,0.0038878763248983983
100,20,1002123,0.5,0.05,0.02,0.3,0.5,1000,10,0.001,25,25,full_batch,950,0.04004629538818562,0.0008018528871589083,0.009327548687359855,0.009327548687359855,0.003887526909358563
100,20,1002123,0.5,0.05,0.02,0.3,0.5,1000,10,0.001,25,25,full_batch,975,0.04002003401794707,0.0008008015613988204,0.00932660492612597,0.00932660492612597,0.003887186130192344
100,20,1002123,0.5,0.05,0.02,0.3,0.5,1000,10,0.001,25,25,full_batch,1000,0.039994125190430205,0.0007997650248739019,0.009325673879768737,0.009325673879768737,0.0038868520860996236
100,20,1002123,0.5,0.05,0.02,0.3,0.5,1000,10,0.001,25,25,minibatch,0,0.042062152240195,0.0008846123255386707,0.00940034226682579,0.00940034226682579,0.003913588771301324
100,20,1002123,0.5,0.05,0.02,0.3,0.5,1000,10,0.001,25,25,minibatch,25,0.04176223841807996,0.0008720422788442768,0.009389281984574394,0.009389281984574394,0.0039095601710591454
100,20,1002123,0.5,0.05,0.02,0.3,0.5,1000,10,0.001,25,25,minibatch,50,0.041620240184375955,0.0008661221965025715,0.00938405312808449,0.00938405312808449,0.003907491662523466
100,20,1002123,0.5,0.05,0.02,0.3,0.5,1000,10,0.001,25,25,minibatch,75,0.041517078918299824,0.0008618339209541679,0.00938022463167848,0.00938022463167848,0.003906143079123181
100,20,1002123,0.5,0.05,0.02,0.3,0.5,1000,10,0.001,25,25,minibatch,100,0.04142834087968976,0.0008581537140218868,0.009376886294396258,0.009376886294396258,0.0039050129241176013
100,20,1002123,0.5,0.05,0.02,0.3,0.5,1000,10,0.001,25,25,minibatch,125,0.04134857354606041,0.0008548522671469835,0.009373969461773435,0.009373969461773435,0.003904027082067829
100,20,1002123,0.5,0.05,0.02,0.3,0.5,1000,10,0.001,25,25,minibatch,150,0.0412780398543262,0.0008519382871076712,0.009371496304637239,0.009371496304637239,0.003903195363615275
100,20,1002123,0.5,0.05,0.02,0.3,0.5,1000,10,0.001,25,25,minibatch,175,0.041213266172290354,0.0008492666542940262,0.009369215952944154,0.009369215952944154,0.00390241542494163
100,20,1002123,0.5,0.05,0.02,0.3,0.5,1000,10,0.001,25,25,minibatch,200,0.04115327524589385,0.0008467960317321498,0.0093670572148426,0.0093670572148426,0.0039017269407579658
100,20,1002123,0.5,0.05,0.02,0.3,0.5,1000,10,0.001,25,25,minibatch,225,0.04109633805419885,0.0008444545007324963,0.009364921231542866,0.009364921231542866,0.0039009877562589113
100,20,1002123,0.5,0.05,0.02,0.3,0.5,1000,10,0.001,25,25,minibatch,250,0.04104120578323451,0.0008421902860709008,0.009362887510376117,0.009362887510376117,0.0039002737133788656
100,20,1002123,0.5,0.05,0.02,0.3,0.5,1000,10,0.001,25,25,minibatch,275,0.040988898078542266,0.000840044882846563,0.009361002381428452,0.009361002381428452,0.003899579417108945
100,20,1002123,0.5,0.05,0.02,0.3,0.5,1000,10,0.001,25,25,minibatch,300,0.040939958672830956,0.0008380401080665533,0.009359226192421244,0.009359226192421244,0.003898884557490989
100,20,1002123,0.5,0.05,0.02,0.3,0.5,1000,10,0.001,25,25,minibatch,325,0.04089254469452444,0.0008361001057968395,0.009357588175930465,0.009357588175930465,0.0038983429323687924
100,20,1002123,0.5,0.05,0.02,0.3,0.5,1000,10,0.001,25,25,minibatch,350,0.04084614838656793,0.0008342039190087629,0.009355969720931945,0.009355969720931945,0.0038977337679101387
100,20,1002123,0.5,0.05,0.02,0.3,0.5,1000,10,0.001,25,25,minibatch,375,0.04080294100999118,0.0008324399975324099,0.009354339462745442,0.009354339462745442,0.0038972602930819056
100,20,1002123,0.5,0.05,0.02,0.3,0.5,1000,10,0.001,25,25,minibatch,400,0.04076165300472804,0.0008307561778389272,0.009352850136956803,0.009352850136956803,0.003896622722292409
100,20,1002123,0.5,0.05,0.02,0.3,0.5,1000,10,0.001,25,25,minibatch,425,0.040719962212201345,0.0008290576612815528,0.009351335829668739,0.009351335829668739,0.003896108396920006
100,20,1002123,0.5,0.05,0.02,0.3,0.5,1000,10,0.001,25,25,minibatch,450,0.040680070766229315,0.0008274340787727125,0.00934993076767876,0.00934993076767876,0.0038955934007481874
100,20,1002123,0.5,0.05,0.02,0.3,0.5,1000,10,0.001,25,25,minibatch,475,0.04064143241669855,0.0008258630144405378,0.00934850026260814,0.00934850026260814,0.0038951252572898554
100,20,1002123,0.5,0.05,0.02,0.3,0.5,1000,10,0.001,25,25,minibatch,500,0.04060408852760481,0.0008243460025787843,0.009347155845266186,0.009347155845266186,0.0038945716636424876
100,20,1002123,0.5,0.05,0.02,0.3,0.5,1000,10,0.001,25,25,minibatch,525,0.04056507911101425,0.0008227628216414223,0.009345778984619302,0.009345778984619302,0.003894124718817449
100,20,1002123,0.5,0.05,0.02,0.3,0.5,1000,10,0.001,25,25,minibatch,550,0.04053036847414948,0.0008213553843251651,0.009344585296266583,0.009344585296266583,0.003893632477244835
100,20,1002123,0.5,0.05,0.02,0.3,0.5,1000,10,0.001,25,25,minibatch,575,0.04049561300361104,0.0008199473362691159,0.00934332759754991,0.00934332759754991,0.0038932527229070812
100,20,1002123,0.5,0.05,0.02,0.3,0.5,1000,10,0.001,25,25,minibatch,600,0.040461788630750464,0.0008185781695997637,0.009342095824231123,0.009342095824231123,0.003892782027262065
100,20,1002123,0.5,0.05,0.02,0.3,0.5,1000,10,0.001,25,25,minibatch,625,0.04042829787911997,0.0008172236347014283,0.009340876269039067,0.009340876269039067,0.0038923669875814415
100,20,1002123,0.5,0.05,0.02,0.3,0.5,1000,10,0.001,25,25,minibatch,650,0.04039573606622387,0.0008159077461660099,0.00933969057115086,0.00933969057115086,0.0038919384586055816
100,20,1002123,0.5,0.05,0.02,0.3,0.5,1000,10,0.001,25,25,minibatch,675,0.040362868687246985,0.0008145805843319716,0.009338501882758865,0.009338501882758865,0.003891469512754986
100,20,1002123,0.5,0.05,0.02,0.3,0.5,1000,10,0.001,25,25,minibatch,700,0.040330267560988474,0.0008132652407704596,0.009337326313010874,0.009337326313010874,0.003891046278171495
100,20,1002123,0.5,0.05,0.02,0.3,0.5,1000,10,0.001,25,25,minibatch,725,0.04030070480945729,0.0008120734040695071,0.009336327079133067,0.009336327079133067,0.0038906315509434908
100,20,1002123,0.5,0.05,0.02,0.3,0.5,1000,10,0.001,25,25,minibatch,750,0.04027068720967564,0.0008108641241697665,0.009335315734051053,0.009335315734051053,0.0038902490617641616
100,20,1002123,0.5,0.05,0.02,0.3,0.5,1000,10,0.001,25,25,minibatch,775,0.04024142187102984,0.0008096860171010993,0.009334272283689549,0.009334272283689549,0.0038898216554316134
100,20,1002123,0.5,0.05,0.02,0.3,0.5,1000,10,0.001,25,25,minibatch,800,0.04021142051320282,0.0008084791698448142,0.009333225502783205,0.009333225502783205,0.0038893978833360876
100,20,1002123,0.5,0.05,0.02,0.3,0.5,1000,10,0.001,25,25,minibatch,825,0.04018271272953758,0.0008073252011522706,0.009332200841591365,0.009332200841591365,0.003889027363561337
100,20,1002123,0.5,0.05,0.02,0.3,0.5,1000,10,0.001,25,25,minibatch,850,0.04015441139308776,0.000806188377162668,0.009331233020040186,0.009331233020040186,0.003888652958984884
100,20,1002123,0.5,0.05,0.02,0.3,0.5,1000,10,0.001,25,25,minibatch,875,0.040127216626107284,0.0008050967570792704,0.009330261127281636,0.009330261127281636,0.0038883134818393783
100,20,1002123,0.5,0.05,0.02,0.3,0.5,1000,10,0.001,25,25,minibatch,900,0.040100680460039666,0.0008040322866791035,0.009329319983775952,0.009329319983775952,0.0038880155766611857
100,20,1002123,0.5,0.05,0.02,0.3,0.5,1000,10,0.001,25,25,minibatch,925,0.04007401257235724,0.000802963241824723,0.009328349278922898,0.009328349278922898,0.0038876829677803038
100,20,1002123,0.5,0.05,0.02,0.3,0.5,1000,10,0.001,25,25,minibatch,950,0.04004687597927436,0.0008018761378496908,0.009327370247647349,0.009327370247647349,0.0038873023440618715
100,20,1002123,0.5,0.05,0.02,0.3,0.5,1000,10,0.001,25,25,minibatch,975,0.04002103202054402,0.000800841501994705,0.009326416716255892,0.009326416716255892,0.00388700979674228
100,20,1002123,0.5,0.05,0.02,0.3,0.5,1000,10,0.001,25,25,minibatch,1000,0.039995184104221704,0.0007998073757652942,0.009325550747862177,0.009325550747862177,0.0038866820101151056
30,20,302123,0.5,0.05,0.02,0.4,0.5,1000,6,0.001,25,25,full_batch,0,0.06938924242737485,0.002407433482322499,0.014194061668509617,0.013391379516060287,0.014194061668509617
30,20,302123,0.5,0.05,0.02,0.4,0.5,1000,6,0.001,25,25,full_batch,25,0.06877855830869714,0.0023652450415114264,0.014161081615696958,0.013354144331188478,0.014161081615696958
30,20,302123,0.5,0.05,0.02,0.4,0.5,1000,6,0.001,25,25,full_batch,50,0.06849034505778849,0.002345463683067466,0.01414554692028458,0.013336590191416087,0.01414554692028458
30,20,302123,0.5,0.05,0.02,0.4,0.5,1000,6,0.001,25,25,full_batch,75,0.06826961573896197,0.002330370216572762,0.01413498677752384,0.013323885910935085,0.01413498677752384
30,20,302123,0.5,0.05,0.02,0.4,0.5,1000,6,0.001,25,25,full_batch,100,0.06808403716199327,0.00231771805813784,0.014126291620880471,0.013313288085418096,0.014126291620880471
30,20,302123,0.5,0.05,0.02,0.4,0.5,1000,6,0.001,25,25,full_batch,125,0.06792098141720011,0.0023066298583378215,0.014118670673951284,0.01330397421675178,0.014118670673951284
30,20,302123,0.5,0.05,0.02,0.4,0.5,1000,6,0.001,25,25,full_batch,150,0.06777394773542167,0.002296653995821834,0.014111813748891144,0.013295573739606048,0.014111813748891144
30,20,302123,0.5,0.05,0.02,0.4,0.5,1000,6,0.001,25,25,full_batch,175,0.06763906583913987,0.002287521613795749,0.014105536185934187,0.013287866033421247,0.014105536185934187
30,20,302123,0.5,0.05,0.02,0.4,0.5,1000,6,0.001,25,25,full_batch,200,0.06751381035610746,0.0022790572944002213,0.014099717501888487,0.01328070714103935,0.014099717501888487
30,20,302123,0.5,0.05,0.02,0.4,0.5,1000,6,0.001,25,25,full_batch,225,0.06739642534627051,0.002271139074727707,0.014094273927997947,0.013273996965329882,0.014094273927997947
30,20,302123,0.5,0.05,0.02,0.4,0.5,1000,6,0.001,25,25,full_batch,250,0.06728563133929144,0.002263678092363519,0.014089144429922762,0.013267662569559635,0.014089144429922762
30,20,302123,0.5,0.05,0.02,0.4,0.5,1000,6,0.001,25,25,full_batch,275,0.0671804618681383,0.0022566072284081915,0.014084282907451784,0.01326164885934722,0.014084282907451784
30,20,302123,0.5,0.05,0.02,0.4,0.5,1000,6,0.001,25,25,full_batch,300,0.06708016573413174,0.002249874317459291,0.014079653530923109,0.013255913011474163,0.014079653530923109
30,20,302123,0.5,0.05,0.02,0.4,0.5,1000,6,0.001,25,25,full_batch,325,0.0669841453242524,0.002243437862410282,0.014075227798026002,0.013250420957774067,0.014075227798026002
30,20,302123,0.5,0.05,0.02,0.4,0.5,1000,6,0.001,25,25,full_batch,350,0.06689191594751469,0.0022372642095646847,0.014070982593583359,0.013245145067162511,0.014070982593583359
30,20,302123,0.5,0.05,0.02,0.4,0.5,1000,6,0.001,25,25,full_batch,375,0.0668030780476228,0.0022313256183183914,0.014066898863752675,0.013240062561659771,0.014066898863752675
30,20,302123,0.5,0.05,0.02,0.4,0.5,1000,6,0.001,25,25,full_batch,400,0.06671729763370253,0.0022255989017720247,0.014062960682354408,0.013235154400863869,0.014062960682354408
30,20,302123,0.5,0.05,0.02,0.4,0.5,1000,6,0.001,25,25,full_batch,425,0.06663429214043559,0.002220064444528458,0.014059154576265054,0.013230404475921387,0.014059154576265054
30,20,302123,0.5,0.05,0.02,0.4,0.5,1000,6,0.001,25,25,full_batch,450,0.06655381998271018,0.0022147054771454963,0.014055469027084933,0.013225799014095818,0.014055469027084933
30,20,302123,0.5,0.05,0.02,0.4,0.5,1000,6,0.001,25,25,full_batch,475,0.06647567268930361,0.002209507529747713,0.01405189409586094,0.013221326130352373,0.01405189409586094
30,20,302123,0.5,0.05,0.02,0.4,0.5,1000,6,0.001,25,25,full_batch,500,0.06639966887755544,0.002204458013524502,0.014048421135644917,0.013216975483884952,0.014048421135644917
30,20,302123,0.5,0.05,0.02,0.4,0.5,1000,6,0.001,25,25,full_batch,525,0.06632564956832349,0.0021995458953300248,0.014045042567994992,0.013212738011045277,0.014045042567994992
30,20,302123,0.5,0.05,0.02,0.4,0.5,1000,6,0.001,25,25,full_batch,550,0.06625347449390939,0.0021947614412575513,0.014041751706853567,0.013208605714874477,0.014041751706853567
30,20,302123,0.5,0.05,0.02,0.4,0.5,1000,6,0.001,25,25,full_batch,575,0.0661830191532468,0.002190096012119516,0.014038542618075633,0.013204571497232476,0.014038542618075633
30,20,302123,0.5,0.05,0.02,0.4,0.5,1000,6,0.001,25,25,full_batch,600,0.06611417243741792,0.0021855418985423157,0.014035410006163596,0.013200629023439936,0.014035410006163596
30,20,302123,0.5,0.05,0.02,0.4,0.5,1000,6,0.001,25,25,full_batch,625,0.06604683469604318,0.0021810921866832265,0.01403234912203627,0.013196772612049879,0.01403234912203627
30,20,302123,0.5,0.05,0.02,0.4,0.5,1000,6,0.001,25,25,full_batch,650,0.06598091614844402,0.0021767406478940005,0.014029355687245504,0.013192997144273633,0.014029355687245504
30,20,302123,0.5,0.05,0.02,0.4,0.5,1000,6,0.001,25,25,full_batch,675,0.06591633556729523,0.002172481647310135,0.014026425831191236,0.01318929798894164,0.014026425831191236
30,20,302123,0.5,0.05,0.02,0.4,0.5,1000,6,0.001,25,25,full_batch,700,0.06585301917973792,0.002168310067543465,0.014023556038708807,0.013185670939858563,0.014023556038708807
30,20,302123,0.5,0.05,0.02,0.4,0.5,1000,6,0.001,25,25,full_batch,725,0.0657908997435981,0.0021642212445360885,0.014020743106011035,0.013182112163141635,0.014020743106011035
30,20,302123,0.5,0.05,0.02,0.4,0.5,1000,6,0.001,25,25,full_batch,750,0.06572991576576388,0.0021602109132872077,0.014017984103411651,0.013178618152662913,0.014017984103411651
30,20,302123,0.5,0.05,0.02,0.4,0.5,1000,6,0.001,25,25,full_batch,775,0.06567001083687335,0.0021562751616575316,0.01401527634359373,0.013175185692120506,0.01401527634359373
30,20,302123,0.5,0.05,0.02,0.4,0.5,1000,6,0.001,25,25,full_batch,800,0.06561113306182607,0.0021524103908283233,0.014012617354452306,0.013171811822574986,0.014012617354452306
30,20,302123,0.5,0.05,0.02,0.4,0.5,1000,6,0.001,25,25,full_batch,825,0.0655532345697771,0.00214861328128011,0.014010004855726121,0.013168493814512794,0.014010004855726121
30,20,302123,0.5,0.05,0.02,0.4,0.5,1000,6,0.001,25,25,full_batch,850,0.06549627109046094,0.0021448807633775747,0.014007436738794454,0.013165229143695556,0.014007436738794454
30,20,302123,0.5,0.05,0.02,0.4,0.5,1000,6,0.001,25,25,full_batch,875,0.06544020158618914,0.002141209991820536,0.014004911049127489,0.013162015470179533,0.014004911049127489
30,20,302123,0.5,0.05,0.02,0.4,0.5,1000,6,0.001,25,25,full_batch,900,0.06538498793083583,0.002137598323357774,0.014002425970979726,0.01315885062001615,0.014002425970979726
30,20,302123,0.5,0.05,0.02,0.4,0.5,1000,6,0.001,25,25,full_batch,925,0.06533059462867905,0.0021340432972683935,0.013999979813982155,0.013155732569220813,0.013999979813982155
30,20,302123,0.5,0.05,0.02,0.4,0.5,1000,6,0.001,25,25,full_batch,950,0.0652769885672108,0.0021305426182018847,0.01399757100135779,0.01315265942968441,0.01399757100135779
30,20,302123,0.5,0.05,0.02,0.4,0.5,1000,6,0.001,25,25,full_batch,975,0.0652241387990338,0.002127094141037813,0.013995198059519598,0.01314962943673681,0.013995198059519598
30,20,302123,0.5,0.05,0.02,0.4,0.5,1000,6,0.001,25,25,full_batch,1000,0.06517201634876499,0.0021236958574818456,0.013992859608867314,0.01314664093813972,0.013992859608867314
30,20,302123,0.5,0.05,0.02,0.4,0.5,1000,6,0.001,25,25,minibatch,0,0.06938924242737485,0.002407433482322499,0.014194061668509617,0.013391379516060287,0.014194061668509617
30,20,302123,0.5,0.05,0.02,0.4,0.5,1000,6,0.001,25,25,minibatch,25,0.06876565593184203,0.0023643577178682406,0.014158348770652751,0.013352990642146179,0.014158348770652751
30,20,302123,0.5,0.05,0.02,0.4,0.5,1000,6,0.001,25,25,minibatch,50,0.06846108729141423,0.0023434602365613195,0.014143363239259799,0.013332764701503186,0.014143363239259799
30,20,302123,0.5,0.05,0.02,0.4,0.5,1000,6,0.001,25,25,minibatch,75,0.06824122141041461,0.0023284321497926146,0.014133106865926337,0.013318923079746137,0.014133106865926337
30,20,302123,0.5,0.05,0.02,0.4,0.5,1000,6,0.001,25,25,minibatch,100,0.06804899881569293,0.002315333119909089,0.014123730828946468,0.013307911201671574,0.014123730828946468
30,20,302123,0.5,0.05,0.02,0.4,0.5,1000,6,0.001,25,25,minibatch,125,0.06788798777518976,0.002304389442082157,0.014116311630256229,0.013299468922833846,0.014116311630256229
30,20,302123,0.5,0.05,0.02,0.4,0.5,1000,6,0.001,25,25,minibatch,150,0.06773841998295223,0.002294246770893411,0.014109392221393235,0.01329055483404118,0.014109392221393235
30,20,302123,0.5,0.05,0.02,0.4,0.5,1000,6,0.001,25,25,minibatch,175,0.0676002998953649,0.0022849002729716356,0.014102751023079563,0.013283006919259877,0.014102751023079563
30,20,302123,0.5,0.05,0.02,0.4,0.5,1000,6,0.001,25,25,minibatch,200,0.0674725947771217,0.002276275522978835,0.014096620971380425,0.013276310206640052,0.014096620971380425
30,20,302123,0.5,0.05,0.02,0.4,0.5,1000,6,0.001,25,25,minibatch,225,0.06735866347116956,0.002268594772311136,0.014091970708257018,0.013269600523071245,0.014091970708257018
30,20,302123,0.5,0.05,0.02,0.4,0.5,1000,6,0.001,25,25,minibatch,250,0.06724863043517766,0.0022611891477035515,0.014086936267405925,0.013263743071413703,0.014086936267405925
30,20,302123,0.5,0.05,0.02,0.4,0.5,1000,6,0.001,25,25,minibatch,275,0.06714387784793258,0.0022541501662290456,0.014081855183632919,0.01325734570795295,0.014081855183632919
30,20,302123,0.5,0.05,0.02,0.4,0.5,1000,6,0.001,25,25,minibatch,300,0.06704288187203092,0.002247374004853546,0.014077218052298113,0.013251989749073712,0.014077218052298113
30,20,302123,0.5,0.05,0.02,0.4,0.5,1000,6,0.001,25,25,minibatch,325,0.06695128658531287,0.0022412373877143473,0.014073313053955594,0.013247006392136051,0.014073313053955594
30,20,302123,0.5,0.05,0.02,0.4,0.5,1000,6,0.001,25,25,minibatch,350,0.06685977879989419,0.00223511501058539,0.014068801936662712,0.01324232600420211,0.014068801936662712
30,20,302123,0.5,0.05,0.02,0.4,0.5,1000,6,0.001,25,25,minibatch,375,0.06677136920144988,0.002229207872518165,0.014065169727652482,0.013236596158620773,0.014065169727652482
30,20,302123,0.5,0.05,0.02,0.4,0.5,1000,6,0.001,25,25,minibatch,400,0.06668978622727857,0.0022237637935200575,0.014061632106848354,0.013232377425162645,0.014061632106848354
30,20,302123,0.5,0.05,0.02,0.4,0.5,1000,6,0.001,25,25,minibatch,425,0.06660639502923113,0.002218205929394993,0.014058037024785752,0.01322760615368529,0.014058037024785752
30,20,302123,0.5,0.05,0.02,0.4,0.5,1000,6,0.001,25,25,minibatch,450,0.06652690672899327,0.0022129146594640848,0.01405436397040477,0.013223346380995704,0.01405436397040477
30,20,302123,0.5,0.05,0.02,0.4,0.5,1000,6,0.001,25,25,minibatch,475,0.06644948509370427,0.002207767034609213,0.014050930558905328,0.013218695378397038,0.014050930558905328
30,20,302123,0.5,0.05,0.02,0.4,0.5,1000,6,0.001,25,25,minibatch,500,0.06637387379899845,0.0022027455615426864,0.014047489161001014,0.013214095895201394,0.014047489161001014
30,20,302123,0.5,0.05,0.02,0.4,0.5,1000,6,0.001,25,25,minibatch,525,0.0663024513465503,0.002198007527280835,0.014044050210031245,0.013209998528423361,0.014044050210031245
30,20,302123,0.5,0.05,0.02,0.4,0.5,1000,6,0.001,25,25,minibatch,550,0.06622874990445148,0.0021931236569531906,0.0140404847286133,0.01320598944129664,0.0140404847286133
30,20,302123,0.5,0.05,0.02,0.4,0.5,1000,6,0.001,25,25,minibatch,575,0.06615547633232441,0.0021882735243783677,0.01403712743093738,0.01320159959881173,0.01403712743093738
30,20,302123,0.5,0.05,0.02,0.4,0.5,1000,6,0.001,25,25,minibatch,600,0.06608793892548098,0.002183807835709052,0.01403441642661668,0.013197723500587344,0.01403441642661668
30,20,302123,0.5,0.05,0.02,0.4,0.5,1000,6,0.001,25,25,minibatch,625,0.06602130076922615,0.0021794060776303107,0.01403129256451835,0.013194160842676661,0.01403129256451835
30,20,302123,0.5,0.05,0.02,0.4,0.5,1000,6,0.001,25,25,minibatch,650,0.06595768099372855,0.00217520784103523,0.014028691015304295,0.013190115347024911,0.014028691015304295
30,20,302123,0.5,0.05,0.02,0.4,0.5,1000,6,0.001,25,25,minibatch,675,0.06589147014950089,0.0021708429192312836,0.014025861227861758,0.013185994204217288,0.014025861227861758
30,20,302123,0.5,0.05,0.02,0.4,0.5,1000,6,0.001,25,25,minibatch,700,0.06583003040317403,0.002166796451441409,0.014022919128662048,0.013182792790346454,0.014022919128662048
30,20,302123,0.5,0.05,0.02,0.4,0.5,1000,6,0.001,25,25,minibatch,725,0.06576949008902096,0.002162812913284913,0.014020245433726874,0.013179158890997966,0.014020245433726874
30,20,302123,0.5,0.05,0.02,0.4,0.5,1000,6,0.001,25,25,minibatch,750,0.06570802904878852,0.002158772540738218,0.014017725036329975,0.013176114319986776,0.014017725036329975
30,20,302123,0.5,0.05,0.02,0.4,0.5,1000,6,0.001,25,25,minibatch,775,0.0656469706409457,0.0021547623771665933,0.014015266549505356,0.013172638146315085,0.014015266549505356
30,20,302123,0.5,0.05,0.02,0.4,0.5,1000,6,0.001,25,25,minibatch,800,0.06558708171418676,0.0021508326438917052,0.01401271697440526,0.013168993197359757,0.01401271697440526
30,20,302123,0.5,0.05,0.02,0.4,0.5,1000,6,0.001,25,25,minibatch,825,0.06553193326919886,0.002147217138999366,0.014010136011953167,0.013165808964722359,0.014010136011953167
30,20,302123,0.5,0.05,0.02,0.4,0.5,1000,6,0.001,25,25,minibatch,850,0.06547538088331924,0.002143512750907863,0.01400779468116059,0.013162362585620146,0.01400779468116059
30,20,302123,0.5,0.05,0.02,0.4,0.5,1000,6,0.001,25,25,minibatch,875,0.06541653490400041,0.0021396615194231522,0.014005146353657016,0.013159052260780124,0.014005146353657016
30,20,302123,0.5,0.05,0.02,0.4,0.5,1000,6,0.001,25,25,minibatch,900,0.06536045979190487,0.0021359948521046065,0.014002674970569395,0.013155773261700587,0.014002674970569395
30,20,302123,0.5,0.05,0.02,0.4,0.5,1000,6,0.001,25,25,minibatch,925,0.0653083842380736,0.00213259252589393,0.014000302581062052,0.013152703040662017,0.014000302581062052
30,20,302123,0.5,0.05,0.02,0.4,0.5,1000,6,0.001,25,25,minibatch,950,0.06525440198249151,0.0021290684890462957,0.01399809266228852,0.01314970859495046,0.01399809266228852
30,20,302123,0.5,0.05,0.02,0.4,0.5,1000,6,0.001,25,25,minibatch,975,0.0652026833657962,0.002125694959050138,0.013995872197747172,0.013146595255769444,0.013995872197747172
30,20,302123,0.5,0.05,0.02,0.4,0.5,1000,6,0.001,25,25,minibatch,1000,0.06515142565682756,0.0021223541325585643,0.013993614340310712,0.013143593730066627,0.013993614340310712
100,20,1002123,0.5,0.05,0.02,0.4,0.5,1000,10,0.001,25,25,full_batch,0,0.042062152240195,0.0008846123255386707,0.00940034226682579,0.00940034226682579,0.003913588771301324
100,20,1002123,0.5,0.05,0.02,0.4,0.5,1000,10,0.001,25,25,full_batch,25,0.04166804775786499,0.000868113101975859,0.009386074568673908,0.009386074568673908,0.003908475091526142
100,20,1002123,0.5,0.05,0.02,0.4,0.5,1000,10,0.001,25,25,full_batch,50,0.041481850344104204,0.0008603719539853291,0.009379337235253693,0.009379337235253693,0.0039060674470757784
100,20,1002123,0.5,0.05,0.02,0.4,0.5,1000,10,0.001,25,25,full_batch,75,0.04133916508047177,0.0008544632847752484,0.00937417586833561,0.00937417586833561,0.0039042260965493902
100,20,1002123,0.5,0.05,0.02,0.4,0.5,1000,10,0.001,25,25,full_batch,100,0.04121914534875339,0.0008495089716408292,0.009369835415022398,0.009369835415022398,0.003902679714135715
100,20,1002123,0.5,0.05,0.02,0.4,0.5,1000,10,0.001,25,25,full_batch,125,0.04111364922646145,0.000845166076358257,0.009366020980991707,0.009366020980991707,0.003901322331957946
100,20,1002123,0.5,0.05,0.02,0.4,0.5,1000,10,0.001,25,25,full_batch,150,0.04101848522800409,0.0008412580651999948,0.009362580754442296,0.009362580754442296,0.003900099398399637
100,20,1002123,0.5,0.05,0.02,0.4,0.5,1000,10,0.001,25,25,full_batch,175,0.04093115788085565,0.0008376798427337657,0.00935942435198095,0.00935942435198095,0.0038989784357759127
100,20,1002123,0.5,0.05,0.02,0.4,0.5,1000,10,0.001,25,25,full_batch,200,0.0408500388513913,0.0008343628370800894,0.009356492797295668,0.009356492797295668,0.003897938252260591
100,20,1002123,0.5,0.05,0.02,0.4,0.5,1000,10,0.001,25,25,full_batch,225,0.04077399590902965,0.0008312593711947833,0.009353745082484544,0.009353745082484544,0.003896964112766188
100,20,1002123,0.5,0.05,0.02,0.4,0.5,1000,10,0.001,25,25,full_batch,250,0.04070220403740651,0.0008283347067513353,0.009351151326645657,0.009351151326645657,0.0038960452805333334
100,20,1002123,0.5,0.05,0.02,0.4,0.5,1000,10,0.001,25,25,full_batch,275,0.040634040037901775,0.0008255626049009022,0.009348688958501827,0.009348688958501827,0.003895173645390715
100,20,1002123,0.5,0.05,0.02,0.4,0.5,1000,10,0.001,25,25,full_batch,300,0.040569019513656296,0.0008229226721497126,0.009346343444332939,0.009346343444332939,0.0038943437701529637
100,20,1002123,0.5,0.05,0.02,0.4,0.5,1000,10,0.001,25,25,full_batch,325,0.04050675709849807,0.0008203986853183618,0.009344103804722947,0.009344103804722947,0.003893549236388183
100,20,1002123,0.5,0.05,0.02,0.4,0.5,1000,10,0.001,25,25,full_batch,350,0.040446940238116194,0.0008179774873128715,0.00934195237651747,0.00934195237651747,0.0038927853113498445
100,20,1002123,0.5,0.05,0.02,0.4,0.5,1000,10,0.001,25,25,full_batch,375,0.04038931127338885,0.0008156482325693479,0.00933987986523055,0.00933987986523055,0.0038920321174306105
100,20,1002123,0.5,0.05,0.02,0.4,0.5,1000,10,0.001,25,25,full_batch,400,0.04033365482245719,0.000813401855668562,0.009337878501460617,0.009337878501460617,0.003891300508605977
100,20,1002123,0.5,0.05,0.02,0.4,0.5,1000,10,0.001,25,25,full_batch,425,0.04027978866351908,0.00081123068738888,0.009335941712000029,0.009335941712000029,0.003890592656549785
100,20,1002123,0.5,0.05,0.02,0.4,0.5,1000,10,0.001,25,25,full_batch,450,0.04022755699975156,0.0008091281710841303,0.009334063876876353,0.009334063876876353,0.0038899064933639593
100,20,1002123,0.5,0.05,0.02,0.4,0.5,1000,10,0.001,25,25,full_batch,475,0.040176825387137766,0.0008070886490942788,0.009332240146379733,0.009332240146379733,0.0038892402345822585
100,20,1002123,0.5,0.05,0.02,0.4,0.5,1000,10,0.001,25,25,full_batch,500,0.040127476849329324,0.0008051071991467305,0.009330466300914164,0.009330466300914164,0.0038885923275977508
100,20,1002123,0.5,0.05,0.02,0.4,0.5,1000,10,0.001,25,25,full_batch,525,0.04007940885670432,0.0008031795071514345,0.009328738642020551,0.009328738642020551,0.0038879614115653327
100,20,1002123,0.5,0.05,0.02,0.4,0.5,1000,10,0.001,25,25,full_batch,550,0.04003253094568003,0.0008013017669584147,0.009327053906498017,0.009327053906498017,0.00388734743958008
100,20,1002123,0.5,0.05,0.02,0.4,0.5,1000,10,0.001,25,25,full_batch,575,0.03998676281985512,0.000799470600405674,0.009325409197904866,0.009325409197904866,0.003886757245014194
100,20,1002123,0.5,0.05,0.02,0.4,0.5,1000,10,0.001,25,25,full_batch,600,0.03994203281889758,0.0007976829928529456,0.009323801931327258,0.009323801931327258,0.003886182221832901
100,20,1002123,0.5,0.05,0.02,0.4,0.5,1000,10,0.001,25,25,full_batch,625,0.03989827667170732,0.0007959362406860522,0.009322229788400582,0.009322229788400582,0.003885621430197328
100,20,1002123,0.5,0.05,0.02,0.4,0.5,1000,10,0.001,25,25,full_batch,650,0.039855436471888404,0.0007942279081823662,0.009320690680353017,0.009320690680353017,0.0038850740233555836
100,20,1002123,0.5,0.05,0.02,0.4,0.5,1000,10,0.001,25,25,full_batch,675,0.039813459828925576,0.0007925557917747353,0.009319182717384134,0.009319182717384134,0.0038845392352256924
100,20,1002123,0.5,0.05,0.02,0.4,0.5,1000,10,0.001,25,25,full_batch,700,0.0397722991595819,0.0007909178902196396,0.009317704183105069,0.009317704183105069,0.003884018333121464
100,20,1002123,0.5,0.05,0.02,0.4,0.5,1000,10,0.001,25,25,full_batch,725,0.03973191109220401,0.000789312379519402,0.009316253513048434,0.009316253513048434,0.0038835189744027554
100,20,1002123,0.5,0.05,0.02,0.4,0.5,1000,10,0.001,25,25,full_batch,750,0.039692255962698306,0.0007877375917041796,0.009314829276488135,0.009314829276488135,0.0038830285396562747
100,20,1002123,0.5,0.05,0.02,0.4,0.5,1000,10,0.001,25,25,full_batch,775,0.039653297385501836,0.0007861919967715234,0.009313430160961644,0.009313430160961644,0.0038825465870196973
100,20,1002123,0.5,0.05,0.02,0.4,0.5,1000,10,0.001,25,25,full_batch,800,0.039615001886346264,0.000784674187227609,0.00931205495902393,0.00931205495902393,0.00388207270995955
100,20,1002123,0.5,0.05,0.02,0.4,0.5,1000,10,0.001,25,25,full_batch,825,0.03957733858627243,0.0007831828647862243,0.00931070255684835,0.00931070255684835,0.0038816065334379424
100,20,1002123,0.5,0.05,0.02,0.4,0.5,1000,10,0.001,25,25,full_batch,850,0.03954027892841629,0.0007817168288684808,0.009309371924371146,0.009309371924371146,0.0038811477105969994
100,20,1002123,0.5,0.05,0.02,0.4,0.5,1000,10,0.001,25,25,full_batch,875,0.039503796440697,0.0007802749666140125,0.009308062106730686,0.009308062106730686,0.003880695919881161
100,20,1002123,0.5,0.05,0.02,0.4,0.5,1000,10,0.001,25,25,full_batch,900,0.039467866528802596,0.0007788562441676881,0.009306772216800374,0.009306772216800374,0.003880250862525525
100,20,1002123,0.5,0.05,0.02,0.4,0.5,1000,10,0.001,25,25,full_batch,925,0.03943246629487694,0.0007774596990483031,0.00930550142864811,0.00930550142864811,0.0038798122603546092
100,20,1002123,0.5,0.05,0.02,0.4,0.5,1000,10,0.001,25,25,full_batch,950,0.039397574378112435,0.0007760844334394507,0.009304248971786333,0.009304248971786333,0.003879379853851006
100,20,1002123,0.5,0.05,0.02,0.4,0.5,1000,10,0.001,25,25,full_batch,975,0.03936317081409694,0.0007747296082698865,0.009303014126097187,0.009303014126097187,0.0038789534004451953
100,20,1002123,0.5,0.05,0.02,0.4,0.5,1000,10,0.001,25,25,full_batch,1000,0.039329236910289306,0.0007733944379728313,0.009301796217342118,0.009301796217342118,0.003878532673009305
100,20,1002123,0.5,0.05,0.02,0.4,0.5,1000,10,0.001,25,25,minibatch,0,0.042062152240195,0.0008846123255386707,0.00940034226682579,0.00940034226682579,0.003913588771301324
100,20,1002123,0.5,0.05,0.02,0.4,0.5,1000,10,0.001,25,25,minibatch,25,0.04166275084964303,0.0008678924041797154,0.009385614558655109,0.009385614558655109,0.003908226842412543
100,20,1002123,0.5,0.05,0.02,0.4,0.5,1000,10,0.001,25,25,minibatch,50,0.04147401736254749,0.0008600470580944452,0.009378665480483273,0.009378665480483273,0.0039054806627000227
100,20,1002123,0.5,0.05,0.02,0.4,0.5,1000,10,0.001,25,25,minibatch,75,0.041337076190062674,0.0008543769339715233,0.009373584085379971,0.009373584085379971,0.0039036941896142263
100,20,1002123,0.5,0.05,0.02,0.4,0.5,1000,10,0.001,25,25,minibatch,100,0.041219371368795235,0.0008495182880193282,0.009369157303998232,0.009369157303998232,0.0039021992125575222
100,20,1002123,0.5,0.05,0.02,0.4,0.5,1000,10,0.001,25,25,minibatch,125,0.04111362674286732,0.0008451651519759073,0.009365292645615642,0.009365292645615642,0.0039008962982718387
100,20,1002123,0.5,0.05,0.02,0.4,0.5,1000,10,0.001,25,25,minibatch,150,0.041020189944191626,0.0008413279915287799,0.009362019417315404,0.009362019417315404,0.003899799482250721
100,20,1002123,0.5,0.05,0.02,0.4,0.5,1000,10,0.001,25,25,minibatch,175,0.040934433621686875,0.0008378139279641444,0.0093590032783189,0.0093590032783189,0.0038987711280382698
100,20,1002123,0.5,0.05,0.02,0.4,0.5,1000,10,0.001,25,25,minibatch,200,0.04085505829368585,0.0008345678940902346,0.009356148511077245,0.009356148511077245,0.0038978647001833844
100,20,1002123,0.5,0.05,0.02,0.4,0.5,1000,10,0.001,25,25,minibatch,225,0.04077975525082932,0.0008314942191587709,0.009353324225446324,0.009353324225446324,0.0038968910708241378
100,20,1002123,0.5,0.05,0.02,0.4,0.5,1000,10,0.001,25,25,minibatch,250,0.04070686085937078,0.0008285242605120864,0.009350636442751303,0.009350636442751303,0.0038959504340237983
100,20,1002123,0.5,0.05,0.02,0.4,0.5,1000,10,0.001,25,25,minibatch,275,0.04063773775728732,0.0008257128650150279,0.009348147064040191,0.009348147064040191,0.0038950369202570556
100,20,1002123,0.5,0.05,0.02,0.4,0.5,1000,10,0.001,25,25,minibatch,300,0.04057310668009149,0.0008230884928370423,0.009345802964589589,0.009345802964589589,0.0038941234415078574
100,20,1002123,0.5,0.05,0.02,0.4,0.5,1000,10,0.001,25,25,minibatch,325,0.04051050549058243,0.0008205505275512546,0.0093436432134813,0.0093436432134813,0.0038934129247626403
100,20,1002123,0.5,0.05,0.02,0.4,0.5,1000,10,0.001,25,25,minibatch,350,0.040449260912862044,0.0008180713541983945,0.009341511107322065,0.009341511107322065,0.0038926112908395094
100,20,1002123,0.5,0.05,0.02,0.4,0.5,1000,10,0.001,25,25,minibatch,375,0.04039227205759904,0.0008157678209875479,0.00933936542136643,0.00933936542136643,0.0038919813577956708
100,20,1002123,0.5,0.05,0.02,0.4,0.5,1000,10,0.001,25,25,minibatch,400,0.04033784048800856,0.0008135706876180113,0.009337414756350304,0.009337414756350304,0.003891124441269933
100,20,1002123,0.5,0.05,0.02,0.4,0.5,1000,10,0.001,25,25,minibatch,425,0.04028287486579824,0.0008113550037267799,0.009335428198725904,0.009335428198725904,0.003890425934924391
100,20,1002123,0.5,0.05,0.02,0.4,0.5,1000,10,0.001,25,25,minibatch,450,0.040230298388333426,0.0008092384542071715,0.00933358468004547,0.00933358468004547,0.0038897288134103203
100,20,1002123,0.5,0.05,0.02,0.4,0.5,1000,10,0.001,25,25,minibatch,475,0.040179394087758606,0.0008071918546297056,0.009331707492087338,0.009331707492087338,0.0038890946856242614
100,20,1002123,0.5,0.05,0.02,0.4,0.5,1000,10,0.001,25,25,minibatch,500,0.04013021595051244,0.0008052171161173817,0.009329946181941384,0.009329946181941384,0.0038883466669191735
100,20,1002123,0.5,0.05,0.02,0.4,0.5,1000,10,0.001,25,25,minibatch,525,0.040078820349686496,0.0008031559203112221,0.009328141142985913,0.009328141142985913,0.0038877381649660148
100,20,1002123,0.5,0.05,0.02,0.4,0.5,1000,10,0.001,25,25,minibatch,550,0.04003315874217048,0.0008013268994379102,0.009326580883297797,0.009326580883297797,0.0038870796663055263
100,20,1002123,0.5,0.05,0.02,0.4,0.5,1000,10,0.001,25,25,minibatch,575,0.039987434898160014,0.0007994974748672927,0.009324933828901372,0.009324933828901372,0.0038865737577644666
100,20,1002123,0.5,0.05,0.02,0.4,0.5,1000,10,0.001,25,25,minibatch,600,0.03994294580571768,0.0007977194598192499,0.009323320403196833,0.009323320403196833,0.0038859477646143725
100,20,1002123,0.5,0.05,0.02,0.4,0.5,1000,10,0.001,25,25,minibatch,625,0.03989891188005734,0.0007959615846062904,0.009321718004651647,0.009321718004651647,0.0038854008386662864
100,20,1002123,0.5,0.05,0.02,0.4,0.5,1000,10,0.001,25,25,minibatch,650,0.03985611773979645,0.0007942550606442586,0.009320161104927727,0.009320161104927727,0.0038848469897900806
100,20,1002123,0.5,0.05,0.02,0.4,0.5,1000,10,0.001,25,25,minibatch,675,0.03981291723246172,0.0007925341892794236,0.009318599820134721,0.009318599820134721,0.003884246750191944
100,20,1002123,0.5,0.05,0.02,0.4,0.5,1000,10,0.001,25,25,minibatch,700,0.03977006998396227,0.0007908292332646284,0.009317056427064041,0.009317056427064041,0.0038837097182279345
100,20,1002123,0.5,0.05,0.02,0.4,0.5,1000,10,0.001,25,25,minibatch,725,0.03973126492996069,0.000789286706467362,0.00931574809502228,0.00931574809502228,0.0038831971140561583
100,20,1002123,0.5,0.05,0.02,0.4,0.5,1000,10,0.001,25,25,minibatch,750,0.03969185654449324,0.0007877217379743155,0.009314422817024437,0.009314422817024437,0.0038827240038847854
100,20,1002123,0.5,0.05,0.02,0.4,0.5,1000,10,0.001,25,25,minibatch,775,0.0396534471776568,0.000786197936535609,0.009313054906689655,0.009313054906689655,0.003882189977258088
100,20,1002123,0.5,0.05,0.02,0.4,0.5,1000,10,0.001,25,25,minibatch,800,0.039614064943808924,0.0007846370706861555,0.009311682886881445,0.009311682886881445,0.003881664175437005
100,20,1002123,0.5,0.05,0.02,0.4,0.5,1000,10,0.001,25,25,minibatch,825,0.03957640204525738,0.0007831457994239262,0.009310339940066414,0.009310339940066414,0.0038812077485187446
100,20,1002123,0.5,0.05,0.02,0.4,0.5,1000,10,0.001,25,25,minibatch,850,0.039539285167791996,0.000781677535789988,0.009309073109432409,0.009309073109432409,0.003880744246751555
100,20,1002123,0.5,0.05,0.02,0.4,0.5,1000,10,0.001,25,25,minibatch,875,0.03950363119117191,0.0007802684386440651,0.009307801047609199,0.009307801047609199,0.003880325937503426
100,20,1002123,0.5,0.05,0.02,0.4,0.5,1000,10,0.001,25,25,minibatch,900,0.03946885559902682,0.0007788952811484154,0.009306569720887892,0.009306569720887892,0.0038799649908258793
100,20,1002123,0.5,0.05,0.02,0.4,0.5,1000,10,0.001,25,25,minibatch,925,0.039433911962200925,0.0007775167063213066,0.009305298681475727,0.009305298681475727,0.003879555723434014
100,20,1002123,0.5,0.05,0.02,0.4,0.5,1000,10,0.001,25,25,minibatch,950,0.039398342739937336,0.0007761147053267865,0.009304016936971249,0.009304016936971249,0.003879081878763957
100,20,1002123,0.5,0.05,0.02,0.4,0.5,1000,10,0.001,25,25,minibatch,975,0.03936448863805159,0.0007747814828676463,0.009302768427061237,0.009302768427061237,0.003878718352952948
100,20,1002123,0.5,0.05,0.02,0.4,0.5,1000,10,0.001,25,25,minibatch,1000,0.039330633835177715,0.000773449378938413,0.009301637195221868,0.009301637195221868,0.003878307698848782
30,20,302123,0.5,0.05,0.02,0.5,0.5,1000,6,0.001,25,25,full_batch,0,0.06938924242737485,0.002407433482322499,0.014194061668509617,0.013391379516060287,0.014194061668509617
30,20,302123,0.5,0.05,0.02,0.5,0.5,1000,6,0.001,25,25,full_batch,25,0.06862694138623368,0.0023548285420147766,0.014152906112843311,0.013344890667539022,0.014152906112843311
30,20,302123,0.5,0.05,0.02,0.5,0.5,1000,6,0.001,25,25,full_batch,50,0.06826795279835059,0.0023302566896389117,0.014134907670491248,0.01332379038864323,0.014134907670491248
30,20,302123,0.5,0.05,0.02,0.5,0.5,1000,6,0.001,25,25,full_batch,75,0.06799335292469445,0.002311548020971028,0.014122049815420423,0.013308107769772815,0.014122049815420423
30,20,302123,0.5,0.05,0.02,0.5,0.5,1000,6,0.001,25,25,full_batch,100,0.06776270550164121,0.002295892128451078,0.014111288790668919,0.013294930707431318,0.014111288790668919
30,20,302123,0.5,0.05,0.02,0.5,0.5,1000,6,0.001,25,25,full_batch,125,0.0675602185085083,0.0022821915624586936,0.014101870826645824,0.01328335902365807,0.014101870826645824
30,20,302123,0.5,0.05,0.02,0.5,0.5,1000,6,0.001,25,25,full_batch,150,0.06737776256809193,0.002269881444341085,0.014093407942545766,0.013272929320790772,0.014093407942545766
30,20,302123,0.5,0.05,0.02,0.5,0.5,1000,6,0.001,25,25,full_batch,175,0.06721049794116284,0.002258625516749527,0.01408566918256171,0.013263365715961206,0.01408566918256171
30,20,302123,0.5,0.05,0.02,0.5,0.5,1000,6,0.001,25,25,full_batch,200,0.06705526676577335,0.002248204400514514,0.014078503866893688,0.013254488196825398,0.014078503866893688
30,20,302123,0.5,0.05,0.02,0.5,0.5,1000,6,0.001,25,25,full_batch,225,0.06690987337909328,0.0022384655778031476,0.014071807238519363,0.01324617159885283,0.014071807238519363
30,20,302123,0.5,0.05,0.02,0.5,0.5,1000,6,0.001,25,25,full_batch,250,0.06677271794812391,0.0022292979310898544,0.014065502975715904,0.013238324721628059,0.014065502975715904
30,20,302123,0.5,0.05,0.02,0.5,0.5,1000,6,0.001,25,25,full_batch,275,0.06664259204673935,0.0022206175373540634,0.014059533435036464,0.01323087867631434,0.014059533435036464
30,20,302123,0.5,0.05,0.02,0.5,0.5,1000,6,0.001,25,25,full_batch,300,0.0665185564348073,0.0022123591750853214,0.014053853818024598,0.013223779918764944,0.014053853818024598
30,20,302123,0.5,0.05,0.02,0.5,0.5,1000,6,0.001,25,25,full_batch,325,0.06639986392286366,0.0022044709644874058,0.014048428489917442,0.01321698585259784,0.014048428489917442
30,20,302123,0.5,0.05,0.02,0.5,0.5,1000,6,0.001,25,25,full_batch,350,0.06628590852213612,0.002196910834302499,0.014043228552926557,0.013210461930586281,0.014043228552926557
30,20,302123,0.5,0.05,0.02,0.5,0.5,1000,6,0.001,25,25,full_batch,375,0.06617619069681428,0.0021896441075705646,0.014038230188043399,0.013204179673917238,0.014038230188043399
30,20,302123,0.5,0.05,0.02,0.5,0.5,1000,6,0.001,25,25,full_batch,400,0.06607029289321416,0.0021826418014975527,0.0140334134873209,0.013198115277260558,0.0140334134873209
30,20,302123,0.5,0.05,0.02,0.5,0.5,1000,6,0.001,25,25,full_batch,425,0.06596786185846819,0.002175879399088971,0.01402876161017741,0.013192248600859269,0.01402876161017741
30,20,302123,0.5,0.05,0.02,0.5,0.5,1000,6,0.001,25,25,full_batch,450,0.06586859557920652,0.0021693359417885322,0.014024260160181767,0.013186562425974824,0.014024260160181767
30,20,302123,0.5,0.05,0.02,0.5,0.5,1000,6,0.001,25,25,full_batch,475,0.06577223344528403,0.0021629933461904697,0.014019896715738223,0.01318104189417113,0.014019896715738223
30,20,302123,0.5,0.05,0.02,0.5,0.5,1000,6,0.001,25,25,full_batch,500,0.06567854871562309,0.002156835880695238,0.014015660470630242,0.013175674077827049,0.014015660470630242
30,20,302123,0.5,0.05,0.02,0.5,0.5,1000,6,0.001,25,25,full_batch,525,0.06558734266003023,0.0021508497586021106,0.014011541954533524,0.0131704476461873,0.014011541954533524
30,20,302123,0.5,0.05,0.02,0.5,0.5,1000,6,0.001,25,25,full_batch,550,0.06549843994267618,0.002145022817462179,0.014007532812778833,0.01316535260219226,0.014007532812778833
30,20,302123,0.5,0.05,0.02,0.5,0.5,1000,6,0.001,25,25,full_batch,575,0.06541168493998467,0.002139344263343909,0.014003625630701733,0.013160380072573807,0.014003625630701733
30,20,302123,0.5,0.05,0.02,0.5,0.5,1000,6,0.001,25,25,full_batch,600,0.0653269387716758,0.0021338044646391392,0.013999813792013927,0.013155522138605102,0.013999813792013927
30,20,302123,0.5,0.05,0.02,0.5,0.5,1000,6,0.001,25,25,full_batch,625,0.06524407688308734,0.0021283947841631056,0.013996091363480678,0.013150771698275776,0.013996091363480678
30,20,302123,0.5,0.05,0.02,0.5,0.5,1000,6,0.001,25,25,full_batch,650,0.0651629870586016,0.00212310744119974,0.013992453000165439,0.013146122353040579,0.013992453000165439
30,20,302123,0.5,0.05,0.02,0.5,0.5,1000,6,0.001,25,25,full_batch,675,0.0650835677757941,0.0021179353972131925,0.013988893866927421,0.013141568313994989,0.013988893866927421
30,20,302123,0.5,0.05,0.02,0.5,0.5,1000,6,0.001,25,25,full_batch,700,0.06500572683149225,0.0021128722604452956,0.013985409572895013,0.013137104323547755,0.013985409572895013
30,20,302123,0.5,0.05,0.02,0.5,0.5,1000,6,0.001,25,25,full_batch,725,0.06492938018677857,0.002107912205719617,0.013981996116380235,0.013132725589575622,0.013981996116380235
30,20,302123,0.5,0.05,0.02,0.5,0.5,1000,6,0.001,25,25,full_batch,750,0.06485445098975012,0.0021030499065909504,0.01397864983827396,0.01312842772971351,0.01397864983827396
30,20,302123,0.5,0.05,0.02,0.5,0.5,1000,6,0.001,25,25,full_batch,775,0.06478086874370018,0.002098280477594255,0.013975367382378479,0.013124206723930998,0.013975367382378479
30,20,302123,0.5,0.05,0.02,0.5,0.5,1000,6,0.001,25,25,full_batch,800,0.06470856859511827,0.002093599424814563,0.013972145661456215,0.013120058873942797,0.013972145661456215
30,20,302123,0.5,0.05,0.02,0.5,0.5,1000,6,0.001,25,25,full_batch,825,0.06463749072106714,0.0020890026033580206,0.013968981828015647,0.013115980768282742,0.013968981828015647
30,20,302123,0.5,0.05,0.02,0.5,0.5,1000,6,0.001,25,25,full_batch,850,0.06456757979949367,0.002084486180581991,0.01396587324905546,0.013111969252104116,0.01396587324905546
30,20,302123,0.5,0.05,0.02,0.5,0.5,1000,6,0.001,25,25,full_batch,875,0.06449878454914905,0.002080046604158774,0.013962817484128531,0.013108021400952852,0.013962817484128531
30,20,302123,0.5,0.05,0.02,0.5,0.5,1000,6,0.001,25,25,full_batch,900,0.0644310573282587,0.0020756805742186794,0.013959812266206906,0.013104134497885223,0.013959812266206906
30,20,302123,0.5,0.05,0.02,0.5,0.5,1000,6,0.001,25,25,full_batch,925,0.06436435378302267,0.0020713850189530525,0.013956855484924147,0.013100306013429153,0.013956855484924147
30,20,302123,0.5,0.05,0.02,0.5,0.5,1000,6,0.001,25,25,full_batch,950,0.0642986325385875,0.0020671570731661515,0.01395394517184162,0.013096533587964754,0.01395394517184162
30,20,302123,0.5,0.05,0.02,0.5,0.5,1000,6,0.001,25,25,full_batch,975,0.06423385492638238,0.002062994059351769,0.013951079487451667,0.013092815016180703,0.013951079487451667
30,20,302123,0.5,0.05,0.02,0.5,0.5,1000,6,0.001,25,25,full_batch,1000,0.06416998474272259,0.002058893470940625,0.01394825670966987,0.0130891482333097,0.01394825670966987
30,20,302123,0.5,0.05,0.02,0.5,0.5,1000,6,0.001,25,25,minibatch,0,0.06938924242737485,0.002407433482322499,0.014194061668509617,0.013391379516060287,0.014194061668509617
30,20,302123,0.5,0.05,0.02,0.5,0.5,1000,6,0.001,25,25,minibatch,25,0.06861086772272261,0.0023537255848324694,0.014149515892334819,0.013343449733758395,0.014149515892334819
30,20,302123,0.5,0.05,0.02,0.5,0.5,1000,6,0.001,25,25,minibatch,50,0.06823152809713941,0.002327770713235362,0.014132435970471535,0.013318838825553014,0.014132435970471535
30,20,302123,0.5,0.05,0.02,0.5,0.5,1000,6,0.001,25,25,minibatch,75,0.06795805419172715,0.0023091485647628624,0.014119728932089293,0.013301945016801209,0.014119728932089293
30,20,302123,0.5,0.05,0.02,0.5,0.5,1000,6,0.001,25,25,minibatch,100,0.0677191608282049,0.00229294237163814,0.014108123920569204,0.013288257900669675,0.014108123920569204
30,20,302123,0.5,0.05,0.02,0.5,0.5,1000,6,0.001,25,25,minibatch,125,0.06751926361754677,0.002279425479727888,0.01409896262316962,0.013277785395220065,0.01409896262316962
30,20,302123,0.5,0.05,0.02,0.5,0.5,1000,6,0.001,25,25,minibatch,150,0.0673336873868436,0.0022669127285545906,0.014090428159991453,0.01326672158115566,0.014090428159991453
30,20,302123,0.5,0.05,0.02,0.5,0.5,1000,6,0.001,25,25,minibatch,175,0.06716243102256463,0.0022553960704303757,0.014082239109376227,0.013257359559980586,0.014082239109376227
30,20,302123,0.5,0.05,0.02,0.5,0.5,1000,6,0.001,25,25,minibatch,200,0.06700417996650704,0.0022447800664920315,0.014074684844550212,0.01324906388115027,0.014074684844550212
30,20,302123,0.5,0.05,0.02,0.5,0.5,1000,6,0.001,25,25,minibatch,225,0.06686313446085294,0.00223533937496505,0.014068986048469678,0.013240754600300497,0.014068986048469678
30,20,302123,0.5,0.05,0.02,0.5,0.5,1000,6,0.001,25,25,minibatch,250,0.06672694449475518,0.002226242560803069,0.014062801388868285,0.013233501504095968,0.014062801388868285
30,20,302123,0.5,0.05,0.02,0.5,0.5,1000,6,0.001,25,25,minibatch,275,0.06659738027469525,0.002217605529726184,0.014056563640476805,0.013225580248711344,0.014056563640476805
30,20,302123,0.5,0.05,0.02,0.5,0.5,1000,6,0.001,25,25,minibatch,300,0.066472506306586,0.0022092970473395574,0.014050878067402739,0.013218961007790131,0.014050878067402739
30,20,302123,0.5,0.05,0.02,0.5,0.5,1000,6,0.001,25,25,minibatch,325,0.06635934059315722,0.002201781041979322,0.014046105855385294,0.013212811459393181,0.014046105855385294
30,20,302123,0.5,0.05,0.02,0.5,0.5,1000,6,0.001,25,25,minibatch,350,0.06624629873536272,0.0021942860480674603,0.01404057719016244,0.013207037922662757,0.01404057719016244
30,20,302123,0.5,0.05,0.02,0.5,0.5,1000,6,0.001,25,25,minibatch,375,0.06613712656217717,0.0021870597549507203,0.0140361433095742,0.01319995837866128,0.0140361433095742
30,20,302123,0.5,0.05,0.02,0.5,0.5,1000,6,0.001,25,25,minibatch,400,0.0660364784350157,0.002180408242049147,0.01403182723835339,0.01319475481578275,0.01403182723835339
30,20,302123,0.5,0.05,0.02,0.5,0.5,1000,6,0.001,25,25,minibatch,425,0.06593358925836412,0.0021736190962453345,0.014027445541094363,0.01318886377776518,0.014027445541094363
30,20,302123,0.5,0.05,0.02,0.5,0.5,1000,6,0.001,25,25,minibatch,450,0.0658355624045513,0.002167160638561784,0.014022961600559658,0.013183606150102778,0.014022961600559658
30,20,302123,0.5,0.05,0.02,0.5,0.5,1000,6,0.001,25,25,minibatch,475,0.06574012249056328,0.002160881852537132,0.014018780585040469,0.013177867665251752,0.014018780585040469
30,20,302123,0.5,0.05,0.02,0.5,0.5,1000,6,0.001,25,25,minibatch,500,0.06564696108068764,0.002154761749564659,0.014014589451998016,0.013172193391035592,0.014014589451998016
30,20,302123,0.5,0.05,0.02,0.5,0.5,1000,6,0.001,25,25,minibatch,525,0.06555901418747749,0.0021489921706169374,0.014010397826516918,0.013167151403752186,0.014010397826516918
30,20,302123,0.5,0.05,0.02,0.5,0.5,1000,6,0.001,25,25,minibatch,550,0.06546823140980608,0.0021430446619639595,0.014006049123404196,0.01316220921325828,0.014006049123404196
30,20,302123,0.5,0.05,0.02,0.5,0.5,1000,6,0.001,25,25,minibatch,575,0.06537798416489964,0.002137140406732934,0.014001963812228346,0.013156794223801005,0.014001963812228346
30,20,302123,0.5,0.05,0.02,0.5,0.5,1000,6,0.001,25,25,minibatch,600,0.06529487492681005,0.002131710345853884,0.013998679879990372,0.013152021900857458,0.013998679879990372
30,20,302123,0.5,0.05,0.02,0.5,0.5,1000,6,0.001,25,25,minibatch,625,0.06521288066223857,0.0021263599021336846,0.013994873779498318,0.013147636088685022,0.013994873779498318
30,20,302123,0.5,0.05,0.02,0.5,0.5,1000,6,0.001,25,25,minibatch,650,0.06513465519938277,0.0021212616539712406,0.01399172861257647,0.013142654985110747,0.01399172861257647
30,20,302123,0.5,0.05,0.02,0.5,0.5,1000,6,0.001,25,25,minibatch,675,0.0650532129719557,0.0021159602589873126,0.013988295805213491,0.013137578178577525,0.013988295805213491
30,20,302123,0.5,0.05,0.02,0.5,0.5,1000,6,0.001,25,25,minibatch,700,0.06497772406212464,0.0021110523121468058,0.01398472019785918,0.013133648784180774,0.01398472019785918
30,20,302123,0.5,0.05,0.02,0.5,0.5,1000,6,0.001,25,25,minibatch,725,0.06490333825259896,0.0021062216581656376,0.013981480784800104,0.013129177051242391,0.013981480784800104
30,20,302123,0.5,0.05,0.02,0.5,0.5,1000,6,0.001,25,25,minibatch,750,0.06482781233717617,0.002101322626212066,0.013978435249207666,0.01312543957444251,0.013978435249207666
30,20,302123,0.5,0.05,0.02,0.5,0.5,1000,6,0.001,25,25,minibatch,775,0.06475280208540621,0.002096462688955893,0.013975470889644181,0.013121162972689948,0.013975470889644181
30,20,302123,0.5,0.05,0.02,0.5,0.5,1000,6,0.001,25,25,minibatch,800,0.06467924958304845,0.0020917026633131366,0.013972390225043319,0.013116677813222954,0.013972390225043319
30,20,302123,0.5,0.05,0.02,0.5,0.5,1000,6,0.001,25,25,minibatch,825,0.06461160023275613,0.0020873294423187456,0.013969264765535283,0.013112769909341626,0.013969264765535283
30,20,302123,0.5,0.05,0.02,0.5,0.5,1000,6,0.001,25,25,minibatch,850,0.0645421850379242,0.0020828468247348227,0.01396643566211836,0.013108529843607108,0.01396643566211836
30,20,302123,0.5,0.05,0.02,0.5,0.5,1000,6,0.001,25,25,minibatch,875,0.06446995262844302,0.0020781873959568433,0.01396323082341594,0.013104461937860523,0.01396323082341594
30,20,302123,0.5,0.05,0.02,0.5,0.5,1000,6,0.001,25,25,minibatch,900,0.0644011531477589,0.0020737542633805484,0.013960247359081579,0.013100432660373584,0.013960247359081579
30,20,302123,0.5,0.05,0.02,0.5,0.5,1000,6,0.001,25,25,minibatch,925,0.06433734007793816,0.002069646664152134,0.013957383053814443,0.013096663817960152,0.013957383053814443
30,20,302123,0.5,0.05,0.02,0.5,0.5,1000,6,0.001,25,25,minibatch,950,0.06427115337889083,0.002065390578326455,0.01395472138081022,0.013092991615961835,0.01395472138081022
30,20,302123,0.5,0.05,0.02,0.5,0.5,1000,6,0.001,25,25,minibatch,975,0.06420779765877457,0.0020613206400950687,0.013952046970021115,0.0130891608329749,0.013952046970021115
30,20,302123,0.5,0.05,0.02,0.5,0.5,1000,6,0.001,25,25,minibatch,1000,0.06414500768847693,0.0020572910056773823,0.013949325300366577,0.013085480191929177,0.013949325300366577
100,20,1002123,0.5,0.05,0.02,0.5,0.5,1000,10,0.001,25,25,full_batch,0,0.042062152240195,0.0008846123255386707,0.00940034226682579,0.00940034226682579,0.003913588771301324
100,20,1002123,0.5,0.05,0.02,0.5,0.5,1000,10,0.001,25,25,full_batch,25,0.04157011484637337,0.000864037224170336,0.009382530621894203,0.009382530621894203,0.0039072080716408
100,20,1002123,0.5,0.05,0.02,0.5,0.5,1000,10,0.001,25,25,full_batch,50,0.041338092172266784,0.0008544189322214122,0.0093741369685445,0.0093741369685445,0.0039042122423091907
100,20,1002123,0.5,0.05,0.02,0.5,0.5,1000,10,0.001,25,25,full_batch,75,0.0411604806079716,0.0008470925819396032,0.009367714073959643,0.009367714073959643,0.0039019246560365595
100,20,1002123,0.5,0.05,0.02,0.5,0.5,1000,10,0.001,25,25,full_batch,100,0.04101121028059908,0.0008409596843397578,0.009362317675475185,0.009362317675475185,0.0039000059446715474
100,20,1002123,0.5,0.05,0.02,0.5,0.5,1000,10,0.001,25,25,full_batch,125,0.040880099531581685,0.0008355912688560125,0.009357578991639304,0.009357578991639304,0.0038983235709429964
100,20,1002123,0.5,0.05,0.02,0.5,0.5,1000,10,0.001,25,25,full_batch,150,0.04076190692792609,0.0008307665282004545,0.009353308178061459,0.009353308178061459,0.003896809307622595
100,20,1002123,0.5,0.05,0.02,0.5,0.5,1000,10,0.001,25,25,full_batch,175,0.04065351195473056,0.0008263540171267104,0.00934939221054909,0.00934939221054909,0.0038954225363400097
100,20,1002123,0.5,0.05,0.02,0.5,0.5,1000,10,0.001,25,25,full_batch,200,0.040552878466730446,0.000822267975968705,0.009345762682423375,0.009345762682423375,0.0038941378273387173
100,20,1002123,0.5,0.05,0.02,0.5,0.5,1000,10,0.001,25,25,full_batch,225,0.0404585906947491,0.0008184487805026193,0.00934237125815196,0.00934237125815196,0.0038929341183733257
100,20,1002123,0.5,0.05,0.02,0.5,0.5,1000,10,0.001,25,25,full_batch,250,0.040369617035909036,0.0008148529898129786,0.009339171518637668,0.009339171518637668,0.003891773179157676
100,20,1002123,0.5,0.05,0.02,0.5,0.5,1000,10,0.001,25,25,full_batch,275,0.04028517825418562,0.000811447793485755,0.009336135353889274,0.009336135353889274,0.0038906634414548336
100,20,1002123,0.5,0.05,0.02,0.5,0.5,1000,10,0.001,25,25,full_batch,300,0.04020466867893422,0.0008082076917914372,0.00933324091518839,0.00933324091518839,0.0038896058467087213
100,20,1002123,0.5,0.05,0.02,0.5,0.5,1000,10,0.001,25,25,full_batch,325,0.04012760647159944,0.0008051124005697748,0.00933047082097399,0.00933047082097399,0.0038885939989492524
100,20,1002123,0.5,0.05,0.02,0.5,0.5,1000,10,0.001,25,25,full_batch,350,0.04005360083963396,0.0008021454701103632,0.009327810974097572,0.009327810974097572,0.0038876227108300965
100,20,1002123,0.5,0.05,0.02,0.5,0.5,1000,10,0.001,25,25,full_batch,375,0.03998232963226488,0.0007992933414115433,0.009325249753600384,0.009325249753600384,0.003886700145385946
100,20,1002123,0.5,0.05,0.02,0.5,0.5,1000,10,0.001,25,25,full_batch,400,0.03991352356229992,0.0007965446815791355,0.009322777445521901,0.009322777445521901,0.003885816615862625
100,20,1002123,0.5,0.05,0.02,0.5,0.5,1000,10,0.001,25,25,full_batch,425,0.0398469548055278,0.0007938899036368875,0.009320385831631695,0.009320385831631695,0.003884965808695684
100,20,1002123,0.5,0.05,0.02,0.5,0.5,1000,10,0.001,25,25,full_batch,450,0.0397824285789142,0.0007913208118182048,0.009318067885618564,0.009318067885618564,0.0038841448732059858
100,20,1002123,0.5,0.05,0.02,0.5,0.5,1000,10,0.001,25,25,full_batch,475,0.039719776798204105,0.0007888303344495766,0.009315817544292948,0.009315817544292948,0.0038833688889186035
100,20,1002123,0.5,0.05,0.02,0.5,0.5,1000,10,0.001,25,25,full_batch,500,0.039658853219868055,0.0007864123193575194,0.00931362953233772,0.00931362953233772,0.0038826152963001848
100,20,1002123,0.5,0.05,0.02,0.5,0.5,1000,10,0.001,25,25,full_batch,525,0.03959952966368181,0.0007840613747924079,0.009311499226039965,0.009311499226039965,0.0038818811879328674
100,20,1002123,0.5,0.05,0.02,0.5,0.5,1000,10,0.001,25,25,full_batch,550,0.03954169303591164,0.0007817727440731315,0.009309422545907109,0.009309422545907109,0.003881165190415814
100,20,1002123,0.5,0.05,0.02,0.5,0.5,1000,10,0.001,25,25,full_batch,575,0.03948524295499587,0.0007795422056075255,0.009307395871014756,0.009307395871014756,0.0038804660846040173
100,20,1002123,0.5,0.05,0.02,0.5,0.5,1000,10,0.001,25,25,full_batch,600,0.039430089837067465,0.0007773659922796055,0.009305415969944608,0.009305415969944608,0.00387978278238188
100,20,1002123,0.5,0.05,0.02,0.5,0.5,1000,10,0.001,25,25,full_batch,625,0.039376153336939904,0.0007752407258071018,0.0093034799445455,0.0093034799445455,0.003879114307755338
100,20,1002123,0.5,0.05,0.02,0.5,0.5,1000,10,0.001,25,25,full_batch,650,0.03932336106707379,0.0007731633628057274,0.009301585183721206,0.009301585183721206,0.0038784597813081856
100,20,1002123,0.5,0.05,0.02,0.5,0.5,1000,10,0.001,25,25,full_batch,675,0.03927164753624445,0.0007711311501055074,0.009299729325143558,0.009299729325143558,0.0038778184073283706
100,20,1002123,0.5,0.05,0.02,0.5,0.5,1000,10,0.001,25,25,full_batch,700,0.03922095326354164,0.0007691415874504589,0.009297910223294181,0.009297910223294181,0.0038771894630570403
100,20,1002123,0.5,0.05,0.02,0.5,0.5,1000,10,0.001,25,25,full_batch,725,0.03917122403355098,0.0007671923961433209,0.009296125922593323,0.009296125922593323,0.003876572289653324
100,20,1002123,0.5,0.05,0.02,0.5,0.5,1000,10,0.001,25,25,full_batch,750,0.039122410266156996,0.0007652814925167531,0.00929437463466809,0.00929437463466809,0.0038759662845466725
100,20,1002123,0.5,0.05,0.02,0.5,0.5,1000,10,0.001,25,25,full_batch,775,0.03907446648011825,0.0007634069653529424,0.009292654719001037,0.009292654719001037,0.003875363573107804
100,20,1002123,0.5,0.05,0.02,0.5,0.5,1000,10,0.001,25,25,full_batch,800,0.039027350833908424,0.0007615670565564863,0.009290964666368307,0.009290964666368307,0.003874770305160924
100,20,1002123,0.5,0.05,0.02,0.5,0.5,1000,10,0.001,25,25,full_batch,825,0.038981024730639,0.0007597601445253445,0.00928930308458581,0.00928930308458581,0.003874186759275422
100,20,1002123,0.5,0.05,0.02,0.5,0.5,1000,10,0.001,25,25,full_batch,850,0.03893545247645978,0.0007579847297733289,0.009287668686188633,0.009287668686188633,0.0038736124964446894
100,20,1002123,0.5,0.05,0.02,0.5,0.5,1000,10,0.001,25,25,full_batch,875,0.0388906009838527,0.0007562394224426222,0.009286060277726826,0.009286060277726826,0.003873047109709371
100,20,1002123,0.5,0.05,0.02,0.5,0.5,1000,10,0.001,25,25,full_batch,900,0.038846439512804545,0.0007545229314109911,0.00928447675042926,0.00928447675042926,0.0038724902209754664
100,20,1002123,0.5,0.05,0.02,0.5,0.5,1000,10,0.001,25,25,full_batch,925,0.038802939444118854,0.0007528340547519774,0.009282917072026775,0.009282917072026775,0.0038719414782275585
100,20,1002123,0.5,0.05,0.02,0.5,0.5,1000,10,0.001,25,25,full_batch,950,0.0387600740801144,0.0007511716713479781,0.009281380279560991,0.009281380279560991,0.0038714005530784412
100,20,1002123,0.5,0.05,0.02,0.5,0.5,1000,10,0.001,25,25,full_batch,975,0.03871781846877322,0.0007495347334904385,0.00927986547304338,0.00927986547304338,0.0038708671386066262
100,20,1002123,0.5,0.05,0.02,0.5,0.5,1000,10,0.001,25,25,full_batch,1000,0.03867614924805519,0.0007479222603289199,0.009278371809837427,0.009278371809837427,0.003870340947442208
100,20,1002123,0.5,0.05,0.02,0.5,0.5,1000,10,0.001,25,25,minibatch,0,0.042062152240195,0.0008846123255386707,0.00940034226682579,0.00940034226682579,0.003913588771301324
100,20,1002123,0.5,0.05,0.02,0.5,0.5,1000,10,0.001,25,25,minibatch,25,0.041563504016636506,0.0008637624330704794,0.009381956751773612,0.009381956751773612,0.0039068982596019985
100,20,1002123,0.5,0.05,0.02,0.5,0.5,1000,10,0.001,25,25,minibatch,50,0.04132833132231528,0.0008540154849435332,0.009373298706281397,0.009373298706281397,0.003903480265730508
100,20,1002123,0.5,0.05,0.02,0.5,0.5,1000,10,0.001,25,25,minibatch,75,0.041157910105562,0.0008469867821287614,0.009366975897400265,0.009366975897400265,0.0039012616417100077
100,20,1002123,0.5,0.05,0.02,0.5,0.5,1000,10,0.001,25,25,minibatch,100,0.04101154020949159,0.0008409732151773727,0.009361472654445535,0.009361472654445535,0.00389940769376651
100,20,1002123,0.5,0.05,0.02,0.5,0.5,1000,10,0.001,25,25,minibatch,125,0.04088011896479526,0.0008355920632879064,0.009356672180294623,0.009356672180294623,0.003897793367064417
100,20,1002123,0.5,0.05,0.02,0.5,0.5,1000,10,0.001,25,25,minibatch,150,0.04076407725484706,0.0008308549972195698,0.009352610795528515,0.009352610795528515,0.0038964374005853175
100,20,1002123,0.5,0.05,0.02,0.5,0.5,1000,10,0.001,25,25,minibatch,175,0.04065763620210515,0.0008265216907713657,0.00934887076912383,0.00934887076912383,0.0038951663817280435
100,20,1002123,0.5,0.05,0.02,0.5,0.5,1000,10,0.001,25,25,minibatch,200,0.04055917587516332,0.0008225233738362152,0.009345331469223894,0.009345331469223894,0.003894049882671724
100,20,1002123,0.5,0.05,0.02,0.5,0.5,1000,10,0.001,25,25,minibatch,225,0.04046580623564257,0.0008187407371502845,0.009341830431236264,0.009341830431236264,0.003892847054039583
100,20,1002123,0.5,0.05,0.02,0.5,0.5,1000,10,0.001,25,25,minibatch,250,0.0403754495594581,0.0008150884635641726,0.009338515808825776,0.009338515808825776,0.003891668598411613
100,20,1002123,0.5,0.05,0.02,0.5,0.5,1000,10,0.001,25,25,minibatch,275,0.040289813063630386,0.0008116345183511409,0.00933544578416462,0.00933544578416462,0.003890503356465125
100,20,1002123,0.5,0.05,0.02,0.5,0.5,1000,10,0.001,25,25,minibatch,300,0.040209792392944414,0.0008084137021418452,0.009332558726546036,0.009332558726546036,0.0038893410674092355
100,20,1002123,0.5,0.05,0.02,0.5,0.5,1000,10,0.001,25,25,minibatch,325,0.040132303723633515,0.0008053009010829843,0.009329896507353608,0.009329896507353608,0.0038884352269045186
100,20,1002123,0.5,0.05,0.02,0.5,0.5,1000,10,0.001,25,25,minibatch,350,0.04005651012883935,0.0008022620018509048,0.009327264636415866,0.009327264636415866,0.0038874189982006646
100,20,1002123,0.5,0.05,0.02,0.5,0.5,1000,10,0.001,25,25,minibatch,375,0.03998604056336763,0.0007994417199676408,0.009324611988974663,0.009324611988974663,0.003886638947938059
100,20,1002123,0.5,0.05,0.02,0.5,0.5,1000,10,0.001,25,25,minibatch,400,0.039918764961542605,0.0007967538980274408,0.009322202700618454,0.009322202700618454,0.003885597631788529
100,20,1002123,0.5,0.05,0.02,0.5,0.5,1000,10,0.001,25,25,minibatch,425,0.0398508251487353,0.000794044132517537,0.009319749131114385,0.009319749131114385,0.003884757340623768
100,20,1002123,0.5,0.05,0.02,0.5,0.5,1000,10,0.001,25,25,minibatch,450,0.03978585910315613,0.0007914572922880957,0.009317474159666272,0.009317474159666272,0.0038839228992978425
100,20,1002123,0.5,0.05,0.02,0.5,0.5,1000,10,0.001,25,25,minibatch,475,0.03972298465842305,0.0007889577550866565,0.009315157586160194,0.009315157586160194,0.003883185385878951
100,20,1002123,0.5,0.05,0.02,0.5,0.5,1000,10,0.001,25,25,minibatch,500,0.03966226789976687,0.0007865477474764389,0.009312985909716687,0.009312985909716687,0.0038823080359143836
100,20,1002123,0.5,0.05,0.02,0.5,0.5,1000,10,0.001,25,25,minibatch,525,0.039598783004287305,0.0007840318077103165,0.009310759033732241,0.009310759033732241,0.003881607198290893
100,20,1002123,0.5,0.05,0.02,0.5,0.5,1000,10,0.001,25,25,minibatch,550,0.039542468245914904,0.0007818033974895943,0.00930883854800868,0.00930883854800868,0.003880832637686571
100,20,1002123,0.5,0.05,0.02,0.5,0.5,1000,10,0.001,25,25,minibatch,575,0.03948607242764999,0.0007795749578808104,0.009306809149067008,0.009306809149067008,0.0038802398340026523
100,20,1002123,0.5,0.05,0.02,0.5,0.5,1000,10,0.001,25,25,minibatch,600,0.03943121134641665,0.0007774102141228887,0.009304821470836222,0.009304821470836222,0.003879493914142884
100,20,1002123,0.5,0.05,0.02,0.5,0.5,1000,10,0.001,25,25,minibatch,625,0.039376931804960255,0.0007752713791862452,0.009302847559760186,0.009302847559760186,0.0038788442867780937
100,20,1002123,0.5,0.05,0.02,0.5,0.5,1000,10,0.001,25,25,minibatch,650,0.039324203169520996,0.0007731964774588826,0.009300930956904041,0.009300930956904041,0.0038781810243488923
100,20,1002123,0.5,0.05,0.02,0.5,0.5,1000,10,0.001,25,25,minibatch,675,0.039270967735559215,0.0007711044534436664,0.00929900836169445,0.00929900836169445,0.0038774579696513323
100,20,1002123,0.5,0.05,0.02,0.5,0.5,1000,10,0.001,25,25,minibatch,700,0.03921817142818852,0.0007690324850853912,0.009297108618830374,0.009297108618830374,0.0038768122575605357
100,20,1002123,0.5,0.05,0.02,0.5,0.5,1000,10,0.001,25,25,minibatch,725,0.039170416559361335,0.0007671607667169443,0.009295502636937736,0.009295502636937736,0.0038761793967556635
100,20,1002123,0.5,0.05,0.02,0.5,0.5,1000,10,0.001,25,25,minibatch,750,0.03912191116397374,0.0007652619665609266,0.009293874469453622,0.009293874469453622,0.0038755953505584806
100,20,1002123,0.5,0.05,0.02,0.5,0.5,1000,10,0.001,25,25,minibatch,775,0.0390746493435855,0.0007634141106620835,0.009292193219535894,0.009292193219535894,0.003874933169818573
100,20,1002123,0.5,0.05,0.02,0.5,0.5,1000,10,0.001,25,25,minibatch,800,0.039026181771424015,0.000761521431828114,0.009290507230882816,0.009290507230882816,0.0038742750955113037
100,20,1002123,0.5,0.05,0.02,0.5,0.5,1000,10,0.001,25,25,minibatch,825,0.03897985638994251,0.000759714602090271,0.009288857059930766,0.009288857059930766,0.0038737034750755406
100,20,1002123,0.5,0.05,0.02,0.5,0.5,1000,10,0.001,25,25,minibatch,850,0.03893421837914304,0.0007579366803974,0.009287302430839417,0.009287302430839417,0.0038731233039284163
100,20,1002123,0.5,0.05,0.02,0.5,0.5,1000,10,0.001,25,25,minibatch,875,0.038890393379391354,0.0007562313486019034,0.009285741493573585,0.009285741493573585,0.0038726005308853395
100,20,1002123,0.5,0.05,0.02,0.5,0.5,1000,10,0.001,25,25,minibatch,900,0.038847666435238216,0.000754570593731767,0.009284231144087607,0.009284231144087607,0.0038721473289965447
100,20,1002123,0.5,0.05,0.02,0.5,0.5,1000,10,0.001,25,25,minibatch,925,0.03880473857894545,0.0007529038680901488,0.009282670781724178,0.009282670781724178,0.003871634436699356
100,20,1002123,0.5,0.05,0.02,0.5,0.5,1000,10,0.001,25,25,minibatch,950,0.038761027707504565,0.0007512086344709683,0.009281097513790637,0.009281097513790637,0.0038710412767645197
100,20,1002123,0.5,0.05,0.02,0.5,0.5,1000,10,0.001,25,25,minibatch,975,0.03871945020071178,0.0007495979119226999,0.009279564847236521,0.009279564847236521,0.0038705867033628216
100,20,1002123,0.5,0.05,0.02,0.5,0.5,1000,10,0.001,25,25,minibatch,1000,0.038677877296333055,0.000747989096075098,0.009278179414991483,0.009278179414991483,0.003870072544103653
30,20,302123,0.5,0.05,0.02,1.0,0.5,1000,6,0.001,25,25,full_batch,0,0.06938924242737485,0.002407433482322499,0.014194061668509617,0.013391379516060287,0.014194061668509617
30,20,302123,0.5,0.05,0.02,1.0,0.5,1000,6,0.001,25,25,full_batch,25,0.06787509999792568,0.002303514599864205,0.014116520088636009,0.013301348187727768,0.014116520088636009
30,20,302123,0.5,0.05,0.02,1.0,0.5,1000,6,0.001,25,25,full_batch,50,0.0671697115634934,0.002255885075761449,0.014083775387836173,0.013261028415099352,0.014083775387836173
30,20,302123,0.5,0.05,0.02,1.0,0.5,1000,6,0.001,25,25,full_batch,75,0.06663336790770452,0.0022200028593617536,0.014059100311335226,0.013230345463714044,0.014059100311335226
30,20,302123,0.5,0.05,0.02,1.0,0.5,1000,6,0.001,25,25,full_batch,100,0.06618501382057186,0.002190228027214644,0.014038620892227571,0.013204679305324485,0.014038620892227571
30,20,302123,0.5,0.05,0.02,1.0,0.5,1000,6,0.001,25,25,full_batch,125,0.06579300265486249,0.002164359599171371,0.014020825293722505,0.013182226023043975,0.014020825293722505
30,20,302123,0.5,0.05,0.02,1.0,0.5,1000,6,0.001,25,25,full_batch,150,0.06544104737924157,0.00214126534104607,0.014004935774287908,0.013162057171187902,0.014004935774287908
30,20,302123,0.5,0.05,0.02,1.0,0.5,1000,6,0.001,25,25,full_batch,175,0.06511945389759856,0.002120271637960732,0.013990489609316814,0.013143620102797904,0.013990489609316814
30,20,302123,0.5,0.05,0.02,1.0,0.5,1000,6,0.001,25,25,full_batch,200,0.06482189834568343,0.002100939252569058,0.01397718506573048,0.01312655428167775,0.01397718506573048
30,20,302123,0.5,0.05,0.02,1.0,0.5,1000,6,0.001,25,25,full_batch,225,0.06454398468767063,0.0020829629796811303,0.01396481247714848,0.013110609066127599,0.01396481247714848
30,20,302123,0.5,0.05,0.02,1.0,0.5,1000,6,0.001,25,25,full_batch,250,0.06428251050643781,0.002066120578505144,0.013953219166381092,0.01309560185831038,0.013953219166381092
30,20,302123,0.5,0.05,0.02,1.0,0.5,1000,6,0.001,25,25,full_batch,275,0.06403505737957232,0.00205024428680256,0.013942289878830783,0.013081394754705822,0.013942289878830783
30,20,302123,0.5,0.05,0.02,1.0,0.5,1000,6,0.001,25,25,full_batch,300,0.06379974599722321,0.0020352037946550997,0.013931935087239777,0.013067880586885183,0.013931935087239777
30,20,302123,0.5,0.05,0.02,1.0,0.5,1000,6,0.001,25,25,full_batch,325,0.06357508162881595,0.0020208955020553057,0.013922083612688596,0.013054974112290119,0.013922083612688596
30,20,302123,0.5,0.05,0.02,1.0,0.5,1000,6,0.001,25,25,full_batch,350,0.06335985225987631,0.0020072354391966764,0.013912677761451997,0.013042606207333995,0.013912677761451997
30,20,302123,0.5,0.05,0.02,1.0,0.5,1000,6,0.001,25,25,full_batch,375,0.06315305899171048,0.0019941544300052317,0.013903670002729518,0.01303071989960719,0.013903670002729518
30,20,302123,0.5,0.05,0.02,1.0,0.5,1000,6,0.001,25,25,full_batch,400,0.0629538670305352,0.001981594687049153,0.013895020629583088,0.013019267573774307,0.013895020629583088
30,20,302123,0.5,0.05,0.02,1.0,0.5,1000,6,0.001,25,25,full_batch,425,0.06276157027819179,0.001969507351892204,0.0138866960693112,0.013008208952844935,0.0138866960693112
30,20,302123,0.5,0.05,0.02,1.0,0.5,1000,6,0.001,25,25,full_batch,450,0.06257556517746789,0.001957850678639766,0.013878667635638053,0.012997509607022117,0.013878667635638053
30,20,302123,0.5,0.05,0.02,1.0,0.5,1000,6,0.001,25,25,full_batch,475,0.06239533101725037,0.0019465886663761233,0.01387091058925366,0.01298713983081301,0.01387091058925366
30,20,302123,0.5,0.05,0.02,1.0,0.5,1000,6,0.001,25,25,full_batch,500,0.06222041484851619,0.001935690011960727,0.013863403418420295,0.012977073783002502,0.013863403418420295
30,20,302123,0.5,0.05,0.02,1.0,0.5,1000,6,0.001,25,25,full_batch,525,0.06205041975683758,0.0019251272959998698,0.013856127279753883,0.012967288817983758,0.013856127279753883
30,20,302123,0.5,0.05,0.02,1.0,0.5,1000,6,0.001,25,25,full_batch,550,0.061884995621414744,0.001914876341531261,0.013849065557646811,0.01295776495884593,0.013849065557646811
30,20,302123,0.5,0.05,0.02,1.0,0.5,1000,6,0.001,25,25,full_batch,575,0.061723831745197424,0.0019049157026547207,0.013842203512960782,0.012948484477145639,0.013842203512960782
30,20,302123,0.5,0.05,0.02,1.0,0.5,1000,6,0.001,25,25,full_batch,600,0.06156665091295309,0.0018952262523187137,0.013835527999831676,0.012939431554084113,0.013835527999831676
30,20,302123,0.5,0.05,0.02,1.0,0.5,1000,6,0.001,25,25,full_batch,625,0.06141320455307009,0.0018857908467386144,0.013829027235120805,0.012930592004618546,0.013829027235120805
30,20,302123,0.5,0.05,0.02,1.0,0.5,1000,6,0.001,25,25,full_batch,650,0.06126326876243663,0.001876594049729272,0.013822913393307101,0.012921953050781365,0.013822913393307101
30,20,302123,0.5,0.05,0.02,1.0,0.5,1000,6,0.001,25,25,full_batch,675,0.06111664101339739,0.0018676219043802437,0.013817008190947222,0.01291350313389017,0.013817008190947222
30,20,302123,0.5,0.05,0.02,1.0,0.5,1000,6,0.001,25,25,full_batch,700,0.06097313740499717,0.0018588617425043326,0.013811223055380684,0.012905231757791957,0.013811223055380684
30,20,302123,0.5,0.05,0.02,1.0,0.5,1000,6,0.001,25,25,full_batch,725,0.060832590352459484,0.0018503020244950734,0.013805551605934996,0.012897129357096249,0.013805551605934996
30,20,302123,0.5,0.05,0.02,1.0,0.5,1000,6,0.001,25,25,full_batch,750,0.060694846632431645,0.0018419322038671995,0.013799988007155206,0.012889187185694484,0.013799988007155206
30,20,302123,0.5,0.05,0.02,1.0,0.5,1000,6,0.001,25,25,full_batch,775,0.060559765719264635,0.00183374261198611,0.013794526905727189,0.012881397221872593,0.013794526905727189
30,20,302123,0.5,0.05,0.02,1.0,0.5,1000,6,0.001,25,25,full_batch,800,0.06042721836106576,0.0018257243594279613,0.013789163376485614,0.012873752087100343,0.013789163376485614
30,20,302123,0.5,0.05,0.02,1.0,0.5,1000,6,0.001,25,25,full_batch,825,0.06029708535460901,0.0018178692511305022,0.013783892875950388,0.012866244976155405,0.013783892875950388
30,20,302123,0.5,0.05,0.02,1.0,0.5,1000,6,0.001,25,25,full_batch,850,0.06016925648618108,0.001810169713049922,0.013778711202159122,0.012858869596716394,0.013778711202159122
30,20,302123,0.5,0.05,0.02,1.0,0.5,1000,6,0.001,25,25,full_batch,875,0.060043629611704535,0.0018026187284737808,0.013773614459770822,0.012851620116890616,0.013773614459770822
30,20,302123,0.5,0.05,0.02,1.0,0.5,1000,6,0.001,25,25,full_batch,900,0.05992010985438799,0.0017952097824809623,0.013768599029627127,0.012844491119451629,0.013768599029627127
30,20,302123,0.5,0.05,0.02,1.0,0.5,1000,6,0.001,25,25,full_batch,925,0.05979860890206437,0.0017879368133110261,0.013763661542093353,0.012837477561757404,0.013763661542093353
30,20,302123,0.5,0.05,0.02,1.0,0.5,1000,6,0.001,25,25,full_batch,950,0.05967904438948428,0.0017807941696210176,0.01375879885361575,0.012830574740515022,0.01375879885361575
30,20,302123,0.5,0.05,0.02,1.0,0.5,1000,6,0.001,25,25,full_batch,975,0.059561339353346614,0.001773776572782258,0.013754008026040099,0.012823778260693142,0.013754008026040099
30,20,302123,0.5,0.05,0.02,1.0,0.5,1000,6,0.001,25,25,full_batch,1000,0.059445421749861324,0.001766879083509443,0.013749286308299191,0.012817084008002078,0.013749286308299191
30,20,302123,0.5,0.05,0.02,1.0,0.5,1000,6,0.001,25,25,minibatch,0,0.06938924242737485,0.002407433482322499,0.014194061668509617,0.013391379516060287,0.014194061668509617
30,20,302123,0.5,0.05,0.02,1.0,0.5,1000,6,0.001,25,25,minibatch,25,0.06784349271545269,0.002301369751915841,0.014112039108641394,0.013297863763737594,0.014112039108641394
30,20,302123,0.5,0.05,0.02,1.0,0.5,1000,6,0.001,25,25,minibatch,50,0.06709831977268843,0.0022510922581589756,0.014079054912952249,0.013251398436162631,0.014079054912952249
30,20,302123,0.5,0.05,0.02,1.0,0.5,1000,6,0.001,25,25,minibatch,75,0.06656468223978836,0.0022154284608419976,0.01405474205773971,0.013218419632407219,0.01405474205773971
30,20,302123,0.5,0.05,0.02,1.0,0.5,1000,6,0.001,25,25,minibatch,100,0.06610040958712537,0.0021846320737928682,0.01403264212387606,0.01319180479453913,0.01403264212387606
30,20,302123,0.5,0.05,0.02,1.0,0.5,1000,6,0.001,25,25,minibatch,125,0.06571390080661005,0.0021591583796104923,0.014015401984175946,0.01317164228489226,0.014015401984175946
30,20,302123,0.5,0.05,0.02,1.0,0.5,1000,6,0.001,25,25,minibatch,150,0.06535616073719312,0.002135713873152912,0.013999431159227138,0.013150281060748947,0.013999431159227138
30,20,302123,0.5,0.05,0.02,1.0,0.5,1000,6,0.001,25,25,minibatch,175,0.0650271227681199,0.0021142633477500682,0.01398412331145682,0.013132262364871916,0.01398412331145682
30,20,302123,0.5,0.05,0.02,1.0,0.5,1000,6,0.001,25,25,minibatch,200,0.06472392759209761,0.002094593401473547,0.013970041027357938,0.013116397499937371,0.013970041027357938
30,20,302123,0.5,0.05,0.02,1.0,0.5,1000,6,0.001,25,25,minibatch,225,0.06445499372070042,0.002077223107767765,0.013959721451452412,0.01310053010218587,0.013959721451452412
30,20,302123,0.5,0.05,0.02,1.0,0.5,1000,6,0.001,25,25,minibatch,250,0.06419557530265554,0.002060535944219459,0.013948372142673193,0.013086684811277116,0.013948372142673193
30,20,302123,0.5,0.05,0.02,1.0,0.5,1000,6,0.001,25,25,minibatch,275,0.06394962777638237,0.0020447774463689277,0.013936964465316837,0.01307156798203768,0.013936964465316837
30,20,302123,0.5,0.05,0.02,1.0,0.5,1000,6,0.001,25,25,minibatch,300,0.06371297472769659,0.0020296715743260522,0.013926631498047848,0.013059055295828015,0.013926631498047848
30,20,302123,0.5,0.05,0.02,1.0,0.5,1000,6,0.001,25,25,minibatch,325,0.06349930653854685,0.0020160809654381695,0.013918105630405742,0.01304751938861387,0.013918105630405742
30,20,302123,0.5,0.05,0.02,1.0,0.5,1000,6,0.001,25,25,minibatch,350,0.06328600380166341,0.0020025591385920776,0.013908076865109253,0.013036707353586197,0.013908076865109253
30,20,302123,0.5,0.05,0.02,1.0,0.5,1000,6,0.001,25,25,minibatch,375,0.06308038902090576,0.0019895677395144044,0.013900196981750546,0.01302333792656235,0.013900196981750546
30,20,302123,0.5,0.05,0.02,1.0,0.5,1000,6,0.001,25,25,minibatch,400,0.06289171444361497,0.0019776838728286037,0.013892546802276529,0.013013593766098286,0.013892546802276529
30,20,302123,0.5,0.05,0.02,1.0,0.5,1000,6,0.001,25,25,minibatch,425,0.06269871899779704,0.0019655646819823577,0.013884821880113751,0.013002504930095027,0.013884821880113751
30,20,302123,0.5,0.05,0.02,1.0,0.5,1000,6,0.001,25,25,minibatch,450,0.06251527843366173,0.0019540800188191255,0.013876844536641286,0.012992626185764744,0.013876844536641286
30,20,302123,0.5,0.05,0.02,1.0,0.5,1000,6,0.001,25,25,minibatch,475,0.06233702000699976,0.0019429520316765444,0.013869503943425676,0.01298186191255779,0.013869503943425676
30,20,302123,0.5,0.05,0.02,1.0,0.5,1000,6,0.001,25,25,minibatch,500,0.062163453335944,0.0019321474653250438,0.013862137585037737,0.012971225270822728,0.013862137585037737
30,20,302123,0.5,0.05,0.02,1.0,0.5,1000,6,0.001,25,25,minibatch,525,0.06200008609410501,0.0019220053378382169,0.01385473634862694,0.01296189464931502,0.01385473634862694
30,20,302123,0.5,0.05,0.02,1.0,0.5,1000,6,0.001,25,25,minibatch,550,0.0618311534446354,0.0019115457681470238,0.013847029235000918,0.012952661257878362,0.013847029235000918
30,20,302123,0.5,0.05,0.02,1.0,0.5,1000,6,0.001,25,25,minibatch,575,0.0616632770810941,0.0019011798701898924,0.013839876520118033,0.012942512872168244,0.013839876520118033
30,20,302123,0.5,0.05,0.02,1.0,0.5,1000,6,0.001,25,25,minibatch,600,0.06150935515362058,0.0018917003857071154,0.01383432759728409,0.012933654071270562,0.01383432759728409
30,20,302123,0.5,0.05,0.02,1.0,0.5,1000,6,0.001,25,25,minibatch,625,0.061357562358155524,0.001882375229267472,0.013827842708014293,0.012925516814882132,0.013827842708014293
30,20,302123,0.5,0.05,0.02,1.0,0.5,1000,6,0.001,25,25,minibatch,650,0.06121325634781289,0.0018735313763515275,0.013822826096643759,0.012916267836497353,0.013822826096643759
30,20,302123,0.5,0.05,0.02,1.0,0.5,1000,6,0.001,25,25,minibatch,675,0.06106270785832225,0.0018643271454954048,0.013817144261869807,0.01290681672167926,0.013817144261869807
30,20,302123,0.5,0.05,0.02,1.0,0.5,1000,6,0.001,25,25,minibatch,700,0.060923949663755174,0.0018558638213158872,0.013811138954600566,0.01289963411466094,0.013811138954600566
30,20,302123,0.5,0.05,0.02,1.0,0.5,1000,6,0.001,25,25,minibatch,725,0.060787186086871677,0.0018475409961799829,0.013805795780102326,0.012891349520504802,0.013805795780102326
30,20,302123,0.5,0.05,0.02,1.0,0.5,1000,6,0.001,25,25,minibatch,750,0.06064822954327984,0.001839103873367181,0.013800867735657418,0.012884511646950814,0.013800867735657418
30,20,302123,0.5,0.05,0.02,1.0,0.5,1000,6,0.001,25,25,minibatch,775,0.06051040237216723,0.0018307543976207909,0.013796048691121776,0.012876598201534528,0.013796048691121776
30,20,302123,0.5,0.05,0.02,1.0,0.5,1000,6,0.001,25,25,minibatch,800,0.060375447504805106,0.0018225973307027387,0.01379097578489008,0.012868290223092216,0.01379097578489008
30,20,302123,0.5,0.05,0.02,1.0,0.5,1000,6,0.001,25,25,minibatch,825,0.0602520673025599,0.001815155807116104,0.013785751473611885,0.012861149466069699,0.013785751473611885
30,20,302123,0.5,0.05,0.02,1.0,0.5,1000,6,0.001,25,25,minibatch,850,0.06012504894365595,0.001807510755238512,0.013781029547209833,0.012853300941765955,0.013781029547209833
30,20,302123,0.5,0.05,0.02,1.0,0.5,1000,6,0.001,25,25,minibatch,875,0.05999284955817538,0.001799570999054932,0.01377563878602095,0.01284581777205418,0.01377563878602095
30,20,302123,0.5,0.05,0.02,1.0,0.5,1000,6,0.001,25,25,minibatch,900,0.05986721388618805,0.0017920416492472936,0.0137706591940987,0.012838402938690263,0.0137706591940987
30,20,302123,0.5,0.05,0.02,1.0,0.5,1000,6,0.001,25,25,minibatch,925,0.0597514179731688,0.0017851159749021595,0.013765880810102604,0.01283150362585711,0.013765880810102604
30,20,302123,0.5,0.05,0.02,1.0,0.5,1000,6,0.001,25,25,minibatch,950,0.0596309667731351,0.001777926099149371,0.013761479371665053,0.012824815461387917,0.013761479371665053
30,20,302123,0.5,0.05,0.02,1.0,0.5,1000,6,0.001,25,25,minibatch,975,0.059516170147593174,0.0017710872545186305,0.013757043710355465,0.012817714528735147,0.013757043710355465
30,20,302123,0.5,0.05,0.02,1.0,0.5,1000,6,0.001,25,25,minibatch,1000,0.05940239243871017,0.0017643221137212657,0.013752507013989113,0.01281101354019254,0.013752507013989113
100,20,1002123,0.5,0.05,0.02,1.0,0.5,1000,10,0.001,25,25,full_batch,0,0.042062152240195,0.0008846123255386707,0.00940034226682579,0.00940034226682579,0.003913588771301324
100,20,1002123,0.5,0.05,0.02,1.0,0.5,1000,10,0.001,25,25,full_batch,25,0.04108397663985656,0.0008439465682721397,0.009364947424222947,0.009364947424222947,0.003900940685573673
100,20,1002123,0.5,0.05,0.02,1.0,0.5,1000,10,0.001,25,25,full_batch,50,0.04062709348815417,0.0008252803626476096,0.009348437074569615,0.009348437074569615,0.003895084651889924
100,20,1002123,0.5,0.05,0.02,1.0,0.5,1000,10,0.001,25,25,full_batch,75,0.040279211850091666,0.0008112074536322824,0.00933591991047783,0.00933591991047783,0.003890584845738565
100,20,1002123,0.5,0.05,0.02,1.0,0.5,1000,10,0.001,25,25,full_batch,100,0.039988082163946274,0.0007995233575752591,0.009325455484080813,0.009325455484080813,0.0038867739927623823
100,20,1002123,0.5,0.05,0.02,1.0,0.5,1000,10,0.001,25,25,full_batch,125,0.03973330214286322,0.0007893676495880294,0.00931630230593361,0.00931630230593361,0.003883535944173344
100,20,1002123,0.5,0.05,0.02,1.0,0.5,1000,10,0.001,25,25,full_batch,150,0.03950437057833487,0.0007802976473952048,0.009308081512680588,0.009308081512680588,0.0038807027901522906
100,20,1002123,0.5,0.05,0.02,1.0,0.5,1000,10,0.001,25,25,full_batch,175,0.03929503647040341,0.000772049945605167,0.009300567585199593,0.009300567585199593,0.0038781082969172598
100,20,1002123,0.5,0.05,0.02,1.0,0.5,1000,10,0.001,25,25,full_batch,200,0.039101221617042915,0.0007644527659725521,0.009293613396123446,0.009293613396123446,0.0038757001415293812
100,20,1002123,0.5,0.05,0.02,1.0,0.5,1000,10,0.001,25,25,full_batch,225,0.03892009077129521,0.0007573867328229294,0.009287116661700734,0.009287116661700734,0.0038734186457233255
100,20,1002123,0.5,0.05,0.02,1.0,0.5,1000,10,0.001,25,25,full_batch,250,0.038749578312236355,0.000750764909688069,0.009281002864557242,0.009281002864557242,0.0038712678462767824
100,20,1002123,0.5,0.05,0.02,1.0,0.5,1000,10,0.001,25,25,full_batch,275,0.03858812415724576,0.0007445216629875068,0.009275215725772834,0.009275215725772834,0.0038692285653063596
100,20,1002123,0.5,0.05,0.02,1.0,0.5,1000,10,0.001,25,25,full_batch,300,0.03843451587749973,0.0007386060053688893,0.009269711508676948,0.009269711508676948,0.0038672858973876068
100,20,1002123,0.5,0.05,0.02,1.0,0.5,1000,10,0.001,25,25,full_batch,325,0.0382877890602429,0.0007329773955608278,0.00926445542412202,0.00926445542412202,0.0038654279852128326
100,20,1002123,0.5,0.05,0.02,1.0,0.5,1000,10,0.001,25,25,full_batch,350,0.0381471616280253,0.0007276029701373428,0.009259419260879365,0.009259419260879365,0.003863645212484723
100,20,1002123,0.5,0.05,0.02,1.0,0.5,1000,10,0.001,25,25,full_batch,375,0.038011988958856414,0.000722455652304111,0.009254579766494242,0.009254579766494242,0.003861929652396179
100,20,1002123,0.5,0.05,0.02,1.0,0.5,1000,10,0.001,25,25,full_batch,400,0.03788173228151785,0.0007175128203242959,0.009249917507085315,0.009249917507085315,0.003860274679236997
100,20,1002123,0.5,0.05,0.02,1.0,0.5,1000,10,0.001,25,25,full_batch,425,0.03775593584086602,0.0007127553456097957,0.00924541604354523,0.00924541604354523,0.003858674687759911
100,20,1002123,0.5,0.05,0.02,1.0,0.5,1000,10,0.001,25,25,full_batch,450,0.03763421003050537,0.0007081668823100955,0.009241061323028599,0.009241061323028599,0.003857124885884411
100,20,1002123,0.5,0.05,0.02,1.0,0.5,1000,10,0.001,25,25,full_batch,475,0.03751621869089712,0.0007037333324316093,0.00923684122071905,0.00923684122071905,0.0038556211385814
100,20,1002123,0.5,0.05,0.02,1.0,0.5,1000,10,0.001,25,25,full_batch,500,0.037401669380741284,0.0006994424362331401,0.009232745188863245,0.009232745188863245,0.0038541598483017303
100,20,1002123,0.5,0.05,0.02,1.0,0.5,1000,10,0.001,25,25,full_batch,525,0.037290305812854,0.0006952834538080865,0.009228763983890553,0.009228763983890553,0.0038527378620026864
100,20,1002123,0.5,0.05,0.02,1.0,0.5,1000,10,0.001,25,25,full_batch,550,0.03718190189357826,0.0006912469142118394,0.00922488945138572,0.00922488945138572,0.0038513355127093307
100,20,1002123,0.5,0.05,0.02,1.0,0.5,1000,10,0.001,25,25,full_batch,575,0.037076256968876634,0.0006873244154110866,0.009221114354592108,0.009221114354592108,0.003849940212498404
100,20,1002123,0.5,0.05,0.02,1.0,0.5,1000,10,0.001,25,25,full_batch,600,0.03697319199134853,0.0006835084630145594,0.009217432236139411,0.009217432236139411,0.0038485748825664023
100,20,1002123,0.5,0.05,0.02,1.0,0.5,1000,10,0.001,25,25,full_batch,625,0.036872546399107184,0.000679792338977156,0.009213837305451555,0.009213837305451555,0.0038472376934909347
100,20,1002123,0.5,0.05,0.02,1.0,0.5,1000,10,0.001,25,25,full_batch,650,0.036774175551315964,0.0006761699937395024,0.009210324346237142,0.009210324346237142,0.0038459269962193288
100,20,1002123,0.5,0.05,0.02,1.0,0.5,1000,10,0.001,25,25,full_batch,675,0.03667794860366197,0.0006726359568864346,0.009206888639848976,0.009206888639848976,0.003844641298060947
100,20,1002123,0.5,0.05,0.02,1.0,0.5,1000,10,0.001,25,25,full_batch,700,0.03658374673490616,0.0006691852625818784,0.009203525901312182,0.009203525901312182,0.00384337924264333
100,20,1002123,0.5,0.05,0.02,1.0,0.5,1000,10,0.001,25,25,full_batch,725,0.03649146165610913,0.0006658133868996414,0.009200232225545335,0.009200232225545335,0.0038421395930570146
100,20,1002123,0.5,0.05,0.02,1.0,0.5,1000,10,0.001,25,25,full_batch,750,0.036400994349351345,0.0006625161948107543,0.00919700404186502,0.00919700404186502,0.0038409212175913865
100,20,1002123,0.5,0.05,0.02,1.0,0.5,1000,10,0.001,25,25,full_batch,775,0.03631225399419029,0.0006592898950692943,0.009193838075258864,0.009193838075258864,0.0038397230775908398
100,20,1002123,0.5,0.05,0.02,1.0,0.5,1000,10,0.001,25,25,full_batch,800,0.036225157048800624,0.0006561310016051348,0.00919073131324094,0.00919073131324094,0.0038385442170549844
100,20,1002123,0.5,0.05,0.02,1.0,0.5,1000,10,0.001,25,25,full_batch,825,0.03613962645939765,0.0006530363003123975,0.00918768097733591,0.00918768097733591,0.0038373837536924693
100,20,1002123,0.5,0.05,0.02,1.0,0.5,1000,10,0.001,25,25,full_batch,850,0.036055590976717844,0.0006500028203401886,0.009184684498420415,0.009184684498420415,0.0038362408711799523
100,20,1002123,0.5,0.05,0.02,1.0,0.5,1000,10,0.001,25,25,full_batch,875,0.035972984562352005,0.0006470278091616078,0.009181739495312535,0.009181739495312535,0.0038351148124393664
100,20,1002123,0.5,0.05,0.02,1.0,0.5,1000,10,0.001,25,25,full_batch,900,0.03589174587091107,0.0006441087108310309,0.009178843756089738,0.009178843756089738,0.0038340048737705024
100,20,1002123,0.5,0.05,0.02,1.0,0.5,1000,10,0.001,25,25,full_batch,925,0.035811817796505586,0.0006412431469450571,0.009175995221732236,0.009175995221732236,0.0038329103997126746
100,20,1002123,0.5,0.05,0.02,1.0,0.5,1000,10,0.001,25,25,full_batch,950,0.03573314707404628,0.0006384288999077112,0.009173191971741601,0.009173191971741601,0.0038318307785238925
100,20,1002123,0.5,0.05,0.02,1.0,0.5,1000,10,0.001,25,25,full_batch,975,0.0356556839274739,0.0006356638981679602,0.00917043221145164,0.00917043221145164,0.0038307654381941614
100,20,1002123,0.5,0.05,0.02,1.0,0.5,1000,10,0.001,25,25,full_batch,1000,0.03557938175834349,0.0006329462031529729,0.009167714260796822,0.009167714260796822,0.0038297138429107536
100,20,1002123,0.5,0.05,0.02,1.0,0.5,1000,10,0.001,25,25,minibatch,0,0.042062152240195,0.0008846123255386707,0.00940034226682579,0.00940034226682579,0.003913588771301324
100,20,1002123,0.5,0.05,0.02,1.0,0.5,1000,10,0.001,25,25,minibatch,25,0.04107085765094801,0.0008434076740922175,0.00936381099721556,0.00936381099721556,0.0039003260489441915
100,20,1002123,0.5,0.05,0.02,1.0,0.5,1000,10,0.001,25,25,minibatch,50,0.04060787388772662,0.0008244997108407547,0.009346774642999212,0.009346774642999212,0.003893639404391136
100,20,1002123,0.5,0.05,0.02,1.0,0.5,1000,10,0.001,25,25,minibatch,75,0.0402744738155879,0.0008110166205612377,0.00933442757660502,0.00933442757660502,0.003889293811973449
100,20,1002123,0.5,0.05,0.02,1.0,0.5,1000,10,0.001,25,25,minibatch,100,0.03998921068406129,0.0007995684855671209,0.00932376606494112,0.00932376606494112,0.0038856224893704105
100,20,1002123,0.5,0.05,0.02,1.0,0.5,1000,10,0.001,25,25,minibatch,125,0.039733809866712676,0.0007893878232620368,0.009314510531284903,0.009314510531284903,0.003882510876405454
100,20,1002123,0.5,0.05,0.02,1.0,0.5,1000,10,0.001,25,25,minibatch,150,0.039509097533857146,0.0007804843939699184,0.00930670570395703,0.00930670570395703,0.0038800155945402093
100,20,1002123,0.5,0.05,0.02,1.0,0.5,1000,10,0.001,25,25,minibatch,175,0.03930357243335956,0.0007723854030121707,0.009299546627280164,0.009299546627280164,0.003877651740772703
100,20,1002123,0.5,0.05,0.02,1.0,0.5,1000,10,0.001,25,25,minibatch,200,0.03911403938086147,0.000764954038343791,0.00929276380850319,0.00929276380850319,0.0038755821214275787
100,20,1002123,0.5,0.05,0.02,1.0,0.5,1000,10,0.001,25,25,minibatch,225,0.038934677808438505,0.0007579545680234569,0.009286069881873804,0.009286069881873804,0.0038733119438085772
100,20,1002123,0.5,0.05,0.02,1.0,0.5,1000,10,0.001,25,25,minibatch,250,0.03876135056084196,0.0007512211486502418,0.009279732171372346,0.009279732171372346,0.0038710984575840435
100,20,1002123,0.5,0.05,0.02,1.0,0.5,1000,10,0.001,25,25,minibatch,275,0.03859751216744449,0.0007448839727580127,0.009273879513423233,0.009273879513423233,0.0038689519414634166
100,20,1002123,0.5,0.05,0.02,1.0,0.5,1000,10,0.001,25,25,minibatch,300,0.03844490202707742,0.0007390052459357908,0.009268392735608477,0.009268392735608477,0.003866800848375207
100,20,1002123,0.5,0.05,0.02,1.0,0.5,1000,10,0.001,25,25,minibatch,325,0.03829729290911489,0.0007333413220832708,0.00926335617952051,0.00926335617952051,0.0038651566617162736
100,20,1002123,0.5,0.05,0.02,1.0,0.5,1000,10,0.001,25,25,minibatch,350,0.038153057673606966,0.0007278279049227897,0.009258377738895596,0.009258377738895596,0.0038632780846897807
100,20,1002123,0.5,0.05,0.02,1.0,0.5,1000,10,0.001,25,25,minibatch,375,0.03801950332704379,0.0007227413166175469,0.00925335580590092,0.00925335580590092,0.003861844648159085
100,20,1002123,0.5,0.05,0.02,1.0,0.5,1000,10,0.001,25,25,minibatch,400,0.037892302183150345,0.0007179132823695902,0.009248816170156382,0.009248816170156382,0.0038598817001587182
100,20,1002123,0.5,0.05,0.02,1.0,0.5,1000,10,0.001,25,25,minibatch,425,0.03776379529557752,0.0007130521175631413,0.009244193299780601,0.009244193299780601,0.00385829485139888
100,20,1002123,0.5,0.05,0.02,1.0,0.5,1000,10,0.001,25,25,minibatch,450,0.037641104454968446,0.0007084263722949227,0.009239925300802698,0.009239925300802698,0.003856719350203819
100,20,1002123,0.5,0.05,0.02,1.0,0.5,1000,10,0.001,25,25,minibatch,475,0.03752260105006143,0.0007039727947810356,0.00923557847208284,0.00923557847208284,0.0038552902001748324
100,20,1002123,0.5,0.05,0.02,1.0,0.5,1000,10,0.001,25,25,minibatch,500,0.03740840490730594,0.0006996943788544755,0.009231521509206697,0.009231521509206697,0.003853581105714765
100,20,1002123,0.5,0.05,0.02,1.0,0.5,1000,10,0.001,25,25,minibatch,525,0.03728869971112179,0.000695223563073107,0.0092273486027169,0.0092273486027169,0.0038522201233432973
100,20,1002123,0.5,0.05,0.02,1.0,0.5,1000,10,0.001,25,25,minibatch,550,0.03718335539314504,0.0006913009591464641,0.009223792244876627,0.009223792244876627,0.003850726496979373
100,20,1002123,0.5,0.05,0.02,1.0,0.5,1000,10,0.001,25,25,minibatch,575,0.03707781124899583,0.000687382043508081,0.009220013694276663,0.009220013694276663,0.0038495585211019145
100,20,1002123,0.5,0.05,0.02,1.0,0.5,1000,10,0.001,25,25,minibatch,600,0.036975240995398,0.0006835842233338805,0.009216315208588566,0.009216315208588566,0.003848059048076835
100,20,1002123,0.5,0.05,0.02,1.0,0.5,1000,10,0.001,25,25,minibatch,625,0.036873950361617114,0.0006798441076355014,0.009212643822007593,0.009212643822007593,0.0038467624766003183
100,20,1002123,0.5,0.05,0.02,1.0,0.5,1000,10,0.001,25,25,minibatch,650,0.03677576419995113,0.0006762284162452035,0.009209091117435897,0.009209091117435897,0.003845413573029144
100,20,1002123,0.5,0.05,0.02,1.0,0.5,1000,10,0.001,25,25,minibatch,675,0.03667657200480913,0.0006725854670119744,0.009205520956337254,0.009205520956337254,0.003843968837949907
100,20,1002123,0.5,0.05,0.02,1.0,0.5,1000,10,0.001,25,25,minibatch,700,0.036578226514596926,0.0006689833274765807,0.00920200102790858,0.00920200102790858,0.0038426821288156665
100,20,1002123,0.5,0.05,0.02,1.0,0.5,1000,10,0.001,25,25,minibatch,725,0.036489848436390554,0.0006657545194553771,0.009199068014138445,0.009199068014138445,0.0038414029005320316
100,20,1002123,0.5,0.05,0.02,1.0,0.5,1000,10,0.001,25,25,minibatch,750,0.03639999822274407,0.0006624799353078857,0.009196080460431966,0.009196080460431966,0.0038402384718405624
100,20,1002123,0.5,0.05,0.02,1.0,0.5,1000,10,0.001,25,25,minibatch,775,0.03631257787223263,0.0006593016558634795,0.009192988535444369,0.009192988535444369,0.003838915976479673
100,20,1002123,0.5,0.05,0.02,1.0,0.5,1000,10,0.001,25,25,minibatch,800,0.03622284162286731,0.0006560471276176643,0.009189890682152535,0.009189890682152535,0.003837608538694859
100,20,1002123,0.5,0.05,0.02,1.0,0.5,1000,10,0.001,25,25,minibatch,825,0.036137314926017766,0.0006529527650310932,0.009186859277903026,0.009186859277903026,0.0038364747298273993
100,20,1002123,0.5,0.05,0.02,1.0,0.5,1000,10,0.001,25,25,minibatch,850,0.03605320417119534,0.0006499167655049485,0.009184022489482413,0.009184022489482413,0.0038353314933539107
100,20,1002123,0.5,0.05,0.02,1.0,0.5,1000,10,0.001,25,25,minibatch,875,0.03597256474560273,0.0006470127071882902,0.009181174971340356,0.009181174971340356,0.00383429663607715
100,20,1002123,0.5,0.05,0.02,1.0,0.5,1000,10,0.001,25,25,minibatch,900,0.03589411597296925,0.0006441937807404832,0.009178425299544546,0.009178425299544546,0.0038333917226616165
100,20,1002123,0.5,0.05,0.02,1.0,0.5,1000,10,0.001,25,25,minibatch,925,0.035815347527303164,0.0006413695592507505,0.00917557188593321,0.00917557188593321,0.0038323689674888417
100,20,1002123,0.5,0.05,0.02,1.0,0.5,1000,10,0.001,25,25,minibatch,950,0.03573499673314704,0.0006384949957590148,0.009172696871364905,0.009172696871364905,0.003831176298526473
100,20,1002123,0.5,0.05,0.02,1.0,0.5,1000,10,0.001,25,25,minibatch,975,0.035658806436304605,0.0006357752382309194,0.009169894060999773,0.009169894060999773,0.0038302877575154826
100,20,1002123,0.5,0.05,0.02,1.0,0.5,1000,10,0.001,25,25,minibatch,1000,0.03558267361960342,0.0006330633309596105,0.009167391475511322,0.009167391475511322,0.003829264346248862
30,20,302123,0.5,0.1,0.02,0.3,0.5,1000,6,0.001,25,25,full_batch,0,0.06938924242737472,0.00240743348232249,0.014194061668509617,0.013391379516060287,0.014194061668509617
30,20,302123,0.5,0.1,0.02,0.3,0.5,1000,6,0.001,25,25,full_batch,25,0.06761501648251894,0.002285895226965654,0.014151260057013615,0.013343726227450337,0.014151260057013615
30,20,302123,0.5,0.1,0.02,0.3,0.5,1000,6,0.001,25,25,full_batch,50,0.06678794632457685,0.0022303148871272794,0.014133976298301043,0.013322216342793791,0.014133976298301043
30,20,302123,0.5,0.1,0.02,0.3,0.5,1000,6,0.001,25,25,full_batch,75,0.06615889006850612,0.0021884993675483386,0.014121130135635374,0.013306354840724621,0.014121130135635374
30,20,302123,0.5,0.1,0.02,0.3,0.5,1000,6,0.001,25,25,full_batch,100,0.06563291999784968,0.002153840093722068,0.014110449505734979,0.013293089621438436,0.014110449505734979
30,20,302123,0.5,0.1,0.02,0.3,0.5,1000,6,0.001,25,25,full_batch,125,0.06517297060630887,0.0021237580488254,0.014101154659590831,0.01328148724173428,0.014101154659590831
30,20,302123,0.5,0.1,0.02,0.3,0.5,1000,6,0.001,25,25,full_batch,150,0.06475996473492628,0.0020969265162344474,0.014092844398398752,0.013271067262439817,0.014092844398398752
30,20,302123,0.5,0.1,0.02,0.3,0.5,1000,6,0.001,25,25,full_batch,175,0.06438254682993484,0.0020725561681543764,0.01408527998521919,0.013261543700499423,0.01408527998521919
30,20,302123,0.5,0.1,0.02,0.3,0.5,1000,6,0.001,25,25,full_batch,200,0.06403330869393652,0.002050132311146483,0.01407830571898333,0.01325272998150645,0.01407830571898333
30,20,302123,0.5,0.1,0.02,0.3,0.5,1000,6,0.001,25,25,full_batch,225,0.0637071001748369,0.002029297306343352,0.014071813389453791,0.013244496397312677,0.014071813389453791
30,20,302123,0.5,0.1,0.02,0.3,0.5,1000,6,0.001,25,25,full_batch,250,0.06340016925055475,0.002009790730499494,0.014065724186145434,0.013236748450411395,0.014065724186145434
30,20,302123,0.5,0.1,0.02,0.3,0.5,1000,6,0.001,25,25,full_batch,275,0.06310968225847811,0.0019914159973830337,0.014059978606194734,0.01322941477158901,0.014059978606194734
30,20,302123,0.5,0.1,0.02,0.3,0.5,1000,6,0.001,25,25,full_batch,300,0.0628334370698362,0.001974020407004533,0.014054530421697409,0.013222439896576232,0.014054530421697409
30,20,302123,0.5,0.1,0.02,0.3,0.5,1000,6,0.001,25,25,full_batch,325,0.06256968208264192,0.001957482557961441,0.014049342873185322,0.013215779707573594,0.014049342873185322
30,20,302123,0.5,0.1,0.02,0.3,0.5,1000,6,0.001,25,25,full_batch,350,0.062316996904426575,0.0019417040515931556,0.014044386160751043,0.013209398428351449,0.014044386160751043
30,20,302123,0.5,0.1,0.02,0.3,0.5,1000,6,0.001,25,25,full_batch,375,0.0620742108236491,0.0019266038246894175,0.014039635729978073,0.013203266571004457,0.014039635729978073
30,20,302123,0.5,0.1,0.02,0.3,0.5,1000,6,0.001,25,25,full_batch,400,0.0618403453975585,0.0019121141594446672,0.01403507106505597,0.013197359490057237,0.01403507106505597
30,20,302123,0.5,0.1,0.02,0.3,0.5,1000,6,0.001,25,25,full_batch,425,0.06161457297197373,0.0018981778012593378,0.014030674816921163,0.013191656337795898,0.014030674816921163
30,20,302123,0.5,0.1,0.02,0.3,0.5,1000,6,0.001,25,25,full_batch,450,0.06139618604148876,0.0018847458302205498,0.014026432159332414,0.013186139292608035,0.014026432159332414
30,20,302123,0.5,0.1,0.02,0.3,0.5,1000,6,0.001,25,25,full_batch,475,0.06118457417660141,0.0018717760585860203,0.01402233030403438,0.01318079297788971,0.01402233030403438
30,20,302123,0.5,0.1,0.02,0.3,0.5,1000,6,0.001,25,25,full_batch,500,0.060979206352010554,0.0018592318036605422,0.014018358129466668,0.013175604016979203,0.014018358129466668
30,20,302123,0.5,0.1,0.02,0.3,0.5,1000,6,0.001,25,25,full_batch,525,0.06077961720684964,0.0018470809339055866,0.014014505892120055,0.01317056068711181,0.014014505892120055
30,20,302123,0.5,0.1,0.02,0.3,0.5,1000,6,0.001,25,25,full_batch,550,0.06058539621778709,0.0018352951174331249,0.014010764999116132,0.013165652646740189,0.014010764999116132
30,20,302123,0.5,0.1,0.02,0.3,0.5,1000,6,0.001,25,25,full_batch,575,0.060396179064083184,0.0018238492227704,0.014007127826854537,0.013160870718052387,0.014007127826854537
30,20,302123,0.5,0.1,0.02,0.3,0.5,1000,6,0.001,25,25,full_batch,600,0.06021164066550524,0.001812720835815962,0.014003587574806686,0.01315620671162493,0.014003587574806686
30,20,302123,0.5,0.1,0.02,0.3,0.5,1000,6,0.001,25,25,full_batch,625,0.06003148951331095,0.0018018898665933814,0.014000138146487706,0.013151653283642928,0.014000138146487706
30,20,302123,0.5,0.1,0.02,0.3,0.5,1000,6,0.001,25,25,full_batch,650,0.05985546301238361,0.0017913382262134115,0.013996774051663496,0.01314720381858231,0.013996774051663496
30,20,302123,0.5,0.1,0.02,0.3,0.5,1000,6,0.001,25,25,full_batch,675,0.05968332362248207,0.0017810495593129632,0.013993490325351465,0.013142852332021782,0.013993490325351465
30,20,302123,0.5,0.1,0.02,0.3,0.5,1000,6,0.001,25,25,full_batch,700,0.059514855637189196,0.0017710090207577352,0.013990282460212722,0.013138593389514952,0.013990282460212722
30,20,302123,0.5,0.1,0.02,0.3,0.5,1000,6,0.001,25,25,full_batch,725,0.05934986247631558,0.0017612030879787862,0.013987146349729362,0.013134422038392046,0.013987146349729362
30,20,302123,0.5,0.1,0.02,0.3,0.5,1000,6,0.001,25,25,full_batch,750,0.05918816439514417,0.001751619402233306,0.0139840782401362,0.013130333750063616,0.0139840782401362
30,20,302123,0.5,0.1,0.02,0.3,0.5,1000,6,0.001,25,25,full_batch,775,0.05902959653468049,0.0017422466335235815,0.013981074689512818,0.013126324370910658,0.013981074689512818
30,20,302123,0.5,0.1,0.02,0.3,0.5,1000,6,0.001,25,25,full_batch,800,0.05887400725284997,0.0017330743650043154,0.013978132532774856,0.013122390080250679,0.013978132532774856
30,20,302123,0.5,0.1,0.02,0.3,0.5,1000,6,0.001,25,25,full_batch,825,0.05872125668870468,0.0017240929935503722,0.013975248851557431,0.013118527354174236,0.013975248851557431
30,20,302123,0.5,0.1,0.02,0.3,0.5,1000,6,0.001,25,25,full_batch,850,0.0585712155210746,0.0017152936438080853,0.013972420948179853,0.013114732934275786,0.013972420948179853
30,20,302123,0.5,0.1,0.02,0.3,0.5,1000,6,0.001,25,25,full_batch,875,0.0584237638904181,0.0017066680935616607,0.013969646323036489,0.01311100380049951,0.013969646323036489
30,20,302123,0.5,0.1,0.02,0.3,0.5,1000,6,0.001,25,25,full_batch,900,0.05827879045839915,0.001698208708646998,0.013966922654878422,0.013107337147448495,0.013966922654878422
30,20,302123,0.5,0.1,0.02,0.3,0.5,1000,6,0.001,25,25,full_batch,925,0.058136191584280086,0.0016899083859620594,0.013964247783546435,0.013103730363641652,0.013964247783546435
30,20,302123,0.5,0.1,0.02,0.3,0.5,1000,6,0.001,25,25,full_batch,950,0.05799587060087645,0.0016817605033768027,0.01396161969479276,0.013100181013274592,0.01396161969479276
30,20,302123,0.5,0.1,0.02,0.3,0.5,1000,6,0.001,25,25,full_batch,975,0.05785773717574705,0.001673758875548911,0.013959036506892009,0.01309668682012749,0.013959036506892009
30,20,302123,0.5,0.1,0.02,0.3,0.5,1000,6,0.001,25,25,full_batch,1000,0.057721706745673715,0.0016658977148167771,0.013956496458789935,0.013093245653322982,0.013956496458789935
30,20,302123,0.5,0.1,0.02,0.3,0.5,1000,6,0.001,25,25,minibatch,0,0.06938924242737472,0.00240743348232249,0.014194061668509617,0.013391379516060287,0.014194061668509617
30,20,302123,0.5,0.1,0.02,0.3,0.5,1000,6,0.001,25,25,minibatch,25,0.06758253031432747,0.0022836992018434956,0.014148858421915933,0.013343033773518642,0.014148858421915933
30,20,302123,0.5,0.1,0.02,0.3,0.5,1000,6,0.001,25,25,minibatch,50,0.06671424951571486,0.0022253955442225306,0.014131869409730158,0.013318073080709092,0.014131869409730158
30,20,302123,0.5,0.1,0.02,0.3,0.5,1000,6,0.001,25,25,minibatch,75,0.066087032382881,0.0021837479245879806,0.014118854552666704,0.01330127105379586,0.014118854552666704
30,20,302123,0.5,0.1,0.02,0.3,0.5,1000,6,0.001,25,25,minibatch,100,0.06554471243151809,0.002148054663865201,0.014107663919324942,0.01328751136043338,0.014107663919324942
30,20,302123,0.5,0.1,0.02,0.3,0.5,1000,6,0.001,25,25,minibatch,125,0.06509128352325468,0.002118437595352363,0.01409869038294731,0.013277233601422134,0.01409869038294731
30,20,302123,0.5,0.1,0.02,0.3,0.5,1000,6,0.001,25,25,minibatch,150,0.06467191690242675,0.0020912284179171957,0.01409044616987698,0.013266255908513325,0.01409044616987698
30,20,302123,0.5,0.1,0.02,0.3,0.5,1000,6,0.001,25,25,minibatch,175,0.06428731289680868,0.002066429299746092,0.014082341288937705,0.013257170711333421,0.014082341288937705
30,20,302123,0.5,0.1,0.02,0.3,0.5,1000,6,0.001,25,25,minibatch,200,0.06393198253284635,0.002043649195290085,0.014074989749760791,0.013249122070112196,0.014074989749760791
30,20,302123,0.5,0.1,0.02,0.3,0.5,1000,6,0.001,25,25,minibatch,225,0.06361555454126654,0.0020234693897964286,0.014069500467416063,0.013240881605449173,0.014069500467416063
30,20,302123,0.5,0.1,0.02,0.3,0.5,1000,6,0.001,25,25,minibatch,250,0.0633096005412019,0.002004052760343276,0.014063517990245022,0.013233625505928048,0.014063517990245022
30,20,302123,0.5,0.1,0.02,0.3,0.5,1000,6,0.001,25,25,minibatch,275,0.06302075052184454,0.0019858074981682844,0.014057425868876872,0.013225735441317221,0.014057425868876872
30,20,302123,0.5,0.1,0.02,0.3,0.5,1000,6,0.001,25,25,minibatch,300,0.06274265584215297,0.001968320431063426,0.014052027960667068,0.01321922503895756,0.014052027960667068
30,20,302123,0.5,0.1,0.02,0.3,0.5,1000,6,0.001,25,25,minibatch,325,0.06249124862595191,0.0019525780774152682,0.014047513147959267,0.013213328675265312,0.014047513147959267
30,20,302123,0.5,0.1,0.02,0.3,0.5,1000,6,0.001,25,25,minibatch,350,0.062241270824617265,0.001936987896931676,0.014042330839742267,0.013207880642568781,0.014042330839742267
30,20,302123,0.5,0.1,0.02,0.3,0.5,1000,6,0.001,25,25,minibatch,375,0.062000244013250036,0.0019220151288512734,0.014038167169894145,0.013201140576116377,0.014038167169894145
30,20,302123,0.5,0.1,0.02,0.3,0.5,1000,6,0.001,25,25,minibatch,400,0.06177796484249875,0.0019082584700405058,0.01403414279809978,0.013196159506229654,0.01403414279809978
30,20,302123,0.5,0.1,0.02,0.3,0.5,1000,6,0.001,25,25,minibatch,425,0.06155115273889203,0.0018942722017432079,0.014030040631380525,0.013190347766213029,0.014030040631380525
30,20,302123,0.5,0.1,0.02,0.3,0.5,1000,6,0.001,25,25,minibatch,450,0.06133569382785646,0.0018810336686722745,0.014025801604400645,0.01318517386863377,0.014025801604400645
30,20,302123,0.5,0.1,0.02,0.3,0.5,1000,6,0.001,25,25,minibatch,475,0.06112636353160461,0.001868216159298941,0.014021961470310873,0.013179758391008545,0.014021961470310873
30,20,302123,0.5,0.1,0.02,0.3,0.5,1000,6,0.001,25,25,minibatch,500,0.06092231334635725,0.0018557641317358692,0.014018037065699762,0.013174130339624446,0.014018037065699762
30,20,302123,0.5,0.1,0.02,0.3,0.5,1000,6,0.001,25,25,minibatch,525,0.060730744063996075,0.0018441116372832974,0.014014106604781196,0.013169311322937471,0.014014106604781196
30,20,302123,0.5,0.1,0.02,0.3,0.5,1000,6,0.001,25,25,minibatch,550,0.06053236134339167,0.001832083384903469,0.014010105342254664,0.01316450861694829,0.014010105342254664
30,20,302123,0.5,0.1,0.02,0.3,0.5,1000,6,0.001,25,25,minibatch,575,0.06033448438409945,0.00182012500294757,0.01400625232272018,0.013159229543737605,0.01400625232272018
30,20,302123,0.5,0.1,0.02,0.3,0.5,1000,6,0.001,25,25,minibatch,600,0.06015344000605362,0.001809218172280946,0.014003289276257658,0.013154634588210479,0.014003289276257658
30,20,302123,0.5,0.1,0.02,0.3,0.5,1000,6,0.001,25,25,minibatch,625,0.059974684668227814,0.0017984814005266802,0.013999744858600394,0.013150433007473372,0.013999744858600394
30,20,302123,0.5,0.1,0.02,0.3,0.5,1000,6,0.001,25,25,minibatch,650,0.05980520538137544,0.0017883312953542489,0.013996875601504533,0.013145593930240451,0.013996875601504533
30,20,302123,0.5,0.1,0.02,0.3,0.5,1000,6,0.001,25,25,minibatch,675,0.059628530782157976,0.0017777808416193806,0.013993799002489427,0.013140578173022055,0.013993799002489427
30,20,302123,0.5,0.1,0.02,0.3,0.5,1000,6,0.001,25,25,minibatch,700,0.05946523834398304,0.0017680572856533553,0.01399058634353767,0.013136952803254942,0.01399058634353767
30,20,302123,0.5,0.1,0.02,0.3,0.5,1000,6,0.001,25,25,minibatch,725,0.05930351720515588,0.0017584535764511096,0.013987674076320566,0.01313263273644838,0.013987674076320566
30,20,302123,0.5,0.1,0.02,0.3,0.5,1000,6,0.001,25,25,minibatch,750,0.059140081744857374,0.0017487746343942063,0.013984994241860838,0.013129148071304497,0.013984994241860838
30,20,302123,0.5,0.1,0.02,0.3,0.5,1000,6,0.001,25,25,minibatch,775,0.05897859978010813,0.0017392376160110855,0.013982274657844518,0.013124881063472427,0.013982274657844518
30,20,302123,0.5,0.1,0.02,0.3,0.5,1000,6,0.001,25,25,minibatch,800,0.05882024651780869,0.0017299107002078928,0.013979440056402226,0.013120528671226594,0.013979440056402226
30,20,302123,0.5,0.1,0.02,0.3,0.5,1000,6,0.001,25,25,minibatch,825,0.05867476388530774,0.0017213639584983068,0.01397656643752443,0.01311684263216617,0.01397656643752443
30,20,302123,0.5,0.1,0.02,0.3,0.5,1000,6,0.001,25,25,minibatch,850,0.058524549420293386,0.0017125614424241815,0.013973887166112642,0.013112745426141936,0.013973887166112642
30,20,302123,0.5,0.1,0.02,0.3,0.5,1000,6,0.001,25,25,minibatch,875,0.05836993541627092,0.001703524680249819,0.013970963909361256,0.013108924895558038,0.013970963909361256
30,20,302123,0.5,0.1,0.02,0.3,0.5,1000,6,0.001,25,25,minibatch,900,0.05822302481047612,0.001694960309040659,0.013968238581665848,0.013105072494877468,0.013968238581665848
30,20,302123,0.5,0.1,0.02,0.3,0.5,1000,6,0.001,25,25,minibatch,925,0.05808682795866542,0.0016870397911497974,0.013965638292359472,0.013101385661012432,0.013965638292359472
30,20,302123,0.5,0.1,0.02,0.3,0.5,1000,6,0.001,25,25,minibatch,950,0.05794507957532288,0.0016788161234952506,0.013963231181965075,0.013097905910022523,0.013963231181965075
30,20,302123,0.5,0.1,0.02,0.3,0.5,1000,6,0.001,25,25,minibatch,975,0.05781048104068333,0.0016710258590776034,0.01396083390252506,0.01309423817456079,0.01396083390252506
30,20,302123,0.5,0.1,0.02,0.3,0.5,1000,6,0.001,25,25,minibatch,1000,0.057676990316245715,0.0016633176059701509,0.013958433380559743,0.013090735290880007,0.013958433380559743
100,20,1002123,0.5,0.1,0.02,0.3,0.5,1000,10,0.001,25,25,full_batch,0,0.04206215224019489,0.000884612325538666,0.00940034226682579,0.00940034226682579,0.003913588771301324
100,20,1002123,0.5,0.1,0.02,0.3,0.5,1000,10,0.001,25,25,full_batch,25,0.04094124566064515,0.0008380927981226477,0.009380247102905581,0.009380247102905581,0.00390654674675861
100,20,1002123,0.5,0.1,0.02,0.3,0.5,1000,10,0.001,25,25,full_batch,50,0.04041857668157614,0.0008168306704822252,0.009370885945561402,0.009370885945561402,0.0039032820216513553
100,20,1002123,0.5,0.1,0.02,0.3,0.5,1000,10,0.001,25,25,full_batch,75,0.04002098601003038,0.0008008396606075237,0.009363768839384279,0.009363768839384279,0.0039008067178881722
100,20,1002123,0.5,0.1,0.02,0.3,0.5,1000,10,0.001,25,25,full_batch,100,0.039688515342039814,0.0007875891250276649,0.009357819997949657,0.009357819997949657,0.0038987422845896402
100,20,1002123,0.5,0.1,0.02,0.3,0.5,1000,10,0.001,25,25,full_batch,125,0.03939775273785522,0.0007760914603965894,0.0093526193681982,0.0093526193681982,0.003896940926366166
100,20,1002123,0.5,0.1,0.02,0.3,0.5,1000,10,0.001,25,25,full_batch,150,0.03913664806081209,0.0007658386107179333,0.009347954386472124,0.009347954386472124,0.0038953272491002444
100,20,1002123,0.5,0.1,0.02,0.3,0.5,1000,10,0.001,25,25,full_batch,175,0.03889802837010805,0.0007565283055408653,0.00934370674881535,0.00934370674881535,0.003893836957702068
100,20,1002123,0.5,0.1,0.02,0.3,0.5,1000,10,0.001,25,25,full_batch,200,0.0386772140302399,0.0007479634425704932,0.009339777157093221,0.009339777157093221,0.0038924301783899162
100,20,1002123,0.5,0.1,0.02,0.3,0.5,1000,10,0.001,25,25,full_batch,225,0.0384709516970365,0.0007400070622378579,0.00933610748659991,0.00933610748659991,0.0038911172290644336
100,20,1002123,0.5,0.1,0.02,0.3,0.5,1000,10,0.001,25,25,full_batch,250,0.03827687116638785,0.0007325594331441268,0.009332655391721512,0.009332655391721512,0.00388988281420255
100,20,1002123,0.5,0.1,0.02,0.3,0.5,1000,10,0.001,25,25,full_batch,275,0.03809318233188568,0.0007255452700851438,0.0093293888913491,0.0093293888913491,0.003888715382521668
100,20,1002123,0.5,0.1,0.02,0.3,0.5,1000,10,0.001,25,25,full_batch,300,0.037918494012305314,0.0007189060940806169,0.009326283131817936,0.009326283131817936,0.003887623217960434
100,20,1002123,0.5,0.1,0.02,0.3,0.5,1000,10,0.001,25,25,full_batch,325,0.03775169961784778,0.0007125954120181041,0.009323318344092835,0.009323318344092835,0.0038865919107993196
100,20,1002123,0.5,0.1,0.02,0.3,0.5,1000,10,0.001,25,25,full_batch,350,0.03759190178216493,0.0007065755397999673,0.009320478497169993,0.009320478497169993,0.0038856101605198035
100,20,1002123,0.5,0.1,0.02,0.3,0.5,1000,10,0.001,25,25,full_batch,375,0.037438360863446346,0.0007008154320708155,0.009317750377955736,0.009317750377955736,0.003884692143294566
100,20,1002123,0.5,0.1,0.02,0.3,0.5,1000,10,0.001,25,25,full_batch,400,0.037290458678688396,0.0006952891542334834,0.009315122943316767,0.009315122943316767,0.0038838081506259448
100,20,1002123,0.5,0.1,0.02,0.3,0.5,1000,10,0.001,25,25,full_batch,425,0.037147672301459794,0.0006899747787083216,0.009312586851937421,0.009312586851937421,0.0038829543132236077
100,20,1002123,0.5,0.1,0.02,0.3,0.5,1000,10,0.001,25,25,full_batch,450,0.03700955470714773,0.0006848535698106803,0.009310134118520219,0.009310134118520219,0.003882128005353369
100,20,1002123,0.5,0.1,0.02,0.3,0.5,1000,10,0.001,25,25,full_batch,475,0.03687572019797375,0.0006799093700596246,0.009307757853385779,0.009307757853385779,0.0038813269610904477
100,20,1002123,0.5,0.1,0.02,0.3,0.5,1000,10,0.001,25,25,full_batch,500,0.03674583323977999,0.0006751281302428601,0.009305452063029074,0.009305452063029074,0.003880549208858164
100,20,1002123,0.5,0.1,0.02,0.3,0.5,1000,10,0.001,25,25,full_batch,525,0.03661959978252538,0.0006704975441161664,0.00930321149505231,0.00930321149505231,0.0038797930205271003
100,20,1002123,0.5,0.1,0.02,0.3,0.5,1000,10,0.001,25,25,full_batch,550,0.03649676042079023,0.0006660067606062802,0.009301031515969893,0.009301031515969893,0.003879056871302522
100,20,1002123,0.5,0.1,0.02,0.3,0.5,1000,10,0.001,25,25,full_batch,575,0.03637708493891071,0.0006616461543263622,0.009298908013757323,0.009298908013757323,0.0038783319669123406
100,20,1002123,0.5,0.1,0.02,0.3,0.5,1000,10,0.001,25,25,full_batch,600,0.036260367912846314,0.0006574071405874873,0.009296837319271889,0.009296837319271889,0.0038776206471422547
100,20,1002123,0.5,0.1,0.02,0.3,0.5,1000,10,0.001,25,25,full_batch,625,0.036146425128873456,0.0006532820247986273,0.009294816142274287,0.009294816142274287,0.00387692587296673
100,20,1002123,0.5,0.1,0.02,0.3,0.5,1000,10,0.001,25,25,full_batch,650,0.03603509064103017,0.0006492638787536302,0.009292841518857231,0.009292841518857231,0.0038762466573289966
100,20,1002123,0.5,0.1,0.02,0.3,0.5,1000,10,0.001,25,25,full_batch,675,0.03592621433336413,0.0006453464381634092,0.009290910767895955,0.009290910767895955,0.003875582107266129
100,20,1002123,0.5,0.1,0.02,0.3,0.5,1000,10,0.001,25,25,full_batch,700,0.035819659885024425,0.000641524017139414,0.009289021454694235,0.009289021454694235,0.0038749314118167177
100,20,1002123,0.5,0.1,0.02,0.3,0.5,1000,10,0.001,25,25,full_batch,725,0.03571530305971426,0.0006377914363236173,0.00928717136042495,0.00928717136042495,0.0038742938318545583
100,20,1002123,0.5,0.1,0.02,0.3,0.5,1000,10,0.001,25,25,full_batch,750,0.03561303025846868,0.0006341439620953029,0.00928535845627676,0.00928535845627676,0.0038736686914905283
100,20,1002123,0.5,0.1,0.02,0.3,0.5,1000,10,0.001,25,25,full_batch,775,0.03551273728785686,0.0006305772548381695,0.009283580881449205,0.009283580881449205,0.003873055370752221
100,20,1002123,0.5,0.1,0.02,0.3,0.5,1000,10,0.001,25,25,full_batch,800,0.03541432830566888,0.00062708732467085,0.0092818369243155,0.0092818369243155,0.003872453299316403
100,20,1002123,0.5,0.1,0.02,0.3,0.5,1000,10,0.001,25,25,full_batch,825,0.035317714913802256,0.0006236704933663052,0.009280125006221385,0.009280125006221385,0.0038718619511196595
100,20,1002123,0.5,0.1,0.02,0.3,0.5,1000,10,0.001,25,25,full_batch,850,0.03522281537398703,0.0006203233614349887,0.009278443667471048,0.009278443667471048,0.0038712808396969
100,20,1002123,0.5,0.1,0.02,0.3,0.5,1000,10,0.001,25,25,full_batch,875,0.0351295539266138,0.0006170427795414335,0.009276791555160924,0.009276791555160924,0.0038707095141321535
100,20,1002123,0.5,0.1,0.02,0.3,0.5,1000,10,0.001,25,25,full_batch,900,0.03503786019656994,0.00061382582357719,0.009275167412564567,0.009275167412564567,0.0038701475555277254
100,20,1002123,0.5,0.1,0.02,0.3,0.5,1000,10,0.001,25,25,full_batch,925,0.03494766867287537,0.0006106697728345371,0.009273570069837866,0.009273570069837866,0.00386959457391034
100,20,1002123,0.5,0.1,0.02,0.3,0.5,1000,10,0.001,25,25,full_batch,950,0.03485891825121701,0.0006075720908225151,0.009271998435846418,0.009271998435846418,0.0038690502055133136
100,20,1002123,0.5,0.1,0.02,0.3,0.5,1000,10,0.001,25,25,full_batch,975,0.03477155183033489,0.0006045304083448328,0.009270451490955067,0.009270451490955067,0.00386851411037592
100,20,1002123,0.5,0.1,0.02,0.3,0.5,1000,10,0.001,25,25,full_batch,1000,0.03468551595470703,0.0006015425085221179,0.009268928280647404,0.009268928280647404,0.0038679859702206443
100,20,1002123,0.5,0.1,0.02,0.3,0.5,1000,10,0.001,25,25,minibatch,0,0.04206215224019489,0.000884612325538666,0.00940034226682579,0.00940034226682579,0.003913588771301324
100,20,1002123,0.5,0.1,0.02,0.3,0.5,1000,10,0.001,25,25,minibatch,25,0.04092750159719091,0.0008375301934940324,0.009379552381120981,0.009379552381120981,0.003906085401152448
100,20,1002123,0.5,0.1,0.02,0.3,0.5,1000,10,0.001,25,25,minibatch,50,0.04040075651797041,0.0008161105636121644,0.009369898738512239,0.009369898738512239,0.0039024012023672894
100,20,1002123,0.5,0.1,0.02,0.3,0.5,1000,10,0.001,25,25,minibatch,75,0.04001959206535502,0.0008007838745387133,0.009362900083972225,0.009362900083972225,0.0038999892825716254
100,20,1002123,0.5,0.1,0.02,0.3,0.5,1000,10,0.001,25,25,minibatch,100,0.03969453624142209,0.000787828103710786,0.009356841893911338,0.009356841893911338,0.003897993481514317
100,20,1002123,0.5,0.1,0.02,0.3,0.5,1000,10,0.001,25,25,minibatch,125,0.03940222597461139,0.0007762677058771703,0.009351535832889946,0.009351535832889946,0.0038962675118580092
100,20,1002123,0.5,0.1,0.02,0.3,0.5,1000,10,0.001,25,25,minibatch,150,0.03914596356828289,0.0007662032318446657,0.009347121136292602,0.009347121136292602,0.0038948615235960826
100,20,1002123,0.5,0.1,0.02,0.3,0.5,1000,10,0.001,25,25,minibatch,175,0.03891122630055254,0.0007570417661064059,0.00934307981929633,0.00934307981929633,0.003893500274000039
100,20,1002123,0.5,0.1,0.02,0.3,0.5,1000,10,0.001,25,25,minibatch,200,0.03869455159234074,0.0007486341614661596,0.009339245057065682,0.009339245057065682,0.0038922974896202778
100,20,1002123,0.5,0.1,0.02,0.3,0.5,1000,10,0.001,25,25,minibatch,225,0.038490127269126914,0.0007407449485967937,0.00933546410253755,0.00933546410253755,0.003890983377137225
100,20,1002123,0.5,0.1,0.02,0.3,0.5,1000,10,0.001,25,25,minibatch,250,0.03829276477870751,0.0007331679171987111,0.009331899314213798,0.009331899314213798,0.0038897187723145876
100,20,1002123,0.5,0.1,0.02,0.3,0.5,1000,10,0.001,25,25,minibatch,275,0.038106559198860794,0.0007260549269881412,0.009328591421601418,0.009328591421601418,0.0038884872065207965
100,20,1002123,0.5,0.1,0.02,0.3,0.5,1000,10,0.001,25,25,minibatch,300,0.0379327706367614,0.0007194475440905738,0.00932551050442193,0.00932551050442193,0.0038872532208470423
100,20,1002123,0.5,0.1,0.02,0.3,0.5,1000,10,0.001,25,25,minibatch,325,0.03776479524559895,0.0007130898799710064,0.009322690242547893,0.009322690242547893,0.0038863585362289843
100,20,1002123,0.5,0.1,0.02,0.3,0.5,1000,10,0.001,25,25,minibatch,350,0.03760075678697615,0.0007069084554766665,0.009319842828556024,0.009319842828556024,0.003885334734608503
100,20,1002123,0.5,0.1,0.02,0.3,0.5,1000,10,0.001,25,25,minibatch,375,0.03744928457891105,0.0007012244577361325,0.009317021096437783,0.009317021096437783,0.0038845791205920355
100,20,1002123,0.5,0.1,0.02,0.3,0.5,1000,10,0.001,25,25,minibatch,400,0.0373046928489688,0.0006958200542779519,0.00931445534041464,0.00931445534041464,0.0038835056966805004
100,20,1002123,0.5,0.1,0.02,0.3,0.5,1000,10,0.001,25,25,minibatch,425,0.037159988912071173,0.0006904323879726263,0.009311845852278233,0.009311845852278233,0.0038826837164938066
100,20,1002123,0.5,0.1,0.02,0.3,0.5,1000,10,0.001,25,25,minibatch,450,0.03702026840648101,0.000685250136443948,0.009309447318883723,0.009309447318883723,0.003881847516673753
100,20,1002123,0.5,0.1,0.02,0.3,0.5,1000,10,0.001,25,25,minibatch,475,0.03688583155984286,0.0006802822849305498,0.009307028826380292,0.009307028826380292,0.0038810740463829374
100,20,1002123,0.5,0.1,0.02,0.3,0.5,1000,10,0.001,25,25,minibatch,500,0.0367562062555027,0.0006755093491485279,0.009304739995224354,0.009304739995224354,0.0038801404905470793
100,20,1002123,0.5,0.1,0.02,0.3,0.5,1000,10,0.001,25,25,minibatch,525,0.03662040711853435,0.0006705271087636006,0.009302385344225728,0.009302385344225728,0.0038794376404546194
100,20,1002123,0.5,0.1,0.02,0.3,0.5,1000,10,0.001,25,25,minibatch,550,0.036501345000353826,0.0006661740934174276,0.009300420006608745,0.009300420006608745,0.0038786291666697004
100,20,1002123,0.5,0.1,0.02,0.3,0.5,1000,10,0.001,25,25,minibatch,575,0.03638205123212931,0.0006618268259286408,0.009298299697076462,0.009298299697076462,0.0038780399451707748
100,20,1002123,0.5,0.1,0.02,0.3,0.5,1000,10,0.001,25,25,minibatch,600,0.03626550092977515,0.0006575932788437612,0.009296222568702217,0.009296222568702217,0.003877256626401482
100,20,1002123,0.5,0.1,0.02,0.3,0.5,1000,10,0.001,25,25,minibatch,625,0.03615084894551168,0.0006534419397406016,0.009294178912733209,0.009294178912733209,0.0038765759066973215
100,20,1002123,0.5,0.1,0.02,0.3,0.5,1000,10,0.001,25,25,minibatch,650,0.03603999139758395,0.0006494404899689627,0.009292194834704282,0.009292194834704282,0.003875888504381142
100,20,1002123,0.5,0.1,0.02,0.3,0.5,1000,10,0.001,25,25,minibatch,675,0.03592845858202769,0.0006454270680402397,0.009290195520948175,0.009290195520948175,0.0038751377275965115
100,20,1002123,0.5,0.1,0.02,0.3,0.5,1000,10,0.001,25,25,minibatch,700,0.03581725972304194,0.0006414380470339213,0.00928821405201774,0.00928821405201774,0.003874467985380603
100,20,1002123,0.5,0.1,0.02,0.3,0.5,1000,10,0.001,25,25,minibatch,725,0.035717260004880985,0.0006378613311281354,0.009286585870170116,0.009286585870170116,0.0038738105081977947
100,20,1002123,0.5,0.1,0.02,0.3,0.5,1000,10,0.001,25,25,minibatch,750,0.03561571698350611,0.0006342396481246027,0.009284911372179572,0.009284911372179572,0.003873224775067574
100,20,1002123,0.5,0.1,0.02,0.3,0.5,1000,10,0.001,25,25,minibatch,775,0.03551633206470432,0.0006307049216651722,0.009283174542912609,0.009283174542912609,0.0038725315132968063
100,20,1002123,0.5,0.1,0.02,0.3,0.5,1000,10,0.001,25,25,minibatch,800,0.035415497740250254,0.0006271287400948355,0.009281448306517115,0.009281448306517115,0.0038718526924733654
100,20,1002123,0.5,0.1,0.02,0.3,0.5,1000,10,0.001,25,25,minibatch,825,0.03531930500734654,0.0006237266531009873,0.009279752052696766,0.009279752052696766,0.0038712788140998766
100,20,1002123,0.5,0.1,0.02,0.3,0.5,1000,10,0.001,25,25,minibatch,850,0.035224748161781554,0.0006203914415304665,0.009278165990093623,0.009278165990093623,0.0038707013818500835
100,20,1002123,0.5,0.1,0.02,0.3,0.5,1000,10,0.001,25,25,minibatch,875,0.03513358907536957,0.0006171845406584641,0.009276583188746745,0.009276583188746745,0.003870174279226535
100,20,1002123,0.5,0.1,0.02,0.3,0.5,1000,10,0.001,25,25,minibatch,900,0.035044748058600445,0.0006140671832453898,0.009275037884909354,0.009275037884909354,0.003869725218629383
100,20,1002123,0.5,0.1,0.02,0.3,0.5,1000,10,0.001,25,25,minibatch,925,0.034955924722589314,0.0006109583366056654,0.009273433107305162,0.009273433107305162,0.0038692130291665405
100,20,1002123,0.5,0.1,0.02,0.3,0.5,1000,10,0.001,25,25,minibatch,950,0.03486549216774792,0.0006078012720496457,0.009271837814574246,0.009271837814574246,0.0038686144366304465
100,20,1002123,0.5,0.1,0.02,0.3,0.5,1000,10,0.001,25,25,minibatch,975,0.03477946664735051,0.0006048056501370832,0.009270268070099619,0.009270268070099619,0.0038681655675187887
100,20,1002123,0.5,0.1,0.02,0.3,0.5,1000,10,0.001,25,25,minibatch,1000,0.03469325101139359,0.0006018108328697811,0.009268869492924103,0.009268869492924103,0.0038676547622963353
30,20,302123,0.5,0.1,0.02,0.4,0.5,1000,6,0.001,25,25,full_batch,0,0.06938924242737472,0.00240743348232249,0.014194061668509617,0.013391379516060287,0.014194061668509617
30,20,302123,0.5,0.1,0.02,0.4,0.5,1000,6,0.001,25,25,full_batch,25,0.06703401117017896,0.0022467793267818385,0.01413901945228413,0.013328418067109271,0.01413901945228413
30,20,302123,0.5,0.1,0.02,0.4,0.5,1000,6,0.001,25,25,full_batch,50,0.06594376816915269,0.002174290280173478,0.01411675132582052,0.013300927731082768,0.01411675132582052
30,20,302123,0.5,0.1,0.02,0.4,0.5,1000,6,0.001,25,25,full_batch,75,0.06511777666610834,0.0021201624189685817,0.014100038008352411,0.013280092698437829,0.014100038008352411
30,20,302123,0.5,0.1,0.02,0.4,0.5,1000,6,0.001,25,25,full_batch,100,0.06442928936250378,0.0020755666638786214,0.01408621096198931,0.013262721032210045,0.01408621096198931
30,20,302123,0.5,0.1,0.02,0.4,0.5,1000,6,0.001,25,25,full_batch,125,0.06382882687685562,0.002037059570237803,0.014074229073133826,0.013247566637589359,0.014074229073133826
30,20,302123,0.5,0.1,0.02,0.4,0.5,1000,6,0.001,25,25,full_batch,150,0.06329092751608655,0.0020028707529232605,0.014063556893390061,0.013233988265403618,0.014063556893390061
30,20,302123,0.5,0.1,0.02,0.4,0.5,1000,6,0.001,25,25,full_batch,175,0.06280043803786613,0.001971947508873931,0.014053875929953052,0.013221604271732745,0.014053875929953052
30,20,302123,0.5,0.1,0.02,0.4,0.5,1000,6,0.001,25,25,full_batch,200,0.0623474743699601,0.0019436037801564155,0.014044978549168807,0.013210165712300992,0.014044978549168807
30,20,302123,0.5,0.1,0.02,0.4,0.5,1000,6,0.001,25,25,full_batch,225,0.061925166285119675,0.0019173631097198613,0.014036720505161693,0.013199499545368865,0.014036720505161693
30,20,302123,0.5,0.1,0.02,0.4,0.5,1000,6,0.001,25,25,full_batch,250,0.06152850946160257,0.0018928787382832585,0.014028996783266356,0.013189479722192365,0.014028996783266356
30,20,302123,0.5,0.1,0.02,0.4,0.5,1000,6,0.001,25,25,full_batch,275,0.061153725067228375,0.001869889044799078,0.01402172812672109,0.013180011058673557,0.01402172812672109
30,20,302123,0.5,0.1,0.02,0.4,0.5,1000,6,0.001,25,25,full_batch,300,0.060797876923416004,0.0018481909191974202,0.014014852984336856,0.013171019593829825,0.014014852984336856
30,20,302123,0.5,0.1,0.02,0.4,0.5,1000,6,0.001,25,25,full_batch,325,0.06045862992727541,0.001827622966341621,0.014008322430487885,0.013162446505690206,0.014008322430487885
30,20,302123,0.5,0.1,0.02,0.4,0.5,1000,6,0.001,25,25,full_batch,350,0.060134090818826084,0.0018080544393034117,0.014002096817475607,0.013154244100992085,0.014002096817475607
30,20,302123,0.5,0.1,0.02,0.4,0.5,1000,6,0.001,25,25,full_batch,375,0.059822699386473145,0.0017893776809421672,0.013996143488811619,0.013146373075131779,0.013996143488811619
30,20,302123,0.5,0.1,0.02,0.4,0.5,1000,6,0.001,25,25,full_batch,400,0.05952315185990531,0.0017715028036686745,0.013990435169407567,0.013138800582749854,0.013990435169407567
30,20,302123,0.5,0.1,0.02,0.4,0.5,1000,6,0.001,25,25,full_batch,425,0.059234345565534766,0.001754353847288594,0.013984948802843511,0.013131498843809708,0.013984948802843511
30,20,302123,0.5,0.1,0.02,0.4,0.5,1000,6,0.001,25,25,full_batch,450,0.058955338048608384,0.0017378659422128456,0.013979664692756633,0.013124444114023581,0.013979664692756633
30,20,302123,0.5,0.1,0.02,0.4,0.5,1000,6,0.001,25,25,full_batch,475,0.05868531629288067,0.001721983174197723,0.01397456585647755,0.013117615909590874,0.01397456585647755
30,20,302123,0.5,0.1,0.02,0.4,0.5,1000,6,0.001,25,25,full_batch,500,0.058423573147382696,0.0017066569496537883,0.013969637530115098,0.013110996413452869,0.013969637530115098
30,20,302123,0.5,0.1,0.02,0.4,0.5,1000,6,0.001,25,25,full_batch,525,0.05816948899950827,0.001691844725231957,0.013964866783877983,0.013104570013680372,0.013964866783877983
30,20,302123,0.5,0.1,0.02,0.4,0.5,1000,6,0.001,25,25,full_batch,550,0.0579225173344709,0.0016775090071810411,0.013960242219039964,0.013098322939746276,0.013960242219039964
30,20,302123,0.5,0.1,0.02,0.4,0.5,1000,6,0.001,25,25,full_batch,575,0.05768217321912487,0.001663616553640563,0.01395575372632496,0.013092242972451484,0.01395575372632496
30,20,302123,0.5,0.1,0.02,0.4,0.5,1000,6,0.001,25,25,full_batch,600,0.0574480240174785,0.0016501377317563932,0.013951392291159381,0.013086319210061093,0.013951392291159381
30,20,302123,0.5,0.1,0.02,0.4,0.5,1000,6,0.001,25,25,full_batch,625,0.05721968183114136,0.0016370459944285243,0.013947149835141948,0.013080541877886653,0.013947149835141948
30,20,302123,0.5,0.1,0.02,0.4,0.5,1000,6,0.001,25,25,full_batch,650,0.056996797288563134,0.001624317450576779,0.013943019085828567,0.013074902171840597,0.013943019085828567
30,20,302123,0.5,0.1,0.02,0.4,0.5,1000,6,0.001,25,25,full_batch,675,0.05677905440015802,0.001611930509288052,0.013938993468886163,0.013069392128836899,0.013938993468886163
30,20,302123,0.5,0.1,0.02,0.4,0.5,1000,6,0.001,25,25,full_batch,700,0.056566166263973865,0.0015998655829017674,0.013935067018100489,0.013064004518618721,0.013935067018100489
30,20,302123,0.5,0.1,0.02,0.4,0.5,1000,6,0.001,25,25,full_batch,725,0.05635787145614965,0.0015881048375339438,0.013931234299746131,0.013058732752830315,0.013931234299746131
30,20,302123,0.5,0.1,0.02,0.4,0.5,1000,6,0.001,25,25,full_batch,750,0.0561539309772842,0.0015766319821007991,0.01392749034862284,0.013053570808094717,0.01392749034862284
30,20,302123,0.5,0.1,0.02,0.4,0.5,1000,6,0.001,25,25,full_batch,775,0.05595412565354883,0.0015654320888265655,0.013923830613628119,0.013048513160544228,0.013923830613628119
30,20,302123,0.5,0.1,0.02,0.4,0.5,1000,6,0.001,25,25,full_batch,800,0.0557582539124383,0.0015544914396819704,0.013920250911184096,0.01304355472978741,0.013920250911184096
30,20,302123,0.5,0.1,0.02,0.4,0.5,1000,6,0.001,25,25,full_batch,825,0.055566129869217426,0.0015437973943213685,0.013916747385183004,0.013038690830705357,0.013916747385183004
30,20,302123,0.5,0.1,0.02,0.4,0.5,1000,6,0.001,25,25,full_batch,850,0.0553775816726252,0.0015333382759541373,0.013913316472363213,0.013033917131774542,0.013913316472363213
30,20,302123,0.5,0.1,0.02,0.4,0.5,1000,6,0.001,25,25,full_batch,875,0.05519245006816742,0.001523103272263577,0.01390995487224872,0.013029229618872151,0.01390995487224872
30,20,302123,0.5,0.1,0.02,0.4,0.5,1000,6,0.001,25,25,full_batch,900,0.055010587145023465,0.0015130823490201104,0.01390665952093506,0.013024624563708675,0.01390665952093506
30,20,302123,0.5,0.1,0.02,0.4,0.5,1000,6,0.001,25,25,full_batch,925,0.054831855238684196,0.0015032661744580097,0.013903427568138782,0.013020098496179855,0.013903427568138782
30,20,302123,0.5,0.1,0.02,0.4,0.5,1000,6,0.001,25,25,full_batch,950,0.05465612596630768,0.0014936460528224462,0.013900256357025631,0.01301564818006562,0.013900256357025631
30,20,302123,0.5,0.1,0.02,0.4,0.5,1000,6,0.001,25,25,full_batch,975,0.054483279375693604,0.00148421386576494,0.013897143406420787,0.013011270591588131,0.013897143406420787
30,20,302123,0.5,0.1,0.02,0.4,0.5,1000,6,0.001,25,25,full_batch,1000,0.05431320319194388,0.0014749620204846914,0.013894086395063732,0.013006962900432517,0.013894086395063732
30,20,302123,0.5,0.1,0.02,0.4,0.5,1000,6,0.001,25,25,minibatch,0,0.06938924242737472,0.00240743348232249,0.014194061668509617,0.013391379516060287,0.014194061668509617
30,20,302123,0.5,0.1,0.02,0.4,0.5,1000,6,0.001,25,25,minibatch,25,0.06699121077162268,0.002243911160323987,0.014136209234485553,0.013327199547802315,0.014136209234485553
30,20,302123,0.5,0.1,0.02,0.4,0.5,1000,6,0.001,25,25,minibatch,50,0.06584672078480593,0.002167895319056096,0.014114013162299044,0.013295494280421594,0.014114013162299044
30,20,302123,0.5,0.1,0.02,0.4,0.5,1000,6,0.001,25,25,minibatch,75,0.06502358372257307,0.0021140332200632345,0.014097093645344005,0.013273447648439352,0.014097093645344005
30,20,302123,0.5,0.1,0.02,0.4,0.5,1000,6,0.001,25,25,minibatch,100,0.06431371582207872,0.0020681270214215493,0.014082609530792545,0.01325544109568072,0.014082609530792545
30,20,302123,0.5,0.1,0.02,0.4,0.5,1000,6,0.001,25,25,minibatch,125,0.06372221815209808,0.002030260543111789,0.014071070714807343,0.01324207866063698,0.014071070714807343
30,20,302123,0.5,0.1,0.02,0.4,0.5,1000,6,0.001,25,25,minibatch,150,0.06317615105311997,0.0019956130309433154,0.014060503504737698,0.01322777907280498,0.014060503504737698
30,20,302123,0.5,0.1,0.02,0.4,0.5,1000,6,0.001,25,25,minibatch,175,0.06267647825397071,0.001964170463160232,0.014050113767240524,0.013215991147627115,0.014050113767240524
30,20,302123,0.5,0.1,0.02,0.4,0.5,1000,6,0.001,25,25,minibatch,200,0.06221566434904759,0.0019353944451966758,0.014040711991588795,0.013205584736478981,0.014040711991588795
30,20,302123,0.5,0.1,0.02,0.4,0.5,1000,6,0.001,25,25,minibatch,225,0.06180663686294272,0.001910030180153835,0.01403380719619196,0.013194927561785474,0.01403380719619196
30,20,302123,0.5,0.1,0.02,0.4,0.5,1000,6,0.001,25,25,minibatch,250,0.061411422595039435,0.00188568141257326,0.014026226051006452,0.013185559739458286,0.014026226051006452
30,20,302123,0.5,0.1,0.02,0.4,0.5,1000,6,0.001,25,25,minibatch,275,0.0610390898554379,0.001862885245190111,0.014018512930298321,0.013175362038144622,0.014018512930298321
30,20,302123,0.5,0.1,0.02,0.4,0.5,1000,6,0.001,25,25,minibatch,300,0.060681007408392766,0.001841092330048709,0.014011714876623282,0.0131670011828659,0.014011714876623282
30,20,302123,0.5,0.1,0.02,0.4,0.5,1000,6,0.001,25,25,minibatch,325,0.060358291155115366,0.0018215616555828389,0.014006087257620925,0.013159466959970112,0.014006087257620925
30,20,302123,0.5,0.1,0.02,0.4,0.5,1000,6,0.001,25,25,minibatch,350,0.060037445648391176,0.0018022474399917623,0.013999571263988375,0.01315252200766659,0.013999571263988375
30,20,302123,0.5,0.1,0.02,0.4,0.5,1000,6,0.001,25,25,minibatch,375,0.05972851142962422,0.0017837475387993758,0.013994398919316975,0.013143864072715783,0.013994398919316975
30,20,302123,0.5,0.1,0.02,0.4,0.5,1000,6,0.001,25,25,minibatch,400,0.059444469078850086,0.001766822452033182,0.013989410570444671,0.01313752506296545,0.013989410570444671
30,20,302123,0.5,0.1,0.02,0.4,0.5,1000,6,0.001,25,25,minibatch,425,0.05915445091817019,0.001749624531715103,0.013984333909436653,0.013130081648383751,0.013984333909436653
30,20,302123,0.5,0.1,0.02,0.4,0.5,1000,6,0.001,25,25,minibatch,450,0.05887942847373251,0.0017333935486966913,0.01397905819145645,0.013123476448159588,0.01397905819145645
30,20,302123,0.5,0.1,0.02,0.4,0.5,1000,6,0.001,25,25,minibatch,475,0.058612547763577265,0.0017177153776688132,0.013974321364531805,0.01311656495175667,0.013974321364531805
30,20,302123,0.5,0.1,0.02,0.4,0.5,1000,6,0.001,25,25,minibatch,500,0.05835275305672834,0.0017025218946497592,0.01396947052988623,0.013109371847775886,0.01396947052988623
30,20,302123,0.5,0.1,0.02,0.4,0.5,1000,6,0.001,25,25,minibatch,525,0.05810943087830523,0.0016883529785002667,0.01396460002158284,0.013103262943547134,0.01396460002158284
30,20,302123,0.5,0.1,0.02,0.4,0.5,1000,6,0.001,25,25,minibatch,550,0.05785702468847395,0.001673717652901342,0.01395963832184488,0.013097150943030877,0.01395963832184488
30,20,302123,0.5,0.1,0.02,0.4,0.5,1000,6,0.001,25,25,minibatch,575,0.057605278198415044,0.001659184038158396,0.013954878387717418,0.013090411223051213,0.013954878387717418
30,20,302123,0.5,0.1,0.02,0.4,0.5,1000,6,0.001,25,25,minibatch,600,0.057375802126329034,0.0016459913348198317,0.013951284471219738,0.013084585122261627,0.013951284471219738
30,20,302123,0.5,0.1,0.02,0.4,0.5,1000,6,0.001,25,25,minibatch,625,0.057149284158765024,0.0016330203399296354,0.01394689721689496,0.013079269735675247,0.01394689721689496
30,20,302123,0.5,0.1,0.02,0.4,0.5,1000,6,0.001,25,25,minibatch,650,0.0569351229053522,0.0016208041101237803,0.013943434926866949,0.01307312249331194,0.013943434926866949
30,20,302123,0.5,0.1,0.02,0.4,0.5,1000,6,0.001,25,25,minibatch,675,0.05671138710856793,0.0016080907138889223,0.013939686450508637,0.01306673505053213,0.013939686450508637
30,20,302123,0.5,0.1,0.02,0.4,0.5,1000,6,0.001,25,25,minibatch,700,0.0565054222316644,0.0015964313707893369,0.013935747841152868,0.013062197861658353,0.013935747841152868
30,20,302123,0.5,0.1,0.02,0.4,0.5,1000,6,0.001,25,25,minibatch,725,0.056301418794125695,0.001584924879115765,0.013932212504715269,0.013056727177342187,0.013932212504715269
30,20,302123,0.5,0.1,0.02,0.4,0.5,1000,6,0.001,25,25,minibatch,750,0.056095137836325956,0.001573332244438204,0.013928988953579913,0.013052362724116362,0.013928988953579913
30,20,302123,0.5,0.1,0.02,0.4,0.5,1000,6,0.001,25,25,minibatch,775,0.05589150623061795,0.0015619302343636025,0.013925721672836233,0.013046961057274209,0.013925721672836233
30,20,302123,0.5,0.1,0.02,0.4,0.5,1000,6,0.001,25,25,minibatch,800,0.05569203550754457,0.0015508014094868026,0.013922293745718461,0.013041451122241587,0.013922293745718461
30,20,302123,0.5,0.1,0.02,0.4,0.5,1000,6,0.001,25,25,minibatch,825,0.05550956875330012,0.0015406561115886765,0.01391879781506028,0.01303683039419623,0.01391879781506028
30,20,302123,0.5,0.1,0.02,0.4,0.5,1000,6,0.001,25,25,minibatch,850,0.05532071716395502,0.001530190873767154,0.013915552322936342,0.013031646502179361,0.013915552322936342
30,20,302123,0.5,0.1,0.02,0.4,0.5,1000,6,0.001,25,25,minibatch,875,0.05512619053604915,0.0015194484415083974,0.01391199930755932,0.013026841434479963,0.01391199930755932
30,20,302123,0.5,0.1,0.02,0.4,0.5,1000,6,0.001,25,25,minibatch,900,0.05494176667383194,0.001509298862620895,0.013908712379895438,0.013021990107221548,0.013908712379895438
30,20,302123,0.5,0.1,0.02,0.4,0.5,1000,6,0.001,25,25,minibatch,925,0.054771560954599625,0.0014999619447017111,0.013905579982820604,0.013017353183954528,0.013905579982820604
30,20,302123,0.5,0.1,0.02,0.4,0.5,1000,6,0.001,25,25,minibatch,950,0.054593990539509585,0.0014902519015140311,0.013902700159380832,0.013012997654089808,0.013902700159380832
30,20,302123,0.5,0.1,0.02,0.4,0.5,1000,6,0.001,25,25,minibatch,975,0.05442593203154582,0.0014810910387512226,0.013899835820878559,0.013008371397502827,0.013899835820878559
30,20,302123,0.5,0.1,0.02,0.4,0.5,1000,6,0.001,25,25,minibatch,1000,0.054259247718268615,0.001472032981476219,0.013896962722257544,0.013003986007262769,0.013896962722257544
100,20,1002123,0.5,0.1,0.02,0.4,0.5,1000,10,0.001,25,25,full_batch,0,0.04206215224019489,0.000884612325538666,0.00940034226682579,0.00940034226682579,0.003913588771301324
100,20,1002123,0.5,0.1,0.02,0.4,0.5,1000,10,0.001,25,25,full_batch,25,0.040574080543294075,0.0008231280059668574,0.009373670209687157,0.009373670209687157,0.0039042520120047275
100,20,1002123,0.5,0.1,0.02,0.4,0.5,1000,10,0.001,25,25,full_batch,50,0.03988500078970478,0.0007954066439973754,0.009361335090402378,0.009361335090402378,0.003899961663002771
100,20,1002123,0.5,0.1,0.02,0.4,0.5,1000,10,0.001,25,25,full_batch,75,0.03936285031799715,0.0007747169925785241,0.009351994888543269,0.009351994888543269,0.003896724876916946
100,20,1002123,0.5,0.1,0.02,0.4,0.5,1000,10,0.001,25,25,full_batch,100,0.0389275713712254,0.0007576779064309236,0.009344232219605952,0.009344232219605952,0.003894025184155492
100,20,1002123,0.5,0.1,0.02,0.4,0.5,1000,10,0.001,25,25,full_batch,125,0.038547909713372575,0.0007429706716351618,0.009337476192206984,0.009337476192206984,0.003891606888371313
100,20,1002123,0.5,0.1,0.02,0.4,0.5,1000,10,0.001,25,25,full_batch,150,0.0382077814564268,0.0007299172819110359,0.009331426318342051,0.009331426318342051,0.0038894435267325944
100,20,1002123,0.5,0.1,0.02,0.4,0.5,1000,10,0.001,25,25,full_batch,175,0.03789761404083034,0.0007181145749938705,0.009325911566809952,0.009325911566809952,0.0038874936607818933
100,20,1002123,0.5,0.1,0.02,0.4,0.5,1000,10,0.001,25,25,full_batch,200,0.03761116326523325,0.0007072998010820155,0.009320820377321182,0.009320820377321182,0.0038857280806446903
100,20,1002123,0.5,0.1,0.02,0.4,0.5,1000,10,0.001,25,25,full_batch,225,0.03734408872361892,0.0006972904812987609,0.009316075205773378,0.009316075205773378,0.0038841286554346377
100,20,1002123,0.5,0.1,0.02,0.4,0.5,1000,10,0.001,25,25,full_batch,250,0.03709322870216173,0.0006879538077754374,0.009311619567989593,0.009311619567989593,0.0038826285539051986
100,20,1002123,0.5,0.1,0.02,0.4,0.5,1000,10,0.001,25,25,full_batch,275,0.03685619564879685,0.000679189578851196,0.009307410811613182,0.009307410811613182,0.0038812099811545986
100,20,1002123,0.5,0.1,0.02,0.4,0.5,1000,10,0.001,25,25,full_batch,300,0.03663113434331925,0.0006709200016391516,0.009303415795180403,0.009303415795180403,0.0038798620390760874
100,20,1002123,0.5,0.1,0.02,0.4,0.5,1000,10,0.001,25,25,full_batch,325,0.03641656929452375,0.0006630832595914249,0.009299608161511985,0.009299608161511985,0.003878572423392068
100,20,1002123,0.5,0.1,0.02,0.4,0.5,1000,10,0.001,25,25,full_batch,350,0.03621130415222984,0.000655629274202649,0.009295966540495915,0.009295966540495915,0.003877321428769953
100,20,1002123,0.5,0.1,0.02,0.4,0.5,1000,10,0.001,25,25,full_batch,375,0.03601435298006556,0.0006485168102863786,0.009292473321151462,0.009292473321151462,0.003876120012941353
100,20,1002123,0.5,0.1,0.02,0.4,0.5,1000,10,0.001,25,25,full_batch,400,0.035824891860651784,0.0006417114384136972,0.009289113786975112,0.009289113786975112,0.003874963276071064
100,20,1002123,0.5,0.1,0.02,0.4,0.5,1000,10,0.001,25,25,full_batch,425,0.03564222393227184,0.0006351840634191056,0.009285875491278628,0.009285875491278628,0.003873847073390002
100,20,1002123,0.5,0.1,0.02,0.4,0.5,1000,10,0.001,25,25,full_batch,450,0.03546575356422441,0.0006289098379391483,0.009282747795800905,0.009282747795800905,0.0038727678617701544
100,20,1002123,0.5,0.1,0.02,0.4,0.5,1000,10,0.001,25,25,full_batch,475,0.03529496691096378,0.0006228673446230141,0.009279721523292761,0.009279721523292761,0.0038717225841922165
100,20,1002123,0.5,0.1,0.02,0.4,0.5,1000,10,0.001,25,25,full_batch,500,0.035129417019137105,0.0006170379700522198,0.009276788691445048,0.009276788691445048,0.003870708581256488
100,20,1002123,0.5,0.1,0.02,0.4,0.5,1000,10,0.001,25,25,full_batch,525,0.034968712248899914,0.0006114054181731814,0.009273942306031624,0.009273942306031624,0.0038697235223825732
100,20,1002123,0.5,0.1,0.02,0.4,0.5,1000,10,0.001,25,25,full_batch,550,0.034812507150416415,0.000605955327048897,0.009271176197918951,0.009271176197918951,0.003868765351596748
100,20,1002123,0.5,0.1,0.02,0.4,0.5,1000,10,0.001,25,25,full_batch,575,0.034660495187832395,0.0006006749633328763,0.009268484893078743,0.009268484893078743,0.003867832244290881
100,20,1002123,0.5,0.1,0.02,0.4,0.5,1000,10,0.001,25,25,full_batch,600,0.03451240287314698,0.0005955529760392021,0.00926586350779407,0.00926586350779407,0.00386692257236243
100,20,1002123,0.5,0.1,0.02,0.4,0.5,1000,10,0.001,25,25,full_batch,625,0.03436798498984317,0.0005905791961310428,0.0092633076633315,0.0092633076633315,0.0038660348758247087
100,20,1002123,0.5,0.1,0.02,0.4,0.5,1000,10,0.001,25,25,full_batch,650,0.03422702066865816,0.0005857444719263765,0.00926081341583923,0.00926081341583923,0.003865167839484873
100,20,1002123,0.5,0.1,0.02,0.4,0.5,1000,10,0.001,25,25,full_batch,675,0.03408931013676835,0.0005810405328003888,0.009258377198274104,0.009258377198274104,0.0038643202736197146
100,20,1002123,0.5,0.1,0.02,0.4,0.5,1000,10,0.001,25,25,full_batch,700,0.033954672004344294,0.0005764598754613011,0.009255995771930314,0.009255995771930314,0.003863491097847005
100,20,1002123,0.5,0.1,0.02,0.4,0.5,1000,10,0.001,25,25,full_batch,725,0.03382294098376205,0.0005719956683955252,0.009253666185697618,0.009253666185697618,0.003862679327566343
100,20,1002123,0.5,0.1,0.02,0.4,0.5,1000,10,0.001,25,25,full_batch,750,0.033693965960044904,0.0005676416710583324,0.0092513857415919,0.0092513857415919,0.00386188406248833
100,20,1002123,0.5,0.1,0.02,0.4,0.5,1000,10,0.001,25,25,full_batch,775,0.03356760834862507,0.0005633921651233418,0.009249151965421754,0.009249151965421754,0.003861104476871713
100,20,1002123,0.5,0.1,0.02,0.4,0.5,1000,10,0.001,25,25,full_batch,800,0.033443740689814504,0.0005592418956637771,0.009246962581680007,0.009246962581680007,0.003860339811164737
100,20,1002123,0.5,0.1,0.02,0.4,0.5,1000,10,0.001,25,25,full_batch,825,0.03332224543958576,0.0005551860205679969,0.009244815491947056,0.009244815491947056,0.0038595893648173396
100,20,1002123,0.5,0.1,0.02,0.4,0.5,1000,10,0.001,25,25,full_batch,850,0.03320301392416379,0.0005512200668241073,0.009242708756215134,0.009242708756215134,0.003858852490062792
100,20,1002123,0.5,0.1,0.02,0.4,0.5,1000,10,0.001,25,25,full_batch,875,0.03308594543210707,0.0005473398925681834,0.009240640576672343,0.009240640576672343,0.0038581285865201265
100,20,1002123,0.5,0.1,0.02,0.4,0.5,1000,10,0.001,25,25,full_batch,900,0.03297094642240461,0.0005435416539945377,0.00923860928355813,0.00923860928355813,0.003857417096484461
100,20,1002123,0.5,0.1,0.02,0.4,0.5,1000,10,0.001,25,25,full_batch,925,0.03285792983097796,0.0005398217763887356,0.0092366133227757,0.0092366133227757,0.003856717500801743
100,20,1002123,0.5,0.1,0.02,0.4,0.5,1000,10,0.001,25,25,full_batch,950,0.03274681446104654,0.0005361769286731034,0.009234651245004055,0.009234651245004055,0.0038560293152438696
100,20,1002123,0.5,0.1,0.02,0.4,0.5,1000,10,0.001,25,25,full_batch,975,0.0326375244452872,0.0005326040009583597,0.009232721696091462,0.009232721696091462,0.003855335200951382
100,20,1002123,0.5,0.1,0.02,0.4,0.5,1000,10,0.001,25,25,full_batch,1000,0.03252998876972179,0.0005291000846791129,0.009230823408551192,0.009230823408551192,0.0038546471483075218
100,20,1002123,0.5,0.1,0.02,0.4,0.5,1000,10,0.001,25,25,minibatch,0,0.04206215224019489,0.000884612325538666,0.00940034226682579,0.00940034226682579,0.003913588771301324
100,20,1002123,0.5,0.1,0.02,0.4,0.5,1000,10,0.001,25,25,minibatch,25,0.04055587506732858,0.0008223895012383819,0.009372750361761661,0.009372750361761661,0.003903640724726376
100,20,1002123,0.5,0.1,0.02,0.4,0.5,1000,10,0.001,25,25,minibatch,50,0.03986151446514698,0.0007944701677275608,0.009360028047957103,0.009360028047957103,0.0038987959579627196
100,20,1002123,0.5,0.1,0.02,0.4,0.5,1000,10,0.001,25,25,minibatch,75,0.03936133273542197,0.0007746572573543007,0.009350847955244268,0.009350847955244268,0.0038956469778584912
100,20,1002123,0.5,0.1,0.02,0.4,0.5,1000,10,0.001,25,25,minibatch,100,0.03893598649796734,0.0007580055222849475,0.009342925291574156,0.009342925291574156,0.003893052162313171
100,20,1002123,0.5,0.1,0.02,0.4,0.5,1000,10,0.001,25,25,minibatch,125,0.038554244358563174,0.0007432148790299002,0.009336038463819973,0.009336038463819973,0.003890728356845008
100,20,1002123,0.5,0.1,0.02,0.4,0.5,1000,10,0.001,25,25,minibatch,150,0.03822050130650728,0.0007304033600603624,0.009330322150050585,0.009330322150050585,0.0038888411353590335
100,20,1002123,0.5,0.1,0.02,0.4,0.5,1000,10,0.001,25,25,minibatch,175,0.037915438499061205,0.0007187902382880463,0.00932510268443959,0.00932510268443959,0.003887062513261541
100,20,1002123,0.5,0.1,0.02,0.4,0.5,1000,10,0.001,25,25,minibatch,200,0.03763443807264797,0.0007081754645219875,0.009320137351441549,0.009320137351441549,0.0038855674627908954
100,20,1002123,0.5,0.1,0.02,0.4,0.5,1000,10,0.001,25,25,minibatch,225,0.03736975715266331,0.0006982493748245152,0.009315243822374364,0.009315243822374364,0.0038839740282432533
100,20,1002123,0.5,0.1,0.02,0.4,0.5,1000,10,0.001,25,25,minibatch,250,0.037114468624068864,0.000688741890623496,0.009310638439842034,0.009310638439842034,0.003882436046048876
100,20,1002123,0.5,0.1,0.02,0.4,0.5,1000,10,0.001,25,25,minibatch,275,0.03687407084880147,0.0006798485504812151,0.00930637565430864,0.00930637565430864,0.003880933559512245
100,20,1002123,0.5,0.1,0.02,0.4,0.5,1000,10,0.001,25,25,minibatch,300,0.03665021681479781,0.0006716191962858442,0.00930241554926442,0.00930241554926442,0.0038793898812015115
100,20,1002123,0.5,0.1,0.02,0.4,0.5,1000,10,0.001,25,25,minibatch,325,0.03643404766593507,0.0006637199146618143,0.009298802003519568,0.009298802003519568,0.003878289672267776
100,20,1002123,0.5,0.1,0.02,0.4,0.5,1000,10,0.001,25,25,minibatch,350,0.036223102111031955,0.0006560565632731238,0.009295151592285167,0.009295151592285167,0.003876987037380597
100,20,1002123,0.5,0.1,0.02,0.4,0.5,1000,10,0.001,25,25,minibatch,375,0.03602891502738611,0.0006490413590253043,0.00929153412454653,0.00929153412454653,0.0038760010201661643
100,20,1002123,0.5,0.1,0.02,0.4,0.5,1000,10,0.001,25,25,minibatch,400,0.035843859136709635,0.0006423911189061414,0.009288256637121406,0.009288256637121406,0.0038745961130526307
100,20,1002123,0.5,0.1,0.02,0.4,0.5,1000,10,0.001,25,25,minibatch,425,0.03565863107865162,0.0006357689852016897,0.009284921535591073,0.009284921535591073,0.003873518553898947
100,20,1002123,0.5,0.1,0.02,0.4,0.5,1000,10,0.001,25,25,minibatch,450,0.03547996339162592,0.0006294139011355578,0.009281866688580553,0.009281866688580553,0.0038724248944386197
100,20,1002123,0.5,0.1,0.02,0.4,0.5,1000,10,0.001,25,25,minibatch,475,0.03530832598663971,0.0006233389419894085,0.009278786171646514,0.009278786171646514,0.003871414756479452
100,20,1002123,0.5,0.1,0.02,0.4,0.5,1000,10,0.001,25,25,minibatch,500,0.03514307982588202,0.0006175180298241581,0.00927587829818699,0.00927587829818699,0.0038701932270369666
100,20,1002123,0.5,0.1,0.02,0.4,0.5,1000,10,0.001,25,25,minibatch,525,0.03496959941157863,0.0006114364415031402,0.00927288058683362,0.00927288058683362,0.003869275616910306
100,20,1002123,0.5,0.1,0.02,0.4,0.5,1000,10,0.001,25,25,minibatch,550,0.0348184402991089,0.0006061618924313054,0.009270403081534095,0.009270403081534095,0.003868225019067917
100,20,1002123,0.5,0.1,0.02,0.4,0.5,1000,10,0.001,25,25,minibatch,575,0.03466693538422737,0.0006008982044670978,0.00926771689652417,0.00926771689652417,0.003867464136588894
100,20,1002123,0.5,0.1,0.02,0.4,0.5,1000,10,0.001,25,25,minibatch,600,0.03451900512914621,0.0005957808575530113,0.009265086965064728,0.009265086965064728,0.0038664549430929007
100,20,1002123,0.5,0.1,0.02,0.4,0.5,1000,10,0.001,25,25,minibatch,625,0.03437366801767335,0.0005907745264946099,0.009262501254620303,0.009262501254620303,0.0038655860206533443
100,20,1002123,0.5,0.1,0.02,0.4,0.5,1000,10,0.001,25,25,minibatch,650,0.0342333572082559,0.000585961372874023,0.009259995533995924,0.009259995533995924,0.0038647054960198046
100,20,1002123,0.5,0.1,0.02,0.4,0.5,1000,10,0.001,25,25,minibatch,675,0.03409214466714405,0.0005811371640027394,0.009257467816153442,0.009257467816153442,0.0038637461316270993
100,20,1002123,0.5,0.1,0.02,0.4,0.5,1000,10,0.001,25,25,minibatch,700,0.03395134782366334,0.0005763470095216847,0.009254964781737485,0.009254964781737485,0.003862893341411544
100,20,1002123,0.5,0.1,0.02,0.4,0.5,1000,10,0.001,25,25,minibatch,725,0.03382540227906201,0.0005720789196701866,0.009252932559924376,0.009252932559924376,0.0038620563951097253
100,20,1002123,0.5,0.1,0.02,0.4,0.5,1000,10,0.001,25,25,minibatch,750,0.03369739303511125,0.0005677571486813822,0.009250835201684349,0.009250835201684349,0.0038613153042343917
100,20,1002123,0.5,0.1,0.02,0.4,0.5,1000,10,0.001,25,25,minibatch,775,0.03357222703213142,0.0005635472139484878,0.009248654715006521,0.009248654715006521,0.003860429026213197
100,20,1002123,0.5,0.1,0.02,0.4,0.5,1000,10,0.001,25,25,minibatch,800,0.03344516509134923,0.0005592895339938027,0.009246489492306942,0.009246489492306942,0.0038595629892047567
100,20,1002123,0.5,0.1,0.02,0.4,0.5,1000,10,0.001,25,25,minibatch,825,0.033324232074546566,0.0005552522216791191,0.009244362042552023,0.009244362042552023,0.00385883583940283
100,20,1002123,0.5,0.1,0.02,0.4,0.5,1000,10,0.001,25,25,minibatch,850,0.03320548952049469,0.0005513022671478412,0.009242382367790236,0.009242382367790236,0.003858106311188103
100,20,1002123,0.5,0.1,0.02,0.4,0.5,1000,10,0.001,25,25,minibatch,875,0.03309118262526772,0.0005475131837694102,0.009240407439099763,0.009240407439099763,0.0038574411132152875
100,20,1002123,0.5,0.1,0.02,0.4,0.5,1000,10,0.001,25,25,minibatch,900,0.03297995054841009,0.0005438385690877875,0.009238481260116838,0.009238481260116838,0.003856879601073615
100,20,1002123,0.5,0.1,0.02,0.4,0.5,1000,10,0.001,25,25,minibatch,925,0.03286876568250847,0.0005401778787458232,0.009236474274316453,0.009236474274316453,0.003856235713632472
100,20,1002123,0.5,0.1,0.02,0.4,0.5,1000,10,0.001,25,25,minibatch,950,0.032755406443071816,0.0005364583256254154,0.009234480850797144,0.009234480850797144,0.0038554740644972663
100,20,1002123,0.5,0.1,0.02,0.4,0.5,1000,10,0.001,25,25,minibatch,975,0.0326478567123122,0.0005329412739538343,0.009232518683089552,0.009232518683089552,0.0038549156671505713
100,20,1002123,0.5,0.1,0.02,0.4,0.5,1000,10,0.001,25,25,minibatch,1000,0.032540057067825645,0.0005294276569886749,0.009230786029984894,0.009230786029984894,0.003854260095596196
30,20,302123,0.5,0.1,0.02,0.5,0.5,1000,6,0.001,25,25,full_batch,0,0.06938924242737472,0.00240743348232249,0.014194061668509617,0.013391379516060287,0.014194061668509617
30,20,302123,0.5,0.1,0.02,0.5,0.5,1000,6,0.001,25,25,full_batch,25,0.06645812254138332,0.002208341025862761,0.014127223513157317,0.01331389647559772,0.014127223513157317
30,20,302123,0.5,0.1,0.02,0.5,0.5,1000,6,0.001,25,25,full_batch,50,0.06511076453754493,0.002119705829331809,0.014099891970870915,0.013279913350048578,0.014099891970870915
30,20,302123,0.5,0.1,0.02,0.5,0.5,1000,6,0.001,25,25,full_batch,75,0.06409393899192105,0.0020540165077500487,0.014079505217842903,0.0132542553035081,0.014079505217842903
30,20,302123,0.5,0.1,0.02,0.5,0.5,1000,6,0.001,25,25,full_batch,100,0.06324900696302821,0.0020002184409045956,0.014062722224082391,0.01323292719206326,0.014062722224082391
30,20,302123,0.5,0.1,0.02,0.5,0.5,1000,6,0.001,25,25,full_batch,125,0.062514055310422,0.001954003555677251,0.014048240268030976,0.013214369735149556,0.014048240268030976
30,20,302123,0.5,0.1,0.02,0.5,0.5,1000,6,0.001,25,25,full_batch,150,0.06185723141553857,0.0019131585391977458,0.01403538971507301,0.01319778068815336,0.01403538971507301
30,20,302123,0.5,0.1,0.02,0.5,0.5,1000,6,0.001,25,25,full_batch,175,0.06125958272509392,0.001876368237826313,0.014023772462121054,0.01318268268668904,0.014023772462121054
30,20,302123,0.5,0.1,0.02,0.5,0.5,1000,6,0.001,25,25,full_batch,200,0.060708749616804815,0.0018427761400179495,0.014013129106455025,0.01316876440994641,0.014013129106455025
30,20,302123,0.5,0.1,0.02,0.5,0.5,1000,6,0.001,25,25,full_batch,225,0.06019614295641261,0.0018117878134144318,0.014003279526956847,0.013155809499950433,0.014003279526956847
30,20,302123,0.5,0.1,0.02,0.5,0.5,1000,6,0.001,25,25,full_batch,250,0.05971550764944541,0.0017829709269154865,0.013994092655112589,0.013143660385162181,0.013994092655112589
30,20,302123,0.5,0.1,0.02,0.5,0.5,1000,6,0.001,25,25,full_batch,275,0.05926212135132744,0.0017559995135297299,0.013985469618730484,0.013132198099888082,0.013985469618730484
30,20,302123,0.5,0.1,0.02,0.5,0.5,1000,6,0.001,25,25,full_batch,300,0.058832315508892924,0.0017306206740689614,0.013977333670067316,0.013121330221393945,0.013977333670067316
30,20,302123,0.5,0.1,0.02,0.5,0.5,1000,6,0.001,25,25,full_batch,325,0.05842317315599428,0.0017066335808076454,0.013969623833178124,0.013110983258528941,0.013969623833178124
30,20,302123,0.5,0.1,0.02,0.5,0.5,1000,6,0.001,25,25,full_batch,350,0.05803232973840463,0.0016838756474334613,0.013962290718560866,0.013101097635153935,0.013962290718560866
30,20,302123,0.5,0.1,0.02,0.5,0.5,1000,6,0.001,25,25,full_batch,375,0.057657837041719104,0.0016622130861647178,0.013955293664842272,0.013091624262860091,0.013955293664842272
30,20,302123,0.5,0.1,0.02,0.5,0.5,1000,6,0.001,25,25,full_batch,400,0.05729806738574481,0.0016415342630706766,0.013948598727015982,0.013082522127831842,0.013948598727015982
30,20,302123,0.5,0.1,0.02,0.5,0.5,1000,6,0.001,25,25,full_batch,425,0.05695164441638177,0.0016217449008649946,0.013942177223703056,0.01307375654760995,0.013942177223703056
30,20,302123,0.5,0.1,0.02,0.5,0.5,1000,6,0.001,25,25,full_batch,450,0.05661739199266611,0.0016027645380256063,0.013936004664627244,0.013065297883611549,0.013936004664627244
30,20,302123,0.5,0.1,0.02,0.5,0.5,1000,6,0.001,25,25,full_batch,475,0.05629429570309855,0.0015845238643539502,0.0139300599433817,0.013057120571746683,0.0139300599433817
30,20,302123,0.5,0.1,0.02,0.5,0.5,1000,6,0.001,25,25,full_batch,500,0.055981473395435875,0.0015669626817619473,0.013924324719480852,0.013049202380067237,0.013924324719480852
30,20,302123,0.5,0.1,0.02,0.5,0.5,1000,6,0.001,25,25,full_batch,525,0.05567815226724344,0.0015500283199471727,0.013918782938150354,0.013041523831660962,0.013918782938150354
30,20,302123,0.5,0.1,0.02,0.5,0.5,1000,6,0.001,25,25,full_batch,550,0.05538365081619821,0.0015336743888652864,0.013913420452117464,0.013034067749964573,0.013913420452117464
30,20,302123,0.5,0.1,0.02,0.5,0.5,1000,6,0.001,25,25,full_batch,575,0.055097364446924486,0.0015178597844986092,0.013908224720126205,0.013026818896174241,0.013908224720126205
30,20,302123,0.5,0.1,0.02,0.5,0.5,1000,6,0.001,25,25,full_batch,600,0.054818753868077,0.0015025478878244033,0.013903184563980875,0.013019763676943463,0.013903184563980875
30,20,302123,0.5,0.1,0.02,0.5,0.5,1000,6,0.001,25,25,full_batch,625,0.054547335645924344,0.0014877059130345644,0.013898289970816435,0.013012889906402536,0.013898289970816435
30,20,302123,0.5,0.1,0.02,0.5,0.5,1000,6,0.001,25,25,full_batch,650,0.054282674444065246,0.001473304372400187,0.013893531930719183,0.013006186610652393,0.013893531930719183
30,20,302123,0.5,0.1,0.02,0.5,0.5,1000,6,0.001,25,25,full_batch,675,0.05402437659552596,0.0014593166332676065,0.013888902302272077,0.012999643865820587,0.013888902302272077
30,20,302123,0.5,0.1,0.02,0.5,0.5,1000,6,0.001,25,25,full_batch,700,0.053772084737976525,0.001445718548534064,0.013884393700378417,0.012993252662900134,0.013884393700378417
30,20,302123,0.5,0.1,0.02,0.5,0.5,1000,6,0.001,25,25,full_batch,725,0.053525473304832455,0.0014324881462531658,0.013879999402013732,0.012987004794148216,0.013879999402013732
30,20,302123,0.5,0.1,0.02,0.5,0.5,1000,6,0.001,25,25,full_batch,750,0.05328424471110766,0.0014196053672166024,0.013875841220501228,0.012980892756986662,0.013875841220501228
30,20,302123,0.5,0.1,0.02,0.5,0.5,1000,6,0.001,25,25,full_batch,775,0.05304812610754996,0.001407051841761262,0.013871865386133164,0.012974909672222201,0.013871865386133164
30,20,302123,0.5,0.1,0.02,0.5,0.5,1000,6,0.001,25,25,full_batch,800,0.05281686660292231,0.0013948106988754452,0.013867969108101452,0.012969049214054174,0.013867969108101452
30,20,302123,0.5,0.1,0.02,0.5,0.5,1000,6,0.001,25,25,full_batch,825,0.052590234874495996,0.0013828664020773276,0.013864148646043406,0.012963305549869353,0.013864148646043406
30,20,302123,0.5,0.1,0.02,0.5,0.5,1000,6,0.001,25,25,full_batch,850,0.05236801710246411,0.0013712046076219868,0.01386040054121912,0.01295767328819264,0.01386040054121912
30,20,302123,0.5,0.1,0.02,0.5,0.5,1000,6,0.001,25,25,full_batch,875,0.05215001517619898,0.001359812041438892,0.013856721587719667,0.012952147433489714,0.013856721587719667
30,20,302123,0.5,0.1,0.02,0.5,0.5,1000,6,0.001,25,25,full_batch,900,0.0519360451298849,0.0013486763918667205,0.013853108807353354,0.012946723346745515,0.013853108807353354
30,20,302123,0.5,0.1,0.02,0.5,0.5,1000,6,0.001,25,25,full_batch,925,0.05172593577268466,0.0013377862157799493,0.01384955942764693,0.012941396710948128,0.01384955942764693
30,20,302123,0.5,0.1,0.02,0.5,0.5,1000,6,0.001,25,25,full_batch,950,0.0515195274846819,0.001327130856122447,0.013846070862510107,0.012936163500746,0.013846070862510107
30,20,302123,0.5,0.1,0.02,0.5,0.5,1000,6,0.001,25,25,full_batch,975,0.051316671154731576,0.00131670036920143,0.013842640695170605,0.012931019955681355,0.013842640695170605
30,20,302123,0.5,0.1,0.02,0.5,0.5,1000,6,0.001,25,25,full_batch,1000,0.05111722724031177,0.001306485460368836,0.013839266663069172,0.012925962556497528,0.013839266663069172
30,20,302123,0.5,0.1,0.02,0.5,0.5,1000,6,0.001,25,25,minibatch,0,0.06938924242737472,0.00240743348232249,0.014194061668509617,0.013391379516060287,0.014194061668509617
30,20,302123,0.5,0.1,0.02,0.5,0.5,1000,6,0.001,25,25,minibatch,25,0.06640526165149206,0.002204829387501561,0.014123743117712695,0.013312104516949252,0.014123743117712695
30,20,302123,0.5,0.1,0.02,0.5,0.5,1000,6,0.001,25,25,minibatch,50,0.06499095962927384,0.0021119124167669513,0.014096556409588012,0.01327323305918754,0.014096556409588012
30,20,302123,0.5,0.1,0.02,0.5,0.5,1000,6,0.001,25,25,minibatch,75,0.06397819221382678,0.002046604539474683,0.014075934092771747,0.013246111754407375,0.014075934092771747
30,20,302123,0.5,0.1,0.02,0.5,0.5,1000,6,0.001,25,25,minibatch,100,0.06310704278918491,0.001991249424798008,0.014058356973225217,0.013224018932452453,0.014058356973225217
30,20,302123,0.5,0.1,0.02,0.5,0.5,1000,6,0.001,25,25,minibatch,125,0.0623836193946729,0.0019458579843897044,0.0140444459905269,0.013207731873561168,0.0140444459905269
30,20,302123,0.5,0.1,0.02,0.5,0.5,1000,6,0.001,25,25,minibatch,150,0.06171696118455202,0.0019044916489277504,0.01403174632856763,0.013190267638618913,0.01403174632856763
30,20,302123,0.5,0.1,0.02,0.5,0.5,1000,6,0.001,25,25,minibatch,175,0.061108314592876266,0.0018671130561909671,0.014019256556577875,0.01317592769715592,0.014019256556577875
30,20,302123,0.5,0.1,0.02,0.5,0.5,1000,6,0.001,25,25,minibatch,200,0.060547992066346853,0.0018330296716332008,0.014007980163686096,0.013163313091107742,0.014007980163686096
30,20,302123,0.5,0.1,0.02,0.5,0.5,1000,6,0.001,25,25,minibatch,225,0.06005226680176832,0.0018031373740153827,0.013999840342009906,0.013150390417029478,0.013999840342009906
30,20,302123,0.5,0.1,0.02,0.5,0.5,1000,6,0.001,25,25,minibatch,250,0.05957359302077662,0.0017745064927025623,0.013990830995940118,0.013139050623280801,0.013990830995940118
30,20,302123,0.5,0.1,0.02,0.5,0.5,1000,6,0.001,25,25,minibatch,275,0.05912358891880652,0.0017477993833200107,0.01398167268273559,0.013126691487908737,0.01398167268273559
30,20,302123,0.5,0.1,0.02,0.5,0.5,1000,6,0.001,25,25,minibatch,300,0.058691258269597986,0.001722331898634327,0.013973644321542633,0.013116624473020533,0.013973644321542633
30,20,302123,0.5,0.1,0.02,0.5,0.5,1000,6,0.001,25,25,minibatch,325,0.05830284856620634,0.0016996110754669946,0.01396706951450738,0.013107599713178819,0.01396706951450738
30,20,302123,0.5,0.1,0.02,0.5,0.5,1000,6,0.001,25,25,minibatch,350,0.057916713201227425,0.0016771728340166155,0.013959385317868667,0.01309930044284846,0.013959385317868667
30,20,302123,0.5,0.1,0.02,0.5,0.5,1000,6,0.001,25,25,minibatch,375,0.057545416083529435,0.0016557374561132641,0.013953362056857432,0.013088870990098755,0.013953362056857432
30,20,302123,0.5,0.1,0.02,0.5,0.5,1000,6,0.001,25,25,minibatch,400,0.057205086294436915,0.001636210948976987,0.013947565799254769,0.013081307825484445,0.013947565799254769
30,20,302123,0.5,0.1,0.02,0.5,0.5,1000,6,0.001,25,25,minibatch,425,0.056857347619948484,0.0016163789891878307,0.013941676564503347,0.013072367477729219,0.013941676564503347
30,20,302123,0.5,0.1,0.02,0.5,0.5,1000,6,0.001,25,25,minibatch,450,0.05652816481278934,0.0015977167085509374,0.013935517799804342,0.01306446006793216,0.013935517799804342
30,20,302123,0.5,0.1,0.02,0.5,0.5,1000,6,0.001,25,25,minibatch,475,0.05620910129128451,0.0015797315339869408,0.013930040379244557,0.013056187937140418,0.013930040379244557
30,20,302123,0.5,0.1,0.02,0.5,0.5,1000,6,0.001,25,25,minibatch,500,0.055898934063604466,0.0015623454147235998,0.013924417192297922,0.013047565818464113,0.013924417192297922
30,20,302123,0.5,0.1,0.02,0.5,0.5,1000,6,0.001,25,25,minibatch,525,0.05560913490506684,0.0015461879424449616,0.013918755216820622,0.01304030474885709,0.013918755216820622
30,20,302123,0.5,0.1,0.02,0.5,0.5,1000,6,0.001,25,25,minibatch,550,0.05530796334789109,0.0015294854048458323,0.013912982348109615,0.013033009770206216,0.013912982348109615
30,20,302123,0.5,0.1,0.02,0.5,0.5,1000,6,0.001,25,25,minibatch,575,0.05500758196049231,0.0015129170365701396,0.013907465779975259,0.013024938768051886,0.013907465779975259
30,20,302123,0.5,0.1,0.02,0.5,0.5,1000,6,0.001,25,25,minibatch,600,0.054734814783656924,0.0014979499747006142,0.013903381254096403,0.013018011215674863,0.013903381254096403
30,20,302123,0.5,0.1,0.02,0.5,0.5,1000,6,0.001,25,25,minibatch,625,0.05446561754777054,0.001483251747430005,0.013898282772056236,0.013011705294047826,0.013898282772056236
30,20,302123,0.5,0.1,0.02,0.5,0.5,1000,6,0.001,25,25,minibatch,650,0.054211840832525546,0.001469461843225542,0.01389436964856916,0.013004380788939618,0.01389436964856916
30,20,302123,0.5,0.1,0.02,0.5,0.5,1000,6,0.001,25,25,minibatch,675,0.053946102276303025,0.0014550909754026732,0.013890086563352444,0.012996750285361791,0.013890086563352444
30,20,302123,0.5,0.1,0.02,0.5,0.5,1000,6,0.001,25,25,minibatch,700,0.05370247811312987,0.0014419780777455964,0.013885593179128575,0.012991427482159312,0.013885593179128575
30,20,302123,0.5,0.1,0.02,0.5,0.5,1000,6,0.001,25,25,minibatch,725,0.053461131528846975,0.001429046292172338,0.013881799155097463,0.012984928779833649,0.013881799155097463
30,20,302123,0.5,0.1,0.02,0.5,0.5,1000,6,0.001,25,25,minibatch,750,0.0532169361428239,0.0014160211462146983,0.013878399464557656,0.012979803750788554,0.013878399464557656
30,20,302123,0.5,0.1,0.02,0.5,0.5,1000,6,0.001,25,25,minibatch,775,0.052976092096579344,0.0014032331669126283,0.013874897783389739,0.012973388912668249,0.013874897783389739
30,20,302123,0.5,0.1,0.02,0.5,0.5,1000,6,0.001,25,25,minibatch,800,0.05274042753496481,0.001390776348285437,0.01387119164965589,0.012966845087624579,0.01387119164965589
30,20,302123,0.5,0.1,0.02,0.5,0.5,1000,6,0.001,25,25,minibatch,825,0.05252581346139974,0.0013794805398908811,0.013867359562863057,0.01296141344158952,0.013867359562863057
30,20,302123,0.5,0.1,0.02,0.5,0.5,1000,6,0.001,25,25,minibatch,850,0.05230312100679404,0.00136780823352567,0.013863777406564137,0.012955259718055279,0.013863777406564137
30,20,302123,0.5,0.1,0.02,0.5,0.5,1000,6,0.001,25,25,minibatch,875,0.05207355020248326,0.0013558273153452722,0.013859848637219674,0.012949591371476776,0.013859848637219674
30,20,302123,0.5,0.1,0.02,0.5,0.5,1000,6,0.001,25,25,minibatch,900,0.05185639521201409,0.0013445428621922991,0.01385622458112995,0.012943859925779011,0.01385622458112995
30,20,302123,0.5,0.1,0.02,0.5,0.5,1000,6,0.001,25,25,minibatch,925,0.05165692039136746,0.0013342187121600376,0.013852775785458238,0.012938388794496325,0.013852775785458238
30,20,302123,0.5,0.1,0.02,0.5,0.5,1000,6,0.001,25,25,minibatch,950,0.05144828009330329,0.0013234627622794937,0.01384962185261751,0.012933275375839326,0.01384962185261751
30,20,302123,0.5,0.1,0.02,0.5,0.5,1000,6,0.001,25,25,minibatch,975,0.051251490832475766,0.0013133576562756738,0.013846484321741626,0.01292779963691526,0.013846484321741626
30,20,302123,0.5,0.1,0.02,0.5,0.5,1000,6,0.001,25,25,minibatch,1000,0.05105628186296028,0.0013033719588350235,0.013843326431968062,0.012922649610804027,0.013843326431968062
100,20,1002123,0.5,0.1,0.02,0.5,0.5,1000,10,0.001,25,25,full_batch,0,0.04206215224019489,0.000884612325538666,0.00940034226682579,0.00940034226682579,0.003913588771301324
100,20,1002123,0.5,0.1,0.02,0.5,0.5,1000,10,0.001,25,25,full_batch,25,0.04021010353626777,0.0008084262131986869,0.009367153131359163,0.009367153131359163,0.0039019830952147228
100,20,1002123,0.5,0.1,0.02,0.5,0.5,1000,10,0.001,25,25,full_batch,50,0.03935840636357939,0.0007745420757403232,0.009351915038543934,0.009351915038543934,0.003896697293435003
100,20,1002123,0.5,0.1,0.02,0.5,0.5,1000,10,0.001,25,25,full_batch,75,0.03871552656194446,0.0007494459984843136,0.00934045810569778,0.00934045810569778,0.003892673992475726
100,20,1002123,0.5,0.1,0.02,0.5,0.5,1000,10,0.001,25,25,full_batch,100,0.038181259417002934,0.0007289042853342376,0.009330954233112587,0.009330954233112587,0.003889274857461378
100,20,1002123,0.5,0.1,0.02,0.5,0.5,1000,10,0.001,25,25,full_batch,125,0.03771649453243741,0.0007112669799076905,0.009322691796111504,0.009322691796111504,0.003886374898370848
100,20,1002123,0.5,0.1,0.02,0.5,0.5,1000,10,0.001,25,25,full_batch,150,0.03730110930748803,0.0006956863777845849,0.009315311256485714,0.009315311256485714,0.003883871633577285
100,20,1002123,0.5,0.1,0.02,0.5,0.5,1000,10,0.001,25,25,full_batch,175,0.03692312984517054,0.0006816587587816617,0.009308598683329117,0.009308598683329117,0.0038816105696583003
100,20,1002123,0.5,0.1,0.02,0.5,0.5,1000,10,0.001,25,25,full_batch,200,0.03657474704045421,0.0006688560605366069,0.009302414562948502,0.009302414562948502,0.003879524062743389
100,20,1002123,0.5,0.1,0.02,0.5,0.5,1000,10,0.001,25,25,full_batch,225,0.03625053372514091,0.0006570505976787891,0.0092966619411195,0.0092966619411195,0.003877560494953358
100,20,1002123,0.5,0.1,0.02,0.5,0.5,1000,10,0.001,25,25,full_batch,250,0.03594653727805946,0.0006460767711414592,0.00929127020938092,0.00929127020938092,0.003875705974587862
100,20,1002123,0.5,0.1,0.02,0.5,0.5,1000,10,0.001,25,25,full_batch,275,0.035659773443323564,0.0006358097210145822,0.00928618606053061,0.00928618606053061,0.0038739542401198257
100,20,1002123,0.5,0.1,0.02,0.5,0.5,1000,10,0.001,25,25,full_batch,300,0.035387923759202085,0.0006261525739935497,0.009281368082380337,0.009281368082380337,0.0038722915040377837
100,20,1002123,0.5,0.1,0.02,0.5,0.5,1000,10,0.001,25,25,full_batch,325,0.03512914464177802,0.0006170284016314807,0.009276783346601758,0.009276783346601758,0.0038707068006395007
100,20,1002123,0.5,0.1,0.02,0.5,0.5,1000,10,0.001,25,25,full_batch,350,0.03488194155326266,0.0006083749232626161,0.009272405160507147,0.009272405160507147,0.003869191238573877
100,20,1002123,0.5,0.1,0.02,0.5,0.5,1000,10,0.001,25,25,full_batch,375,0.03464508303403179,0.0006001408892174787,0.009268211531104964,0.009268211531104964,0.0038677374901332495
100,20,1002123,0.5,0.1,0.02,0.5,0.5,1000,10,0.001,25,25,full_batch,400,0.03441754017257477,0.000592283535765399,0.009264184083666305,0.009264184083666305,0.003866339431632837
100,20,1002123,0.5,0.1,0.02,0.5,0.5,1000,10,0.001,25,25,full_batch,425,0.034198442878503765,0.0005847667476571425,0.009260307280510638,0.009260307280510638,0.0038649918835972352
100,20,1002123,0.5,0.1,0.02,0.5,0.5,1000,10,0.001,25,25,full_batch,450,0.033987047587500645,0.0005775597018575167,0.00925656784404777,0.00925656784404777,0.00386369041885426
100,20,1002123,0.5,0.1,0.02,0.5,0.5,1000,10,0.001,25,25,full_batch,475,0.0337827129452209,0.000570635846969598,0.009252954322370388,0.009252954322370388,0.0038624312180305376
100,20,1002123,0.5,0.1,0.02,0.5,0.5,1000,10,0.001,25,25,full_batch,500,0.0335848811858692,0.0005639721221344754,0.00924945675659472,0.00924945675659472,0.0038612109588788135
100,20,1002123,0.5,0.1,0.02,0.5,0.5,1000,10,0.001,25,25,full_batch,525,0.033393063655932496,0.0005575483501645799,0.009246066422251786,0.009246066422251786,0.0038600267302340008
100,20,1002123,0.5,0.1,0.02,0.5,0.5,1000,10,0.001,25,25,full_batch,550,0.03320682940842281,0.000551346759680047,0.009242775625540434,0.009242775625540434,0.003858875964212416
100,20,1002123,0.5,0.1,0.02,0.5,0.5,1000,10,0.001,25,25,full_batch,575,0.03302579610745936,0.0005453516042657388,0.00923957754085114,0.00923957754085114,0.003857756382141142
100,20,1002123,0.5,0.1,0.02,0.5,0.5,1000,10,0.001,25,25,full_batch,600,0.03284962269587441,0.0005395488556306535,0.009236466079788508,0.009236466079788508,0.003856665950964122
100,20,1002123,0.5,0.1,0.02,0.5,0.5,1000,10,0.001,25,25,full_batch,625,0.03267800342544231,0.0005339259539366097,0.00923343578453617,0.00923343578453617,0.003855593786579292
100,20,1002123,0.5,0.1,0.02,0.5,0.5,1000,10,0.001,25,25,full_batch,650,0.03251066295254134,0.000528471602806872,0.009230481740254093,0.009230481740254093,0.0038545232586194578
100,20,1002123,0.5,0.1,0.02,0.5,0.5,1000,10,0.001,25,25,full_batch,675,0.03234735227574171,0.0005231755996254662,0.00922759950251606,0.00922759950251606,0.0038534758014109327
100,20,1002123,0.5,0.1,0.02,0.5,0.5,1000,10,0.001,25,25,full_batch,700,0.032187845345186414,0.0005180286939828194,0.009224785036750227,0.009224785036750227,0.003852450158604692
100,20,1002123,0.5,0.1,0.02,0.5,0.5,1000,10,0.001,25,25,full_batch,725,0.03203193621282559,0.0005130224687712636,0.009222034667336843,0.009222034667336843,0.0038514451844334774
100,20,1002123,0.5,0.1,0.02,0.5,0.5,1000,10,0.001,25,25,full_batch,750,0.03187943662168954,0.00050814923965816,0.009219345034553184,0.009219345034553184,0.003850459830517017
100,20,1002123,0.5,0.1,0.02,0.5,0.5,1000,10,0.001,25,25,full_batch,775,0.03173017395428855,0.0005034019695847058,0.009216713057929926,0.009216713057929926,0.00384949313462446
100,20,1002123,0.5,0.1,0.02,0.5,0.5,1000,10,0.001,25,25,full_batch,800,0.031583989476862986,0.000498774195637296,0.00921413590489606,0.00921413590489606,0.003848544211052962
100,20,1002123,0.5,0.1,0.02,0.5,0.5,1000,10,0.001,25,25,full_batch,825,0.03144073682897457,0.000494259966174419,0.009211610963800188,0.009211610963800188,0.003847612242347087
100,20,1002123,0.5,0.1,0.02,0.5,0.5,1000,10,0.001,25,25,full_batch,850,0.031300280717814204,0.0004898537865069858,0.009209135820594905,0.009209135820594905,0.003846696472136757
100,20,1002123,0.5,0.1,0.02,0.5,0.5,1000,10,0.001,25,25,full_batch,875,0.03116249578431373,0.00048555057175368553,0.009206708238586048,0.009206708238586048,0.003845796198914786
100,20,1002123,0.5,0.1,0.02,0.5,0.5,1000,10,0.001,25,25,full_batch,900,0.031027265614229627,0.0004813456057479781,0.009204326140771713,0.009204326140771713,0.003844910770607557
100,20,1002123,0.5,0.1,0.02,0.5,0.5,1000,10,0.001,25,25,full_batch,925,0.030894481872177856,0.00047723450507516305,0.009201987594378847,0.009201987594378847,0.003844039579816938
100,20,1002123,0.5,0.1,0.02,0.5,0.5,1000,10,0.001,25,25,full_batch,950,0.03076404354044531,0.00047321318747920745,0.009199690797269788,0.009199690797269788,0.003843182059639294
100,20,1002123,0.5,0.1,0.02,0.5,0.5,1000,10,0.001,25,25,full_batch,975,0.03063585624749714,0.0004692778440086548,0.009197434065950694,0.009197434065950694,0.003842337679969887
100,20,1002123,0.5,0.1,0.02,0.5,0.5,1000,10,0.001,25,25,full_batch,1000,0.030509831673597068,0.00046542491437561346,0.009195215824958691,0.009195215824958691,0.0038415059442364896
100,20,1002123,0.5,0.1,0.02,0.5,0.5,1000,10,0.001,25,25,minibatch,0,0.04206215224019489,0.000884612325538666,0.00940034226682579,0.00940034226682579,0.003913588771301324
100,20,1002123,0.5,0.1,0.02,0.5,0.5,1000,10,0.001,25,25,minibatch,25,0.04018749592162504,0.0008075174142253145,0.009366011305525224,0.009366011305525224,0.003901223765642836
100,20,1002123,0.5,0.1,0.02,0.5,0.5,1000,10,0.001,25,25,minibatch,50,0.0393293888311543,0.0007734004129160622,0.009350292628682089,0.009350292628682089,0.00389525291189341
100,20,1002123,0.5,0.1,0.02,0.5,0.5,1000,10,0.001,25,25,minibatch,75,0.03871405207589082,0.0007493889140673932,0.009339004137793538,0.009339004137793538,0.0038913574111753
100,20,1002123,0.5,0.1,0.02,0.5,0.5,1000,10,0.001,25,25,minibatch,100,0.0381922564163723,0.0007293242250869655,0.009329336753792439,0.009329336753792439,0.0038880687560326477
100,20,1002123,0.5,0.1,0.02,0.5,0.5,1000,10,0.001,25,25,minibatch,125,0.03772486816762936,0.0007115828391325076,0.009320920416992451,0.009320920416992451,0.003885300657292312
100,20,1002123,0.5,0.1,0.02,0.5,0.5,1000,10,0.001,25,25,minibatch,150,0.03731737323687442,0.0006962931726500955,0.009313960769153418,0.009313960769153418,0.003883158041191548
100,20,1002123,0.5,0.1,0.02,0.5,0.5,1000,10,0.001,25,25,minibatch,175,0.03694568431428518,0.000682491794725409,0.009307620625948199,0.009307620625948199,0.003881092531326069
100,20,1002123,0.5,0.1,0.02,0.5,0.5,1000,10,0.001,25,25,minibatch,200,0.036604027953349286,0.000669927431204788,0.009301593036785405,0.009301593036785405,0.003879349080602057
100,20,1002123,0.5,0.1,0.02,0.5,0.5,1000,10,0.001,25,25,minibatch,225,0.03628273567014617,0.0006582184538548487,0.009295654936694764,0.009295654936694764,0.00387740005111481
100,20,1002123,0.5,0.1,0.02,0.5,0.5,1000,10,0.001,25,25,minibatch,250,0.03597313816331067,0.0006470333346583194,0.009290076602737951,0.009290076602737951,0.0038754945919723394
100,20,1002123,0.5,0.1,0.02,0.5,0.5,1000,10,0.001,25,25,minibatch,275,0.03568215702327428,0.0006366081649168009,0.009284926280137995,0.009284926280137995,0.003873634862880726
100,20,1002123,0.5,0.1,0.02,0.5,0.5,1000,10,0.001,25,25,minibatch,300,0.03541182616222481,0.0006269987160718147,0.009280154085696934,0.009280154085696934,0.0038717288256991944
100,20,1002123,0.5,0.1,0.02,0.5,0.5,1000,10,0.001,25,25,minibatch,325,0.03515100602013954,0.0006177966121139432,0.009275813581456571,0.009275813581456571,0.003870375802097703
100,20,1002123,0.5,0.1,0.02,0.5,0.5,1000,10,0.001,25,25,minibatch,350,0.03489667145056023,0.0006088888391641727,0.009271425936462907,0.009271425936462907,0.0038687918352346973
100,20,1002123,0.5,0.1,0.02,0.5,0.5,1000,10,0.001,25,25,minibatch,375,0.03466327585762753,0.0006007713465909919,0.009267077644631638,0.009267077644631638,0.0038676080770226884
100,20,1002123,0.5,0.1,0.02,0.5,0.5,1000,10,0.001,25,25,minibatch,400,0.03444122874790257,0.0005930991188326752,0.009263152488490134,0.009263152488490134,0.0038659015165101174
100,20,1002123,0.5,0.1,0.02,0.5,0.5,1000,10,0.001,25,25,minibatch,425,0.03421892573754466,0.0005854674393157983,0.009259155922423434,0.009259155922423434,0.0038646011769345456
100,20,1002123,0.5,0.1,0.02,0.5,0.5,1000,10,0.001,25,25,minibatch,450,0.03400471073204403,0.0005781601759849952,0.00925550821268012,0.00925550821268012,0.0038632822676765155
100,20,1002123,0.5,0.1,0.02,0.5,0.5,1000,10,0.001,25,25,minibatch,475,0.0337992550330974,0.0005711948203961799,0.009251829322273475,0.009251829322273475,0.003862065632691425
100,20,1002123,0.5,0.1,0.02,0.5,0.5,1000,10,0.001,25,25,minibatch,500,0.03360174753759196,0.0005645387187900336,0.009248365720567975,0.009248365720567975,0.003860585387838067
100,20,1002123,0.5,0.1,0.02,0.5,0.5,1000,10,0.001,25,25,minibatch,525,0.033393934804574796,0.000557577440866096,0.009244787128325938,0.009244787128325938,0.0038594861417727833
100,20,1002123,0.5,0.1,0.02,0.5,0.5,1000,10,0.001,25,25,minibatch,550,0.03321402121651446,0.0005515856026855364,0.009241859928492024,0.009241859928492024,0.0038582226823876686
100,20,1002123,0.5,0.1,0.02,0.5,0.5,1000,10,0.001,25,25,minibatch,575,0.03303362246361921,0.0005456101065344638,0.00923866921564237,0.00923866921564237,0.0038573208723416963
100,20,1002123,0.5,0.1,0.02,0.5,0.5,1000,10,0.001,25,25,minibatch,600,0.03285757825898217,0.0005398102245225688,0.00923554705068419,0.00923554705068419,0.003856103336180139
100,20,1002123,0.5,0.1,0.02,0.5,0.5,1000,10,0.001,25,25,minibatch,625,0.032684844433751345,0.0005341495278292632,0.009232479491699197,0.009232479491699197,0.0038550637778113073
100,20,1002123,0.5,0.1,0.02,0.5,0.5,1000,10,0.001,25,25,minibatch,650,0.03251834091319603,0.0005287212478734195,0.009229512427541553,0.009229512427541553,0.0038539846600930128
100,20,1002123,0.5,0.1,0.02,0.5,0.5,1000,10,0.001,25,25,minibatch,675,0.03235070301959278,0.0005232839929309448,0.009226515637224264,0.009226515637224264,0.003852799454913458
100,20,1002123,0.5,0.1,0.02,0.5,0.5,1000,10,0.001,25,25,minibatch,700,0.03218354125899481,0.0005178901639847106,0.009223550621328735,0.009223550621328735,0.0038517511755867817
100,20,1002123,0.5,0.1,0.02,0.5,0.5,1000,10,0.001,25,25,minibatch,725,0.03203483530387121,0.0005131153364730766,0.00922117371272868,0.00922117371272868,0.00385070990705072
100,20,1002123,0.5,0.1,0.02,0.5,0.5,1000,10,0.001,25,25,minibatch,750,0.03188353425591908,0.0005082798783241829,0.009218711145792202,0.009218711145792202,0.0038497982139795717
100,20,1002123,0.5,0.1,0.02,0.5,0.5,1000,10,0.001,25,25,minibatch,775,0.031735739607563145,0.000503578584219526,0.009216144489943456,0.009216144489943456,0.0038487007313738886
100,20,1002123,0.5,0.1,0.02,0.5,0.5,1000,10,0.001,25,25,minibatch,800,0.03158561206994669,0.0004988254449165812,0.00921359811074679,0.00921359811074679,0.0038476253977950403
100,20,1002123,0.5,0.1,0.02,0.5,0.5,1000,10,0.001,25,25,minibatch,825,0.031443064300591135,0.0004943331463055544,0.009211096192187573,0.009211096192187573,0.0038467266448193316
100,20,1002123,0.5,0.1,0.02,0.5,0.5,1000,10,0.001,25,25,minibatch,850,0.031303259403639073,0.0004899470246457591,0.009208779850168713,0.009208779850168713,0.003845827410280056
100,20,1002123,0.5,0.1,0.02,0.5,0.5,1000,10,0.001,25,25,minibatch,875,0.031168877701603998,0.00048574946858877347,0.009206469738820666,0.009206469738820666,0.0038450067727683335
100,20,1002123,0.5,0.1,0.02,0.5,0.5,1000,10,0.001,25,25,minibatch,900,0.031038314431909086,0.0004816884813870279,0.009204218957817922,0.009204218957817922,0.0038443086432751183
100,20,1002123,0.5,0.1,0.02,0.5,0.5,1000,10,0.001,25,25,minibatch,925,0.030907829851040135,0.00047764697305042385,0.00920186525715977,0.00920186525715977,0.003843505330409447
100,20,1002123,0.5,0.1,0.02,0.5,0.5,1000,10,0.001,25,25,minibatch,950,0.030774585767539036,0.0004735375645818081,0.009199529438019882,0.009199529438019882,0.0038425518784321877
100,20,1002123,0.5,0.1,0.02,0.5,0.5,1000,10,0.001,25,25,minibatch,975,0.030648518213257165,0.0004696658343341781,0.009197229284303998,0.009197229284303998,0.0038418675149106685
100,20,1002123,0.5,0.1,0.02,0.5,0.5,1000,10,0.001,25,25,minibatch,1000,0.030522136061199006,0.0004658003948691724,0.009195217394061261,0.009195217394061261,0.0038410689898266126
30,20,302123,0.5,0.1,0.02,1.0,0.5,1000,6,0.001,25,25,full_batch,0,0.06938924242737472,0.00240743348232249,0.014194061668509617,0.013391379516060287,0.014194061668509617
30,20,302123,0.5,0.1,0.02,1.0,0.5,1000,6,0.001,25,25,full_batch,25,0.06365370127191117,0.0020258968428068526,0.014070708093330497,0.013243125727408656,0.014070708093330497
30,20,302123,0.5,0.1,0.02,1.0,0.5,1000,6,0.001,25,25,full_batch,50,0.06110764834173031,0.0018670723429282875,0.014020790982974374,0.013178824056172878,0.014020790982974374
30,20,302123,0.5,0.1,0.02,1.0,0.5,1000,6,0.001,25,25,full_batch,75,0.05922282940522284,0.0017536717613800634,0.013984682374720947,0.013131183923572487,0.013984682374720947
30,20,302123,0.5,0.1,0.02,1.0,0.5,1000,6,0.001,25,25,full_batch,100,0.057680408424880786,0.0016635147580305292,0.013955671375446899,0.013092174165506787,0.013955671375446899
30,20,302123,0.5,0.1,0.02,1.0,0.5,1000,6,0.001,25,25,full_batch,125,0.05635619937081367,0.0015880106037614494,0.013931153269627627,0.013058666108543726,0.013931153269627627
30,20,302123,0.5,0.1,0.02,1.0,0.5,1000,6,0.001,25,25,full_batch,150,0.05518642766038232,0.0015227708989573054,0.01390979480672433,0.013029052781342199,0.01390979480672433
30,20,302123,0.5,0.1,0.02,1.0,0.5,1000,6,0.001,25,25,full_batch,175,0.05413321247074143,0.0014652023462012177,0.013890806562599112,0.0130023795227045,0.013890806562599112
30,20,302123,0.5,0.1,0.02,1.0,0.5,1000,6,0.001,25,25,full_batch,200,0.053171891787380625,0.0014136250381244575,0.01387390453357451,0.01297802471366577,0.01387390453357451
30,20,302123,0.5,0.1,0.02,1.0,0.5,1000,6,0.001,25,25,full_batch,225,0.05228535519826659,0.0013668791841044516,0.013858960558435218,0.012955557015256247,0.013858960558435218
30,20,302123,0.5,0.1,0.02,1.0,0.5,1000,6,0.001,25,25,full_batch,250,0.05146116199163365,0.0013241255967645798,0.013845038869291448,0.012934662764778115,0.013845038869291448
30,20,302123,0.5,0.1,0.02,1.0,0.5,1000,6,0.001,25,25,full_batch,275,0.050689934826494545,0.0012847347463571324,0.013831987708945892,0.012915105504309521,0.013831987708945892
30,20,302123,0.5,0.1,0.02,1.0,0.5,1000,6,0.001,25,25,full_batch,300,0.04996440031915628,0.001248220649626452,0.013819689186336082,0.01289670180634428,0.013819689186336082
30,20,302123,0.5,0.1,0.02,1.0,0.5,1000,6,0.001,25,25,full_batch,325,0.04927878415216012,0.0012141992837575936,0.013808049566227942,0.012879306031144344,0.013808049566227942
30,20,302123,0.5,0.1,0.02,1.0,0.5,1000,6,0.001,25,25,full_batch,350,0.04862841270649842,0.0011823612611767684,0.013796992868960634,0.012862800287497256,0.013796992868960634
30,20,302123,0.5,0.1,0.02,1.0,0.5,1000,6,0.001,25,25,full_batch,375,0.04800944110817149,0.0011524532177594935,0.013786456497630106,0.01284708757871511,0.013786456497630106
30,20,302123,0.5,0.1,0.02,1.0,0.5,1000,6,0.001,25,25,full_batch,400,0.04741866189260906,0.001124264747842787,0.01377638815907134,0.012832086980070267,0.01377638815907134
30,20,302123,0.5,0.1,0.02,1.0,0.5,1000,6,0.001,25,25,full_batch,425,0.0468533668887596,0.0010976189944063572,0.013766743639492873,0.012817730157366758,0.013766743639492873
30,20,302123,0.5,0.1,0.02,1.0,0.5,1000,6,0.001,25,25,full_batch,450,0.046311245289138034,0.001072365720115355,0.013757485161589478,0.01280395879745061,0.013757485161589478
30,20,302123,0.5,0.1,0.02,1.0,0.5,1000,6,0.001,25,25,full_batch,475,0.04579030696074676,0.0010483761057797068,0.013748522391513973,0.012790722674864696,0.013748522391513973
30,20,302123,0.5,0.1,0.02,1.0,0.5,1000,6,0.001,25,25,full_batch,500,0.045288823759921666,0.0010255387787786226,0.013739362205120564,0.012777978172283155,0.013739362205120564
30,20,302123,0.5,0.1,0.02,1.0,0.5,1000,6,0.001,25,25,full_batch,525,0.04480528394445494,0.0010037567346716158,0.013730535609354222,0.012765687131075565,0.013730535609354222
30,20,302123,0.5,0.1,0.02,1.0,0.5,1000,6,0.001,25,25,full_batch,550,0.044338356281733715,0.0009829449188829779,0.013722017870229586,0.012753815946283387,0.013722017870229586
30,20,302123,0.5,0.1,0.02,1.0,0.5,1000,6,0.001,25,25,full_batch,575,0.04388686144814513,0.0009630283038843437,0.013713787073329042,0.012742334845399328,0.013713787073329042
30,20,302123,0.5,0.1,0.02,1.0,0.5,1000,6,0.001,25,25,full_batch,600,0.043449748989200024,0.0009439403436122442,0.01370582369640777,0.012732333954720565,0.01370582369640777
30,20,302123,0.5,0.1,0.02,1.0,0.5,1000,6,0.001,25,25,full_batch,625,0.043026078574966875,0.0009256217187696118,0.013698110261655239,0.012723023666710354,0.013698110261655239
30,20,302123,0.5,0.1,0.02,1.0,0.5,1000,6,0.001,25,25,full_batch,650,0.042615004612054516,0.0009080193090427139,0.01369063105020013,0.012713985240641157,0.01369063105020013
30,20,302123,0.5,0.1,0.02,1.0,0.5,1000,6,0.001,25,25,full_batch,675,0.04221576350646626,0.0008910853442169442,0.013683371865778948,0.012705202406198435,0.013683371865778948
30,20,302123,0.5,0.1,0.02,1.0,0.5,1000,6,0.001,25,25,full_batch,700,0.0418276630404335,0.0008747766977120232,0.01367631983761336,0.01269666040420031,0.01367631983761336
30,20,302123,0.5,0.1,0.02,1.0,0.5,1000,6,0.001,25,25,full_batch,725,0.04145007345020706,0.0008590542945137803,0.01366946325483831,0.012688345798353262,0.01366946325483831
30,20,302123,0.5,0.1,0.02,1.0,0.5,1000,6,0.001,25,25,full_batch,750,0.04108241988381744,0.0008438826117551392,0.013662791426524878,0.012680246316063015,0.013662791426524878
30,20,302123,0.5,0.1,0.02,1.0,0.5,1000,6,0.001,25,25,full_batch,775,0.040724175986978826,0.0008292292549092115,0.013656294562634563,0.012672350713001712,0.013656294562634563
30,20,302123,0.5,0.1,0.02,1.0,0.5,1000,6,0.001,25,25,full_batch,800,0.04037485841783902,0.0008150645961302732,0.01364996367220278,0.012664648657247868,0.01364996367220278
30,20,302123,0.5,0.1,0.02,1.0,0.5,1000,6,0.001,25,25,full_batch,825,0.04003402213155784,0.0008013614640150316,0.01364379047580555,0.012657130629645574,0.01364379047580555
30,20,302123,0.5,0.1,0.02,1.0,0.5,1000,6,0.001,25,25,full_batch,850,0.03970125630687666,0.0007880948761721569,0.013637767329938655,0.012649787837701043,0.013637767329938655
30,20,302123,0.5,0.1,0.02,1.0,0.5,1000,6,0.001,25,25,full_batch,875,0.039376180811167595,0.0007752418076368816,0.01363188716138658,0.012642612140829401,0.01363188716138658
30,20,302123,0.5,0.1,0.02,1.0,0.5,1000,6,0.001,25,25,full_batch,900,0.03905844311959908,0.0007627809894634783,0.013626143410020553,0.012635595985184989,0.013626143410020553
30,20,302123,0.5,0.1,0.02,1.0,0.5,1000,6,0.001,25,25,full_batch,925,0.03874771561922891,0.0007506927328543181,0.013620529978737306,0.01262873234660944,0.013620529978737306
30,20,302123,0.5,0.1,0.02,1.0,0.5,1000,6,0.001,25,25,full_batch,950,0.03844369324094048,0.0007389587750017663,0.013615041189484256,0.01262201468050217,0.013615041189484256
30,20,302123,0.5,0.1,0.02,1.0,0.5,1000,6,0.001,25,25,full_batch,975,0.03814609137187779,0.0007275621434758247,0.013609671744489904,0.012615436877610298,0.013609671744489904
30,20,302123,0.5,0.1,0.02,1.0,0.5,1000,6,0.001,25,25,full_batch,1000,0.03785464400889083,0.0007164870365199273,0.013604416691967436,0.012608993224910603,0.013604416691967436
30,20,302123,0.5,0.1,0.02,1.0,0.5,1000,6,0.001,25,25,minibatch,0,0.06938924242737472,0.00240743348232249,0.014194061668509617,0.013391379516060287,0.014194061668509617
30,20,302123,0.5,0.1,0.02,1.0,0.5,1000,6,0.001,25,25,minibatch,25,0.06355427356860766,0.002019572844416711,0.014064062723870285,0.013240035161896535,0.014064062723870285
30,20,302123,0.5,0.1,0.02,1.0,0.5,1000,6,0.001,25,25,minibatch,50,0.060882668523445545,0.0018533496632678734,0.014014944182177413,0.01316651856215395,0.014014944182177413
30,20,302123,0.5,0.1,0.02,1.0,0.5,1000,6,0.001,25,25,minibatch,75,0.059010503361469444,0.0017411197534869982,0.013978552146443946,0.013116414131915999,0.013978552146443946
30,20,302123,0.5,0.1,0.02,1.0,0.5,1000,6,0.001,25,25,minibatch,100,0.057420296089902984,0.001648545201526064,0.013948185028112514,0.013076120165405936,0.013948185028112514
30,20,302123,0.5,0.1,0.02,1.0,0.5,1000,6,0.001,25,25,minibatch,125,0.05612191200716525,0.0015748345036699996,0.013924948140615068,0.013047409106540009,0.013924948140615068
30,20,302123,0.5,0.1,0.02,1.0,0.5,1000,6,0.001,25,25,minibatch,150,0.054935783421722756,0.0015089701500792144,0.013904049465076562,0.013016264150482182,0.013904049465076562
30,20,302123,0.5,0.1,0.02,1.0,0.5,1000,6,0.001,25,25,minibatch,175,0.053864948434819156,0.0014507163349428633,0.013883561442965597,0.01299119816127936,0.013883561442965597
30,20,302123,0.5,0.1,0.02,1.0,0.5,1000,6,0.001,25,25,minibatch,200,0.05288741676382821,0.0013985394259754286,0.013865805390853858,0.01296954551269991,0.013865805390853858
30,20,302123,0.5,0.1,0.02,1.0,0.5,1000,6,0.001,25,25,minibatch,225,0.052036934564292606,0.0013539212794242352,0.013854338682333989,0.012947308247468259,0.013854338682333989
30,20,302123,0.5,0.1,0.02,1.0,0.5,1000,6,0.001,25,25,minibatch,250,0.05121781086586758,0.0013116320749458916,0.013840653941216197,0.012927953498554412,0.013840653941216197
30,20,302123,0.5,0.1,0.02,1.0,0.5,1000,6,0.001,25,25,minibatch,275,0.050456036298850655,0.0012729057994954674,0.013826519646772117,0.012906707437288334,0.013826519646772117
30,20,302123,0.5,0.1,0.02,1.0,0.5,1000,6,0.001,25,25,minibatch,300,0.04972757386673962,0.0012364158013360228,0.013814358432988727,0.012889993580005588,0.013814358432988727
30,20,302123,0.5,0.1,0.02,1.0,0.5,1000,6,0.001,25,25,minibatch,325,0.04908373173180538,0.0012046063603599192,0.01380493004842126,0.012875430005457933,0.01380493004842126
30,20,302123,0.5,0.1,0.02,1.0,0.5,1000,6,0.001,25,25,minibatch,350,0.04844334450979973,0.0011733788136475717,0.013793195674635772,0.01286219610334588,0.013793195674635772
30,20,302123,0.5,0.1,0.02,1.0,0.5,1000,6,0.001,25,25,minibatch,375,0.047831621218724765,0.0011439319942057806,0.01378448725257142,0.01284478396963673,0.01378448725257142
30,20,302123,0.5,0.1,0.02,1.0,0.5,1000,6,0.001,25,25,minibatch,400,0.047279988961212646,0.001117698678086195,0.013776094861766508,0.012832801023743179,0.013776094861766508
30,20,302123,0.5,0.1,0.02,1.0,0.5,1000,6,0.001,25,25,minibatch,425,0.046713582389722126,0.0010910793898406786,0.013767527941644597,0.012818081629827782,0.013767527941644597
30,20,302123,0.5,0.1,0.02,1.0,0.5,1000,6,0.001,25,25,minibatch,450,0.046182153281384655,0.0010663956408526536,0.013758156565238766,0.012805293353779945,0.013758156565238766
30,20,302123,0.5,0.1,0.02,1.0,0.5,1000,6,0.001,25,25,minibatch,475,0.04566991690335241,0.0010428706549795571,0.013749560848915099,0.01279191655110784,0.013749560848915099
30,20,302123,0.5,0.1,0.02,1.0,0.5,1000,6,0.001,25,25,minibatch,500,0.04517542902916552,0.0010204096939845854,0.013740615621930352,0.0127778541533074,0.013740615621930352
30,20,302123,0.5,0.1,0.02,1.0,0.5,1000,6,0.001,25,25,minibatch,525,0.044719213799295304,0.0009999040414135417,0.013731619419711238,0.012766546467710027,0.013731619419711238
30,20,302123,0.5,0.1,0.02,1.0,0.5,1000,6,0.001,25,25,minibatch,550,0.044239687391502934,0.0009785749702489518,0.013722151986143183,0.012754899534610398,0.013722151986143183
30,20,302123,0.5,0.1,0.02,1.0,0.5,1000,6,0.001,25,25,minibatch,575,0.043761050362419895,0.0009575147644111252,0.01371306803733624,0.012741769572379213,0.01371306803733624
30,20,302123,0.5,0.1,0.02,1.0,0.5,1000,6,0.001,25,25,minibatch,600,0.04333526389637145,0.0009389725484840773,0.013706860748286254,0.01273093176998713,0.013706860748286254
30,20,302123,0.5,0.1,0.02,1.0,0.5,1000,6,0.001,25,25,minibatch,625,0.04291513954471026,0.0009208546010709772,0.013698783366939027,0.012722227430086885,0.013698783366939027
30,20,302123,0.5,0.1,0.02,1.0,0.5,1000,6,0.001,25,25,minibatch,650,0.042525363585043996,0.000904203274020093,0.01369302500990044,0.012712383374933689,0.01369302500990044
30,20,302123,0.5,0.1,0.02,1.0,0.5,1000,6,0.001,25,25,minibatch,675,0.04211134632610886,0.0008866827446987412,0.013686292651790943,0.012701691101232593,0.013686292651790943
30,20,302123,0.5,0.1,0.02,1.0,0.5,1000,6,0.001,25,25,minibatch,700,0.04174038954798195,0.0008711300598086403,0.013679301458432713,0.012694953209219706,0.013679301458432713
30,20,302123,0.5,0.1,0.02,1.0,0.5,1000,6,0.001,25,25,minibatch,725,0.0413721097179788,0.0008558257312582378,0.013673163858596737,0.012686129869253715,0.013673163858596737
30,20,302123,0.5,0.1,0.02,1.0,0.5,1000,6,0.001,25,25,minibatch,750,0.04099787386603119,0.0008404128307675016,0.013667802283823749,0.012679703484947957,0.013667802283823749
30,20,302123,0.5,0.1,0.02,1.0,0.5,1000,6,0.001,25,25,minibatch,775,0.0406303986368839,0.0008254146466960485,0.013662059985444341,0.012670911371401139,0.013662059985444341
30,20,302123,0.5,0.1,0.02,1.0,0.5,1000,6,0.001,25,25,minibatch,800,0.04027289177476576,0.0008109529059509977,0.013655859564499495,0.012661755143671627,0.013655859564499495
30,20,302123,0.5,0.1,0.02,1.0,0.5,1000,6,0.001,25,25,minibatch,825,0.03995527471032554,0.0007982119885887899,0.013649748477180923,0.012654993233834455,0.013649748477180923
30,20,302123,0.5,0.1,0.02,1.0,0.5,1000,6,0.001,25,25,minibatch,850,0.03962052605135627,0.0007848930422931004,0.013643896728420257,0.012646710232890934,0.013643896728420257
30,20,302123,0.5,0.1,0.02,1.0,0.5,1000,6,0.001,25,25,minibatch,875,0.03927364872324116,0.0007712097420182711,0.013637360415925615,0.012639234233046692,0.013637360415925615
30,20,302123,0.5,0.1,0.02,1.0,0.5,1000,6,0.001,25,25,minibatch,900,0.03894948016059632,0.0007585310023903432,0.013631483567134839,0.012631435878753927,0.013631483567134839
30,20,302123,0.5,0.1,0.02,1.0,0.5,1000,6,0.001,25,25,minibatch,925,0.03865954964267097,0.0007472803892870707,0.013626137100680114,0.01262446377239318,0.013626137100680114
30,20,302123,0.5,0.1,0.02,1.0,0.5,1000,6,0.001,25,25,minibatch,950,0.038351577531482446,0.0007354217495766546,0.01362117342712027,0.012618059703969342,0.01362117342712027
30,20,302123,0.5,0.1,0.02,1.0,0.5,1000,6,0.001,25,25,minibatch,975,0.03806669644108498,0.0007245366889688558,0.013616323939682706,0.012610758073468509,0.013616323939682706
30,20,302123,0.5,0.1,0.02,1.0,0.5,1000,6,0.001,25,25,minibatch,1000,0.037783430890158974,0.0007137938249157096,0.013611532476936417,0.012604027878977242,0.013611532476936417
100,20,1002123,0.5,0.1,0.02,1.0,0.5,1000,10,0.001,25,25,full_batch,0,0.04206215224019489,0.000884612325538666,0.00940034226682579,0.00940034226682579,0.003913588771301324
100,20,1002123,0.5,0.1,0.02,1.0,0.5,1000,10,0.001,25,25,full_batch,25,0.03843707542019592,0.0007387043834289147,0.009335501213367625,0.009335501213367625,0.0038909008478789087
100,20,1002123,0.5,0.1,0.02,1.0,0.5,1000,10,0.001,25,25,full_batch,50,0.03682692571510886,0.000678111228813073,0.009306887404788189,0.009306887404788189,0.003881033907562559
100,20,1002123,0.5,0.1,0.02,1.0,0.5,1000,10,0.001,25,25,full_batch,75,0.03563479305050535,0.0006349192378761722,0.009285739751202504,0.009285739751202504,0.0038738007727313617
100,20,1002123,0.5,0.1,0.02,1.0,0.5,1000,10,0.001,25,25,full_batch,100,0.034659217767331704,0.0006006306881216609,0.009268458105542277,0.009268458105542277,0.0038678235077291845
100,20,1002123,0.5,0.1,0.02,1.0,0.5,1000,10,0.001,25,25,full_batch,125,0.03382171072346668,0.0005719540581309305,0.009253640157012466,0.009253640157012466,0.0038626708427579315
100,20,1002123,0.5,0.1,0.02,1.0,0.5,1000,10,0.001,25,25,full_batch,150,0.03308195464818015,0.0005472078616721241,0.009240565735037398,0.009240565735037398,0.0038581029977352577
100,20,1002123,0.5,0.1,0.02,1.0,0.5,1000,10,0.001,25,25,full_batch,175,0.032415996338087276,0.0005253984092954438,0.009228807059514899,0.009228807059514899,0.0038539156050948487
100,20,1002123,0.5,0.1,0.02,1.0,0.5,1000,10,0.001,25,25,full_batch,200,0.03180823779856651,0.0005058819959250776,0.009218085620679883,0.009218085620679883,0.0038499981933514116
100,20,1002123,0.5,0.1,0.02,1.0,0.5,1000,10,0.001,25,25,full_batch,225,0.031247854907108782,0.0004882142181478612,0.009208208185909783,0.009208208185909783,0.0038463533540722405
100,20,1002123,0.5,0.1,0.02,1.0,0.5,1000,10,0.001,25,25,full_batch,250,0.030726976011495176,0.0004720735274055,0.009199034256973104,0.009199034256973104,0.0038429372673619566
100,20,1002123,0.5,0.1,0.02,1.0,0.5,1000,10,0.001,25,25,full_batch,275,0.030239666592343842,0.0004572187178080581,0.009190457930773221,0.009190457930773221,0.003839716768872403
100,20,1002123,0.5,0.1,0.02,1.0,0.5,1000,10,0.001,25,25,full_batch,300,0.02978132276436635,0.0004434635927976827,0.009182397065063352,0.009182397065063352,0.003836666032956293
100,20,1002123,0.5,0.1,0.02,1.0,0.5,1000,10,0.001,25,25,full_batch,325,0.029348288849194284,0.0004306610291878708,0.009174786447503969,0.009174786447503969,0.00383376447708339
100,20,1002123,0.5,0.1,0.02,1.0,0.5,1000,10,0.001,25,25,full_batch,350,0.02893760549024654,0.00041869250575457333,0.009167573296865072,0.009167573296865072,0.003831002353124502
100,20,1002123,0.5,0.1,0.02,1.0,0.5,1000,10,0.001,25,25,full_batch,375,0.02854683768025649,0.00040746097077145585,0.009160714191776387,0.009160714191776387,0.0038285627784554466
100,20,1002123,0.5,0.1,0.02,1.0,0.5,1000,10,0.001,25,25,full_batch,400,0.02817395375566311,0.00039688583511312175,0.009154172909881686,0.009154172909881686,0.0038262428942794635
100,20,1002123,0.5,0.1,0.02,1.0,0.5,1000,10,0.001,25,25,full_batch,425,0.02781723803950274,0.0003868993660731791,0.009147918867999982,0.009147918867999982,0.0038240275867363893
100,20,1002123,0.5,0.1,0.02,1.0,0.5,1000,10,0.001,25,25,full_batch,450,0.027475226365045104,0.0003774440319052348,0.009141925970942322,0.009141925970942322,0.003821907250326939
100,20,1002123,0.5,0.1,0.02,1.0,0.5,1000,10,0.001,25,25,full_batch,475,0.027146657560820523,0.000368470508362227,0.009136171745383503,0.009136171745383503,0.003819864157744046
100,20,1002123,0.5,0.1,0.02,1.0,0.5,1000,10,0.001,25,25,full_batch,500,0.026830436321591777,0.0003599361566034956,0.009130656070338583,0.009130656070338583,0.003817893372586312
100,20,1002123,0.5,0.1,0.02,1.0,0.5,1000,10,0.001,25,25,full_batch,525,0.026525604362915307,0.00035180384340895577,0.009125370779081654,0.009125370779081654,0.0038159921409303132
100,20,1002123,0.5,0.1,0.02,1.0,0.5,1000,10,0.001,25,25,full_batch,550,0.026231317708601185,0.0003440410143647871,0.009120269570700779,0.009120269570700779,0.0038141553205400802
100,20,1002123,0.5,0.1,0.02,1.0,0.5,1000,10,0.001,25,25,full_batch,575,0.02594682859039482,0.0003366189569496651,0.009115339377126053,0.009115339377126053,0.0038123783556361923
100,20,1002123,0.5,0.1,0.02,1.0,0.5,1000,10,0.001,25,25,full_batch,600,0.025671470865470086,0.0003295122081983397,0.009110568557128496,0.009110568557128496,0.0038106571879563678
100,20,1002123,0.5,0.1,0.02,1.0,0.5,1000,10,0.001,25,25,full_batch,625,0.025404648151427064,0.0003226980738489033,0.009105946688899247,0.009105946688899247,0.003808988184393347
100,20,1002123,0.5,0.1,0.02,1.0,0.5,1000,10,0.001,25,25,full_batch,650,0.02514582408503422,0.00031615623445774353,0.009101464399757286,0.009101464399757286,0.0038073680775944085
100,20,1002123,0.5,0.1,0.02,1.0,0.5,1000,10,0.001,25,25,full_batch,675,0.024894514258351323,0.00030986842007962867,0.009097113225181253,0.009097113225181253,0.0038057939167908117
100,20,1002123,0.5,0.1,0.02,1.0,0.5,1000,10,0.001,25,25,full_batch,700,0.024650279492607785,0.00030381813953183994,0.009092885491226832,0.009092885491226832,0.0038042630267904887
100,20,1002123,0.5,0.1,0.02,1.0,0.5,1000,10,0.001,25,25,full_batch,725,0.024412720188551524,0.0002979904535022556,0.009088774215765316,0.009088774215765316,0.003802772973534374
100,20,1002123,0.5,0.1,0.02,1.0,0.5,1000,10,0.001,25,25,full_batch,750,0.024181471550194178,0.0002923717831664252,0.009084773024989223,0.009084773024989223,0.0038013215349832485
100,20,1002123,0.5,0.1,0.02,1.0,0.5,1000,10,0.001,25,25,full_batch,775,0.02395619952261901,0.0002869497477837657,0.00908087608240199,0.00908087608240199,0.0037999066763545475
100,20,1002123,0.5,0.1,0.02,1.0,0.5,1000,10,0.001,25,25,full_batch,800,0.023736597317753103,0.0002817130261125819,0.00907707802808555,0.00907707802808555,0.0037985265289490755
100,20,1002123,0.5,0.1,0.02,1.0,0.5,1000,10,0.001,25,25,full_batch,825,0.02352238242747836,0.00027665123753227135,0.00907337392648816,0.00907337392648816,0.003797179371948345
100,20,1002123,0.5,0.1,0.02,1.0,0.5,1000,10,0.001,25,25,full_batch,850,0.023313294043181127,0.0002717548395719123,0.009069759221316087,0.009069759221316087,0.0037958636166884885
100,20,1002123,0.5,0.1,0.02,1.0,0.5,1000,10,0.001,25,25,full_batch,875,0.023109090816237715,0.00026701503917656114,0.009066229696388206,0.009066229696388206,0.0037945777930139535
100,20,1002123,0.5,0.1,0.02,1.0,0.5,1000,10,0.001,25,25,full_batch,900,0.02290954890603667,0.000262423715539043,0.009062781441512846,0.009062781441512846,0.0037933205373849033
100,20,1002123,0.5,0.1,0.02,1.0,0.5,1000,10,0.001,25,25,full_batch,925,0.022714460271750645,0.00025797335271846917,0.009059410822630454,0.009059410822630454,0.003792090582469876
100,20,1002123,0.5,0.1,0.02,1.0,0.5,1000,10,0.001,25,25,full_batch,950,0.022523631171722104,0.00025365698057988584,0.009056114455581021,0.009056114455581021,0.003790886748002209
100,20,1002123,0.5,0.1,0.02,1.0,0.5,1000,10,0.001,25,25,full_batch,975,0.022336880840491635,0.00024946812284116116,0.009052889182981139,0.009052889182981139,0.003789707932723707
100,20,1002123,0.5,0.1,0.02,1.0,0.5,1000,10,0.001,25,25,full_batch,1000,0.02215404031847575,0.00024540075121632455,0.009049732053766024,0.009049732053766024,0.003788553107252457
100,20,1002123,0.5,0.1,0.02,1.0,0.5,1000,10,0.001,25,25,minibatch,0,0.04206215224019489,0.000884612325538666,0.00940034226682579,0.00940034226682579,0.003913588771301324
100,20,1002123,0.5,0.1,0.02,1.0,0.5,1000,10,0.001,25,25,minibatch,25,0.03839333293558132,0.0007370240069511967,0.009333246453773592,0.009333246453773592,0.0038894247002296822
100,20,1002123,0.5,0.1,0.02,1.0,0.5,1000,10,0.001,25,25,minibatch,50,0.03677223854382041,0.0006760987637618157,0.009303694185841649,0.009303694185841649,0.00387830929615407
100,20,1002123,0.5,0.1,0.02,1.0,0.5,1000,10,0.001,25,25,minibatch,75,0.03563596234392792,0.0006349609060889244,0.009282969878204095,0.009282969878204095,0.003871347440471906
100,20,1002123,0.5,0.1,0.02,1.0,0.5,1000,10,0.001,25,25,minibatch,100,0.0346858227721579,0.0006015531506907737,0.00926541899671035,0.00926541899671035,0.003865589195697461
100,20,1002123,0.5,0.1,0.02,1.0,0.5,1000,10,0.001,25,25,minibatch,125,0.033842796973925046,0.0005726674535091552,0.009250342572301284,0.009250342572301284,0.0038606758608085157
100,20,1002123,0.5,0.1,0.02,1.0,0.5,1000,10,0.001,25,25,minibatch,150,0.03311784315446071,0.00054839576760173,0.009238145422005906,0.009238145422005906,0.003856823540897558
100,20,1002123,0.5,0.1,0.02,1.0,0.5,1000,10,0.001,25,25,minibatch,175,0.032463559159483464,0.0005269413366506413,0.009227160540761947,0.009227160540761947,0.0038530137885386395
100,20,1002123,0.5,0.1,0.02,1.0,0.5,1000,10,0.001,25,25,minibatch,200,0.03186839083341513,0.0005077971671556489,0.009216742612557838,0.009216742612557838,0.0038498245957303556
100,20,1002123,0.5,0.1,0.02,1.0,0.5,1000,10,0.001,25,25,minibatch,225,0.03131315292570342,0.0004902567730742444,0.009206492286826518,0.009206492286826518,0.0038461549904683645
100,20,1002123,0.5,0.1,0.02,1.0,0.5,1000,10,0.001,25,25,minibatch,250,0.030780431796664332,0.0004737174907945523,0.009196949197199544,0.009196949197199544,0.003842623982991067
100,20,1002123,0.5,0.1,0.02,1.0,0.5,1000,10,0.001,25,25,minibatch,275,0.030284576071504216,0.0004585777739153629,0.009188251751668597,0.009188251751668597,0.003839205693562442
100,20,1002123,0.5,0.1,0.02,1.0,0.5,1000,10,0.001,25,25,minibatch,300,0.029829380954644717,0.0004448959840686605,0.009180301342942121,0.009180301342942121,0.0038356649076639604
100,20,1002123,0.5,0.1,0.02,1.0,0.5,1000,10,0.001,25,25,minibatch,325,0.029391935634661547,0.0004319429401760436,0.00917319243041359,0.00917319243041359,0.0038332646323034902
100,20,1002123,0.5,0.1,0.02,1.0,0.5,1000,10,0.001,25,25,minibatch,350,0.028966738167573836,0.0004195359600343894,0.009165973008008976,0.009165973008008976,0.003830466423074941
100,20,1002123,0.5,0.1,0.02,1.0,0.5,1000,10,0.001,25,25,minibatch,375,0.028582993457310996,0.0004084937574903416,0.009158809304674775,0.009158809304674775,0.0038285150537378243
100,20,1002123,0.5,0.1,0.02,1.0,0.5,1000,10,0.001,25,25,minibatch,400,0.028220995268227498,0.0003982122869646594,0.009152469186834156,0.009152469186834156,0.003825631293235765
100,20,1002123,0.5,0.1,0.02,1.0,0.5,1000,10,0.001,25,25,minibatch,425,0.027857771681800002,0.00038802772153764906,0.00914598594917021,0.00914598594917021,0.0038234764810565203
100,20,1002123,0.5,0.1,0.02,1.0,0.5,1000,10,0.001,25,25,minibatch,450,0.027509447934357997,0.00037838486282657673,0.0091401815127099,0.0091401815127099,0.0038213174326848787
100,20,1002123,0.5,0.1,0.02,1.0,0.5,1000,10,0.001,25,25,minibatch,475,0.02717811954107326,0.00036932509089443406,0.00913431717292984,0.00913431717292984,0.0038193078551822524
100,20,1002123,0.5,0.1,0.02,1.0,0.5,1000,10,0.001,25,25,minibatch,500,0.026862022052090578,0.00036078411436350023,0.00912887324621442,0.00912887324621442,0.003816884589918468
100,20,1002123,0.5,0.1,0.02,1.0,0.5,1000,10,0.001,25,25,minibatch,525,0.02652498391898488,0.00035178738595120323,0.009123209970582524,0.009123209970582524,0.0038151792353657843
100,20,1002123,0.5,0.1,0.02,1.0,0.5,1000,10,0.001,25,25,minibatch,550,0.026243503856074258,0.00034436074732189224,0.009118884302236396,0.009118884302236396,0.003813128730027593
100,20,1002123,0.5,0.1,0.02,1.0,0.5,1000,10,0.001,25,25,minibatch,575,0.025960382543878138,0.0003369707309122464,0.009113979079216794,0.009113979079216794,0.0038117832923193484
100,20,1002123,0.5,0.1,0.02,1.0,0.5,1000,10,0.001,25,25,minibatch,600,0.025684604571086858,0.00032984945598654795,0.009109178420584063,0.009109178420584063,0.0038098097511916063
100,20,1002123,0.5,0.1,0.02,1.0,0.5,1000,10,0.001,25,25,minibatch,625,0.02541595559711316,0.0003229853994572139,0.00910448403426789,0.00910448403426789,0.0038081832221767975
100,20,1002123,0.5,0.1,0.02,1.0,0.5,1000,10,0.001,25,25,minibatch,650,0.025158952283394025,0.00031648643999904874,0.009099980358674209,0.009099980358674209,0.0038064858945687785
100,20,1002123,0.5,0.1,0.02,1.0,0.5,1000,10,0.001,25,25,minibatch,675,0.0248995047783548,0.00030999266910365674,0.009095399101221424,0.009095399101221424,0.003804614917764959
100,20,1002123,0.5,0.1,0.02,1.0,0.5,1000,10,0.001,25,25,minibatch,700,0.024640446209166812,0.0003035757946934216,0.009090886747752547,0.009090886747752547,0.0038030659193697414
100,20,1002123,0.5,0.1,0.02,1.0,0.5,1000,10,0.001,25,25,minibatch,725,0.024417036332787686,0.000298095831638337,0.009087544519919555,0.009087544519919555,0.0038014710278295727
100,20,1002123,0.5,0.1,0.02,1.0,0.5,1000,10,0.001,25,25,minibatch,750,0.024188105486778973,0.0002925322235197735,0.00908398057805021,0.00908398057805021,0.003800139053956042
100,20,1002123,0.5,0.1,0.02,1.0,0.5,1000,10,0.001,25,25,minibatch,775,0.02396562726485919,0.00028717564509908106,0.009080195396810653,0.009080195396810653,0.0037984609574015504
100,20,1002123,0.5,0.1,0.02,1.0,0.5,1000,10,0.001,25,25,minibatch,800,0.023738651417608527,0.00028176178556336366,0.009076471130408381,0.009076471130408381,0.0037968408786326346
100,20,1002123,0.5,0.1,0.02,1.0,0.5,1000,10,0.001,25,25,minibatch,825,0.023525878994712333,0.0002767334912369235,0.009072795922823562,0.009072795922823562,0.0037955718345781264
100,20,1002123,0.5,0.1,0.02,1.0,0.5,1000,10,0.001,25,25,minibatch,850,0.023318498715127797,0.00027187619116370834,0.00906950256116551,0.00906950256116551,0.0037942919745227455
100,20,1002123,0.5,0.1,0.02,1.0,0.5,1000,10,0.001,25,25,minibatch,875,0.02312069810065616,0.00026728334033084266,0.009066218382849267,0.009066218382849267,0.0037931574093065246
100,20,1002123,0.5,0.1,0.02,1.0,0.5,1000,10,0.001,25,25,minibatch,900,0.022930187841312892,0.0002628967572189468,0.009063028013405028,0.009063028013405028,0.003792259141724208
100,20,1002123,0.5,0.1,0.02,1.0,0.5,1000,10,0.001,25,25,minibatch,925,0.022739795486879648,0.000258549149392556,0.009059606078467619,0.009059606078467619,0.003791133781356426
100,20,1002123,0.5,0.1,0.02,1.0,0.5,1000,10,0.001,25,25,minibatch,950,0.022543353446450445,0.0002541013923057946,0.009056224754847242,0.009056224754847242,0.003789720604807645
100,20,1002123,0.5,0.1,0.02,1.0,0.5,1000,10,0.001,25,25,minibatch,975,0.0223603943192897,0.0002499936170570616,0.009052895768687619,0.009052895768687619,0.003788867545690855
100,20,1002123,0.5,0.1,0.02,1.0,0.5,1000,10,0.001,25,25,minibatch,1000,0.022176639727021347,0.0002459016747910507,0.00905014749380012,0.00905014749380012,0.003787774673487787
30,20,302123,0.5,0.25,0.02,0.3,0.5,1000,6,0.001,25,25,full_batch,0,0.06938924242737492,0.0024074334823225036,0.014194061668509617,0.013391379516060287,0.014194061668509617
30,20,302123,0.5,0.25,0.02,0.3,0.5,1000,6,0.001,25,25,full_batch,25,0.05901145209756499,0.0017411757393316037,0.014110854948082285,0.013292911316431677,0.014110854948082285
30,20,302123,0.5,0.25,0.02,0.3,0.5,1000,6,0.001,25,25,full_batch,50,0.05464778614303003,0.0014931902651671724,0.014079561902680726,0.01325301140562607,0.014079561902680726
30,20,302123,0.5,0.25,0.02,0.3,0.5,1000,6,0.001,25,25,full_batch,75,0.051513656544091575,0.0013268284052713143,0.014057503775119606,0.013224351308481819,0.014057503775119606
30,20,302123,0.5,0.25,0.02,0.3,0.5,1000,6,0.001,25,25,full_batch,100,0.049010330494701326,0.0012010062475999253,0.014040140719973948,0.013201459479133648,0.014040140719973948
30,20,302123,0.5,0.25,0.02,0.3,0.5,1000,6,0.001,25,25,full_batch,125,0.04690563034689539,0.0011000690791197968,0.014025720941412967,0.013182213697268685,0.014025720941412967
30,20,302123,0.5,0.25,0.02,0.3,0.5,1000,6,0.001,25,25,full_batch,150,0.04508080583987755,0.001016139527586369,0.014013352515886868,0.01316552831624579,0.014013352515886868
30,20,302123,0.5,0.25,0.02,0.3,0.5,1000,6,0.001,25,25,full_batch,175,0.043465595550154015,0.0009446289982647843,0.014002509984706646,0.013150760874384992,0.014002509984706646
30,20,302123,0.5,0.25,0.02,0.3,0.5,1000,6,0.001,25,25,full_batch,200,0.042014429363956156,0.0008826061373894306,0.013992853955436868,0.013137494617179835,0.013992853955436868
30,20,302123,0.5,0.25,0.02,0.3,0.5,1000,6,0.001,25,25,full_batch,225,0.04069580827650377,0.0008280744056389764,0.013984150771646553,0.013125441432702278,0.013984150771646553
30,20,302123,0.5,0.25,0.02,0.3,0.5,1000,6,0.001,25,25,full_batch,250,0.039486913619937315,0.0007796081736141955,0.01397623182448754,0.013114392577041722,0.01397623182448754
30,20,302123,0.5,0.25,0.02,0.3,0.5,1000,6,0.001,25,25,full_batch,275,0.03837060767032945,0.0007361517664951727,0.013968970961099225,0.013104191255561226,0.013968970961099225
30,20,302123,0.5,0.25,0.02,0.3,0.5,1000,6,0.001,25,25,full_batch,300,0.037333645329428455,0.0006969005367917776,0.013962271042492813,0.013094716273567175,0.013962271042492813
30,20,302123,0.5,0.25,0.02,0.3,0.5,1000,6,0.001,25,25,full_batch,325,0.036365548570988344,0.0006612265614344562,0.013956055500266629,0.013085871745226907,0.013956055500266629
30,20,302123,0.5,0.25,0.02,0.3,0.5,1000,6,0.001,25,25,full_batch,350,0.03545786644218222,0.0006286301463158159,0.013950262796608548,0.013077580327064575,0.013950262796608548
30,20,302123,0.5,0.25,0.02,0.3,0.5,1000,6,0.001,25,25,full_batch,375,0.034603670745026016,0.0005987070145150846,0.01394484265615098,0.013069778606107085,0.01394484265615098
30,20,302123,0.5,0.25,0.02,0.3,0.5,1000,6,0.001,25,25,full_batch,400,0.03379720181490437,0.0005711254252586877,0.013939753424472845,0.013062413860357502,0.013939753424472845
30,20,302123,0.5,0.25,0.02,0.3,0.5,1000,6,0.001,25,25,full_batch,425,0.03303361325288448,0.0005456098022705726,0.013934960168189348,0.01305544172406009,0.013934960168189348
30,20,302123,0.5,0.25,0.02,0.3,0.5,1000,6,0.001,25,25,full_batch,450,0.032308783850919294,0.0005219287569627116,0.01393043327782234,0.013048824467395581,0.01393043327782234
30,20,302123,0.5,0.25,0.02,0.3,0.5,1000,6,0.001,25,25,full_batch,475,0.03161917632439726,0.0004998861557166621,0.013926147420366575,0.013042529704216432,0.013926147420366575
30,20,302123,0.5,0.25,0.02,0.3,0.5,1000,6,0.001,25,25,full_batch,500,0.030961729387774764,0.00047931434334089776,0.013922080740581821,0.013036529404727049,0.013922080740581821
30,20,302123,0.5,0.25,0.02,0.3,0.5,1000,6,0.001,25,25,full_batch,525,0.03033377405450658,0.0004600689241949283,0.013918214242712557,0.013030799129715276,0.013918214242712557
30,20,302123,0.5,0.25,0.02,0.3,0.5,1000,6,0.001,25,25,full_batch,550,0.029732967847038078,0.00044202468849650005,0.013914531305401212,0.013025317428604188,0.013914531305401212
30,20,302123,0.5,0.25,0.02,0.3,0.5,1000,6,0.001,25,25,full_batch,575,0.029157242457420147,0.000425072393860392,0.013911017296483474,0.013020065360537347,0.013911017296483474
30,20,302123,0.5,0.25,0.02,0.3,0.5,1000,6,0.001,25,25,full_batch,600,0.02860476165281862,0.00040911619460728136,0.013907831373872859,0.013015026109183314,0.013907831373872859
30,20,302123,0.5,0.25,0.02,0.3,0.5,1000,6,0.001,25,25,full_batch,625,0.02807388708435733,0.00039407156801262263,0.013904789060003309,0.01301018466984083,0.013904789060003309
30,20,302123,0.5,0.25,0.02,0.3,0.5,1000,6,0.001,25,25,full_batch,650,0.027563150264019662,0.00037986362623846357,0.013901863727079244,0.01300552759297563,0.013901863727079244
30,20,302123,0.5,0.25,0.02,0.3,0.5,1000,6,0.001,25,25,full_batch,675,0.027071229406589823,0.0003664257307921068,0.013899047736523396,0.013001042772268712,0.013899047736523396
30,20,302123,0.5,0.25,0.02,0.3,0.5,1000,6,0.001,25,25,full_batch,700,0.02659693014631966,0.00035369834660410376,0.013896334181089098,0.012996719268117518,0.013896334181089098
30,20,302123,0.5,0.25,0.02,0.3,0.5,1000,6,0.001,25,25,full_batch,725,0.026139169367304833,0.0003416280876063237,0.013893716792545474,0.012992547159628665,0.013893716792545474
30,20,302123,0.5,0.25,0.02,0.3,0.5,1000,6,0.001,25,25,full_batch,750,0.025696961556748454,0.00033016691662450396,0.013891189863709463,0.012988517419697587,0.013891189863709463
30,20,302123,0.5,0.25,0.02,0.3,0.5,1000,6,0.001,25,25,full_batch,775,0.025269407218099695,0.00031927147057707447,0.013888748182204536,0.012984621808938057,0.013888748182204536
30,20,302123,0.5,0.25,0.02,0.3,0.5,1000,6,0.001,25,25,full_batch,800,0.02485568297800169,0.0003089024881514615,0.013886386973858522,0.01298085278511324,0.013886386973858522
30,20,302123,0.5,0.25,0.02,0.3,0.5,1000,6,0.001,25,25,full_batch,825,0.024455033095298603,0.000299024321846075,0.013884101854095554,0.01297720342539832,0.013884101854095554
30,20,302123,0.5,0.25,0.02,0.3,0.5,1000,6,0.001,25,25,full_batch,850,0.02406676213777932,0.00028960451989822414,0.0138818887859814,0.012973667359331975,0.0138818887859814
30,20,302123,0.5,0.25,0.02,0.3,0.5,1000,6,0.001,25,25,full_batch,875,0.023690228637147422,0.0002806134664401599,0.01387974404385256,0.012970238710719673,0.01387974404385256
30,20,302123,0.5,0.25,0.02,0.3,0.5,1000,6,0.001,25,25,full_batch,900,0.023324839567914066,0.00027202407043446484,0.013877664181646987,0.012966912047081391,0.013877664181646987
30,20,302123,0.5,0.25,0.02,0.3,0.5,1000,6,0.001,25,25,full_batch,925,0.022970045523792244,0.00026381149568254403,0.01387564600521729,0.01296368233548073,0.01387564600521729
30,20,302123,0.5,0.25,0.02,0.3,0.5,1000,6,0.001,25,25,full_batch,950,0.0226253364874142,0.0002559529255843581,0.013873686548037556,0.012960544903789062,0.013873686548037556
30,20,302123,0.5,0.25,0.02,0.3,0.5,1000,6,0.001,25,25,full_batch,975,0.022290238107039527,0.0002484273574342585,0.013871783049806297,0.01295749540658836,0.013871783049806297
30,20,302123,0.5,0.25,0.02,0.3,0.5,1000,6,0.001,25,25,full_batch,1000,0.021964308408339035,0.0002412154219283164,0.013869932937541074,0.012954529795057679,0.013869932937541074
30,20,302123,0.5,0.25,0.02,0.3,0.5,1000,6,0.001,25,25,minibatch,0,0.06938924242737492,0.0024074334823225036,0.014194061668509617,0.013391379516060287,0.014194061668509617
30,20,302123,0.5,0.25,0.02,0.3,0.5,1000,6,0.001,25,25,minibatch,25,0.058857864453405837,0.0017321241040077471,0.014106757064999642,0.013292063483817673,0.014106757064999642
30,20,302123,0.5,0.25,0.02,0.3,0.5,1000,6,0.001,25,25,minibatch,50,0.05429043373023656,0.0014737255973086038,0.014076282098707926,0.01324630412765726,0.014076282098707926
30,20,302123,0.5,0.25,0.02,0.3,0.5,1000,6,0.001,25,25,minibatch,75,0.051183133654607325,0.0013098565853526985,0.014053444241632074,0.01321651431041887,0.014053444241632074
30,20,302123,0.5,0.25,0.02,0.3,0.5,1000,6,0.001,25,25,minibatch,100,0.04860385987430828,0.0011811675973406972,0.014035782652006168,0.013192839704027681,0.014035782652006168
30,20,302123,0.5,0.25,0.02,0.3,0.5,1000,6,0.001,25,25,minibatch,125,0.04655274292320453,0.0010835789368369847,0.014022319959281215,0.013177121255382118,0.014022319959281215
30,20,302123,0.5,0.25,0.02,0.3,0.5,1000,6,0.001,25,25,minibatch,150,0.04469973296460488,0.0009990330635534922,0.014010439990192691,0.01315951109254948,0.014010439990192691
30,20,302123,0.5,0.25,0.02,0.3,0.5,1000,6,0.001,25,25,minibatch,175,0.04306355813836982,0.0009272350197683787,0.01399833421376051,0.01314626241950384,0.01399833421376051
30,20,302123,0.5,0.25,0.02,0.3,0.5,1000,6,0.001,25,25,minibatch,200,0.041587879842608685,0.0008647758749016289,0.013987890293226113,0.013135082929784492,0.013987890293226113
30,20,302123,0.5,0.25,0.02,0.3,0.5,1000,6,0.001,25,25,minibatch,225,0.04033790039847305,0.0008135731042785661,0.01398150442988183,0.013123072614150633,0.01398150442988183
30,20,302123,0.5,0.25,0.02,0.3,0.5,1000,6,0.001,25,25,minibatch,250,0.03913763373811829,0.0007658771873095474,0.0139737950938989,0.013112875630680088,0.0139737950938989
30,20,302123,0.5,0.25,0.02,0.3,0.5,1000,6,0.001,25,25,minibatch,275,0.0380409625287883,0.0007235574150583378,0.013965736932261552,0.013101332433166357,0.013965736932261552
30,20,302123,0.5,0.25,0.02,0.3,0.5,1000,6,0.001,25,25,minibatch,300,0.037000736698119346,0.0006845272581017779,0.013959308479910115,0.013092888651664358,0.013959308479910115
30,20,302123,0.5,0.25,0.02,0.3,0.5,1000,6,0.001,25,25,minibatch,325,0.03611282344294409,0.0006520680085106262,0.013954636219466243,0.013085983869902895,0.013954636219466243
30,20,302123,0.5,0.25,0.02,0.3,0.5,1000,6,0.001,25,25,minibatch,350,0.035226792030727413,0.0006204634383880603,0.013948570942050875,0.013080056691301578,0.013948570942050875
30,20,302123,0.5,0.25,0.02,0.3,0.5,1000,6,0.001,25,25,minibatch,375,0.034389497369086225,0.0005913187646491942,0.013944457024314627,0.013071268435478622,0.013944457024314627
30,20,302123,0.5,0.25,0.02,0.3,0.5,1000,6,0.001,25,25,minibatch,400,0.0336529269939083,0.0005662597476286611,0.013940587774420476,0.013065972799883363,0.013940587774420476
30,20,302123,0.5,0.25,0.02,0.3,0.5,1000,6,0.001,25,25,minibatch,425,0.032886843916926076,0.0005407722514081288,0.013936517244589774,0.013058512065617034,0.013936517244589774
30,20,302123,0.5,0.25,0.02,0.3,0.5,1000,6,0.001,25,25,minibatch,450,0.03218189510817399,0.0005178371863767565,0.013931937728686783,0.013052370495599708,0.013931937728686783
30,20,302123,0.5,0.25,0.02,0.3,0.5,1000,6,0.001,25,25,minibatch,475,0.03150864761938431,0.0004963974374012662,0.013928369359818504,0.01304612980733788,0.013928369359818504
30,20,302123,0.5,0.25,0.02,0.3,0.5,1000,6,0.001,25,25,minibatch,500,0.030861878013788504,0.0004762277572689811,0.013924409615017175,0.013038893314296973,0.013924409615017175
30,20,302123,0.5,0.25,0.02,0.3,0.5,1000,6,0.001,25,25,minibatch,525,0.030285143485800418,0.0004585949579777597,0.01392031943153138,0.013033724533482005,0.01392031943153138
30,20,302123,0.5,0.25,0.02,0.3,0.5,1000,6,0.001,25,25,minibatch,550,0.029658057521165543,0.000439800187964382,0.013916315209069108,0.013028285306219078,0.013916315209069108
30,20,302123,0.5,0.25,0.02,0.3,0.5,1000,6,0.001,25,25,minibatch,575,0.029028735041539966,0.00042133372905596515,0.013912477015476377,0.013021777900317277,0.013912477015476377
30,20,302123,0.5,0.25,0.02,0.3,0.5,1000,6,0.001,25,25,minibatch,600,0.028495909660037136,0.00040600843367649887,0.013910569049244537,0.013016815467861376,0.013910569049244537
30,20,302123,0.5,0.25,0.02,0.3,0.5,1000,6,0.001,25,25,minibatch,625,0.027969920836664,0.0003911582358046255,0.013907077053169403,0.01301263095946703,0.013907077053169403
30,20,302123,0.5,0.25,0.02,0.3,0.5,1000,6,0.001,25,25,minibatch,650,0.027499412638812667,0.0003781088477398449,0.0139052526914068,0.01300699566690977,0.0139052526914068
30,20,302123,0.5,0.25,0.02,0.3,0.5,1000,6,0.001,25,25,minibatch,675,0.026978303445395216,0.0003639144283959117,0.013902944033962139,0.013000772158922813,0.013902944033962139
30,20,302123,0.5,0.25,0.02,0.3,0.5,1000,6,0.001,25,25,minibatch,700,0.026535437316518997,0.0003520647167894545,0.013900270113389346,0.01299800292767972,0.013900270113389346
30,20,302123,0.5,0.25,0.02,0.3,0.5,1000,6,0.001,25,25,minibatch,725,0.02609024807838999,0.0003403505223959663,0.013898152189090351,0.012993349433197132,0.013898152189090351
30,20,302123,0.5,0.25,0.02,0.3,0.5,1000,6,0.001,25,25,minibatch,750,0.02563497093824066,0.0003285758675022216,0.01389657749613693,0.012990640578388779,0.01389657749613693
30,20,302123,0.5,0.25,0.02,0.3,0.5,1000,6,0.001,25,25,minibatch,775,0.025192140038145402,0.0003173219598507643,0.01389462478782949,0.012985760677321045,0.01389462478782949
30,20,302123,0.5,0.25,0.02,0.3,0.5,1000,6,0.001,25,25,minibatch,800,0.024765133399138203,0.0003066559161385553,0.013892378080524403,0.012980917865702601,0.013892378080524403
30,20,302123,0.5,0.25,0.02,0.3,0.5,1000,6,0.001,25,25,minibatch,825,0.024406184070064688,0.00029783091043093964,0.0138899671233354,0.012977665705448727,0.0138899671233354
30,20,302123,0.5,0.25,0.02,0.3,0.5,1000,6,0.001,25,25,minibatch,850,0.02401035473641902,0.00028824856728433963,0.01388767018496151,0.012973269546248722,0.01388767018496151
30,20,302123,0.5,0.25,0.02,0.3,0.5,1000,6,0.001,25,25,minibatch,875,0.02359486475907623,0.0002783588214995487,0.013885124437722662,0.012969695187296904,0.013885124437722662
30,20,302123,0.5,0.25,0.02,0.3,0.5,1000,6,0.001,25,25,minibatch,900,0.023220258859599486,0.0002695902107534042,0.013882934408065761,0.012965872670107237,0.013882934408065761
30,20,302123,0.5,0.25,0.02,0.3,0.5,1000,6,0.001,25,25,minibatch,925,0.0229036418503551,0.0002622884050046688,0.013880969531110732,0.012962175236533813,0.013880969531110732
30,20,302123,0.5,0.25,0.02,0.3,0.5,1000,6,0.001,25,25,minibatch,950,0.022549882850588066,0.00025424860828762285,0.013879335505085355,0.012959129222675392,0.013879335505085355
30,20,302123,0.5,0.25,0.02,0.3,0.5,1000,6,0.001,25,25,minibatch,975,0.02223979081249315,0.0002473041476917274,0.013877757560771475,0.01295552602707506,0.013877757560771475
30,20,302123,0.5,0.25,0.02,0.3,0.5,1000,6,0.001,25,25,minibatch,1000,0.021929345416086633,0.00024044809518901993,0.013876205142191567,0.0129523441612453,0.013876205142191567
100,20,1002123,0.5,0.25,0.02,0.3,0.5,1000,10,0.001,25,25,full_batch,0,0.042062152240194946,0.0008846123255386683,0.00940034226682579,0.00940034226682579,0.003913588771301324
100,20,1002123,0.5,0.25,0.02,0.3,0.5,1000,10,0.001,25,25,full_batch,25,0.035656310222640306,0.0006356862293465818,0.009354869302090119,0.009354869302090119,0.003897955285486532
100,20,1002123,0.5,0.25,0.02,0.3,0.5,1000,10,0.001,25,25,full_batch,50,0.032966761522250365,0.0005434036826324636,0.009335886444624908,0.009335886444624908,0.0038913455005706865
100,20,1002123,0.5,0.25,0.02,0.3,0.5,1000,10,0.001,25,25,full_batch,75,0.031036816444039363,0.0004816419874904961,0.009322299105243737,0.009322299105243737,0.003886632612204788
100,20,1002123,0.5,0.25,0.02,0.3,0.5,1000,10,0.001,25,25,full_batch,100,0.02949651238456093,0.0004350221214262782,0.009311466926658019,0.009311466926658019,0.0038830409901150498
100,20,1002123,0.5,0.25,0.02,0.3,0.5,1000,10,0.001,25,25,full_batch,125,0.02820239068457952,0.0003976874201628288,0.009302374543576408,0.009302374543576408,0.003880011650654769
100,20,1002123,0.5,0.25,0.02,0.3,0.5,1000,10,0.001,25,25,full_batch,150,0.027081081030112454,0.0003666924748797583,0.009294502815353989,0.009294502815353989,0.0038773430453795665
100,20,1002123,0.5,0.25,0.02,0.3,0.5,1000,10,0.001,25,25,full_batch,175,0.02608917443855113,0.0003403225114425748,0.009287544684648985,0.009287544684648985,0.0038749776962646587
100,20,1002123,0.5,0.25,0.02,0.3,0.5,1000,10,0.001,25,25,full_batch,200,0.02519851839720571,0.00031748266470715727,0.009281301067360082,0.009281301067360082,0.0038728500188561776
100,20,1002123,0.5,0.25,0.02,0.3,0.5,1000,10,0.001,25,25,full_batch,225,0.024389654556269704,0.00029742762468708376,0.009275634398343724,0.009275634398343724,0.0038709146336687317
100,20,1002123,0.5,0.25,0.02,0.3,0.5,1000,10,0.001,25,25,full_batch,250,0.02364848777122829,0.00027962548693296696,0.009270445055006238,0.009270445055006238,0.0038691386345220957
100,20,1002123,0.5,0.25,0.02,0.3,0.5,1000,10,0.001,25,25,full_batch,275,0.02296443280469056,0.00026368258702057397,0.00926565824151293,0.00926565824151293,0.003867497284307575
100,20,1002123,0.5,0.25,0.02,0.3,0.5,1000,10,0.001,25,25,full_batch,300,0.022329309357739562,0.0002492990281968178,0.00926121616997444,0.00926121616997444,0.0038659714472965012
100,20,1002123,0.5,0.25,0.02,0.3,0.5,1000,10,0.001,25,25,full_batch,325,0.021736646623016338,0.00023624090320694378,0.009257073140083172,0.009257073140083172,0.003864545972189659
100,20,1002123,0.5,0.25,0.02,0.3,0.5,1000,10,0.001,25,25,full_batch,350,0.021181226069469046,0.00022432216890297757,0.009253192304686797,0.009253192304686797,0.00386320862849332
100,20,1002123,0.5,0.25,0.02,0.3,0.5,1000,10,0.001,25,25,full_batch,375,0.020658769850395064,0.00021339238586579604,0.009249543465816856,0.009249543465816856,0.0038619493812691585
100,20,1002123,0.5,0.25,0.02,0.3,0.5,1000,10,0.001,25,25,full_batch,400,0.0201657219531956,0.00020332817094679748,0.009246101526899864,0.009246101526899864,0.0038607598814768274
100,20,1002123,0.5,0.25,0.02,0.3,0.5,1000,10,0.001,25,25,full_batch,425,0.01969909048970922,0.00019402708306087612,0.009242845377520459,0.009242845377520459,0.0038596330985068983
100,20,1002123,0.5,0.25,0.02,0.3,0.5,1000,10,0.001,25,25,full_batch,450,0.019256331502443862,0.00018540315146600594,0.009239757071865806,0.009239757071865806,0.003858563049308983
100,20,1002123,0.5,0.25,0.02,0.3,0.5,1000,10,0.001,25,25,full_batch,475,0.018835261690836803,0.00017738354148115224,0.009236821211728252,0.009236821211728252,0.003857519374536933
100,20,1002123,0.5,0.25,0.02,0.3,0.5,1000,10,0.001,25,25,full_batch,500,0.018433991738302142,0.00016990602570389582,0.009234024475207492,0.009234024475207492,0.0038565160403740695
100,20,1002123,0.5,0.25,0.02,0.3,0.5,1000,10,0.001,25,25,full_batch,525,0.018050874605837867,0.00016291703701784118,0.009231355251253293,0.009231355251253293,0.003855555668560884
100,20,1002123,0.5,0.25,0.02,0.3,0.5,1000,10,0.001,25,25,full_batch,550,0.017684464890871075,0.00015637014923822586,0.00922880335245313,0.00922880335245313,0.0038546349620131037
100,20,1002123,0.5,0.25,0.02,0.3,0.5,1000,10,0.001,25,25,full_batch,575,0.017333486496043094,0.00015022487705425416,0.009226359786571936,0.009226359786571936,0.003853751001485106
100,20,1002123,0.5,0.25,0.02,0.3,0.5,1000,10,0.001,25,25,full_batch,600,0.016996806627291392,0.0001444457177627683,0.009224016572840388,0.009224016572840388,0.003852901188310609
100,20,1002123,0.5,0.25,0.02,0.3,0.5,1000,10,0.001,25,25,full_batch,625,0.016673414674506434,0.00013900137845402325,0.009221766592758085,0.009221766592758085,0.0038520831978026138
100,20,1002123,0.5,0.25,0.02,0.3,0.5,1000,10,0.001,25,25,full_batch,650,0.01636240490267035,0.00013386414709946534,0.009219603467828852,0.009219603467828852,0.0038512949409863495
100,20,1002123,0.5,0.25,0.02,0.3,0.5,1000,10,0.001,25,25,full_batch,675,0.016062962148428502,0.0001290093764909234,0.009217521458538824,0.009217521458538824,0.003850534532914174
100,20,1002123,0.5,0.25,0.02,0.3,0.5,1000,10,0.001,25,25,full_batch,700,0.01577434991027131,0.00012441505754583825,0.009215515380249395,0.009215515380249395,0.003849800266233161
100,20,1002123,0.5,0.25,0.02,0.3,0.5,1000,10,0.001,25,25,full_batch,725,0.01549590036216327,0.00012006146401704588,0.00921358053268273,0.00921358053268273,0.003849090588978976
100,20,1002123,0.5,0.25,0.02,0.3,0.5,1000,10,0.001,25,25,full_batch,750,0.015227005925615418,0.00011593085472936352,0.009211712640416425,0.009211712640416425,0.0038484040858002277
100,20,1002123,0.5,0.25,0.02,0.3,0.5,1000,10,0.001,25,25,full_batch,775,0.01496711211415317,0.0001120072225188153,0.009209907802371298,0.009209907802371298,0.003847739461988242
100,20,1002123,0.5,0.25,0.02,0.3,0.5,1000,10,0.001,25,25,full_batch,800,0.014715711424040098,0.00010827608135781212,0.009208162448685442,0.009208162448685442,0.0038470955298168796
100,20,1002123,0.5,0.25,0.02,0.3,0.5,1000,10,0.001,25,25,full_batch,825,0.014472338091016184,0.00010472428491033898,0.009206473303709384,0.009206473303709384,0.003846471196797374
100,20,1002123,0.5,0.25,0.02,0.3,0.5,1000,10,0.001,25,25,full_batch,850,0.014236563568305367,0.00010133987111719982,0.00920483735409422,0.00920483735409422,0.003845865455532782
100,20,1002123,0.5,0.25,0.02,0.3,0.5,1000,10,0.001,25,25,full_batch,875,0.014007992608816593,9.811192846433015e-05,0.009203251821145675,0.009203251821145675,0.0038452773749096947
100,20,1002123,0.5,0.25,0.02,0.3,0.5,1000,10,0.001,25,25,full_batch,900,0.013786259856223745,9.503048041166317e-05,0.009201714136773453,0.009201714136773453,0.003844706092423489
100,20,1002123,0.5,0.25,0.02,0.3,0.5,1000,10,0.001,25,25,full_batch,925,0.01357102686683171,9.208638511013406e-05,0.009200221922480545,0.009200221922480545,0.0038441508074590347
100,20,1002123,0.5,0.25,0.02,0.3,0.5,1000,10,0.001,25,25,full_batch,950,0.01336197949787309,8.927124805079039e-05,0.009198772970941571,0.009198772970941571,0.0038436107753930804
100,20,1002123,0.5,0.25,0.02,0.3,0.5,1000,10,0.001,25,25,full_batch,975,0.0131588256089126,8.657734570288703e-05,0.0091973652297897,0.0091973652297897,0.003843085302389415
100,20,1002123,0.5,0.25,0.02,0.3,0.5,1000,10,0.001,25,25,full_batch,1000,0.012961293031936263,8.399755852985976e-05,0.009195996787301597,0.009195996787301597,0.0038425737407979943
100,20,1002123,0.5,0.25,0.02,0.3,0.5,1000,10,0.001,25,25,minibatch,0,0.042062152240194946,0.0008846123255386683,0.00940034226682579,0.00940034226682579,0.003913588771301324
100,20,1002123,0.5,0.25,0.02,0.3,0.5,1000,10,0.001,25,25,minibatch,25,0.035586258533531305,0.0006331908982076648,0.009353282369318983,0.009353282369318983,0.0038967916561674087
100,20,1002123,0.5,0.25,0.02,0.3,0.5,1000,10,0.001,25,25,minibatch,50,0.0328901892098364,0.0005408822731294194,0.009333648174326414,0.009333648174326414,0.0038893502402890245
100,20,1002123,0.5,0.25,0.02,0.3,0.5,1000,10,0.001,25,25,minibatch,75,0.031061626913621077,0.0004824123332604946,0.009320425270812283,0.009320425270812283,0.0038848777959988867
100,20,1002123,0.5,0.25,0.02,0.3,0.5,1000,10,0.001,25,25,minibatch,100,0.029570829629787507,0.00043721698249695937,0.009309445592143806,0.009309445592143806,0.003881482968321248
100,20,1002123,0.5,0.25,0.02,0.3,0.5,1000,10,0.001,25,25,minibatch,125,0.028261886501124017,0.00039936711430120796,0.009300133030645585,0.009300133030645585,0.003878664426578027
100,20,1002123,0.5,0.25,0.02,0.3,0.5,1000,10,0.001,25,25,minibatch,150,0.02716532290538391,0.0003689773842768878,0.009292947860033374,0.009292947860033374,0.0038765787927549367
100,20,1002123,0.5,0.25,0.02,0.3,0.5,1000,10,0.001,25,25,minibatch,175,0.026192084896313337,0.0003430126556078426,0.009286593802482423,0.009286593802482423,0.003874488047011293
100,20,1002123,0.5,0.25,0.02,0.3,0.5,1000,10,0.001,25,25,minibatch,200,0.02531928199553651,0.0003205330203847496,0.009280579171009273,0.009280579171009273,0.00387288648930717
100,20,1002123,0.5,0.25,0.02,0.3,0.5,1000,10,0.001,25,25,minibatch,225,0.024517735358233362,0.0003005596735481832,0.009274654346392908,0.009274654346392908,0.003870952295017549
100,20,1002123,0.5,0.25,0.02,0.3,0.5,1000,10,0.001,25,25,minibatch,250,0.0237531261771916,0.00028210550159479245,0.009269231086395269,0.009269231086395269,0.003869106394024824
100,20,1002123,0.5,0.25,0.02,0.3,0.5,1000,10,0.001,25,25,minibatch,275,0.023053291860415936,0.0002657271328007598,0.009264359951824508,0.009264359951824508,0.003867305829246548
100,20,1002123,0.5,0.25,0.02,0.3,0.5,1000,10,0.001,25,25,minibatch,300,0.022423335875615204,0.00025140299589532597,0.009260030450934598,0.009260030450934598,0.0038653883461386984
100,20,1002123,0.5,0.25,0.02,0.3,0.5,1000,10,0.001,25,25,minibatch,325,0.021821393054680022,0.00023808659742341877,0.00925629117310317,0.00925629117310317,0.0038643348278362133
100,20,1002123,0.5,0.25,0.02,0.3,0.5,1000,10,0.001,25,25,minibatch,350,0.021239082381606076,0.0002255493102063248,0.009252343690772491,0.009252343690772491,0.0038629228910069813
100,20,1002123,0.5,0.25,0.02,0.3,0.5,1000,10,0.001,25,25,minibatch,375,0.02073037912852774,0.00021487430940624928,0.009248495378037347,0.009248495378037347,0.003862059767149817
100,20,1002123,0.5,0.25,0.02,0.3,0.5,1000,10,0.001,25,25,minibatch,400,0.020255899998224466,0.00020515074236903495,0.009245196523341326,0.009245196523341326,0.0038604089728447866
100,20,1002123,0.5,0.25,0.02,0.3,0.5,1000,10,0.001,25,25,minibatch,425,0.019779855056994578,0.000195621333037857,0.009241772794494896,0.009241772794494896,0.0038593832508094783
100,20,1002123,0.5,0.25,0.02,0.3,0.5,1000,10,0.001,25,25,minibatch,450,0.019323371849577244,0.00018669634981851715,0.009238835094608822,0.009238835094608822,0.0038582964656468377
100,20,1002123,0.5,0.25,0.02,0.3,0.5,1000,10,0.001,25,25,minibatch,475,0.0188974481040657,0.00017855677242292818,0.00923586682337968,0.00923586682337968,0.003857298256601971
100,20,1002123,0.5,0.25,0.02,0.3,0.5,1000,10,0.001,25,25,minibatch,500,0.018495735810043,0.0001710461215774535,0.009233126764571609,0.009233126764571609,0.0038559089031078297
100,20,1002123,0.5,0.25,0.02,0.3,0.5,1000,10,0.001,25,25,minibatch,525,0.018053939449200206,0.0001629723648176937,0.009230188985493715,0.009230188985493715,0.003855108896258952
100,20,1002123,0.5,0.25,0.02,0.3,0.5,1000,10,0.001,25,25,minibatch,550,0.01771187001613012,0.00015685516973414456,0.00922823268035522,0.00922823268035522,0.0038540275751366426
100,20,1002123,0.5,0.25,0.02,0.3,0.5,1000,10,0.001,25,25,minibatch,575,0.0173648214936599,0.00015076851275333642,0.009225810888147778,0.009225810888147778,0.003853490185197539
100,20,1002123,0.5,0.25,0.02,0.3,0.5,1000,10,0.001,25,25,minibatch,600,0.01702601323393605,0.00014494256332108277,0.009223457268984436,0.009223457268984436,0.0038524553840225684
100,20,1002123,0.5,0.25,0.02,0.3,0.5,1000,10,0.001,25,25,minibatch,625,0.016700495283817646,0.00013945327136240772,0.009221187486419147,0.009221187486419147,0.0038516693880088493
100,20,1002123,0.5,0.25,0.02,0.3,0.5,1000,10,0.001,25,25,minibatch,650,0.01639285404783957,0.0001343628319168851,0.009219031276380296,0.009219031276380296,0.0038508483511245917
100,20,1002123,0.5,0.25,0.02,0.3,0.5,1000,10,0.001,25,25,minibatch,675,0.016081165392647347,0.00012930194019283934,0.009216796401054383,0.009216796401054383,0.0038499075889598666
100,20,1002123,0.5,0.25,0.02,0.3,0.5,1000,10,0.001,25,25,minibatch,700,0.015766813098993915,0.00012429619764930304,0.00921457643694018,0.00921457643694018,0.0038491502040570724
100,20,1002123,0.5,0.25,0.02,0.3,0.5,1000,10,0.001,25,25,minibatch,725,0.01551387819501986,0.00012034020832495633,0.009213216137740066,0.009213216137740066,0.0038483917223313124
100,20,1002123,0.5,0.25,0.02,0.3,0.5,1000,10,0.001,25,25,minibatch,750,0.015248398417214303,0.00011625682714505183,0.00921167255176708,0.00921167255176708,0.0038478436342429534
100,20,1002123,0.5,0.25,0.02,0.3,0.5,1000,10,0.001,25,25,minibatch,775,0.014992511571990434,0.00011238770161813354,0.00920995109220174,0.00920995109220174,0.0038469817655892857
100,20,1002123,0.5,0.25,0.02,0.3,0.5,1000,10,0.001,25,25,minibatch,800,0.014730215392470599,0.00010848962275428888,0.009208266139398402,0.009208266139398402,0.003846157051305754
100,20,1002123,0.5,0.25,0.02,0.3,0.5,1000,10,0.001,25,25,minibatch,825,0.0144910966172096,0.00010499594058465174,0.009206607036102654,0.009206607036102654,0.003845595828024906
100,20,1002123,0.5,0.25,0.02,0.3,0.5,1000,10,0.001,25,25,minibatch,850,0.014260361258557477,0.00010167895161228349,0.009205200963281368,0.009205200963281368,0.0038450408577155315
100,20,1002123,0.5,0.25,0.02,0.3,0.5,1000,10,0.001,25,25,minibatch,875,0.014043469405091996,9.860951646587746e-05,0.009203800402882323,0.009203800402882323,0.0038445683243925055
100,20,1002123,0.5,0.25,0.02,0.3,0.5,1000,10,0.001,25,25,minibatch,900,0.013837842487891796,9.57429423598517e-05,0.009202435087549143,0.009202435087549143,0.003844265084440246
100,20,1002123,0.5,0.25,0.02,0.3,0.5,1000,10,0.001,25,25,minibatch,925,0.013631159512277512,9.290425482457685e-05,0.009200899252811201,0.009200899252811201,0.0038438097782300673
100,20,1002123,0.5,0.25,0.02,0.3,0.5,1000,10,0.001,25,25,minibatch,950,0.013412100270840822,8.994221683754422e-05,0.009199412025433118,0.009199412025433118,0.0038431407151848784
100,20,1002123,0.5,0.25,0.02,0.3,0.5,1000,10,0.001,25,25,minibatch,975,0.013216234048148093,8.733442120771447e-05,0.009197926895546826,0.009197926895546826,0.003842845582281429
100,20,1002123,0.5,0.25,0.02,0.3,0.5,1000,10,0.001,25,25,minibatch,1000,0.013015805265691164,8.470559335719691e-05,0.00919684950726879,0.00919684950726879,0.0038423881907176938
30,20,302123,0.5,0.25,0.02,0.4,0.5,1000,6,0.001,25,25,full_batch,0,0.06938924242737492,0.0024074334823225036,0.014194061668509617,0.013391379516060287,0.014194061668509617
30,20,302123,0.5,0.25,0.02,0.4,0.5,1000,6,0.001,25,25,full_batch,25,0.05589614056529051,0.0015621892650473578,0.014088427791309699,0.013264417822287156,0.014088427791309699
30,20,302123,0.5,0.25,0.02,0.4,0.5,1000,6,0.001,25,25,full_batch,50,0.050454927332756125,0.0012728498460768504,0.014050113278489096,0.013214660383588095,0.014050113278489096
30,20,302123,0.5,0.25,0.02,0.4,0.5,1000,6,0.001,25,25,full_batch,75,0.046635675123823585,0.001087443097127409,0.014023863853265706,0.013179736027439826,0.014023863853265706
30,20,302123,0.5,0.25,0.02,0.4,0.5,1000,6,0.001,25,25,full_batch,100,0.04364049934073333,0.0009522465913542731,0.014003659904845867,0.013152350825348769,0.014003659904845867
30,20,302123,0.5,0.25,0.02,0.4,0.5,1000,6,0.001,25,25,full_batch,125,0.04116156520520964,0.0008471372250713623,0.013987198026057746,0.013129689775711106,0.013987198026057746
30,20,302123,0.5,0.25,0.02,0.4,0.5,1000,6,0.001,25,25,full_batch,150,0.03904215860787197,0.0007621450743811156,0.01397331428012999,0.013110319415582827,0.01397331428012999
30,20,302123,0.5,0.25,0.02,0.4,0.5,1000,6,0.001,25,25,full_batch,175,0.03718996711687375,0.0006915468270770755,0.01396132781331949,0.013093395167801447,0.01396132781331949
30,20,302123,0.5,0.25,0.02,0.4,0.5,1000,6,0.001,25,25,full_batch,200,0.035545375770751966,0.0006317368693419805,0.013950801834975546,0.013078371498605024,0.013950801834975546
30,20,302123,0.5,0.25,0.02,0.4,0.5,1000,6,0.001,25,25,full_batch,225,0.03406734987958371,0.000580292163908986,0.013941437588059102,0.013064872835891306,0.013941437588059102
30,20,302123,0.5,0.25,0.02,0.4,0.5,1000,6,0.001,25,25,full_batch,250,0.03272628462102514,0.0005355048525481733,0.013933020840110777,0.013052628178839232,0.013933020840110777
30,20,302123,0.5,0.25,0.02,0.4,0.5,1000,6,0.001,25,25,full_batch,275,0.0315000349647328,0.0004961261013896943,0.01392539227883588,0.013041434786329242,0.01392539227883588
30,20,302123,0.5,0.25,0.02,0.4,0.5,1000,6,0.001,25,25,full_batch,300,0.03037155349760967,0.00046121563092908313,0.013918429958531264,0.013031136568784185,0.013918429958531264
30,20,302123,0.5,0.25,0.02,0.4,0.5,1000,6,0.001,25,25,full_batch,325,0.029327406718494847,0.00043004839241600837,0.013912038311876429,0.01302161051411771,0.013912038311876429
30,20,302123,0.5,0.25,0.02,0.4,0.5,1000,6,0.001,25,25,full_batch,350,0.02835680153662729,0.00040205409669383387,0.01390639441777819,0.013012757780326678,0.01390639441777819
30,20,302123,0.5,0.25,0.02,0.4,0.5,1000,6,0.001,25,25,full_batch,375,0.027450923141297344,0.000376776590654707,0.013901205727300914,0.013004497636391554,0.013901205727300914
30,20,302123,0.5,0.25,0.02,0.4,0.5,1000,6,0.001,25,25,full_batch,400,0.026602470857043314,0.0003538457278499194,0.01389635077999718,0.01299676321446852,0.01389635077999718
30,20,302123,0.5,0.25,0.02,0.4,0.5,1000,6,0.001,25,25,full_batch,425,0.025805324317031534,0.0003329573815535895,0.013891794167138094,0.012989498454423432,0.013891794167138094
30,20,302123,0.5,0.25,0.02,0.4,0.5,1000,6,0.001,25,25,full_batch,450,0.025054297987644122,0.0003138589238268342,0.013887505852678672,0.012982655856820957,0.013887505852678672
30,20,302123,0.5,0.25,0.02,0.4,0.5,1000,6,0.001,25,25,full_batch,475,0.02434495714339785,0.000296338469156939,0.013883460121204005,0.012976194798254181,0.013883460121204005
30,20,302123,0.5,0.25,0.02,0.4,0.5,1000,6,0.001,25,25,full_batch,500,0.023673477547863194,0.0002802167696045914,0.01387963477476295,0.012970080246676507,0.01387963477476295
30,20,302123,0.5,0.25,0.02,0.4,0.5,1000,6,0.001,25,25,full_batch,525,0.023036536838668728,0.0002653410147596707,0.013876010510446457,0.012964281766912666,0.013876010510446457
30,20,302123,0.5,0.25,0.02,0.4,0.5,1000,6,0.001,25,25,full_batch,550,0.02243122931666524,0.00025158002432841103,0.013872570431530784,0.012958772740403579,0.013872570431530784
30,20,302123,0.5,0.25,0.02,0.4,0.5,1000,6,0.001,25,25,full_batch,575,0.021854998284943916,0.00023882047501745077,0.013869299658882117,0.012953529745605097,0.013869299658882117
30,20,302123,0.5,0.25,0.02,0.4,0.5,1000,6,0.001,25,25,full_batch,600,0.021305581734632238,0.00022696390652554742,0.013866185018685806,0.012948532060574225,0.013866185018685806
30,20,302123,0.5,0.25,0.02,0.4,0.5,1000,6,0.001,25,25,full_batch,625,0.02078096831131598,0.00021592432197795947,0.013863214789026468,0.012943761259684161,0.013863214789026468
30,20,302123,0.5,0.25,0.02,0.4,0.5,1000,6,0.001,25,25,full_batch,650,0.020279361292729326,0.00020562624722052423,0.013860378492369207,0.012939200883687774,0.013860378492369207
30,20,302123,0.5,0.25,0.02,0.4,0.5,1000,6,0.001,25,25,full_batch,675,0.019799148875781648,0.00019600314810268283,0.01385766672422678,0.012934836167558528,0.01385766672422678
30,20,302123,0.5,0.25,0.02,0.4,0.5,1000,6,0.001,25,25,full_batch,700,0.019338879481075412,0.0001869961297917798,0.013855071010626274,0.012930653814272941,0.013855071010626274
30,20,302123,0.5,0.25,0.02,0.4,0.5,1000,6,0.001,25,25,full_batch,725,0.018897241083407665,0.00017855286028221524,0.013852583688709952,0.012926641805466876,0.013852583688709952
30,20,302123,0.5,0.25,0.02,0.4,0.5,1000,6,0.001,25,25,full_batch,750,0.018473043799480275,0.00017062667360875832,0.013850197806062392,0.01292278924192275,0.013850197806062392
30,20,302123,0.5,0.25,0.02,0.4,0.5,1000,6,0.001,25,25,full_batch,775,0.018065205131067175,0.0001631758182137679,0.013847907035324014,0.01291908620837312,0.013847907035324014
30,20,302123,0.5,0.25,0.02,0.4,0.5,1000,6,0.001,25,25,full_batch,800,0.017672737388507616,0.0001561628234015775,0.013845705601358005,0.01291552365827836,0.013845705601358005
30,20,302123,0.5,0.25,0.02,0.4,0.5,1000,6,0.001,25,25,full_batch,825,0.017294736916290562,0.0001495539625018518,0.013843588218809766,0.012912093315112727,0.013843588218809766
30,20,302123,0.5,0.25,0.02,0.4,0.5,1000,6,0.001,25,25,full_batch,850,0.016930374817349648,0.00014331879572797356,0.013841550038309225,0.01290878758737296,0.013841550038309225
30,20,302123,0.5,0.25,0.02,0.4,0.5,1000,6,0.001,25,25,full_batch,875,0.01657888893099007,0.00013742977909305252,0.013839586599911358,0.012905599495076636,0.013839586599911358
30,20,302123,0.5,0.25,0.02,0.4,0.5,1000,6,0.001,25,25,full_batch,900,0.01623957686515357,0.0001318619283796155,0.013837693792629002,0.012902522605915845,0.013837693792629002
30,20,302123,0.5,0.25,0.02,0.4,0.5,1000,6,0.001,25,25,full_batch,925,0.01591178991994075,0.00012659252922816406,0.013835867819115777,0.012899550979578067,0.013835867819115777
30,20,302123,0.5,0.25,0.02,0.4,0.5,1000,6,0.001,25,25,full_batch,950,0.015594927768163187,0.00012160088604711362,0.013834105164733268,0.012896679119000887,0.013834105164733268
30,20,302123,0.5,0.25,0.02,0.4,0.5,1000,6,0.001,25,25,full_batch,975,0.015288433781829579,0.00011686810375069394,0.013832402570352231,0.012893901927546692,0.013832402570352231
30,20,302123,0.5,0.25,0.02,0.4,0.5,1000,6,0.001,25,25,full_batch,1000,0.014991790912139367,0.00011237689737665226,0.013830757008365169,0.012891214671246543,0.013830757008365169
30,20,302123,0.5,0.25,0.02,0.4,0.5,1000,6,0.001,25,25,minibatch,0,0.06938924242737492,0.0024074334823225036,0.014194061668509617,0.013391379516060287,0.014194061668509617
30,20,302123,0.5,0.25,0.02,0.4,0.5,1000,6,0.001,25,25,minibatch,25,0.055706982611040436,0.0015516339558133807,0.014083159640806364,0.01326356634987319,0.014083159640806364
30,20,302123,0.5,0.25,0.02,0.4,0.5,1000,6,0.001,25,25,minibatch,50,0.05001169324598279,0.0012505847306651405,0.014046161975254656,0.013206287171156461,0.014046161975254656
30,20,302123,0.5,0.25,0.02,0.4,0.5,1000,6,0.001,25,25,minibatch,75,0.04623672176408032,0.0010689172197444895,0.014018941606915691,0.013170093017240425,0.014018941606915691
30,20,302123,0.5,0.25,0.02,0.4,0.5,1000,6,0.001,25,25,minibatch,100,0.04314768959586358,0.0009308615587304969,0.013998443241231118,0.013141784255342515,0.013998443241231118
30,20,302123,0.5,0.25,0.02,0.4,0.5,1000,6,0.001,25,25,minibatch,125,0.0407437664082483,0.0008300272505649512,0.013983307945158951,0.013123909786738053,0.013983307945158951
30,20,302123,0.5,0.25,0.02,0.4,0.5,1000,6,0.001,25,25,minibatch,150,0.038590662056142394,0.0007446195989656942,0.01397010628457368,0.01310336648955196,0.01397010628457368
30,20,302123,0.5,0.25,0.02,0.4,0.5,1000,6,0.001,25,25,minibatch,175,0.036717830301032706,0.0006740995310077178,0.013956460042231666,0.013088501923407103,0.013956460042231666
30,20,302123,0.5,0.25,0.02,0.4,0.5,1000,6,0.001,25,25,minibatch,200,0.03504448637369453,0.0006140580125980309,0.013944865456140654,0.01307626848130955,0.013944865456140654
30,20,302123,0.5,0.25,0.02,0.4,0.5,1000,6,0.001,25,25,minibatch,225,0.033661236594684486,0.000566539424541663,0.013938627729902286,0.013062848348022071,0.013938627729902286
30,20,302123,0.5,0.25,0.02,0.4,0.5,1000,6,0.001,25,25,minibatch,250,0.03233342877414088,0.0005227253081462207,0.013930463482337063,0.013051676710704785,0.013930463482337063
30,20,302123,0.5,0.25,0.02,0.4,0.5,1000,6,0.001,25,25,minibatch,275,0.031136277227609248,0.0004847338797972691,0.013921815520757164,0.013038686234998265,0.013921815520757164
30,20,302123,0.5,0.25,0.02,0.4,0.5,1000,6,0.001,25,25,minibatch,300,0.030005617206682548,0.0004501685319769819,0.013915246105645096,0.013029760448753869,0.013915246105645096
30,20,302123,0.5,0.25,0.02,0.4,0.5,1000,6,0.001,25,25,minibatch,325,0.029067922769385305,0.0004224720670634743,0.01391125886350325,0.013022828741231451,0.01391125886350325
30,20,302123,0.5,0.25,0.02,0.4,0.5,1000,6,0.001,25,25,minibatch,350,0.028126295475270055,0.00039554424858109837,0.013905236989176617,0.013017096518656512,0.013905236989176617
30,20,302123,0.5,0.25,0.02,0.4,0.5,1000,6,0.001,25,25,minibatch,375,0.027243609129542753,0.00037110711920165264,0.013901707018320497,0.013007510816188339,0.013901707018320497
30,20,302123,0.5,0.25,0.02,0.4,0.5,1000,6,0.001,25,25,minibatch,400,0.026487386041472497,0.00035079080965499606,0.013898345888421038,0.013002465287470233,0.013898345888421038
30,20,302123,0.5,0.25,0.02,0.4,0.5,1000,6,0.001,25,25,minibatch,425,0.025687448781863097,0.00032992251246041993,0.013894787763833905,0.012994477073486277,0.013894787763833905
30,20,302123,0.5,0.25,0.02,0.4,0.5,1000,6,0.001,25,25,minibatch,450,0.02496147351714027,0.0003115375800734475,0.013890349048760742,0.012988181602293092,0.013890349048760742
30,20,302123,0.5,0.25,0.02,0.4,0.5,1000,6,0.001,25,25,minibatch,475,0.024273453179117256,0.0002946002646193988,0.013887268671886388,0.01298174484716974,0.013887268671886388
30,20,302123,0.5,0.25,0.02,0.4,0.5,1000,6,0.001,25,25,minibatch,500,0.023615658649621694,0.000278849666727726,0.013883568681612057,0.012973957939695413,0.013883568681612057
30,20,302123,0.5,0.25,0.02,0.4,0.5,1000,6,0.001,25,25,minibatch,525,0.023045073509099484,0.0002655377065198994,0.013879597638925323,0.012968898308832966,0.013879597638925323
30,20,302123,0.5,0.25,0.02,0.4,0.5,1000,6,0.001,25,25,minibatch,550,0.02240334779191797,0.0002509549961428179,0.01387549038645891,0.01296337534809483,0.01387549038645891
30,20,302123,0.5,0.25,0.02,0.4,0.5,1000,6,0.001,25,25,minibatch,575,0.021755402928214273,0.00023664877828447707,0.01387146956870261,0.012956415957150413,0.01387146956870261
30,20,302123,0.5,0.25,0.02,0.4,0.5,1000,6,0.001,25,25,minibatch,600,0.021230633186423487,0.00022536989274823314,0.013869991463457187,0.012951491000531834,0.013869991463457187
30,20,302123,0.5,0.25,0.02,0.4,0.5,1000,6,0.001,25,25,minibatch,625,0.02071033890115704,0.00021445906870038928,0.01386642326392501,0.012947535780244768,0.01386642326392501
30,20,302123,0.5,0.25,0.02,0.4,0.5,1000,6,0.001,25,25,minibatch,650,0.020261185473104668,0.0002052578183877738,0.013865031469057543,0.012941659061250832,0.013865031469057543
30,20,302123,0.5,0.25,0.02,0.4,0.5,1000,6,0.001,25,25,minibatch,675,0.019739971045017953,0.00019483322842907359,0.013862950624497383,0.012934962105398184,0.013862950624497383
30,20,302123,0.5,0.25,0.02,0.4,0.5,1000,6,0.001,25,25,minibatch,700,0.01932184103906925,0.00018666677056953035,0.013860392601367177,0.012932838795329693,0.013860392601367177
30,20,302123,0.5,0.25,0.02,0.4,0.5,1000,6,0.001,25,25,minibatch,725,0.01889469192705148,0.00017850469150909216,0.013858534989889981,0.012928148190029631,0.013858534989889981
30,20,302123,0.5,0.25,0.02,0.4,0.5,1000,6,0.001,25,25,minibatch,750,0.018451976163479933,0.0001702377121688158,0.013857374291416702,0.012926004579365269,0.013857374291416702
30,20,302123,0.5,0.25,0.02,0.4,0.5,1000,6,0.001,25,25,minibatch,775,0.01802354404535869,0.00016242406997749238,0.013855682849751083,0.012920957825886259,0.013855682849751083
30,20,302123,0.5,0.25,0.02,0.4,0.5,1000,6,0.001,25,25,minibatch,800,0.01761418472494174,0.00015512975176218546,0.013853563324059015,0.012915959294965085,0.013853563324059015
30,20,302123,0.5,0.25,0.02,0.4,0.5,1000,6,0.001,25,25,minibatch,825,0.01729010017119106,0.00014947378196491056,0.01385124619773298,0.012913056075500029,0.01385124619773298
30,20,302123,0.5,0.25,0.02,0.4,0.5,1000,6,0.001,25,25,minibatch,850,0.016914217512822446,0.00014304537703553478,0.01384903911950841,0.012908565744595757,0.01384903911950841
30,20,302123,0.5,0.25,0.02,0.4,0.5,1000,6,0.001,25,25,minibatch,875,0.01651164265391784,0.0001363171715653395,0.013846489645997107,0.012905186363380117,0.013846489645997107
30,20,302123,0.5,0.25,0.02,0.4,0.5,1000,6,0.001,25,25,minibatch,900,0.016159845087782287,0.00013057029663056066,0.013844425788700765,0.012901442277782782,0.013844425788700765
30,20,302123,0.5,0.25,0.02,0.4,0.5,1000,6,0.001,25,25,minibatch,925,0.015881694963982236,0.00012611411746448937,0.013842654481463434,0.012897822889547605,0.013842654481463434
30,20,302123,0.5,0.25,0.02,0.4,0.5,1000,6,0.001,25,25,minibatch,950,0.015552213751331997,0.00012093567628356003,0.013841274189147379,0.012895067884811373,0.013841274189147379
30,20,302123,0.5,0.25,0.02,0.4,0.5,1000,6,0.001,25,25,minibatch,975,0.015280680247956039,0.00011674959442013692,0.013839968253721302,0.01289151589992199,0.013839968253721302
30,20,302123,0.5,0.25,0.02,0.4,0.5,1000,6,0.001,25,25,minibatch,1000,0.015004928964525934,0.00011257394661523465,0.013838691400733516,0.01288854530689576,0.013838691400733516
100,20,1002123,0.5,0.25,0.02,0.4,0.5,1000,10,0.001,25,25,full_batch,0,0.042062152240194946,0.0008846123255386683,0.00940034226682579,0.00940034226682579,0.003913588771301324
100,20,1002123,0.5,0.25,0.02,0.4,0.5,1000,10,0.001,25,25,full_batch,25,0.033735660630935235,0.0005690473991028168,0.009341302794239947,0.009341302794239947,0.0038932560630717816
100,20,1002123,0.5,0.25,0.02,0.4,0.5,1000,10,0.001,25,25,full_batch,50,0.03038496055490773,0.00046162291396164933,0.009317712055007366,0.009317712055007366,0.0038851113682475402
100,20,1002123,0.5,0.25,0.02,0.4,0.5,1000,10,0.001,25,25,full_batch,75,0.02803617265144736,0.00039301348847088245,0.009301205700475046,0.009301205700475046,0.0038796160663208124
100,20,1002123,0.5,0.25,0.02,0.4,0.5,1000,10,0.001,25,25,full_batch,100,0.02619625512749879,0.00034312189135250336,0.009288294020346588,0.009288294020346588,0.003875232906118131
100,20,1002123,0.5,0.25,0.02,0.4,0.5,1000,10,0.001,25,25,full_batch,125,0.02467500521358278,0.0003044279411451687,0.00927763151697747,0.00927763151697747,0.0038715973893990174
100,20,1002123,0.5,0.25,0.02,0.4,0.5,1000,10,0.001,25,25,full_batch,150,0.023375604754346815,0.0002732094488157207,0.009268533640246657,0.009268533640246657,0.003868483783756038
100,20,1002123,0.5,0.25,0.02,0.4,0.5,1000,10,0.001,25,25,full_batch,175,0.022241030400056334,0.000247331716628115,0.009260597398550952,0.009260597398550952,0.003865758890236437
100,20,1002123,0.5,0.25,0.02,0.4,0.5,1000,10,0.001,25,25,full_batch,200,0.021234461908227968,0.0002254511862659923,0.009253562695783757,0.009253562695783757,0.0038633365501643535
100,20,1002123,0.5,0.25,0.02,0.4,0.5,1000,10,0.001,25,25,full_batch,225,0.020330558667352422,0.00020666580786332935,0.009247250605053603,0.009247250605053603,0.003861157367915369
100,20,1002123,0.5,0.25,0.02,0.4,0.5,1000,10,0.001,25,25,full_batch,250,0.01951104138982753,0.00019034036805778152,0.00924153211278006,0.00924153211278006,0.003859178430654975
100,20,1002123,0.5,0.25,0.02,0.4,0.5,1000,10,0.001,25,25,full_batch,275,0.018762239060202704,0.000176010807276098,0.00923631076942727,0.00923631076942727,0.0038573366866879732
100,20,1002123,0.5,0.25,0.02,0.4,0.5,1000,10,0.001,25,25,full_batch,300,0.018073629445735425,0.0001633280406708773,0.009231512369599792,0.009231512369599792,0.0038556124865071206
100,20,1002123,0.5,0.25,0.02,0.4,0.5,1000,10,0.001,25,25,full_batch,325,0.01743692242005914,0.00015202313174158055,0.009227078471778893,0.009227078471778893,0.0038540114361275135
100,20,1002123,0.5,0.25,0.02,0.4,0.5,1000,10,0.001,25,25,full_batch,350,0.016845458536153345,0.0001418847366466308,0.009222962147591718,0.009222962147591718,0.003852518302073671
100,20,1002123,0.5,0.25,0.02,0.4,0.5,1000,10,0.001,25,25,full_batch,375,0.016293799985856894,0.00013274395898955506,0.009219125091458058,0.009219125091458058,0.003851120584308698
100,20,1002123,0.5,0.25,0.02,0.4,0.5,1000,10,0.001,25,25,full_batch,400,0.015777443884186518,0.0001244638677593273,0.009215535595038182,0.009215535595038182,0.0038498078834077187
100,20,1002123,0.5,0.25,0.02,0.4,0.5,1000,10,0.001,25,25,full_batch,425,0.015292616067386517,0.00011693205309224413,0.009212167090798695,0.009212167090798695,0.003848571443847537
100,20,1002123,0.5,0.25,0.02,0.4,0.5,1000,10,0.001,25,25,full_batch,450,0.014836119474345384,0.00011005522052852519,0.009208997081331605,0.009208997081331605,0.0038474038170485114
100,20,1002123,0.5,0.25,0.02,0.4,0.5,1000,10,0.001,25,25,full_batch,475,0.014405220490448711,0.0001037551886892217,0.00920600633692159,0.00920600633692159,0.0038462986079397243
100,20,1002123,0.5,0.25,0.02,0.4,0.5,1000,10,0.001,25,25,full_batch,500,0.01399756229071235,9.796587504118619e-05,0.00920317828385625,0.00920317828385625,0.003845250281108936
100,20,1002123,0.5,0.25,0.02,0.4,0.5,1000,10,0.001,25,25,full_batch,525,0.013611097767143058,9.263099121336337e-05,0.00920049853107685,0.00920049853107685,0.0038442540102803235
100,20,1002123,0.5,0.25,0.02,0.4,0.5,1000,10,0.001,25,25,full_batch,550,0.013244036912631867,8.770225687157771e-05,0.009197954498925298,0.009197954498925298,0.003843305559875776
100,20,1002123,0.5,0.25,0.02,0.4,0.5,1000,10,0.001,25,25,full_batch,575,0.01289480504469153,8.313799857030107e-05,0.00919553512443455,0.00919553512443455,0.003842401190687128
100,20,1002123,0.5,0.25,0.02,0.4,0.5,1000,10,0.001,25,25,full_batch,600,0.01256200927255034,7.890203848182038e-05,0.009193230624820248,0.009193230624820248,0.0038415375839415677
100,20,1002123,0.5,0.25,0.02,0.4,0.5,1000,10,0.001,25,25,full_batch,625,0.012244411313531847,7.496280420747334e-05,0.00919103230578916,0.00919103230578916,0.0038407117795654644
100,20,1002123,0.5,0.25,0.02,0.4,0.5,1000,10,0.001,25,25,full_batch,650,0.011940905256894665,7.129260917706732e-05,0.009188932404769035,0.009188932404769035,0.0038399211255406573
100,20,1002123,0.5,0.25,0.02,0.4,0.5,1000,10,0.001,25,25,full_batch,675,0.011650499223877269,6.786706608278243e-05,0.00918692396163101,0.00918692396163101,0.0038391632360210703
100,20,1002123,0.5,0.25,0.02,0.4,0.5,1000,10,0.001,25,25,full_batch,700,0.011372300126011467,6.466460507804022e-05,0.009185000711271152,0.009185000711271152,0.0038384359564278547
100,20,1002123,0.5,0.25,0.02,0.4,0.5,1000,10,0.001,25,25,full_batch,725,0.011105500909313193,6.166607522337808e-05,0.00918315699373018,0.00918315699373018,0.003837737334162039
100,20,1002123,0.5,0.25,0.02,0.4,0.5,1000,10,0.001,25,25,full_batch,750,0.010849369809544256,5.885441263212518e-05,0.009181387678498132,0.009181387678498132,0.0038370655938708698
100,20,1002123,0.5,0.25,0.02,0.4,0.5,1000,10,0.001,25,25,full_batch,775,0.010603241246908784,5.6214362470073874e-05,0.009179688100379002,0.009179688100379002,0.003836419116432066
100,20,1002123,0.5,0.25,0.02,0.4,0.5,1000,10,0.001,25,25,full_batch,800,0.01036650806676323,5.3732244749133564e-05,0.00917805400484728,0.00917805400484728,0.003835796421002846
100,20,1002123,0.5,0.25,0.02,0.4,0.5,1000,10,0.001,25,25,full_batch,825,0.010138614892770594,5.139575597195484e-05,0.00917648150124789,0.00917648150124789,0.0038351961496031484
100,20,1002123,0.5,0.25,0.02,0.4,0.5,1000,10,0.001,25,25,full_batch,850,0.009919052405155558,4.919380030811113e-05,0.009174967022515357,0.009174967022515357,0.0038346170538131608
100,20,1002123,0.5,0.25,0.02,0.4,0.5,1000,10,0.001,25,25,full_batch,875,0.009707352392733532,4.711634523835472e-05,0.009173507290348049,0.009173507290348049,0.0038340640632058554
100,20,1002123,0.5,0.25,0.02,0.4,0.5,1000,10,0.001,25,25,full_batch,900,0.009503083455663048,4.515429758264837e-05,0.009172099284967039,0.009172099284967039,0.003833542403546053
100,20,1002123,0.5,0.25,0.02,0.4,0.5,1000,10,0.001,25,25,full_batch,925,0.009305847258227338,4.329939659672863e-05,0.009170740218751694,0.009170740218751694,0.0038330388246126113
100,20,1002123,0.5,0.25,0.02,0.4,0.5,1000,10,0.001,25,25,full_batch,950,0.009115275248781864,4.1544121430527635e-05,0.009169427513163853,0.009169427513163853,0.0038325553469955587
100,20,1002123,0.5,0.25,0.02,0.4,0.5,1000,10,0.001,25,25,full_batch,975,0.008931025778276909,3.988161072612333e-05,0.009168158778481816,0.009168158778481816,0.0038321084120688242
100,20,1002123,0.5,0.25,0.02,0.4,0.5,1000,10,0.001,25,25,full_batch,1000,0.008752781560304426,3.830559252120259e-05,0.009166931795937305,0.009166931795937305,0.003831676247712301
100,20,1002123,0.5,0.25,0.02,0.4,0.5,1000,10,0.001,25,25,minibatch,0,0.042062152240194946,0.0008846123255386683,0.00940034226682579,0.00940034226682579,0.003913588771301324
100,20,1002123,0.5,0.25,0.02,0.4,0.5,1000,10,0.001,25,25,minibatch,25,0.033646650290998316,0.0005660485379023686,0.009339233389400292,0.009339233389400292,0.0038917584815989503
100,20,1002123,0.5,0.25,0.02,0.4,0.5,1000,10,0.001,25,25,minibatch,50,0.03029106544282964,0.000458774322830894,0.009314852820181296,0.009314852820181296,0.003882613541935309
100,20,1002123,0.5,0.25,0.02,0.4,0.5,1000,10,0.001,25,25,minibatch,75,0.02807831817045391,0.0003941959756406211,0.0092988658063749,0.0092988658063749,0.0038774408525503734
100,20,1002123,0.5,0.25,0.02,0.4,0.5,1000,10,0.001,25,25,minibatch,100,0.026304876382515847,0.00034597326074972,0.009285799365896075,0.009285799365896075,0.0038733282185050566
100,20,1002123,0.5,0.25,0.02,0.4,0.5,1000,10,0.001,25,25,minibatch,125,0.024762396676822295,0.0003065881445901499,0.009274876429122614,0.009274876429122614,0.003869965827012045
100,20,1002123,0.5,0.25,0.02,0.4,0.5,1000,10,0.001,25,25,minibatch,150,0.023492844755786155,0.0002759568773597345,0.00926671980962035,0.00926671980962035,0.003867631182407294
100,20,1002123,0.5,0.25,0.02,0.4,0.5,1000,10,0.001,25,25,minibatch,175,0.02238151504215284,0.000250466107791057,0.009259602038298342,0.009259602038298342,0.003865276908978199
100,20,1002123,0.5,0.25,0.02,0.4,0.5,1000,10,0.001,25,25,minibatch,200,0.02139654353782953,0.00022890603768311733,0.009252866056180198,0.009252866056180198,0.0038635588122494235
100,20,1002123,0.5,0.25,0.02,0.4,0.5,1000,10,0.001,25,25,minibatch,225,0.020500875110510377,0.00021014294014837194,0.009246206993115347,0.009246206993115347,0.0038613717287319105
100,20,1002123,0.5,0.25,0.02,0.4,0.5,1000,10,0.001,25,25,minibatch,250,0.01964877304796068,0.00019303714114513298,0.009240177232401059,0.009240177232401059,0.0038592918572618595
100,20,1002123,0.5,0.25,0.02,0.4,0.5,1000,10,0.001,25,25,minibatch,275,0.018878520967117042,0.0001781992769529389,0.009234847119445166,0.009234847119445166,0.0038572432949932622
100,20,1002123,0.5,0.25,0.02,0.4,0.5,1000,10,0.001,25,25,minibatch,300,0.018197493147273706,0.00016557437842253675,0.00923020655266038,0.00923020655266038,0.0038549937054738193
100,20,1002123,0.5,0.25,0.02,0.4,0.5,1000,10,0.001,25,25,minibatch,325,0.01754798876385715,0.0001539659548282284,0.009226314940062319,0.009226314940062319,0.0038539049379844315
100,20,1002123,0.5,0.25,0.02,0.4,0.5,1000,10,0.001,25,25,minibatch,350,0.016920902356109525,0.00014315846827249644,0.009222110772404979,0.009222110772404979,0.0038523338990315015
100,20,1002123,0.5,0.25,0.02,0.4,0.5,1000,10,0.001,25,25,minibatch,375,0.016388044789136764,0.00013428400600537632,0.009218006652530086,0.009218006652530086,0.0038514584091255966
100,20,1002123,0.5,0.25,0.02,0.4,0.5,1000,10,0.001,25,25,minibatch,400,0.01589609843164389,0.0001263429726742557,0.009214606421321714,0.009214606421321714,0.0038495530184934346
100,20,1002123,0.5,0.25,0.02,0.4,0.5,1000,10,0.001,25,25,minibatch,425,0.015397087068186231,0.00011853514509265384,0.00921101640081562,0.00921101640081562,0.003848436609409145
100,20,1002123,0.5,0.25,0.02,0.4,0.5,1000,10,0.001,25,25,minibatch,450,0.01492144938689402,0.00011132482590281996,0.009208047269442021,0.009208047269442021,0.0038472432042463423
100,20,1002123,0.5,0.25,0.02,0.4,0.5,1000,10,0.001,25,25,minibatch,475,0.014484031338835841,0.00010489358191218939,0.00920501738120344,0.00920501738120344,0.0038461588726489415
100,20,1002123,0.5,0.25,0.02,0.4,0.5,1000,10,0.001,25,25,minibatch,500,0.014075072887364176,9.905383839230706e-05,0.00920226970817467,0.00920226970817467,0.003844595632009784
100,20,1002123,0.5,0.25,0.02,0.4,0.5,1000,10,0.001,25,25,minibatch,525,0.013610666028449991,9.262511486900133e-05,0.009199233970852427,0.009199233970852427,0.003843818805645771
100,20,1002123,0.5,0.25,0.02,0.4,0.5,1000,10,0.001,25,25,minibatch,550,0.013276721512013645,8.813566705378295e-05,0.00919748892114286,0.00919748892114286,0.003842665026828951
100,20,1002123,0.5,0.25,0.02,0.4,0.5,1000,10,0.001,25,25,minibatch,575,0.012933983165304246,8.364396026018682e-05,0.009195095275880805,0.009195095275880805,0.0038422358031560133
100,20,1002123,0.5,0.25,0.02,0.4,0.5,1000,10,0.001,25,25,minibatch,600,0.012597716989119469,7.935123666897464e-05,0.009192772201263577,0.009192772201263577,0.0038411112497165334
100,20,1002123,0.5,0.25,0.02,0.4,0.5,1000,10,0.001,25,25,minibatch,625,0.012279660991019072,7.539503702717774e-05,0.009190543345376334,0.009190543345376334,0.0038403293994067056
100,20,1002123,0.5,0.25,0.02,0.4,0.5,1000,10,0.001,25,25,minibatch,650,0.011979953660110497,7.175964484919745e-05,0.009188451066217462,0.009188451066217462,0.0038394815410510708
100,20,1002123,0.5,0.25,0.02,0.4,0.5,1000,10,0.001,25,25,minibatch,675,0.011674303285512444,6.814467860106333e-05,0.00918623460955914,0.00918623460955914,0.00383848884124538
100,20,1002123,0.5,0.25,0.02,0.4,0.5,1000,10,0.001,25,25,minibatch,700,0.011363936934426253,6.456953132480857e-05,0.009184027254854954,0.009184027254854954,0.003837738881038666
100,20,1002123,0.5,0.25,0.02,0.4,0.5,1000,10,0.001,25,25,minibatch,725,0.011130980066002435,6.194935861487178e-05,0.009182949880340852,0.009182949880340852,0.0038369701372400478
100,20,1002123,0.5,0.25,0.02,0.4,0.5,1000,10,0.001,25,25,minibatch,750,0.010878774428046767,5.9173866528162136e-05,0.009181604082625139,0.009181604082625139,0.0038364937706428792
100,20,1002123,0.5,0.25,0.02,0.4,0.5,1000,10,0.001,25,25,minibatch,775,0.010639172682530083,5.659599768434719e-05,0.00918000589512391,0.00918000589512391,0.003835584673520298
100,20,1002123,0.5,0.25,0.02,0.4,0.5,1000,10,0.001,25,25,minibatch,800,0.010389111028721604,5.3966813983552434e-05,0.009178446779916971,0.009178446779916971,0.0038347219991325954
100,20,1002123,0.5,0.25,0.02,0.4,0.5,1000,10,0.001,25,25,minibatch,825,0.010167022219194846,5.1684170402800847e-05,0.00917690384812464,0.00917690384812464,0.003834209865702043
100,20,1002123,0.5,0.25,0.02,0.4,0.5,1000,10,0.001,25,25,minibatch,850,0.009955400580117313,4.955500035530007e-05,0.009175688208518884,0.009175688208518884,0.0038337103805918815
100,20,1002123,0.5,0.25,0.02,0.4,0.5,1000,10,0.001,25,25,minibatch,875,0.009759567788155808,4.762458170580423e-05,0.009174468123572366,0.009174468123572366,0.0038333088423344597
100,20,1002123,0.5,0.25,0.02,0.4,0.5,1000,10,0.001,25,25,minibatch,900,0.009577619411200099,4.586539679289847e-05,0.00917328066084011,0.00917328066084011,0.0038331375587835614
100,20,1002123,0.5,0.25,0.02,0.4,0.5,1000,10,0.001,25,25,minibatch,925,0.009391813384645453,4.4103079326002745e-05,0.00917185213110877,0.00917185213110877,0.0038327656584410397
100,20,1002123,0.5,0.25,0.02,0.4,0.5,1000,10,0.001,25,25,minibatch,950,0.009187479899405208,4.220489345098737e-05,0.009170480675048387,0.009170480675048387,0.003832103758651284
100,20,1002123,0.5,0.25,0.02,0.4,0.5,1000,10,0.001,25,25,minibatch,975,0.009013414094645962,4.062081682078124e-05,0.009169096048729286,0.009169096048729286,0.003831933370569862
100,20,1002123,0.5,0.25,0.02,0.4,0.5,1000,10,0.001,25,25,minibatch,1000,0.008831788879282718,3.9000247404110944e-05,0.009168248034018667,0.009168248034018667,0.0038315509952908666
30,20,302123,0.5,0.25,0.02,0.5,0.5,1000,6,0.001,25,25,full_batch,0,0.06938924242737492,0.0024074334823225036,0.014194061668509617,0.013391379516060287,0.014194061668509617
30,20,302123,0.5,0.25,0.02,0.5,0.5,1000,6,0.001,25,25,full_batch,25,0.052938820226242606,0.0014012593434732166,0.014067450102940526,0.0132373643323897,0.014067450102940526
30,20,302123,0.5,0.25,0.02,0.5,0.5,1000,6,0.001,25,25,full_batch,50,0.046578205387399374,0.0010847646085553801,0.01402345036868996,0.013179199808713182,0.01402345036868996
30,20,302123,0.5,0.25,0.02,0.5,0.5,1000,6,0.001,25,25,full_batch,75,0.042215057960052385,0.0008910555592852911,0.013994142391776765,0.013139309194490356,0.013994142391776765
30,20,302123,0.5,0.25,0.02,0.5,0.5,1000,6,0.001,25,25,full_batch,100,0.03885540581457795,0.000754871280507769,0.013972077492886037,0.013108602697044336,0.013972077492886037
30,20,302123,0.5,0.25,0.02,0.5,0.5,1000,6,0.001,25,25,full_batch,125,0.03611815250154729,0.0006522604700625134,0.013954433863933524,0.013083593801892834,0.013954433863933524
30,20,302123,0.5,0.25,0.02,0.5,0.5,1000,6,0.001,25,25,full_batch,150,0.03381039043279488,0.0005715712506090138,0.013939798291396965,0.013062517107194638,0.013939798291396965
30,20,302123,0.5,0.25,0.02,0.5,0.5,1000,6,0.001,25,25,full_batch,175,0.03181910051786812,0.0005062275788830976,0.013927350936038752,0.013044338052503157,0.013927350936038752
30,20,302123,0.5,0.25,0.02,0.5,0.5,1000,6,0.001,25,25,full_batch,200,0.030071674868777515,0.00045215281470673257,0.013916569951003432,0.013028391860939903,0.013916569951003432
30,20,302123,0.5,0.25,0.02,0.5,0.5,1000,6,0.001,25,25,full_batch,225,0.028518387487330068,0.0004066492124387521,0.013907301677695494,0.013014223181850026,0.013907301677695494
30,20,302123,0.5,0.25,0.02,0.5,0.5,1000,6,0.001,25,25,full_batch,250,0.027123539548703456,0.0003678431988250402,0.01389931363042951,0.013001505072268715,0.01389931363042951
30,20,302123,0.5,0.25,0.02,0.5,0.5,1000,6,0.001,25,25,full_batch,275,0.025860555982297098,0.00033438417785676113,0.013892092106913445,0.012989994123755344,0.013892092106913445
30,20,302123,0.5,0.25,0.02,0.5,0.5,1000,6,0.001,25,25,full_batch,300,0.024709075494726385,0.000305269205902044,0.013885519225098952,0.012979503827665273,0.013885519225098952
30,20,302123,0.5,0.25,0.02,0.5,0.5,1000,6,0.001,25,25,full_batch,325,0.023653127433481982,0.00027973521869226897,0.013879502361685114,0.012969887885676712,0.013879502361685114
30,20,302123,0.5,0.25,0.02,0.5,0.5,1000,6,0.001,25,25,full_batch,350,0.02267993857978207,0.00025718980699134355,0.013873967323196679,0.012961029285376069,0.013873967323196679
30,20,302123,0.5,0.25,0.02,0.5,0.5,1000,6,0.001,25,25,full_batch,375,0.0217791236014908,0.00023716511242450678,0.013868853704337436,0.012952832887524024,0.013868853704337436
30,20,302123,0.5,0.25,0.02,0.5,0.5,1000,6,0.001,25,25,full_batch,400,0.02094211896799422,0.0002192861734348116,0.01386411163665291,0.012945220242037536,0.01386411163665291
30,20,302123,0.5,0.25,0.02,0.5,0.5,1000,6,0.001,25,25,full_batch,425,0.02016177679882546,0.00020324862184282832,0.01385969945196458,0.012938125868208306,0.01385969945196458
30,20,302123,0.5,0.25,0.02,0.5,0.5,1000,6,0.001,25,25,full_batch,450,0.019432066928408036,0.00018880261255506465,0.01385558196571407,0.012931494525780185,0.01385558196571407
30,20,302123,0.5,0.25,0.02,0.5,0.5,1000,6,0.001,25,25,full_batch,475,0.01874785409058236,0.00017574101650088284,0.013851729191252105,0.012925279173908899,0.013851729191252105
30,20,302123,0.5,0.25,0.02,0.5,0.5,1000,6,0.001,25,25,full_batch,500,0.018104728427686324,0.00016389059572013666,0.013848115360472646,0.012919439418472956,0.013848115360472646
30,20,302123,0.5,0.25,0.02,0.5,0.5,1000,6,0.001,25,25,full_batch,525,0.017498874606320648,0.0001531053062438668,0.013844718166529602,0.01291394031297205,0.013844718166529602
30,20,302123,0.5,0.25,0.02,0.5,0.5,1000,6,0.001,25,25,full_batch,550,0.016926969378131398,0.00014326114616409902,0.013841518170402911,0.012908751419971887,0.013841518170402911
30,20,302123,0.5,0.25,0.02,0.5,0.5,1000,6,0.001,25,25,full_batch,575,0.01638610042965827,0.0001342521436454235,0.013838498330234317,0.012903846067560898,0.013838498330234317
30,20,302123,0.5,0.25,0.02,0.5,0.5,1000,6,0.001,25,25,full_batch,600,0.01587370139189077,0.00012598719793945748,0.013835643623971938,0.012899200753838769,0.013835643623971938
30,20,302123,0.5,0.25,0.02,0.5,0.5,1000,6,0.001,25,25,full_batch,625,0.015387499273626848,0.00011838756694793337,0.01383294074382918,0.012894794665233134,0.01383294074382918
30,20,302123,0.5,0.25,0.02,0.5,0.5,1000,6,0.001,25,25,full_batch,650,0.01492547155794912,0.00011138485061357407,0.01383037784665997,0.012890609283340126,0.01383037784665997
30,20,302123,0.5,0.25,0.02,0.5,0.5,1000,6,0.001,25,25,full_batch,675,0.014485810894694114,0.00010491935863841934,0.013827944348341337,0.012886628061368421,0.013827944348341337
30,20,302123,0.5,0.25,0.02,0.5,0.5,1000,6,0.001,25,25,full_batch,700,0.014066895822328548,9.893877903812219e-05,0.013825630753112439,0.012882836155829303,0.013825630753112439
30,20,302123,0.5,0.25,0.02,0.5,0.5,1000,6,0.001,25,25,full_batch,725,0.01366726631876671,9.339708431404747e-05,0.013823428510944813,0.012879220202471453,0.013823428510944813
30,20,302123,0.5,0.25,0.02,0.5,0.5,1000,6,0.001,25,25,full_batch,750,0.013285603251765525,8.825362688166135e-05,0.013821329897565793,0.012875768127956266,0.013821329897565793
30,20,302123,0.5,0.25,0.02,0.5,0.5,1000,6,0.001,25,25,full_batch,775,0.012920711002602617,8.347238640638817e-05,0.013819327912935164,0.012872468990607677,0.013819327912935164
30,20,302123,0.5,0.25,0.02,0.5,0.5,1000,6,0.001,25,25,full_batch,800,0.012571502690449515,7.90213399479897e-05,0.013817416194854548,0.012869312844998315,0.013817416194854548
30,20,302123,0.5,0.25,0.02,0.5,0.5,1000,6,0.001,25,25,full_batch,825,0.01223698754233423,7.487193205562158e-05,0.01381558894507351,0.012866290626199373,0.01381558894507351
30,20,302123,0.5,0.25,0.02,0.5,0.5,1000,6,0.001,25,25,full_batch,850,0.011916260044217425,7.099862672070632e-05,0.013813840865779747,0.012863394050350307,0.013813840865779747
30,20,302123,0.5,0.25,0.02,0.5,0.5,1000,6,0.001,25,25,full_batch,875,0.01160849057920201,6.737852676371092e-05,0.013812167104759299,0.012860615528863584,0.013812167104759299
30,20,302123,0.5,0.25,0.02,0.5,0.5,1000,6,0.001,25,25,full_batch,900,0.011312917314187623,6.399104907882304e-05,0.013810546344322161,0.012857948094066263,0.013810546344322161
30,20,302123,0.5,0.25,0.02,0.5,0.5,1000,6,0.001,25,25,full_batch,925,0.011028839139949526,6.0817646387441304e-05,0.013808875935833576,0.012855385334500424,0.013808875935833576
30,20,302123,0.5,0.25,0.02,0.5,0.5,1000,6,0.001,25,25,full_batch,950,0.010755609504368668,5.7841567905232806e-05,0.01380727331654813,0.012852921338407819,0.01380727331654813
30,20,302123,0.5,0.25,0.02,0.5,0.5,1000,6,0.001,25,25,full_batch,975,0.010492631006371234,5.5047652717931506e-05,0.01380573463899848,0.012850550644185499,0.01380573463899848
30,20,302123,0.5,0.25,0.02,0.5,0.5,1000,6,0.001,25,25,full_batch,1000,0.010239350640547916,5.2422150770044514e-05,0.013804256345811394,0.012848268196809842,0.013804256345811394
30,20,302123,0.5,0.25,0.02,0.5,0.5,1000,6,0.001,25,25,minibatch,0,0.06938924242737492,0.0024074334823225036,0.014194061668509617,0.013391379516060287,0.014194061668509617
30,20,302123,0.5,0.25,0.02,0.5,0.5,1000,6,0.001,25,25,minibatch,25,0.052721430890242726,0.00138977463755732,0.0140610980656099,0.013236624312407297,0.0140610980656099
30,20,302123,0.5,0.25,0.02,0.5,0.5,1000,6,0.001,25,25,minibatch,50,0.04606438438718774,0.0010609637544852929,0.014018990088469463,0.013169383811620361,0.014018990088469463
30,20,302123,0.5,0.25,0.02,0.5,0.5,1000,6,0.001,25,25,minibatch,75,0.041765690204529304,0.0008721864391303576,0.013988526391301825,0.013128158017813862,0.013988526391301825
30,20,302123,0.5,0.25,0.02,0.5,0.5,1000,6,0.001,25,25,minibatch,100,0.03829668655599257,0.0007333181005839709,0.013966195109266999,0.013096413106162108,0.013966195109266999
30,20,302123,0.5,0.25,0.02,0.5,0.5,1000,6,0.001,25,25,minibatch,125,0.035655960361454776,0.0006356737546488171,0.013950251292829452,0.013077457618026866,0.013950251292829452
30,20,302123,0.5,0.25,0.02,0.5,0.5,1000,6,0.001,25,25,minibatch,150,0.0333095899110663,0.0005547643900217049,0.013936484581557496,0.013054958436723052,0.013936484581557496
30,20,302123,0.5,0.25,0.02,0.5,0.5,1000,6,0.001,25,25,minibatch,175,0.03130080515674999,0.0004898702017304134,0.01392197640421805,0.013039372784129089,0.01392197640421805
30,20,302123,0.5,0.25,0.02,0.5,0.5,1000,6,0.001,25,25,minibatch,200,0.0295214242212777,0.0004357572440263208,0.013909967451267269,0.013026902718837385,0.013909967451267269
30,20,302123,0.5,0.25,0.02,0.5,0.5,1000,6,0.001,25,25,minibatch,225,0.02808924185090729,0.0003945027538793808,0.013905011169134118,0.013012835127282352,0.013905011169134118
30,20,302123,0.5,0.25,0.02,0.5,0.5,1000,6,0.001,25,25,minibatch,250,0.026712372502179425,0.00035677542234759574,0.013897270455999977,0.013001370277842927,0.013897270455999977
30,20,302123,0.5,0.25,0.02,0.5,0.5,1000,6,0.001,25,25,minibatch,275,0.025488249574288618,0.0003248254331806119,0.01388871407155795,0.012987584509986605,0.01388871407155795
30,20,302123,0.5,0.25,0.02,0.5,0.5,1000,6,0.001,25,25,minibatch,300,0.024335663996363967,0.00029611227107196274,0.013882510823034933,0.012978792790312,0.013882510823034933
30,20,302123,0.5,0.25,0.02,0.5,0.5,1000,6,0.001,25,25,minibatch,325,0.023410723917353275,0.00027403099716726833,0.013879012969723825,0.01297240914368708,0.013879012969723825
30,20,302123,0.5,0.25,0.02,0.5,0.5,1000,6,0.001,25,25,minibatch,350,0.022473387616766524,0.00025252657548671746,0.013872976700251227,0.012967395091428136,0.013872976700251227
30,20,302123,0.5,0.25,0.02,0.5,0.5,1000,6,0.001,25,25,minibatch,375,0.021601813355448415,0.00023331917012181475,0.013869922229593601,0.012957507285994263,0.013869922229593601
30,20,302123,0.5,0.25,0.02,0.5,0.5,1000,6,0.001,25,25,minibatch,400,0.02087837420318531,0.00021795325468411693,0.013867038476858995,0.01295316392675594,0.013867038476858995
30,20,302123,0.5,0.25,0.02,0.5,0.5,1000,6,0.001,25,25,minibatch,425,0.020094496841656644,0.00020189440165967442,0.013863808754002782,0.01294507035552811,0.013863808754002782
30,20,302123,0.5,0.25,0.02,0.5,0.5,1000,6,0.001,25,25,minibatch,450,0.019393327434079326,0.00018805057448270692,0.013859469959924875,0.012939017950757137,0.013859469959924875
30,20,302123,0.5,0.25,0.02,0.5,0.5,1000,6,0.001,25,25,minibatch,475,0.018734709168451213,0.00017549466381322498,0.013856778276618298,0.012932766101564463,0.013856778276618298
30,20,302123,0.5,0.25,0.02,0.5,0.5,1000,6,0.001,25,25,minibatch,500,0.01810669887248925,0.0001639262720295017,0.013853281646357463,0.012924797793185228,0.013853281646357463
30,20,302123,0.5,0.25,0.02,0.5,0.5,1000,6,0.001,25,25,minibatch,525,0.01758058323158578,0.00015453845338135754,0.013849433051986437,0.012920199532797327,0.013849433051986437
30,20,302123,0.5,0.25,0.02,0.5,0.5,1000,6,0.001,25,25,minibatch,550,0.016961220918664106,0.00014384150752586443,0.013845375744996558,0.012914911948148255,0.013845375744996558
30,20,302123,0.5,0.25,0.02,0.5,0.5,1000,6,0.001,25,25,minibatch,575,0.016330043955847265,0.00013333516779995188,0.013841377705469449,0.01290780942341413,0.013841377705469449
30,20,302123,0.5,0.25,0.02,0.5,0.5,1000,6,0.001,25,25,minibatch,600,0.015846250273687613,0.0001255518238681724,0.013840521426234431,0.012903218135396355,0.013840521426234431
30,20,302123,0.5,0.25,0.02,0.5,0.5,1000,6,0.001,25,25,minibatch,625,0.015362738656822921,0.00011800686951892067,0.01383706310015631,0.012899765997777868,0.01383706310015631
30,20,302123,0.5,0.25,0.02,0.5,0.5,1000,6,0.001,25,25,minibatch,650,0.014964912470045036,0.00011197430261805472,0.013836275769537276,0.012893916698142549,0.013836275769537276
30,20,302123,0.5,0.25,0.02,0.5,0.5,1000,6,0.001,25,25,minibatch,675,0.014470839203386893,0.00010470259362513951,0.013834578913467177,0.012887003801724861,0.013834578913467177
30,20,302123,0.5,0.25,0.02,0.5,0.5,1000,6,0.001,25,25,minibatch,700,0.014105725159072656,9.948574113164764e-05,0.013832287017254585,0.012885770660111096,0.013832287017254585
30,20,302123,0.5,0.25,0.02,0.5,0.5,1000,6,0.001,25,25,minibatch,725,0.013721678925296634,9.41422362644649e-05,0.013830828310258725,0.012881267220288428,0.013830828310258725
30,20,302123,0.5,0.25,0.02,0.5,0.5,1000,6,0.001,25,25,minibatch,750,0.01331610051130497,8.865926641358823e-05,0.013830210007452493,0.012879898898167541,0.013830210007452493
30,20,302123,0.5,0.25,0.02,0.5,0.5,1000,6,0.001,25,25,minibatch,775,0.012925843779739777,8.353871870911875e-05,0.013828897255770634,0.012874885991634444,0.013828897255770634
30,20,302123,0.5,0.25,0.02,0.5,0.5,1000,6,0.001,25,25,minibatch,800,0.012556588185426926,7.883395342920154e-05,0.013827013025198787,0.012869930359658999,0.013827013025198787
30,20,302123,0.5,0.25,0.02,0.5,0.5,1000,6,0.001,25,25,minibatch,825,0.012287302656089419,7.548890328117104e-05,0.013824895904851475,0.012867564011848909,0.013824895904851475
30,20,302123,0.5,0.25,0.02,0.5,0.5,1000,6,0.001,25,25,minibatch,850,0.011951309670351826,7.141690141832254e-05,0.013822758005286873,0.012863151491641744,0.013822758005286873
30,20,302123,0.5,0.25,0.02,0.5,0.5,1000,6,0.001,25,25,minibatch,875,0.01158074810529438,6.705686333913968e-05,0.013820087900500377,0.012860139774327761,0.013820087900500377
30,20,302123,0.5,0.25,0.02,0.5,0.5,1000,6,0.001,25,25,minibatch,900,0.011269720098521173,6.350329554950603e-05,0.01381802559227957,0.012856635956849216,0.01381802559227957
30,20,302123,0.5,0.25,0.02,0.5,0.5,1000,6,0.001,25,25,minibatch,925,0.011046356014787853,6.1010990602719895e-05,0.013816444844089837,0.012853244494816618,0.013816444844089837
30,20,302123,0.5,0.25,0.02,0.5,0.5,1000,6,0.001,25,25,minibatch,950,0.01075594463836601,5.784517253179725e-05,0.01381523045598787,0.012850926110865413,0.01381523045598787
30,20,302123,0.5,0.25,0.02,0.5,0.5,1000,6,0.001,25,25,minibatch,975,0.010539917002191175,5.554492520653931e-05,0.013814149958716215,0.012847559492696503,0.013814149958716215
30,20,302123,0.5,0.25,0.02,0.5,0.5,1000,6,0.001,25,25,minibatch,1000,0.010314310514709962,5.319250069692824e-05,0.013813171453529172,0.012844933162926064,0.013813171453529172
100,20,1002123,0.5,0.25,0.02,0.5,0.5,1000,10,0.001,25,25,full_batch,0,0.042062152240194946,0.0008846123255386683,0.00940034226682579,0.00940034226682579,0.003913588771301324
100,20,1002123,0.5,0.25,0.02,0.5,0.5,1000,10,0.001,25,25,full_batch,25,0.03191363844218155,0.000509240159309144,0.00932846689624195,0.00932846689624195,0.0038887398885441016
100,20,1002123,0.5,0.25,0.02,0.5,0.5,1000,10,0.001,25,25,full_batch,50,0.02800050974399707,0.00039201427296183737,0.0093009534333226,0.0093009534333226,0.003879530835844469
100,20,1002123,0.5,0.25,0.02,0.5,0.5,1000,10,0.001,25,25,full_batch,75,0.025320969194185118,0.00032057574046643586,0.009282155792967484,0.009282155792967484,0.0038731419936552935
100,20,1002123,0.5,0.25,0.02,0.5,0.5,1000,10,0.001,25,25,full_batch,100,0.023260807428720606,0.00027053258111801187,0.009267728497601102,0.009267728497601102,0.0038682079449734452
100,20,1002123,0.5,0.25,0.02,0.5,0.5,1000,10,0.001,25,25,full_batch,125,0.021584579376449996,0.00023294703342913525,0.009256007147694534,0.009256007147694534,0.0038641792577983614
100,20,1002123,0.5,0.25,0.02,0.5,0.5,1000,10,0.001,25,25,full_batch,150,0.020173131777472673,0.0002034776228556389,0.00924615004327678,0.00924615004327678,0.003860777088425138
100,20,1002123,0.5,0.25,0.02,0.5,0.5,1000,10,0.001,25,25,full_batch,175,0.0189566733445806,0.00017967773214656632,0.009237664512699861,0.009237664512699861,0.003857821787530802
100,20,1002123,0.5,0.25,0.02,0.5,0.5,1000,10,0.001,25,25,full_batch,200,0.01789037925893572,0.00016003283501427873,0.009230234331235765,0.009230234331235765,0.0038551520190130972
100,20,1002123,0.5,0.25,0.02,0.5,0.5,1000,10,0.001,25,25,full_batch,225,0.016943559474830037,0.00014354210383855137,0.00922364312309587,0.00922364312309587,0.0038527660167888556
100,20,1002123,0.5,0.25,0.02,0.5,0.5,1000,10,0.001,25,25,full_batch,250,0.016094187654946843,0.00012951143813632167,0.009217735685947026,0.009217735685947026,0.0038506133131971376
100,20,1002123,0.5,0.25,0.02,0.5,0.5,1000,10,0.001,25,25,full_batch,275,0.015325871756987318,0.00011744117255581078,0.009212396583208216,0.009212396583208216,0.0038486560700957684
100,20,1002123,0.5,0.25,0.02,0.5,0.5,1000,10,0.001,25,25,full_batch,300,0.014626056370664936,0.00010696076247893419,0.00920753744499797,0.00920753744499797,0.003846865104140562
100,20,1002123,0.5,0.25,0.02,0.5,0.5,1000,10,0.001,25,25,full_batch,325,0.01398489657305905,9.778866607957938e-05,0.009203089015482613,0.009203089015482613,0.003845217383385502
100,20,1002123,0.5,0.25,0.02,0.5,0.5,1000,10,0.001,25,25,full_batch,350,0.01339452096763271,8.970659597617615e-05,0.009198995950285449,0.009198995950285449,0.0038436943805484347
100,20,1002123,0.5,0.25,0.02,0.5,0.5,1000,10,0.001,25,25,full_batch,375,0.01284853173961845,8.254238393199135e-05,0.009195213288251514,0.009195213288251514,0.003842280950322574
100,20,1002123,0.5,0.25,0.02,0.5,0.5,1000,10,0.001,25,25,full_batch,400,0.012341655105174166,7.615822536753578e-05,0.009191703985358124,0.009191703985358124,0.0038409645406543014
100,20,1002123,0.5,0.25,0.02,0.5,0.5,1000,10,0.001,25,25,full_batch,425,0.011869490548505099,7.044240294052593e-05,0.009188437146132045,0.009188437146132045,0.0038397346243059793
100,20,1002123,0.5,0.25,0.02,0.5,0.5,1000,10,0.001,25,25,full_batch,450,0.011428326896369925,6.530332782514612e-05,0.009185386726849376,0.009185386726849376,0.0038385822800701686
100,20,1002123,0.5,0.25,0.02,0.5,0.5,1000,10,0.001,25,25,full_batch,475,0.011015004784648973,6.066516520291988e-05,0.009182530566128833,0.009182530566128833,0.0038374998782600978
100,20,1002123,0.5,0.25,0.02,0.5,0.5,1000,10,0.001,25,25,full_batch,500,0.010626812053799435,5.646456721338848e-05,0.009179849647838523,0.009179849647838523,0.0038364808405093598
100,20,1002123,0.5,0.25,0.02,0.5,0.5,1000,10,0.001,25,25,full_batch,525,0.010261402982396618,5.2648195583569104e-05,0.009177327532151225,0.009177327532151225,0.003835519453555869
100,20,1002123,0.5,0.25,0.02,0.5,0.5,1000,10,0.001,25,25,full_batch,550,0.009916735082618446,4.917081734941774e-05,0.009174949910432273,0.009174949910432273,0.003834610722951326
100,20,1002123,0.5,0.25,0.02,0.5,0.5,1000,10,0.001,25,25,full_batch,575,0.009591019038277198,4.599382309629784e-05,0.009172704252789321,0.009172704252789321,0.003833766742115996
100,20,1002123,0.5,0.25,0.02,0.5,0.5,1000,10,0.001,25,25,full_batch,600,0.00928267861781694,4.308406116083791e-05,0.00917057952592537,0.00917057952592537,0.0038329794696603248
100,20,1002123,0.5,0.25,0.02,0.5,0.5,1000,10,0.001,25,25,full_batch,625,0.00899031825539327,4.041291116662874e-05,0.009168565965026132,0.009168565965026132,0.0038322520196318877
100,20,1002123,0.5,0.25,0.02,0.5,0.5,1000,10,0.001,25,25,full_batch,650,0.008712696595466127,3.795554098232352e-05,0.009166654887660552,0.009166654887660552,0.0038315788966356568
100,20,1002123,0.5,0.25,0.02,0.5,0.5,1000,10,0.001,25,25,full_batch,675,0.008448704724677425,3.569030576239332e-05,0.009164838540696163,0.009164838540696163,0.003830939273678502
100,20,1002123,0.5,0.25,0.02,0.5,0.5,1000,10,0.001,25,25,full_batch,700,0.008197348123900789,3.3598258132209895e-05,0.009163109973408357,0.009163109973408357,0.0038303306781785063
100,20,1002123,0.5,0.25,0.02,0.5,0.5,1000,10,0.001,25,25,full_batch,725,0.007957731599418288,3.166274610419018e-05,0.009161462931566666,0.009161462931566666,0.003829750886706451
100,20,1002123,0.5,0.25,0.02,0.5,0.5,1000,10,0.001,25,25,full_batch,750,0.007729046619597145,2.9869080823953028e-05,0.009159891768447337,0.009159891768447337,0.0038291978930059534
100,20,1002123,0.5,0.25,0.02,0.5,0.5,1000,10,0.001,25,25,full_batch,775,0.007510560608806203,2.82042603292757e-05,0.009158391369624708,0.009158391369624708,0.0038286698809847364
100,20,1002123,0.5,0.25,0.02,0.5,0.5,1000,10,0.001,25,25,full_batch,800,0.0073016078452136386,2.6656738562642678e-05,0.009156957089040074,0.009156957089040074,0.003828165201769096
100,20,1002123,0.5,0.25,0.02,0.5,0.5,1000,10,0.001,25,25,full_batch,825,0.007101581681635262,2.521623119046876e-05,0.009155584694381158,0.009155584694381158,0.0038276823541119054
100,20,1002123,0.5,0.25,0.02,0.5,0.5,1000,10,0.001,25,25,full_batch,850,0.00690992786454764,2.3873551546625954e-05,0.009154270320184676,0.009154270320184676,0.003827219196445686
100,20,1002123,0.5,0.25,0.02,0.5,0.5,1000,10,0.001,25,25,full_batch,875,0.006726138769893167,2.2620471375929982e-05,0.009153010427380037,0.009153010427380037,0.0038267739616798524
100,20,1002123,0.5,0.25,0.02,0.5,0.5,1000,10,0.001,25,25,full_batch,900,0.0065497484084336595,2.1449602106889626e-05,0.009151801768245982,0.009151801768245982,0.0038263466168528826
100,20,1002123,0.5,0.25,0.02,0.5,0.5,1000,10,0.001,25,25,full_batch,925,0.006380328080353106,2.0354293206471176e-05,0.009150641355929967,0.009150641355929967,0.0038259361282630966
100,20,1002123,0.5,0.25,0.02,0.5,0.5,1000,10,0.001,25,25,full_batch,950,0.006217482580266057,1.9328544817955936e-05,0.009149526437833733,0.009149526437833733,0.00382554154276582
100,20,1002123,0.5,0.25,0.02,0.5,0.5,1000,10,0.001,25,25,full_batch,975,0.006060846870940142,1.8366932396492456e-05,0.009148454472292011,0.009148454472292011,0.0038251619797897707
100,20,1002123,0.5,0.25,0.02,0.5,0.5,1000,10,0.001,25,25,full_batch,1000,0.005910083157898602,1.7464541466638356e-05,0.009147423108066044,0.009147423108066044,0.0038247966243141196
100,20,1002123,0.5,0.25,0.02,0.5,0.5,1000,10,0.001,25,25,minibatch,0,0.042062152240194946,0.0008846123255386683,0.00940034226682579,0.00940034226682579,0.003913588771301324
100,20,1002123,0.5,0.25,0.02,0.5,0.5,1000,10,0.001,25,25,minibatch,25,0.0318077616236511,0.0005058668497535058,0.009325962668315313,0.009325962668315313,0.0038869853767546925
100,20,1002123,0.5,0.25,0.02,0.5,0.5,1000,10,0.001,25,25,minibatch,50,0.027893187577278888,0.00038901495661063264,0.009297525141093166,0.009297525141093166,0.0038765330739889414
100,20,1002123,0.5,0.25,0.02,0.5,0.5,1000,10,0.001,25,25,minibatch,75,0.025384626646612223,0.00032218963499394763,0.00927941363978152,0.00927941363978152,0.003870577852997492
100,20,1002123,0.5,0.25,0.02,0.5,0.5,1000,10,0.001,25,25,minibatch,100,0.023407961613284105,0.0002739663334444911,0.009264838619725435,0.009264838619725435,0.003866003627614467
100,20,1002123,0.5,0.25,0.02,0.5,0.5,1000,10,0.001,25,25,minibatch,125,0.021703290364986267,0.00023551640633345287,0.009252826320189367,0.009252826320189367,0.003862329597267622
100,20,1002123,0.5,0.25,0.02,0.5,0.5,1000,10,0.001,25,25,minibatch,150,0.020324821156343563,0.00020654917751867545,0.009244171666605683,0.009244171666605683,0.003859900144002948
100,20,1002123,0.5,0.25,0.02,0.5,0.5,1000,10,0.001,25,25,minibatch,175,0.01913551576159514,0.00018308398173112801,0.00923671894043665,0.00923671894043665,0.0038574010126735114
100,20,1002123,0.5,0.25,0.02,0.5,0.5,1000,10,0.001,25,25,minibatch,200,0.01809367231328022,0.0001636904888901816,0.00922964991650188,0.00922964991650188,0.003855639555013557
100,20,1002123,0.5,0.25,0.02,0.5,0.5,1000,10,0.001,25,25,minibatch,225,0.017155435961310063,0.00014715449151130527,0.009222617704997549,0.009222617704997549,0.0038532074733189647
100,20,1002123,0.5,0.25,0.02,0.5,0.5,1000,10,0.001,25,25,minibatch,250,0.01626411234960485,0.0001322606752602845,0.009216318350164288,0.009216318350164288,0.003850914285456475
100,20,1002123,0.5,0.25,0.02,0.5,0.5,1000,10,0.001,25,25,minibatch,275,0.015468776404777089,0.00011964152173049419,0.009210844299534338,0.009210844299534338,0.0038486983807779485
100,20,1002123,0.5,0.25,0.02,0.5,0.5,1000,10,0.001,25,25,minibatch,300,0.014779767771867026,0.0001092207676951596,0.009206188124273984,0.009206188124273984,0.003846244021740053
100,20,1002123,0.5,0.25,0.02,0.5,0.5,1000,10,0.001,25,25,minibatch,325,0.014122354798257032,9.972045252392671e-05,0.009202419229325798,0.009202419229325798,0.003845249495987191
100,20,1002123,0.5,0.25,0.02,0.5,0.5,1000,10,0.001,25,25,minibatch,350,0.01348833796015683,9.096763046370387e-05,0.009198214006055028,0.009198214006055028,0.0038436396083049162
100,20,1002123,0.5,0.25,0.02,0.5,0.5,1000,10,0.001,25,25,minibatch,375,0.01296665390991542,8.406705680976243e-05,0.009194093493314681,0.009194093493314681,0.0038428732900720464
100,20,1002123,0.5,0.25,0.02,0.5,0.5,1000,10,0.001,25,25,minibatch,400,0.01248991881146856,7.79990359585381e-05,0.0091908169724228,0.0091908169724228,0.0038408185932420347
100,20,1002123,0.5,0.25,0.02,0.5,0.5,1000,10,0.001,25,25,minibatch,425,0.011997525020588408,7.197030330982244e-05,0.009187273122643835,0.009187273122643835,0.0038397306953937838
100,20,1002123,0.5,0.25,0.02,0.5,0.5,1000,10,0.001,25,25,minibatch,450,0.011531572544853923,6.648858267861439e-05,0.009184471821219231,0.009184471821219231,0.0038385410757401095
100,20,1002123,0.5,0.25,0.02,0.5,0.5,1000,10,0.001,25,25,minibatch,475,0.011110581982131666,6.17225159908344e-05,0.009181568593561507,0.009181568593561507,0.0038374707108168593
100,20,1002123,0.5,0.25,0.02,0.5,0.5,1000,10,0.001,25,25,minibatch,500,0.010720108675591313,5.7460365008244064e-05,0.009178990752588323,0.009178990752588323,0.003835806365067307
100,20,1002123,0.5,0.25,0.02,0.5,0.5,1000,10,0.001,25,25,minibatch,525,0.010258168605856382,5.261501157308874e-05,0.009176024446913955,0.009176024446913955,0.0038351236178966186
100,20,1002123,0.5,0.25,0.02,0.5,0.5,1000,10,0.001,25,25,minibatch,550,0.009956105605859624,4.956201941751472e-05,0.009174648129899154,0.009174648129899154,0.0038339657360799695
100,20,1002123,0.5,0.25,0.02,0.5,0.5,1000,10,0.001,25,25,minibatch,575,0.009640871039066839,4.6473197195958856e-05,0.009172428305231628,0.009172428305231628,0.0038337099905840777
100,20,1002123,0.5,0.25,0.02,0.5,0.5,1000,10,0.001,25,25,minibatch,600,0.009327630059704977,4.350234126535594e-05,0.009170273222643799,0.009170273222643799,0.0038325916356792833
100,20,1002123,0.5,0.25,0.02,0.5,0.5,1000,10,0.001,25,25,minibatch,625,0.009038977788619777,4.085155973158084e-05,0.009168215123203927,0.009168215123203927,0.003831908233479342
100,20,1002123,0.5,0.25,0.02,0.5,0.5,1000,10,0.001,25,25,minibatch,650,0.008764698985640439,3.840997415444327e-05,0.0091663097929095,0.0091663097929095,0.0038311727610913504
100,20,1002123,0.5,0.25,0.02,0.5,0.5,1000,10,0.001,25,25,minibatch,675,0.00848349428938701,3.5984837679031005e-05,0.009164227476495979,0.009164227476495979,0.003830185199659164
100,20,1002123,0.5,0.25,0.02,0.5,0.5,1000,10,0.001,25,25,minibatch,700,0.008195780321697125,3.3585407540758916e-05,0.009162143597531924,0.009162143597531924,0.0038295552516423026
100,20,1002123,0.5,0.25,0.02,0.5,0.5,1000,10,0.001,25,25,minibatch,725,0.007998116063212794,3.198493028031126e-05,0.009161452868061526,0.009161452868061526,0.003828852609946032
100,20,1002123,0.5,0.25,0.02,0.5,0.5,1000,10,0.001,25,25,minibatch,750,0.0077733231103394975,3.021227608886906e-05,0.009160400473052055,0.009160400473052055,0.0038284868576453635
100,20,1002123,0.5,0.25,0.02,0.5,0.5,1000,10,0.001,25,25,minibatch,775,0.007565155836425994,2.8615791414705142e-05,0.009159014812454014,0.009159014812454014,0.003827660222939011
100,20,1002123,0.5,0.25,0.02,0.5,0.5,1000,10,0.001,25,25,minibatch,800,0.007341322052943073,2.6947504742514147e-05,0.009157666151759503,0.009157666151759503,0.0038268738998302743
100,20,1002123,0.5,0.25,0.02,0.5,0.5,1000,10,0.001,25,25,minibatch,825,0.007148720593213225,2.555210305991542e-05,0.009156318192154067,0.009156318192154067,0.0038265152839507266
100,20,1002123,0.5,0.25,0.02,0.5,0.5,1000,10,0.001,25,25,minibatch,850,0.006969068342354843,2.4283956780206242e-05,0.009155367344761522,0.009155367344761522,0.003826122531786935
100,20,1002123,0.5,0.25,0.02,0.5,0.5,1000,10,0.001,25,25,minibatch,875,0.006805992899305996,2.3160769672701822e-05,0.009154397131201752,0.009154397131201752,0.0038258725495857737
100,20,1002123,0.5,0.25,0.02,0.5,0.5,1000,10,0.001,25,25,minibatch,900,0.006659285471531826,2.2173041495677424e-05,0.009153452149725072,0.009153452149725072,0.003825881693923283
100,20,1002123,0.5,0.25,0.02,0.5,0.5,1000,10,0.001,25,25,minibatch,925,0.0065041010348587495,2.1151665135825328e-05,0.009152191517969588,0.009152191517969588,0.0038255965259091917
100,20,1002123,0.5,0.25,0.02,0.5,0.5,1000,10,0.001,25,25,minibatch,950,0.0063232436494092895,1.9991705124897455e-05,0.009150993372883387,0.009150993372883387,0.0038249847386341296
100,20,1002123,0.5,0.25,0.02,0.5,0.5,1000,10,0.001,25,25,minibatch,975,0.006180511631771067,1.9099362015228732e-05,0.009149762513314286,0.009149762513314286,0.0038249797115169626
100,20,1002123,0.5,0.25,0.02,0.5,0.5,1000,10,0.001,25,25,minibatch,1000,0.006026944209089682,1.8162028249739828e-05,0.009149194148459605,0.009149194148459605,0.0038246937430819195
30,20,302123,0.5,0.25,0.02,1.0,0.5,1000,6,0.001,25,25,full_batch,0,0.06938924242737492,0.0024074334823225036,0.014194061668509617,0.013391379516060287,0.014194061668509617
30,20,302123,0.5,0.25,0.02,1.0,0.5,1000,6,0.001,25,25,full_batch,25,0.04026321325014035,0.0008105631706131388,0.013981118971202189,0.013121398933960249,0.013981118971202189
30,20,302123,0.5,0.25,0.02,1.0,0.5,1000,6,0.001,25,25,full_batch,50,0.031170613452154383,0.00048580357149181387,0.013923197457516523,0.013038358581666465,0.013923197457516523
30,20,302123,0.5,0.25,0.02,1.0,0.5,1000,6,0.001,25,25,full_batch,75,0.0256115186519699,0.00032797494383010107,0.013890546906422774,0.012987672005804807,0.013890546906422774
30,20,302123,0.5,0.25,0.02,1.0,0.5,1000,6,0.001,25,25,full_batch,100,0.021705132686835698,0.00023555639247657172,0.013868324271450294,0.012952113388177922,0.013868324271450294
30,20,302123,0.5,0.25,0.02,1.0,0.5,1000,6,0.001,25,25,full_batch,125,0.01876246302283332,0.00017601500934159378,0.01385171248201783,0.012925370793279323,0.01385171248201783
30,20,302123,0.5,0.25,0.02,1.0,0.5,1000,6,0.001,25,25,full_batch,150,0.016448683285562444,0.00013527959091437066,0.013838757930970613,0.012904376946073659,0.013838757930970613
30,20,302123,0.5,0.25,0.02,1.0,0.5,1000,6,0.001,25,25,full_batch,175,0.014574961790792141,0.00010621475560152542,0.01382835599252158,0.012887402354512967,0.01382835599252158
30,20,302123,0.5,0.25,0.02,1.0,0.5,1000,6,0.001,25,25,full_batch,200,0.01302429979829866,8.481619261798125e-05,0.013819821494250428,0.012873375782547714,0.013819821494250428
30,20,302123,0.5,0.25,0.02,1.0,0.5,1000,6,0.001,25,25,full_batch,225,0.011719304599623996,6.867105014938407e-05,0.013812701201610655,0.012861588912953192,0.013812701201610655
30,20,302123,0.5,0.25,0.02,1.0,0.5,1000,6,0.001,25,25,full_batch,250,0.010606245160803527,5.6246218205534116e-05,0.013806335480364806,0.01285155021691059,0.013806335480364806
30,20,302123,0.5,0.25,0.02,1.0,0.5,1000,6,0.001,25,25,full_batch,275,0.009646399193651949,4.652650870164448e-05,0.013800751526139243,0.012842905648928982,0.013800751526139243
30,20,302123,0.5,0.25,0.02,1.0,0.5,1000,6,0.001,25,25,full_batch,300,0.008811018370807307,3.8817022365351925e-05,0.013795937678661385,0.01283539250456961,0.013795937678661385
30,20,302123,0.5,0.25,0.02,1.0,0.5,1000,6,0.001,25,25,full_batch,325,0.008078234487048738,3.2628936213871795e-05,0.0137917541824511,0.0128288110689595,0.0137917541824511
30,20,302123,0.5,0.25,0.02,1.0,0.5,1000,6,0.001,25,25,full_batch,350,0.007431072826324854,2.761042167507183e-05,0.013788093082225283,0.012823006413955618,0.013788093082225283
30,20,302123,0.5,0.25,0.02,1.0,0.5,1000,6,0.001,25,25,full_batch,375,0.006856129385093865,2.3503255072573786e-05,0.01378486955058622,0.012817856279990159,0.01378486955058622
30,20,302123,0.5,0.25,0.02,1.0,0.5,1000,6,0.001,25,25,full_batch,400,0.006342662893521625,2.011468629042806e-05,0.01378201594851769,0.012813262759554078,0.01378201594851769
30,20,302123,0.5,0.25,0.02,1.0,0.5,1000,6,0.001,25,25,full_batch,425,0.005881955185390748,1.7298698401472555e-05,0.013779477651084948,0.01280914643987463,0.013779477651084948
30,20,302123,0.5,0.25,0.02,1.0,0.5,1000,6,0.001,25,25,full_batch,450,0.005466850411581862,1.4943226711306387e-05,0.013777210047626276,0.012805442184358029,0.013777210047626276
30,20,302123,0.5,0.25,0.02,1.0,0.5,1000,6,0.001,25,25,full_batch,475,0.005091416551547302,1.2961261250684912e-05,0.013775176343693296,0.012802096034500221,0.013775176343693296
30,20,302123,0.5,0.25,0.02,1.0,0.5,1000,6,0.001,25,25,full_batch,500,0.004750692457544341,1.1284539413084345e-05,0.013773345922697688,0.012799062895315183,0.013773345922697688
30,20,302123,0.5,0.25,0.02,1.0,0.5,1000,6,0.001,25,25,full_batch,525,0.004440495917264615,9.859001995621857e-06,0.013771693106090166,0.012796304779617795,0.013771693106090166
30,20,302123,0.5,0.25,0.02,1.0,0.5,1000,6,0.001,25,25,full_batch,550,0.004157276020837908,8.641471956716937e-06,0.013770196202335216,0.012793789457998583,0.013770196202335216
30,20,302123,0.5,0.25,0.02,1.0,0.5,1000,6,0.001,25,25,full_batch,575,0.0038979982081303608,7.597195015293752e-06,0.013768836768480952,0.012791489407997736,0.013768836768480952
30,20,302123,0.5,0.25,0.02,1.0,0.5,1000,6,0.001,25,25,full_batch,600,0.003660053766996826,6.697996788653829e-06,0.013767599030452937,0.012789380987076604,0.013767599030452937
30,20,302123,0.5,0.25,0.02,1.0,0.5,1000,6,0.001,25,25,full_batch,625,0.003441187862255345,5.920886951666755e-06,0.013766469423385386,0.012787443775168217,0.013766469423385386
30,20,302123,0.5,0.25,0.02,1.0,0.5,1000,6,0.001,25,25,full_batch,650,0.0032394417738897518,5.246991503210991e-06,0.013765436223791339,0.012785660047219816,0.013765436223791339
30,20,302123,0.5,0.25,0.02,1.0,0.5,1000,6,0.001,25,25,full_batch,675,0.003053106147928828,4.660728575260403e-06,0.01376448925275231,0.012784014346465922,0.01376448925275231
30,20,302123,0.5,0.25,0.02,1.0,0.5,1000,6,0.001,25,25,full_batch,700,0.0028806828666882575,4.149166889215638e-06,0.013763619634563962,0.012782493136513251,0.013763619634563962
30,20,302123,0.5,0.25,0.02,1.0,0.5,1000,6,0.001,25,25,full_batch,725,0.0027208537264079213,3.7015225002539357e-06,0.013762819599081322,0.012781084515658347,0.013762819599081322
30,20,302123,0.5,0.25,0.02,1.0,0.5,1000,6,0.001,25,25,full_batch,750,0.0025724545362833836,3.3087611706224794e-06,0.013762082318777125,0.01277977798074631,0.013762082318777125
30,20,302123,0.5,0.25,0.02,1.0,0.5,1000,6,0.001,25,25,full_batch,775,0.0024344535686142577,2.963282088869347e-06,0.013761401773599025,0.012778564230783884,0.013761401773599025
30,20,302123,0.5,0.25,0.02,1.0,0.5,1000,6,0.001,25,25,full_batch,800,0.0023059335262781374,2.6586647138067627e-06,0.013760772638240326,0.012777435002676807,0.013760772638240326
30,20,302123,0.5,0.25,0.02,1.0,0.5,1000,6,0.001,25,25,full_batch,825,0.0021860763726356137,2.389464953497841e-06,0.01376019018760588,0.012776382933102404,0.01376019018760588
30,20,302123,0.5,0.25,0.02,1.0,0.5,1000,6,0.001,25,25,full_batch,850,0.0020741505055300903,2.1510501597953645e-06,0.013759650217140151,0.012775401441776912,0.013759650217140151
30,20,302123,0.5,0.25,0.02,1.0,0.5,1000,6,0.001,25,25,full_batch,875,0.00196949986219934,1.93946485360161e-06,0.013759148975372226,0.012774484632341876,0.013759148975372226
30,20,302123,0.5,0.25,0.02,1.0,0.5,1000,6,0.001,25,25,full_batch,900,0.0018715346235181874,1.7513209235136817e-06,0.013758683106543657,0.012773627207838811,0.013758683106543657
30,20,302123,0.5,0.25,0.02,1.0,0.5,1000,6,0.001,25,25,full_batch,925,0.0017797232497989285,1.5837074229374296e-06,0.013758249601618477,0.012772824398325056,0.013758249601618477
30,20,302123,0.5,0.25,0.02,1.0,0.5,1000,6,0.001,25,25,full_batch,950,0.0016935856306316158,1.4341161441409438e-06,0.013757845756283693,0.012772071898643933,0.013757845756283693
30,20,302123,0.5,0.25,0.02,1.0,0.5,1000,6,0.001,25,25,full_batch,975,0.001612687171070374,1.300379955867483e-06,0.013757469134807965,0.012771365814725377,0.013757469134807965
30,20,302123,0.5,0.25,0.02,1.0,0.5,1000,6,0.001,25,25,full_batch,1000,0.0015366336682490953,1.1806215151983353e-06,0.013757117538838404,0.01277070261709129,0.013757117538838404
30,20,302123,0.5,0.25,0.02,1.0,0.5,1000,6,0.001,25,25,minibatch,0,0.06938924242737492,0.0024074334823225036,0.014194061668509617,0.013391379516060287,0.014194061668509617
30,20,302123,0.5,0.25,0.02,1.0,0.5,1000,6,0.001,25,25,minibatch,25,0.04000747927338598,0.0008002991989052043,0.013970449924652018,0.013122542008042193,0.013970449924652018
30,20,302123,0.5,0.25,0.02,1.0,0.5,1000,6,0.001,25,25,minibatch,50,0.030516780506053436,0.0004656369462273215,0.0139183871734887,0.01302377605475824,0.0139183871734887
30,20,302123,0.5,0.25,0.02,1.0,0.5,1000,6,0.001,25,25,minibatch,75,0.025139697493966738,0.0003160021950440787,0.013883579876276197,0.012972033866516797,0.013883579876276197
30,20,302123,0.5,0.25,0.02,1.0,0.5,1000,6,0.001,25,25,minibatch,100,0.02107193355962696,0.00022201319197066646,0.013860750377373443,0.012934929975872533,0.013860750377373443
30,20,302123,0.5,0.25,0.02,1.0,0.5,1000,6,0.001,25,25,minibatch,125,0.01830994717512042,0.00016762708277785017,0.013847382619827209,0.012920393328682611,0.013847382619827209
30,20,302123,0.5,0.25,0.02,1.0,0.5,1000,6,0.001,25,25,minibatch,150,0.01592903142378173,0.00012686702104991294,0.01383566948343895,0.012896472454230978,0.01383566948343895
30,20,302123,0.5,0.25,0.02,1.0,0.5,1000,6,0.001,25,25,minibatch,175,0.014101025416527704,9.941945889878016e-05,0.013821066648171898,0.01288452396368811,0.013821066648171898
30,20,302123,0.5,0.25,0.02,1.0,0.5,1000,6,0.001,25,25,minibatch,200,0.012521762076938978,7.839726275573358e-05,0.013809829334570645,0.012877059488238696,0.013809829334570645
30,20,302123,0.5,0.25,0.02,1.0,0.5,1000,6,0.001,25,25,minibatch,225,0.011453257184231722,6.558855006407777e-05,0.013810338573154834,0.012865181480474164,0.013810338573154834
30,20,302123,0.5,0.25,0.02,1.0,0.5,1000,6,0.001,25,25,minibatch,250,0.010393181784907477,5.400911380706629e-05,0.013804761681837974,0.01285674609481674,0.013804761681837974
30,20,302123,0.5,0.25,0.02,1.0,0.5,1000,6,0.001,25,25,minibatch,275,0.009514643031397705,4.526421600746246e-05,0.013796622817859372,0.012843071057618671,0.013796622817859372
30,20,302123,0.5,0.25,0.02,1.0,0.5,1000,6,0.001,25,25,minibatch,300,0.008678336309985449,3.765676055460593e-05,0.013792556144290424,0.012838679237260564,0.013792556144290424
30,20,302123,0.5,0.25,0.02,1.0,0.5,1000,6,0.001,25,25,minibatch,325,0.008146148790150713,3.317987005563696e-05,0.013793461937739115,0.012838218021042735,0.013793461937739115
30,20,302123,0.5,0.25,0.02,1.0,0.5,1000,6,0.001,25,25,minibatch,350,0.007576276350836714,2.8699981672123836e-05,0.013789214270217232,0.012839406943437548,0.013789214270217232
30,20,302123,0.5,0.25,0.02,1.0,0.5,1000,6,0.001,25,25,minibatch,375,0.00706943947887506,2.4988487272738637e-05,0.013789913468384318,0.012830312477689176,0.013789913468384318
30,20,302123,0.5,0.25,0.02,1.0,0.5,1000,6,0.001,25,25,minibatch,400,0.006768255780884667,2.2904643157739356e-05,0.013790470009478861,0.012831441485931905,0.013790470009478861
30,20,302123,0.5,0.25,0.02,1.0,0.5,1000,6,0.001,25,25,minibatch,425,0.006294426798876595,1.9809904363207927e-05,0.013789430170422001,0.012824470929396925,0.013789430170422001
30,20,302123,0.5,0.25,0.02,1.0,0.5,1000,6,0.001,25,25,minibatch,450,0.005884298936348475,1.7312486986155895e-05,0.01378628740058735,0.01282111405116726,0.01378628740058735
30,20,302123,0.5,0.25,0.02,1.0,0.5,1000,6,0.001,25,25,minibatch,475,0.005556724770859967,1.5438595089544377e-05,0.01378609400640518,0.012817089485735012,0.01378609400640518
30,20,302123,0.5,0.25,0.02,1.0,0.5,1000,6,0.001,25,25,minibatch,500,0.005190675161335786,1.3471554315254146e-05,0.013784026703265173,0.012809451881748646,0.013784026703265173
30,20,302123,0.5,0.25,0.02,1.0,0.5,1000,6,0.001,25,25,minibatch,525,0.00499516852359152,1.2475854289539744e-05,0.013781295349938938,0.012808272061085146,0.013781295349938938
30,20,302123,0.5,0.25,0.02,1.0,0.5,1000,6,0.001,25,25,minibatch,550,0.004620668013891399,1.0675286447299542e-05,0.013777612469629053,0.012805033587372783,0.013777612469629053
30,20,302123,0.5,0.25,0.02,1.0,0.5,1000,6,0.001,25,25,minibatch,575,0.004189274046078914,8.775008516575196e-06,0.013773743733384691,0.012798014172905381,0.013773743733384691
30,20,302123,0.5,0.25,0.02,1.0,0.5,1000,6,0.001,25,25,minibatch,600,0.003992215216779778,7.968891168544003e-06,0.013776242791098792,0.012795801359994252,0.013776242791098792
30,20,302123,0.5,0.25,0.02,1.0,0.5,1000,6,0.001,25,25,minibatch,625,0.003775912002250126,7.128755724368278e-06,0.013773771890128628,0.012795426050947967,0.013773771890128628
30,20,302123,0.5,0.25,0.02,1.0,0.5,1000,6,0.001,25,25,minibatch,650,0.003722195542508088,6.927369828333541e-06,0.013776110513519513,0.012790221031913851,0.013776110513519513
30,20,302123,0.5,0.25,0.02,1.0,0.5,1000,6,0.001,25,25,minibatch,675,0.003387931667347562,5.739040491308216e-06,0.013776167336025547,0.012782699976966683,0.013776167336025547
30,20,302123,0.5,0.25,0.02,1.0,0.5,1000,6,0.001,25,25,minibatch,700,0.003389058930226161,5.7428602162728465e-06,0.013775303378070036,0.01278630256117036,0.013775303378070036
30,20,302123,0.5,0.25,0.02,1.0,0.5,1000,6,0.001,25,25,minibatch,725,0.003267386258317106,5.337906480519729e-06,0.013775699931811325,0.012782966090801318,0.013775699931811325
30,20,302123,0.5,0.25,0.02,1.0,0.5,1000,6,0.001,25,25,minibatch,750,0.003108769738564901,4.832224643708441e-06,0.013777623880319834,0.012785616218907225,0.013777623880319834
30,20,302123,0.5,0.25,0.02,1.0,0.5,1000,6,0.001,25,25,minibatch,775,0.0029882530644355153,4.464828188554124e-06,0.013777585302022999,0.012780819684531597,0.013777585302022999
30,20,302123,0.5,0.25,0.02,1.0,0.5,1000,6,0.001,25,25,minibatch,800,0.0028434457526240113,4.042591874057765e-06,0.013776344441808475,0.012776155892616048,0.013776344441808475
30,20,302123,0.5,0.25,0.02,1.0,0.5,1000,6,0.001,25,25,minibatch,825,0.002825301914888149,3.99116545513532e-06,0.013775056221959903,0.012776479825740095,0.013775056221959903
30,20,302123,0.5,0.25,0.02,1.0,0.5,1000,6,0.001,25,25,minibatch,850,0.0027432753642332094,3.762779862004424e-06,0.0137735162321031,0.01277238905228295,0.0137735162321031
30,20,302123,0.5,0.25,0.02,1.0,0.5,1000,6,0.001,25,25,minibatch,875,0.0025400239342299635,3.225860793230531e-06,0.013770997427852982,0.012771164941873914,0.013770997427852982
30,20,302123,0.5,0.25,0.02,1.0,0.5,1000,6,0.001,25,25,minibatch,900,0.00244384119023507,2.9861798815447816e-06,0.013769704894929236,0.01276876353043388,0.013769704894929236
30,20,302123,0.5,0.25,0.02,1.0,0.5,1000,6,0.001,25,25,minibatch,925,0.0024630669172573043,3.0333493194437e-06,0.013769260597589428,0.012766347595887018,0.013769260597589428
30,20,302123,0.5,0.25,0.02,1.0,0.5,1000,6,0.001,25,25,minibatch,950,0.0022918299712255397,2.626242308503829e-06,0.01376939360388868,0.012766026085738624,0.01376939360388868
30,20,302123,0.5,0.25,0.02,1.0,0.5,1000,6,0.001,25,25,minibatch,975,0.0023896001432700425,2.855094422358104e-06,0.013769711710821253,0.01276336246366322,0.013769711710821253
30,20,302123,0.5,0.25,0.02,1.0,0.5,1000,6,0.001,25,25,minibatch,1000,0.0024350374596717977,2.964703715002441e-06,0.013770166295526187,0.0127622217532819,0.013770166295526187
100,20,1002123,0.5,0.25,0.02,1.0,0.5,1000,10,0.001,25,25,full_batch,0,0.042062152240194946,0.0008846123255386683,0.00940034226682579,0.00940034226682579,0.003913588771301324
100,20,1002123,0.5,0.25,0.02,1.0,0.5,1000,10,0.001,25,25,full_batch,25,0.024121314920085263,0.00029091891673696394,0.009273739451720664,0.009273739451720664,0.003870268443387226
100,20,1002123,0.5,0.25,0.02,1.0,0.5,1000,10,0.001,25,25,full_batch,50,0.01855841238515068,0.00017220733512865704,0.009234876903289946,0.009234876903289946,0.003856824352156729
100,20,1002123,0.5,0.25,0.02,1.0,0.5,1000,10,0.001,25,25,full_batch,75,0.015172172013920507,0.00011509740180999631,0.009211318560435111,0.009211318560435111,0.0038482612633673474
100,20,1002123,0.5,0.25,0.02,1.0,0.5,1000,10,0.001,25,25,full_batch,100,0.012801558890860425,8.19399550180838e-05,0.009194878471833923,0.009194878471833923,0.0038421572468545495
100,20,1002123,0.5,0.25,0.02,1.0,0.5,1000,10,0.001,25,25,full_batch,125,0.011021819710057333,6.074025486050415e-05,0.009182568997748497,0.009182568997748497,0.0038375160722502466
100,20,1002123,0.5,0.25,0.02,1.0,0.5,1000,10,0.001,25,25,full_batch,150,0.009626820588631598,4.633783732285061e-05,0.009172943131866118,0.009172943131866118,0.0038338566283591113
100,20,1002123,0.5,0.25,0.02,1.0,0.5,1000,10,0.001,25,25,full_batch,175,0.00850046861196068,3.612898331146437e-05,0.009165187383514406,0.009165187383514406,0.003831063317301764
100,20,1002123,0.5,0.25,0.02,1.0,0.5,1000,10,0.001,25,25,full_batch,200,0.00757093293492689,2.8659512752580346e-05,0.009158799234275206,0.009158799234275206,0.0038288145315270583
100,20,1002123,0.5,0.25,0.02,1.0,0.5,1000,10,0.001,25,25,full_batch,225,0.006790764327023027,2.3057240072584252e-05,0.009153447235123735,0.009153447235123735,0.0038269294371070517
100,20,1002123,0.5,0.25,0.02,1.0,0.5,1000,10,0.001,25,25,full_batch,250,0.006127065843164525,1.877046792323671e-05,0.009148901912997942,0.009148901912997942,0.003825321455979358
100,20,1002123,0.5,0.25,0.02,1.0,0.5,1000,10,0.001,25,25,full_batch,275,0.005556162188874657,1.543546913454021e-05,0.009144998339764676,0.009144998339764676,0.003823937960012347
100,20,1002123,0.5,0.25,0.02,1.0,0.5,1000,10,0.001,25,25,full_batch,300,0.005060500249967081,1.2804331389958443e-05,0.009141621118060161,0.009141621118060161,0.003822736587314135
100,20,1002123,0.5,0.25,0.02,1.0,0.5,1000,10,0.001,25,25,full_batch,325,0.004626745875093269,1.0703388696346291e-05,0.009138691688168554,0.009138691688168554,0.0038216851341396074
100,20,1002123,0.5,0.25,0.02,1.0,0.5,1000,10,0.001,25,25,full_batch,350,0.004244562674384852,9.008156148390544e-06,0.009136113767991394,0.009136113767991394,0.00382075862014275
100,20,1002123,0.5,0.25,0.02,1.0,0.5,1000,10,0.001,25,25,full_batch,375,0.003905799505657638,7.627634889197724e-06,0.009133831499779144,0.009133831499779144,0.0038199373343560383
100,20,1002123,0.5,0.25,0.02,1.0,0.5,1000,10,0.001,25,25,full_batch,400,0.003603933171943203,6.4941671539162976e-06,0.009131800216793107,0.009131800216793107,0.0038192054939906184
100,20,1002123,0.5,0.25,0.02,1.0,0.5,1000,10,0.001,25,25,full_batch,425,0.0033336761269714766,5.556698259769772e-06,0.009129983741407777,0.009129983741407777,0.003818550299716117
100,20,1002123,0.5,0.25,0.02,1.0,0.5,1000,10,0.001,25,25,full_batch,450,0.0030906940855356946,4.776194965182661e-06,0.009128352441099441,0.009128352441099441,0.003817961255174196
100,20,1002123,0.5,0.25,0.02,1.0,0.5,1000,10,0.001,25,25,full_batch,475,0.002871398743922234,4.122465373299091e-06,0.009126881802176356,0.009126881802176356,0.003817429667190786
100,20,1002123,0.5,0.25,0.02,1.0,0.5,1000,10,0.001,25,25,full_batch,500,0.002672792998464257,3.5719112063197764e-06,0.009125551365253615,0.009125551365253615,0.003816948272349685
100,20,1002123,0.5,0.25,0.02,1.0,0.5,1000,10,0.001,25,25,full_batch,525,0.0024923535925663173,3.105913215189114e-06,0.009124343918529454,0.009124343918529454,0.0038165109537176
100,20,1002123,0.5,0.25,0.02,1.0,0.5,1000,10,0.001,25,25,full_batch,550,0.0023279409228595285,2.7096544701620364e-06,0.00912324487805899,0.00912324487805899,0.0038161125230105064
100,20,1002123,0.5,0.25,0.02,1.0,0.5,1000,10,0.001,25,25,full_batch,575,0.0021777288661474045,2.37125150722583e-06,0.009122241805821163,0.009122241805821163,0.003815748551037168
100,20,1002123,0.5,0.25,0.02,1.0,0.5,1000,10,0.001,25,25,full_batch,600,0.0020401495761343783,2.0811051465006415e-06,0.00912132403077931,0.00912132403077931,0.0038154152342464442
100,20,1002123,0.5,0.25,0.02,1.0,0.5,1000,10,0.001,25,25,full_batch,625,0.0019138496181075682,1.8314101803652423e-06,0.009120482347911296,0.009120482347911296,0.0038151092886440363
100,20,1002123,0.5,0.25,0.02,1.0,0.5,1000,10,0.001,25,25,full_batch,650,0.0017976547919078159,1.6157813754345664e-06,0.009119708776968827,0.009119708776968827,0.003814827864681569
100,20,1002123,0.5,0.25,0.02,1.0,0.5,1000,10,0.001,25,25,full_batch,675,0.0016905416843107555,1.428965593196123e-06,0.009118996367481202,0.009118996367481202,0.0038145684784046674
100,20,1002123,0.5,0.25,0.02,1.0,0.5,1000,10,0.001,25,25,full_batch,700,0.0015916144849420083,1.2666183343386072e-06,0.009118339039912049,0.009118339039912049,0.0038143289553193016
100,20,1002123,0.5,0.25,0.02,1.0,0.5,1000,10,0.001,25,25,full_batch,725,0.0015000859565344157,1.1251289384958863e-06,0.009117731455343392,0.009117731455343392,0.00381410738430088
100,20,1002123,0.5,0.25,0.02,1.0,0.5,1000,10,0.001,25,25,full_batch,750,0.001415261711523533,1.00148285605226e-06,0.00911716890785147,0.00911716890785147,0.0038139020795010525
100,20,1002123,0.5,0.25,0.02,1.0,0.5,1000,10,0.001,25,25,full_batch,775,0.0013365271405296445,8.93152398686174e-07,0.00911664723507949,0.00911664723507949,0.003813711548668275
100,20,1002123,0.5,0.25,0.02,1.0,0.5,1000,10,0.001,25,25,full_batch,800,0.0012633364831341417,7.980095348088708e-07,0.009116162743499356,0.009116162743499356,0.0038135344666547777
100,20,1002123,0.5,0.25,0.02,1.0,0.5,1000,10,0.001,25,25,full_batch,825,0.0011952036409353577,7.142558716525677e-07,0.009115712145620292,0.009115712145620292,0.003813369653140386
100,20,1002123,0.5,0.25,0.02,1.0,0.5,1000,10,0.001,25,25,full_batch,850,0.0011316944164386318,6.403661260991876e-07,0.009115292506966577,0.009115292506966577,0.003813216053809909
100,20,1002123,0.5,0.25,0.02,1.0,0.5,1000,10,0.001,25,25,full_batch,875,0.0010724199256808154,5.750422484986228e-07,0.009114901201096925,0.009114901201096925,0.0038130727243731455
100,20,1002123,0.5,0.25,0.02,1.0,0.5,1000,10,0.001,25,25,full_batch,900,0.0010170309823862125,5.171760095667322e-07,0.00911453587127381,0.00911453587127381,0.003812938816937894
100,20,1002123,0.5,0.25,0.02,1.0,0.5,1000,10,0.001,25,25,full_batch,925,0.0009652132904525862,4.658183480331542e-07,0.009114194397668474,0.009114194397668474,0.003812813568345952
100,20,1002123,0.5,0.25,0.02,1.0,0.5,1000,10,0.001,25,25,full_batch,950,0.0009166833122696104,4.2015414749679205e-07,0.009113874869187022,0.009113874869187022,0.003812696290142581
100,20,1002123,0.5,0.25,0.02,1.0,0.5,1000,10,0.001,25,25,full_batch,975,0.0008711847046939255,3.794813948463211e-07,0.009113575559180187,0.009113575559180187,0.0038125863599259846
100,20,1002123,0.5,0.25,0.02,1.0,0.5,1000,10,0.001,25,25,full_batch,1000,0.0008284852338953087,3.431938913912822e-07,0.009113294904427194,0.009113294904427194,0.003812483213855855
100,20,1002123,0.5,0.25,0.02,1.0,0.5,1000,10,0.001,25,25,minibatch,0,0.042062152240194946,0.0008846123255386683,0.00940034226682579,0.00940034226682579,0.003913588771301324
100,20,1002123,0.5,0.25,0.02,1.0,0.5,1000,10,0.001,25,25,minibatch,25,0.02396213263132339,0.00028709190012056663,0.009269587985319738,0.009269587985319738,0.003867325806380939
100,20,1002123,0.5,0.25,0.02,1.0,0.5,1000,10,0.001,25,25,minibatch,50,0.01844257853547203,0.00017006435151852681,0.009229208436343228,0.009229208436343228,0.0038516967251795986
100,20,1002123,0.5,0.25,0.02,1.0,0.5,1000,10,0.001,25,25,minibatch,75,0.015405801059735203,0.00011866935314606915,0.009207281697610536,0.009207281697610536,0.0038444042877516793
100,20,1002123,0.5,0.25,0.02,1.0,0.5,1000,10,0.001,25,25,minibatch,100,0.013203058652635059,8.716037889246075e-05,0.009190853339851424,0.009190853339851424,0.003839090314850302
100,20,1002123,0.5,0.25,0.02,1.0,0.5,1000,10,0.001,25,25,minibatch,125,0.011349163701855581,6.440175836575814e-05,0.009178162208018759,0.009178162208018759,0.003835210371112785
100,20,1002123,0.5,0.25,0.02,1.0,0.5,1000,10,0.001,25,25,minibatch,150,0.009964062507370199,4.9641270825390246e-05,0.009171070103199064,0.009171070103199064,0.0038334998897827655
100,20,1002123,0.5,0.25,0.02,1.0,0.5,1000,10,0.001,25,25,minibatch,175,0.008882326020746956,3.9447857769419225e-05,0.009165349831259495,0.009165349831259495,0.003831648427878531
100,20,1002123,0.5,0.25,0.02,1.0,0.5,1000,10,0.001,25,25,minibatch,200,0.007987355443953055,3.189892349402325e-05,0.009159495504826365,0.009159495504826365,0.0038311491374265483
100,20,1002123,0.5,0.25,0.02,1.0,0.5,1000,10,0.001,25,25,minibatch,225,0.007215189394892081,2.6029479002081578e-05,0.009153130398431797,0.009153130398431797,0.0038289013792207616
100,20,1002123,0.5,0.25,0.02,1.0,0.5,1000,10,0.001,25,25,minibatch,250,0.0064766617042450216,2.0973573415617012e-05,0.009147722023103433,0.009147722023103433,0.0038267502708139167
100,20,1002123,0.5,0.25,0.02,1.0,0.5,1000,10,0.001,25,25,minibatch,275,0.005863031044567293,1.718756651477992e-05,0.009143510509391273,0.009143510509391273,0.00382483305979453
100,20,1002123,0.5,0.25,0.02,1.0,0.5,1000,10,0.001,25,25,minibatch,300,0.005420348622197142,1.4690089593077228e-05,0.009140532623876374,0.009140532623876374,0.003822201237340228
100,20,1002123,0.5,0.25,0.02,1.0,0.5,1000,10,0.001,25,25,minibatch,325,0.004960777763452904,1.2304658009184396e-05,0.009138911934471139,0.009138911934471139,0.003822358424902972
100,20,1002123,0.5,0.25,0.02,1.0,0.5,1000,10,0.001,25,25,minibatch,350,0.004529085978721825,1.0256309901327317e-05,0.009136020494265984,0.009136020494265984,0.0038212147239767846
100,20,1002123,0.5,0.25,0.02,1.0,0.5,1000,10,0.001,25,25,minibatch,375,0.004250321599314894,9.03261684880136e-06,0.009132989391877733,0.009132989391877733,0.0038215312393322654
100,20,1002123,0.5,0.25,0.02,1.0,0.5,1000,10,0.001,25,25,minibatch,400,0.004003903611956792,8.015622066920323e-06,0.00913138278905068,0.00913138278905068,0.0038192909754934945
100,20,1002123,0.5,0.25,0.02,1.0,0.5,1000,10,0.001,25,25,minibatch,425,0.0036433383229230957,6.636957067640038e-06,0.009128987597291527,0.009128987597291527,0.003818869818920767
100,20,1002123,0.5,0.25,0.02,1.0,0.5,1000,10,0.001,25,25,minibatch,450,0.003346022724381107,5.5979340360373826e-06,0.009127853840730504,0.009127853840730504,0.00381820370294339
100,20,1002123,0.5,0.25,0.02,1.0,0.5,1000,10,0.001,25,25,minibatch,475,0.003141712809478639,4.935179688621082e-06,0.00912631118720475,0.00912631118720475,0.003817662427207713
100,20,1002123,0.5,0.25,0.02,1.0,0.5,1000,10,0.001,25,25,minibatch,500,0.0029440614498016052,4.333748910103965e-06,0.009125199480347068,0.009125199480347068,0.003816024841696408
100,20,1002123,0.5,0.25,0.02,1.0,0.5,1000,10,0.001,25,25,minibatch,525,0.002614609550023486,3.4180915495370075e-06,0.009123126466461629,0.009123126466461629,0.003816172602694401
100,20,1002123,0.5,0.25,0.02,1.0,0.5,1000,10,0.001,25,25,minibatch,550,0.002561420095103025,3.2804364517987946e-06,0.009124064864040216,0.009124064864040216,0.0038152602594180296
100,20,1002123,0.5,0.25,0.02,1.0,0.5,1000,10,0.001,25,25,minibatch,575,0.0024917147655608113,3.1043212364568845e-06,0.009123034982358946,0.009123034982358946,0.003815999756696664
100,20,1002123,0.5,0.25,0.02,1.0,0.5,1000,10,0.001,25,25,minibatch,600,0.0023491111224677014,2.759161532850732e-06,0.009121961189488492,0.009121961189488492,0.003815061976525924
100,20,1002123,0.5,0.25,0.02,1.0,0.5,1000,10,0.001,25,25,minibatch,625,0.0023389222280444186,2.735278594420134e-06,0.009120969004249968,0.009120969004249968,0.0038148270713490584
100,20,1002123,0.5,0.25,0.02,1.0,0.5,1000,10,0.001,25,25,minibatch,650,0.0021823915825148863,2.3814165097159146e-06,0.009120138580245074,0.009120138580245074,0.003814396931575481
100,20,1002123,0.5,0.25,0.02,1.0,0.5,1000,10,0.001,25,25,minibatch,675,0.0020879596097844663,2.1797876660456502e-06,0.009118843218467065,0.009118843218467065,0.0038134758823273884
100,20,1002123,0.5,0.25,0.02,1.0,0.5,1000,10,0.001,25,25,minibatch,700,0.0020240323868747226,2.0483535515588934e-06,0.009117474954267069,0.009117474954267069,0.0038132324138983043
100,20,1002123,0.5,0.25,0.02,1.0,0.5,1000,10,0.001,25,25,minibatch,725,0.0019820093386036563,1.9641805091560515e-06,0.009118764111981204,0.009118764111981204,0.003812801425287504
100,20,1002123,0.5,0.25,0.02,1.0,0.5,1000,10,0.001,25,25,minibatch,750,0.0018795685054984433,1.7663888834308259e-06,0.00911915135159469,0.00911915135159469,0.0038129973255262017
100,20,1002123,0.5,0.25,0.02,1.0,0.5,1000,10,0.001,25,25,minibatch,775,0.001859646795797005,1.7291431025590339e-06,0.009118740939870862,0.009118740939870862,0.0038121964732265035
100,20,1002123,0.5,0.25,0.02,1.0,0.5,1000,10,0.001,25,25,minibatch,800,0.0017806232705887307,1.5853096158810542e-06,0.009118369418118,0.009118369418118,0.0038114975564229603
100,20,1002123,0.5,0.25,0.02,1.0,0.5,1000,10,0.001,25,25,minibatch,825,0.001717720551674219,1.4752819468219915e-06,0.009117857405566698,0.009117857405566698,0.0038116127033780423
100,20,1002123,0.5,0.25,0.02,1.0,0.5,1000,10,0.001,25,25,minibatch,850,0.0017147984855034799,1.470266922942514e-06,0.0091180885889382,0.0091180885889382,0.0038116481928277546
100,20,1002123,0.5,0.25,0.02,1.0,0.5,1000,10,0.001,25,25,minibatch,875,0.0017120915969118075,1.4656288181080117e-06,0.00911819537095171,0.00911819537095171,0.0038119050576589375
100,20,1002123,0.5,0.25,0.02,1.0,0.5,1000,10,0.001,25,25,minibatch,900,0.0017380438677609981,1.510398243130805e-06,0.009118244069026615,0.009118244069026615,0.0038126439998247275
100,20,1002123,0.5,0.25,0.02,1.0,0.5,1000,10,0.001,25,25,minibatch,925,0.00169686886932364,1.4396819798398443e-06,0.009117574202121004,0.009117574202121004,0.0038127618329303337
100,20,1002123,0.5,0.25,0.02,1.0,0.5,1000,10,0.001,25,25,minibatch,950,0.0015931625081192094,1.269083388638345e-06,0.009116996734039817,0.009116996734039817,0.0038121880623993576
100,20,1002123,0.5,0.25,0.02,1.0,0.5,1000,10,0.001,25,25,minibatch,975,0.0015871193824337014,1.2594739670483667e-06,0.00911628744502263,0.00911628744502263,0.0038128259028878952
100,20,1002123,0.5,0.25,0.02,1.0,0.5,1000,10,0.001,25,25,minibatch,1000,0.00158467609891073,1.255599169229465e-06,0.009116866572877691,0.009116866572877691,0.003812859589228723
