K,n,seed,gamma,entropy_kappa,smoothing_tau,step_size,step_decay,max_iter,minibatch_size,regret_tolerance,record_every,certify_every,method,iteration,residual_norm,objective,eta,regret1,regret2
30,20,302123,0.5,0.05,0.1,0.01,0.5,300,6,0.001,25,25,full_batch,0,0.06893028566781044,0.0023756921411229766,0.014194061668509617,0.013391379516060287,0.014194061668509617
30,20,302123,0.5,0.05,0.1,0.01,0.5,300,6,0.001,25,25,full_batch,25,0.06891542398085208,0.002374667831230301,0.014193235885308575,0.013390438002528648,0.014193235885308575
30,20,302123,0.5,0.05,0.1,0.01,0.5,300,6,0.001,25,25,full_batch,50,0.06890835003846871,0.002374180352512065,0.01419284284322847,0.013389989844823813,0.01419284284322847
30,20,302123,0.5,0.05,0.1,0.01,0.5,300,6,0.001,25,25,full_batch,75,0.0689029065202759,0.00237380526347094,0.014192540398690057,0.013389644974887427,0.014192540398690057
30,20,302123,0.5,0.05,0.1,0.01,0.5,300,6,0.001,25,25,full_batch,100,0.06889831239316459,0.0023734887253130483,0.01419228515212928,0.013389353914077917,0.01419228515212928
30,20,302123,0.5,0.05,0.1,0.01,0.5,300,6,0.001,25,25,full_batch,125,0.06889426259330016,0.0023732097091372986,0.014192060152109665,0.013389097336527989,0.014192060152109665
30,20,302123,0.5,0.05,0.1,0.01,0.5,300,6,0.001,25,25,full_batch,150,0.06889060006498433,0.0023729573886568096,0.014191856671540493,0.01338886529272204,0.014191856671540493
30,20,302123,0.5,0.05,0.1,0.01,0.5,300,6,0.001,25,25,full_batch,175,0.06888723129839987,0.002372725317979621,0.014191669514377003,0.013388651858790901,0.014191669514377003
30,20,302123,0.5,0.05,0.1,0.01,0.5,300,6,0.001,25,25,full_batch,200,0.06888409527459669,0.002372509290899857,0.014191495289989253,0.01338845316917009,0.014191495289989253
30,20,302123,0.5,0.05,0.1,0.01,0.5,300,6,0.001,25,25,full_batch,225,0.06888114956366989,0.0023723063826063305,0.014191331640681981,0.013388266535915294,0.014191331640681981
30,20,302123,0.5,0.05,0.1,0.01,0.5,300,6,0.001,25,25,full_batch,250,0.06887836324737447,0.0023721144618186326,0.014191176848426301,0.013388090000348518,0.014191176848426301
30,20,302123,0.5,0.05,0.1,0.01,0.5,300,6,0.001,25,25,full_batch,275,0.0688757129699872,0.002371931918562031,0.01419102961541846,0.013387922082879145,0.01419102961541846
30,20,302123,0.5,0.05,0.1,0.01,0.5,300,6,0.001,25,25,full_batch,300,0.06887318057708926,0.0023717575014021723,0.014190888932875456,0.013387761633420647,0.014190888932875456
30,20,302123,0.5,0.05,0.1,0.01,0.5,300,6,0.001,25,25,minibatch,0,0.06893028566781044,0.0023756921411229766,0.014194061668509617,0.013391379516060287,0.014194061668509617
30,20,302123,0.5,0.05,0.1,0.01,0.5,300,6,0.001,25,25,minibatch,25,0.0689152284299829,0.002374654354778362,0.014193174340952686,0.013390400110426082,0.014193174340952686
30,20,302123,0.5,0.05,0.1,0.01,0.5,300,6,0.001,25,25,minibatch,50,0.06890783795165725,0.002374145065585928,0.01419277225068083,0.013389893602689662,0.01419277225068083
30,20,302123,0.5,0.05,0.1,0.01,0.5,300,6,0.001,25,25,minibatch,75,0.06890233759270979,0.0023737660628698745,0.014192464495711488,0.01338952126826548,0.014192464495711488
30,20,302123,0.5,0.05,0.1,0.01,0.5,300,6,0.001,25,25,minibatch,100,0.06889758272076885,0.002373438452382593,0.01419219186105014,0.013389222406982204,0.01419219186105014
30,20,302123,0.5,0.05,0.1,0.01,0.5,300,6,0.001,25,25,minibatch,125,0.0688935953255412,0.002373163738439716,0.01419196978587306,0.013388984188747233,0.01419196978587306
30,20,302123,0.5,0.05,0.1,0.01,0.5,300,6,0.001,25,25,minibatch,150,0.06888986524949654,0.0023729067670468958,0.014191768845782438,0.013388738526235289,0.014191768845782438
30,20,302123,0.5,0.05,0.1,0.01,0.5,300,6,0.001,25,25,minibatch,175,0.06888641288936216,0.0023726689403818406,0.014191572831036392,0.013388528287050394,0.014191572831036392
30,20,302123,0.5,0.05,0.1,0.01,0.5,300,6,0.001,25,25,minibatch,200,0.06888321362634028,0.0023724485597460157,0.014191391574056855,0.013388340430434797,0.014191391574056855
30,20,302123,0.5,0.05,0.1,0.01,0.5,300,6,0.001,25,25,minibatch,225,0.06888033807205937,0.002372250486460596,0.014191244252664548,0.013388149018152551,0.014191244252664548
30,20,302123,0.5,0.05,0.1,0.01,0.5,300,6,0.001,25,25,minibatch,250,0.06887755786280103,0.002372058988571752,0.01419109104636973,0.013387986264223495,0.01419109104636973
30,20,302123,0.5,0.05,0.1,0.01,0.5,300,6,0.001,25,25,minibatch,275,0.06887492425720652,0.0023718775957179677,0.014190939708286332,0.01338780928697686,0.014190939708286332
30,20,302123,0.5,0.05,0.1,0.01,0.5,300,6,0.001,25,25,minibatch,300,0.06887238986040518,0.0023717030425418214,0.014190798270379668,0.013387657449226709,0.014190798270379668
100,20,1002123,0.5,0.05,0.1,0.01,0.5,300,10,0.001,25,25,full_batch,0,0.041675197615131644,0.0008684110481301372,0.00940034226682579,0.00940034226682579,0.003913588771301324
100,20,1002123,0.5,0.05,0.1,0.01,0.5,300,10,0.001,25,25,full_batch,25,0.04166571546998539,0.0008680159228128899,0.009399991815086994,0.009399991815086994,0.003913467497267731
100,20,1002123,0.5,0.05,0.1,0.01,0.5,300,10,0.001,25,25,full_batch,50,0.04166120198488021,0.0008678278754124932,0.009399825002701534,0.009399825002701534,0.003913409776458376
100,20,1002123,0.5,0.05,0.1,0.01,0.5,300,10,0.001,25,25,full_batch,75,0.04165772872734862,0.0008676831813606832,0.00939969663663065,0.00939969663663065,0.003913365361004506
100,20,1002123,0.5,0.05,0.1,0.01,0.5,300,10,0.001,25,25,full_batch,100,0.04165479739019322,0.0008675610728090239,0.009399588299676798,0.009399588299676798,0.003913327877151596
100,20,1002123,0.5,0.05,0.1,0.01,0.5,300,10,0.001,25,25,full_batch,125,0.04165221333952217,0.0008674534380405342,0.009399492798265241,0.009399492798265241,0.003913294835374059
100,20,1002123,0.5,0.05,0.1,0.01,0.5,300,10,0.001,25,25,full_batch,150,0.041649876372166175,0.0008673561009083632,0.009399406428933776,0.009399406428933776,0.003913264953992468
100,20,1002123,0.5,0.05,0.1,0.01,0.5,300,10,0.001,25,25,full_batch,175,0.04164772682788754,0.0008672665749651717,0.00939932698666901,0.00939932698666901,0.003913237469903796
100,20,1002123,0.5,0.05,0.1,0.01,0.5,300,10,0.001,25,25,full_batch,200,0.04164572577595911,0.0008671832377031925,0.009399253032609856,0.009399253032609856,0.003913211885152035
100,20,1002123,0.5,0.05,0.1,0.01,0.5,300,10,0.001,25,25,full_batch,225,0.04164384614565858,0.0008671049609016415,0.009399183566235758,0.009399183566235758,0.003913187853481381
100,20,1002123,0.5,0.05,0.1,0.01,0.5,300,10,0.001,25,25,full_batch,250,0.041642068210822024,0.0008670309224373771,0.009399117858476858,0.009399117858476858,0.0039131651225776665
100,20,1002123,0.5,0.05,0.1,0.01,0.5,300,10,0.001,25,25,full_batch,275,0.04164037707025332,0.0008669605012764394,0.00939905535859209,0.00939905535859209,0.003913143501842908
100,20,1002123,0.5,0.05,0.1,0.01,0.5,300,10,0.001,25,25,full_batch,300,0.04163876114124304,0.0008668932146887457,0.00939899563849017,0.00939899563849017,0.003913122843124506
100,20,1002123,0.5,0.05,0.1,0.01,0.5,300,10,0.001,25,25,minibatch,0,0.041675197615131644,0.0008684110481301372,0.00940034226682579,0.00940034226682579,0.003913588771301324
100,20,1002123,0.5,0.05,0.1,0.01,0.5,300,10,0.001,25,25,minibatch,25,0.041665544808953035,0.0008680088121134366,0.009399976948311628,0.009399976948311628,0.003913457101385354
100,20,1002123,0.5,0.05,0.1,0.01,0.5,300,10,0.001,25,25,minibatch,50,0.04166091173012665,0.0008678157830927021,0.00939980409042196,0.00939980409042196,0.003913392157732565
100,20,1002123,0.5,0.05,0.1,0.01,0.5,300,10,0.001,25,25,minibatch,75,0.04165758943196736,0.0008676773786411794,0.009399679033709807,0.009399679033709807,0.003913347810737822
100,20,1002123,0.5,0.05,0.1,0.01,0.5,300,10,0.001,25,25,minibatch,100,0.04165466724141243,0.0008675556514963989,0.009399567537236087,0.009399567537236087,0.003913310320976637
100,20,1002123,0.5,0.05,0.1,0.01,0.5,300,10,0.001,25,25,minibatch,125,0.04165206969944008,0.0008674474551235073,0.009399470467577664,0.009399470467577664,0.003913278787718966
100,20,1002123,0.5,0.05,0.1,0.01,0.5,300,10,0.001,25,25,minibatch,150,0.041649785099471814,0.0008673522994160922,0.009399388553397114,0.009399388553397114,0.003913251947101792
100,20,1002123,0.5,0.05,0.1,0.01,0.5,300,10,0.001,25,25,minibatch,175,0.041647674597817916,0.0008672643997028639,0.009399313186776281,0.009399313186776281,0.003913226277744375
100,20,1002123,0.5,0.05,0.1,0.01,0.5,300,10,0.001,25,25,minibatch,200,0.04164571002508407,0.0008671825817466939,0.009399241611918463,0.009399241611918463,0.003913203792104691
100,20,1002123,0.5,0.05,0.1,0.01,0.5,300,10,0.001,25,25,minibatch,225,0.0416438470502442,0.0008671049985720663,0.009399170189102357,0.009399170189102357,0.00391317931364199
100,20,1002123,0.5,0.05,0.1,0.01,0.5,300,10,0.001,25,25,minibatch,250,0.04164204879177753,0.0008670301137883904,0.009399102906239298,0.009399102906239298,0.003913155924510914
100,20,1002123,0.5,0.05,0.1,0.01,0.5,300,10,0.001,25,25,minibatch,275,0.0416403499616081,0.0008669593724625978,0.009399040192263619,0.009399040192263619,0.003913133800230284
100,20,1002123,0.5,0.05,0.1,0.01,0.5,300,10,0.001,25,25,minibatch,300,0.041638720698591376,0.000866891530707651,0.009398980001242785,0.009398980001242785,0.003913110839687373
30,20,302123,0.5,0.05,0.1,0.05,0.5,300,6,0.001,25,25,full_batch,0,0.06893028566781044,0.0023756921411229766,0.014194061668509617,0.013391379516060287,0.014194061668509617
30,20,302123,0.5,0.05,0.1,0.05,0.5,300,6,0.001,25,25,full_batch,25,0.06885601747231636,0.002370575571073968,0.014189935476777216,0.013386674156129874,0.014189935476777216
30,20,302123,0.5,0.05,0.1,0.05,0.5,300,6,0.001,25,25,full_batch,50,0.0688206970553911,0.0023681441715949583,0.014187973606501092,0.013384436104532771,0.014187973606501092
30,20,302123,0.5,0.05,0.1,0.05,0.5,300,6,0.001,25,25,full_batch,75,0.06879353043473109,0.0023662749148371364,0.014186464837574186,0.013382714587716893,0.014186464837574186
30,20,302123,0.5,0.05,0.1,0.05,0.5,300,6,0.001,25,25,full_batch,100,0.06877061161874622,0.002364698511208216,0.014185192116096312,0.01338126216513369,0.014185192116096312
30,20,302123,0.5,0.05,0.1,0.05,0.5,300,6,0.001,25,25,full_batch,125,0.06875041497280557,0.002363309779466484,0.014184070663473602,0.013379982189429318,0.014184070663473602
30,20,302123,0.5,0.05,0.1,0.05,0.5,300,6,0.001,25,25,full_batch,150,0.068732155058285,0.0023620545694780664,0.014183056833395491,0.013378824903895192,0.014183056833395491
30,20,302123,0.5,0.05,0.1,0.05,0.5,300,6,0.001,25,25,full_batch,175,0.06871536423176731,0.0023609006407522234,0.014182124639240734,0.01337776068381108,0.014182124639240734
30,20,302123,0.5,0.05,0.1,0.05,0.5,300,6,0.001,25,25,full_batch,200,0.06869973733747987,0.002359826955119363,0.01418125712372259,0.013376770197877752,0.01418125712372259
30,20,302123,0.5,0.05,0.1,0.05,0.5,300,6,0.001,25,25,full_batch,225,0.06868506218378717,0.0023588188835953552,0.014180442495509649,0.013375840003974071,0.014180442495509649
30,20,302123,0.5,0.05,0.1,0.05,0.5,300,6,0.001,25,25,full_batch,250,0.06867118414898404,0.0023578657662118386,0.014179672162392742,0.013374960306973382,0.014179672162392742
30,20,302123,0.5,0.05,0.1,0.05,0.5,300,6,0.001,25,25,full_batch,275,0.06865798643156884,0.0023569595504187454,0.014178939633804566,0.013374123707618701,0.014178939633804566
30,20,302123,0.5,0.05,0.1,0.05,0.5,300,6,0.001,25,25,full_batch,300,0.06864537824176473,0.002356093976977473,0.014178239864630071,0.013373324454467928,0.014178239864630071
30,20,302123,0.5,0.05,0.1,0.05,0.5,300,6,0.001,25,25,minibatch,0,0.06893028566781044,0.0023756921411229766,0.014194061668509617,0.013391379516060287,0.014194061668509617
30,20,302123,0.5,0.05,0.1,0.05,0.5,300,6,0.001,25,25,minibatch,25,0.06885504142950208,0.0023705083651292236,0.01418962779883115,0.013386484767856477,0.01418962779883115
30,20,302123,0.5,0.05,0.1,0.05,0.5,300,6,0.001,25,25,minibatch,50,0.06881814107970388,0.0023679682708330134,0.014187620895523334,0.013383955098167422,0.014187620895523334
30,20,302123,0.5,0.05,0.1,0.05,0.5,300,6,0.001,25,25,minibatch,75,0.06879069216554838,0.00236607966430762,0.014186085685204741,0.01338209658275108,0.014186085685204741
30,20,302123,0.5,0.05,0.1,0.05,0.5,300,6,0.001,25,25,minibatch,100,0.0687669717987209,0.002364448205183038,0.014184726207555232,0.01338060532374502,0.014184726207555232
30,20,302123,0.5,0.05,0.1,0.05,0.5,300,6,0.001,25,25,minibatch,125,0.06874708824064651,0.002363081070783619,0.01418361952263314,0.013379417260493964,0.01418361952263314
30,20,302123,0.5,0.05,0.1,0.05,0.5,300,6,0.001,25,25,minibatch,150,0.0687284922447412,0.0023618028231177255,0.014182618605366293,0.013378192042164838,0.014182618605366293
30,20,302123,0.5,0.05,0.1,0.05,0.5,300,6,0.001,25,25,minibatch,175,0.06871128552373595,0.002360620379162183,0.01418164218170126,0.013377144020181586,0.01418164218170126
30,20,302123,0.5,0.05,0.1,0.05,0.5,300,6,0.001,25,25,minibatch,200,0.06869534426891208,0.0023595251621121756,0.014180739626848404,0.01337620801477879,0.014180739626848404
30,20,302123,0.5,0.05,0.1,0.05,0.5,300,6,0.001,25,25,minibatch,225,0.06868102096024895,0.0023585413200710773,0.014180006752852026,0.013375254055999597,0.014180006752852026
30,20,302123,0.5,0.05,0.1,0.05,0.5,300,6,0.001,25,25,minibatch,250,0.06866717405778175,0.0023575903965408476,0.014179244449886608,0.013374443319701779,0.014179244449886608
30,20,302123,0.5,0.05,0.1,0.05,0.5,300,6,0.001,25,25,minibatch,275,0.0686540609839012,0.0023566900447906125,0.01417849151018613,0.013373561468696782,0.01417849151018613
30,20,302123,0.5,0.05,0.1,0.05,0.5,300,6,0.001,25,25,minibatch,300,0.06864144398450837,0.0023558239161392005,0.014177788066959629,0.013372805384979647,0.014177788066959629
100,20,1002123,0.5,0.05,0.1,0.05,0.5,300,10,0.001,25,25,full_batch,0,0.041675197615131644,0.0008684110481301372,0.00940034226682579,0.00940034226682579,0.003913588771301324
100,20,1002123,0.5,0.05,0.1,0.05,0.5,300,10,0.001,25,25,full_batch,25,0.041627809103571764,0.0008664372453817061,0.009398590884783842,0.009398590884783842,0.003912982838832235
100,20,1002123,0.5,0.05,0.1,0.05,0.5,300,10,0.001,25,25,full_batch,50,0.04160526899867768,0.0008654992042261651,0.009397757900036607,0.009397757900036607,0.003912694765692448
100,20,1002123,0.5,0.05,0.1,0.05,0.5,300,10,0.001,25,25,full_batch,75,0.04158793097185634,0.0008647780012599439,0.00939711718383962,0.00939711718383962,0.0039124732370218185
100,20,1002123,0.5,0.05,0.1,0.05,0.5,300,10,0.001,25,25,full_batch,100,0.041573303024171615,0.0008641697621697983,0.009396576632000664,0.009396576632000664,0.003912286375381324
100,20,1002123,0.5,0.05,0.1,0.05,0.5,300,10,0.001,25,25,full_batch,125,0.04156041180947654,0.0008636339148866385,0.009396100269690733,0.009396100269690733,0.0039121217298155875
100,20,1002123,0.5,0.05,0.1,0.05,0.5,300,10,0.001,25,25,full_batch,150,0.04154875622223501,0.0008631495718073561,0.009395669576074517,0.009395669576074517,0.003911972890231041
100,20,1002123,0.5,0.05,0.1,0.05,0.5,300,10,0.001,25,25,full_batch,175,0.041538037908408015,0.0008627042966401707,0.009395273524003545,0.009395273524003545,0.003911836040112471
100,20,1002123,0.5,0.05,0.1,0.05,0.5,300,10,0.001,25,25,full_batch,200,0.0415280621801578,0.0008622899742195265,0.009394904917827684,0.009394904917827684,0.003911708689033455
100,20,1002123,0.5,0.05,0.1,0.05,0.5,300,10,0.001,25,25,full_batch,225,0.041518693660254374,0.0008619009616270234,0.009394558754012683,0.009394558754012683,0.003911589105263347
100,20,1002123,0.5,0.05,0.1,0.05,0.5,300,10,0.001,25,25,full_batch,250,0.041509833700774934,0.0008615331469329952,0.009394231386537888,0.009394231386537888,0.003911476026908667
100,20,1002123,0.5,0.05,0.1,0.05,0.5,300,10,0.001,25,25,full_batch,275,0.04150140778288865,0.0008611834239808052,0.009393920061192607,0.009393920061192607,0.00391136850073337
100,20,1002123,0.5,0.05,0.1,0.05,0.5,300,10,0.001,25,25,full_batch,300,0.041493357983111365,0.0008608493783573158,0.009393622637129062,0.009393622637129062,0.003911265785787377
100,20,1002123,0.5,0.05,0.1,0.05,0.5,300,10,0.001,25,25,minibatch,0,0.041675197615131644,0.0008684110481301372,0.00940034226682579,0.00940034226682579,0.003913588771301324
100,20,1002123,0.5,0.05,0.1,0.05,0.5,300,10,0.001,25,25,minibatch,25,0.04162695662806935,0.0008664017590575835,0.009398516620305164,0.009398516620305164,0.003912930894983235
100,20,1002123,0.5,0.05,0.1,0.05,0.5,300,10,0.001,25,25,minibatch,50,0.04160381962318633,0.0008654389036193119,0.009397653439070841,0.009397653439070841,0.003912606761290349
100,20,1002123,0.5,0.05,0.1,0.05,0.5,300,10,0.001,25,25,minibatch,75,0.04158723704470612,0.0008647491425062885,0.009397029283345182,0.009397029283345182,0.003912385598956902
100,20,1002123,0.5,0.05,0.1,0.05,0.5,300,10,0.001,25,25,minibatch,100,0.04157265532487071,0.0008641428353802504,0.009396472981560433,0.009396472981560433,0.003912198743040607
100,20,1002123,0.5,0.05,0.1,0.05,0.5,300,10,0.001,25,25,minibatch,125,0.04155969682263132,0.0008636041999945158,0.009395988819293988,0.009395988819293988,0.003912041656944254
100,20,1002123,0.5,0.05,0.1,0.05,0.5,300,10,0.001,25,25,minibatch,150,0.04154830298445647,0.0008631307404440972,0.009395580431788453,0.009395580431788453,0.003911908050472812
100,20,1002123,0.5,0.05,0.1,0.05,0.5,300,10,0.001,25,25,minibatch,175,0.041537779778027965,0.0008626935744439745,0.00939520478429573,0.00939520478429573,0.0039117802822946635
100,20,1002123,0.5,0.05,0.1,0.05,0.5,300,10,0.001,25,25,minibatch,200,0.04152798640157487,0.0008622868272846939,0.009394848066555439,0.009394848066555439,0.003911668430733428
100,20,1002123,0.5,0.05,0.1,0.05,0.5,300,10,0.001,25,25,minibatch,225,0.04151870102153597,0.0008619012672578462,0.009394492113915909,0.009394492113915909,0.003911546632923146
100,20,1002123,0.5,0.05,0.1,0.05,0.5,300,10,0.001,25,25,minibatch,250,0.04150973944882461,0.0008615292345546531,0.00939415686835593,0.00939415686835593,0.003911430263022098
100,20,1002123,0.5,0.05,0.1,0.05,0.5,300,10,0.001,25,25,minibatch,275,0.04150127529007716,0.0008611779253513846,0.009393844487331104,0.009393844487331104,0.0039113202320263385
100,20,1002123,0.5,0.05,0.1,0.05,0.5,300,10,0.001,25,25,minibatch,300,0.041493158989884406,0.0008608411214799125,0.009393544722870462,0.009393544722870462,0.00391120599567818
30,20,302123,0.5,0.05,0.1,0.2,0.5,300,6,0.001,25,25,full_batch,0,0.06893028566781044,0.0023756921411229766,0.014194061668509617,0.013391379516060287,0.014194061668509617
30,20,302123,0.5,0.05,0.1,0.2,0.5,300,6,0.001,25,25,full_batch,25,0.06863381502378883,0.0023553002823598307,0.014177597662607011,0.013372591145202117,0.014177597662607011
30,20,302123,0.5,0.05,0.1,0.2,0.5,300,6,0.001,25,25,full_batch,50,0.06849326931414428,0.002345663970669949,0.014169800036488767,0.013363679872446355,0.014169800036488767
30,20,302123,0.5,0.05,0.1,0.2,0.5,300,6,0.001,25,25,full_batch,75,0.06838536257175512,0.002338278907035203,0.0141638164242322,0.013356836128896543,0.0141638164242322
30,20,302123,0.5,0.05,0.1,0.2,0.5,300,6,0.001,25,25,full_batch,100,0.06829445869974043,0.002332066544545276,0.014158777787549426,0.013351069451688402,0.014158777787549426
30,20,302123,0.5,0.05,0.1,0.2,0.5,300,6,0.001,25,25,full_batch,125,0.06821445057894082,0.00232660563389338,0.014154344701770627,0.01334599298664807,0.014154344701770627
30,20,302123,0.5,0.05,0.1,0.2,0.5,300,6,0.001,25,25,full_batch,150,0.06814219415517907,0.00232167931214106,0.014150342426023033,0.013341433291952254,0.014150342426023033
30,20,302123,0.5,0.05,0.1,0.2,0.5,300,6,0.001,25,25,full_batch,175,0.06807581751495208,0.002317158465164528,0.014146666923232964,0.013337428514118344,0.014146666923232964
30,20,302123,0.5,0.05,0.1,0.2,0.5,300,6,0.001,25,25,full_batch,200,0.06801409917811231,0.0023129588435050487,0.014143250306360211,0.0133337288694243,0.014143250306360211
30,20,302123,0.5,0.05,0.1,0.2,0.5,300,6,0.001,25,25,full_batch,225,0.0679561897933096,0.002309021865612158,0.01414025655577461,0.013330312050187643,0.01414025655577461
30,20,302123,0.5,0.05,0.1,0.2,0.5,300,6,0.001,25,25,full_batch,250,0.0679014704552973,0.0023053048449958066,0.014137596880793968,0.013327083314601307,0.014137596880793968
30,20,302123,0.5,0.05,0.1,0.2,0.5,300,6,0.001,25,25,full_batch,275,0.0678494736476023,0.0023017755371283395,0.014135071363827079,0.0133240150988011,0.014135071363827079
30,20,302123,0.5,0.05,0.1,0.2,0.5,300,6,0.001,25,25,full_batch,300,0.06779983597402217,0.0022984088790521553,0.014132662093296111,0.013321085977620772,0.014132662093296111
30,20,302123,0.5,0.05,0.1,0.2,0.5,300,6,0.001,25,25,minibatch,0,0.06893028566781044,0.0023756921411229766,0.014194061668509617,0.013391379516060287,0.014194061668509617
30,20,302123,0.5,0.05,0.1,0.2,0.5,300,6,0.001,25,25,minibatch,25,0.06862993646449404,0.0023550340895602444,0.014176367610671203,0.013371834682370465,0.014176367610671203
30,20,302123,0.5,0.05,0.1,0.2,0.5,300,6,0.001,25,25,minibatch,50,0.0684831120061576,0.0023449683150239637,0.014168392958970322,0.013361758931046963,0.014168392958970322
30,20,302123,0.5,0.05,0.1,0.2,0.5,300,6,0.001,25,25,minibatch,75,0.06837410449840339,0.0023375090829792933,0.01416230523569445,0.013354372046575635,0.01416230523569445
30,20,302123,0.5,0.05,0.1,0.2,0.5,300,6,0.001,25,25,minibatch,100,0.06828002669196329,0.0023310810225276096,0.014156922321449383,0.013348452512174869,0.014156922321449383
30,20,302123,0.5,0.05,0.1,0.2,0.5,300,6,0.001,25,25,minibatch,125,0.06820128661121024,0.002325707747712222,0.01415255044754643,0.013343745436976417,0.01415255044754643
30,20,302123,0.5,0.05,0.1,0.2,0.5,300,6,0.001,25,25,minibatch,150,0.06812771039356844,0.0023206924617349663,0.014148602953725276,0.013338959647860194,0.014148602953725276
30,20,302123,0.5,0.05,0.1,0.2,0.5,300,6,0.001,25,25,minibatch,175,0.06805970087369291,0.0023160614415082778,0.014144751390827603,0.0133350292521206,0.014144751390827603
30,20,302123,0.5,0.05,0.1,0.2,0.5,300,6,0.001,25,25,minibatch,200,0.06799675219112941,0.002311779154270931,0.014141466186182394,0.01333151641613406,0.014141466186182394
30,20,302123,0.5,0.05,0.1,0.2,0.5,300,6,0.001,25,25,minibatch,225,0.06794026571198805,0.00230793985250777,0.014139008238502782,0.013327989646085447,0.014139008238502782
30,20,302123,0.5,0.05,0.1,0.2,0.5,300,6,0.001,25,25,minibatch,250,0.06788567952255534,0.0023042327421195444,0.014136393849076834,0.013325021399965109,0.014136393849076834
30,20,302123,0.5,0.05,0.1,0.2,0.5,300,6,0.001,25,25,minibatch,275,0.06783404016518792,0.0023007285025661637,0.014133778574474287,0.013321782254372416,0.014133778574474287
30,20,302123,0.5,0.05,0.1,0.2,0.5,300,6,0.001,25,25,minibatch,300,0.06778438489750295,0.002297361417966413,0.014131337222596352,0.01331902181827821,0.014131337222596352
100,20,1002123,0.5,0.05,0.1,0.2,0.5,300,10,0.001,25,25,full_batch,0,0.041675197615131644,0.0008684110481301372,0.00940034226682579,0.00940034226682579,0.003913588771301324
100,20,1002123,0.5,0.05,0.1,0.2,0.5,300,10,0.001,25,25,full_batch,25,0.041485976207523874,0.0008605431109456184,0.009393349864744716,0.009393349864744716,0.003911171594732199
100,20,1002123,0.5,0.05,0.1,0.2,0.5,300,10,0.001,25,25,full_batch,50,0.04139622420794721,0.0008568236893373173,0.009390034026230176,0.009390034026230176,0.0039100272364959165
100,20,1002123,0.5,0.05,0.1,0.2,0.5,300,10,0.001,25,25,full_batch,75,0.04132729407758282,0.0008539726178875062,0.009387487794130678,0.009387487794130678,0.003909149310068583
100,20,1002123,0.5,0.05,0.1,0.2,0.5,300,10,0.001,25,25,full_batch,100,0.041269210981612535,0.0008515738875224244,0.009385342482889691,0.009385342482889691,0.003908410177863364
100,20,1002123,0.5,0.05,0.1,0.2,0.5,300,10,0.001,25,25,full_batch,125,0.041218078946237004,0.0008494650160091131,0.009383454091439425,0.009383454091439425,0.003907759987424764
100,20,1002123,0.5,0.05,0.1,0.2,0.5,300,10,0.001,25,25,full_batch,150,0.04117189224526218,0.00084756235552774,0.009381748485208008,0.009381748485208008,0.003907173073823156
100,20,1002123,0.5,0.05,0.1,0.2,0.5,300,10,0.001,25,25,full_batch,175,0.04112945670009759,0.0008458161042226014,0.009380181525657005,0.009380181525657005,0.003906634156624067
100,20,1002123,0.5,0.05,0.1,0.2,0.5,300,10,0.001,25,25,full_batch,200,0.04108999306985264,0.0008441937652402691,0.009378724410963934,0.009378724410963934,0.00390613326488487
100,20,1002123,0.5,0.05,0.1,0.2,0.5,300,10,0.001,25,25,full_batch,225,0.04105295951025913,0.0008426727422754876,0.009377357113833251,0.009377357113833251,0.0039056634653520383
100,20,1002123,0.5,0.05,0.1,0.2,0.5,300,10,0.001,25,25,full_batch,250,0.04101796118870005,0.0008412365700388517,0.009376065040730575,0.009376065040730575,0.003905219705904961
100,20,1002123,0.5,0.05,0.1,0.2,0.5,300,10,0.001,25,25,full_batch,275,0.04098469985032583,0.000839872810910649,0.009374837167774597,0.009374837167774597,0.0039047981702098333
100,20,1002123,0.5,0.05,0.1,0.2,0.5,300,10,0.001,25,25,full_batch,300,0.04095294366349631,0.0008385717973527514,0.009373664926176417,0.009373664926176417,0.003904395891867418
100,20,1002123,0.5,0.05,0.1,0.2,0.5,300,10,0.001,25,25,minibatch,0,0.041675197615131644,0.0008684110481301372,0.00940034226682579,0.00940034226682579,0.003913588771301324
100,20,1002123,0.5,0.05,0.1,0.2,0.5,300,10,0.001,25,25,minibatch,25,0.041482578730687114,0.0008604021690738274,0.009393053844892085,0.009393053844892085,0.003910964351991786
100,20,1002123,0.5,0.05,0.1,0.2,0.5,300,10,0.001,25,25,minibatch,50,0.041390455106670776,0.0008565848869686645,0.009389617682107776,0.009389617682107776,0.003909676553491059
100,20,1002123,0.5,0.05,0.1,0.2,0.5,300,10,0.001,25,25,minibatch,75,0.041324556479912684,0.0008538594841307467,0.009387137894955155,0.009387137894955155,0.003908800449403005
100,20,1002123,0.5,0.05,0.1,0.2,0.5,300,10,0.001,25,25,minibatch,100,0.04126666564605285,0.0008514688467715593,0.00938493029491716,0.00938493029491716,0.003908061865570467
100,20,1002123,0.5,0.05,0.1,0.2,0.5,300,10,0.001,25,25,minibatch,125,0.04121526693988546,0.0008493491144630078,0.00938301131815561,0.00938301131815561,0.003907442162555341
100,20,1002123,0.5,0.05,0.1,0.2,0.5,300,10,0.001,25,25,minibatch,150,0.0411701258561427,0.0008474896315053148,0.009381395386251823,0.009381395386251823,0.003906916617639422
100,20,1002123,0.5,0.05,0.1,0.2,0.5,300,10,0.001,25,25,minibatch,175,0.04112846910268595,0.0008457754853652965,0.009379910434669902,0.009379910434669902,0.003906414150886994
100,20,1002123,0.5,0.05,0.1,0.2,0.5,300,10,0.001,25,25,minibatch,200,0.041089734176010854,0.0008441831273276172,0.00937850075834723,0.00937850075834723,0.0039059753148330545
100,20,1002123,0.5,0.05,0.1,0.2,0.5,300,10,0.001,25,25,minibatch,225,0.041053031088707274,0.000842675680785183,0.009377094205458514,0.009377094205458514,0.0039054969539250584
100,20,1002123,0.5,0.05,0.1,0.2,0.5,300,10,0.001,25,25,minibatch,250,0.04101762634206404,0.0008412228353685929,0.0093757705798036,0.0093757705798036,0.0039050400195547175
100,20,1002123,0.5,0.05,0.1,0.2,0.5,300,10,0.001,25,25,minibatch,275,0.040984215082659606,0.0008398529429708516,0.009374538701251545,0.009374538701251545,0.00390460865501141
100,20,1002123,0.5,0.05,0.1,0.2,0.5,300,10,0.001,25,25,minibatch,300,0.04095219538610626,0.0008385411534709115,0.009373357309172103,0.009373357309172103,0.0039041601040478158
30,20,302123,0.5,0.05,0.02,0.01,0.5,300,6,0.001,25,25,full_batch,0,0.06938924242737485,0.002407433482322499,0.014194061668509617,0.013391379516060287,0.014194061668509617
30,20,302123,0.5,0.05,0.02,0.01,0.5,300,6,0.001,25,25,full_batch,25,0.06937389257798246,0.002406368485710725,0.014193231708301612,0.013390444319483441,0.014193231708301612
30,20,302123,0.5,0.05,0.02,0.01,0.5,300,6,0.001,25,25,full_batch,50,0.06936658631758386,0.002405861648677406,0.014192836680898435,0.01338999916965039,0.014192836680898435
30,20,302123,0.5,0.05,0.02,0.01,0.5,300,6,0.001,25,25,full_batch,75,0.06936096404409371,0.00240547166656303,0.014192532709866257,0.013389656614796352,0.014192532709866257
30,20,302123,0.5,0.05,0.02,0.01,0.5,300,6,0.001,25,25,full_batch,100,0.0693562190658684,0.002405142561556364,0.014192276175843621,0.013389367508150785,0.014192276175843621
30,20,302123,0.5,0.05,0.02,0.01,0.5,300,6,0.001,25,25,full_batch,125,0.06935203629711137,0.0024048524692779263,0.01419205004154278,0.013389112653472368,0.01419205004154278
30,20,302123,0.5,0.05,0.02,0.01,0.5,300,6,0.001,25,25,full_batch,150,0.06934825352253031,0.0024045901333125687,0.014191845535676317,0.013388882167980176,0.014191845535676317
30,20,302123,0.5,0.05,0.02,0.01,0.5,300,6,0.001,25,25,full_batch,175,0.06934477416032461,0.002404348851673212,0.014191657435883631,0.013388670167539252,0.014191657435883631
30,20,302123,0.5,0.05,0.02,0.01,0.5,300,6,0.001,25,25,full_batch,200,0.06934153518695067,0.002404124251041559,0.014191482334363792,0.013388472812512486,0.014191482334363792
30,20,302123,0.5,0.05,0.02,0.01,0.5,300,6,0.001,25,25,full_batch,225,0.06933849277859812,0.0024039132904038517,0.014191317861480202,0.013388287432984591,0.014191317861480202
30,20,302123,0.5,0.05,0.02,0.01,0.5,300,6,0.001,25,25,full_batch,250,0.06933561500129641,0.0024037137538039997,0.014191162290503156,0.013388112083415171,0.014191162290503156
30,20,302123,0.5,0.05,0.02,0.01,0.5,300,6,0.001,25,25,full_batch,275,0.06933287773204094,0.0024035239673030695,0.014191014317057216,0.013387945294138504,0.014191014317057216
30,20,302123,0.5,0.05,0.02,0.01,0.5,300,6,0.001,25,25,full_batch,300,0.069330262220005,0.0024033426297473265,0.014190872927249798,0.013387785922781226,0.014190872927249798
30,20,302123,0.5,0.05,0.02,0.01,0.5,300,6,0.001,25,25,minibatch,0,0.06938924242737485,0.002407433482322499,0.014194061668509617,0.013391379516060287,0.014194061668509617
30,20,302123,0.5,0.05,0.02,0.01,0.5,300,6,0.001,25,25,minibatch,25,0.06937356576302416,0.002406345813338319,0.014193163335031289,0.013390415387747434,0.014193163335031289
30,20,302123,0.5,0.05,0.02,0.01,0.5,300,6,0.001,25,25,minibatch,50,0.06936584325382528,0.0024058101051571286,0.014192759923408127,0.013389904154155197,0.014192759923408127
30,20,302123,0.5,0.05,0.02,0.01,0.5,300,6,0.001,25,25,minibatch,75,0.06936023884352607,0.0024054213662154916,0.014192458119761664,0.013389534940793535,0.014192458119761664
30,20,302123,0.5,0.05,0.02,0.01,0.5,300,6,0.001,25,25,minibatch,100,0.06935532303989966,0.0024050804169844183,0.014192182938687237,0.01338923493271088,0.014192182938687237
30,20,302123,0.5,0.05,0.02,0.01,0.5,300,6,0.001,25,25,minibatch,125,0.06935118863678137,0.0024047936826672167,0.014191961708101608,0.013389001239203169,0.014191961708101608
30,20,302123,0.5,0.05,0.02,0.01,0.5,300,6,0.001,25,25,minibatch,150,0.06934733869763005,0.002404526692221909,0.014191756292310509,0.01338875607981388,0.014191756292310509
30,20,302123,0.5,0.05,0.02,0.01,0.5,300,6,0.001,25,25,minibatch,175,0.06934377386929262,0.0024042794872177952,0.01419155862628596,0.013388547766644665,0.01419155862628596
30,20,302123,0.5,0.05,0.02,0.01,0.5,300,6,0.001,25,25,minibatch,200,0.06934047022030758,0.002404050405186681,0.014191377960393714,0.013388361319923048,0.014191377960393714
30,20,302123,0.5,0.05,0.02,0.01,0.5,300,6,0.001,25,25,minibatch,225,0.06933751159575477,0.0024038452571457135,0.014191231281494576,0.013388175815934267,0.014191231281494576
30,20,302123,0.5,0.05,0.02,0.01,0.5,300,6,0.001,25,25,minibatch,250,0.06933465161012649,0.0024036469569488077,0.014191077622667414,0.013388012764014356,0.014191077622667414
30,20,302123,0.5,0.05,0.02,0.01,0.5,300,6,0.001,25,25,minibatch,275,0.06933192143590886,0.0024034576649975188,0.014190924215655598,0.013387835570455253,0.014190924215655598
30,20,302123,0.5,0.05,0.02,0.01,0.5,300,6,0.001,25,25,minibatch,300,0.06932928538167123,0.0024032749057666058,0.014190782942094415,0.013387685489236134,0.014190782942094415
100,20,1002123,0.5,0.05,0.02,0.01,0.5,300,10,0.001,25,25,full_batch,0,0.042062152240195,0.0008846123255386707,0.00940034226682579,0.00940034226682579,0.003913588771301324
100,20,1002123,0.5,0.05,0.02,0.01,0.5,300,10,0.001,25,25,full_batch,25,0.042052253146196455,0.0008841959973358948,0.009399983773550391,0.009399983773550391,0.003913460035696259
100,20,1002123,0.5,0.05,0.02,0.01,0.5,300,10,0.001,25,25,full_batch,50,0.04204754122155237,0.0008839978613890728,0.009399813134585044,0.009399813134585044,0.003913398763378151
100,20,1002123,0.5,0.05,0.02,0.01,0.5,300,10,0.001,25,25,full_batch,75,0.04204391527089316,0.0008838454056530217,0.00939968182435913,0.00939968182435913,0.003913351615015048
100,20,1002123,0.5,0.05,0.02,0.01,0.5,300,10,0.001,25,25,full_batch,100,0.042040855072793724,0.0008837167476258229,0.009399571002961127,0.009399571002961127,0.003913311824713439
100,20,1002123,0.5,0.05,0.02,0.01,0.5,300,10,0.001,25,25,full_batch,125,0.04203815743388678,0.0008836033402181252,0.009399473311707152,0.009399473311707152,0.003913276749781369
100,20,1002123,0.5,0.05,0.02,0.01,0.5,300,10,0.001,25,25,full_batch,150,0.04203571774433837,0.0008835007831408418,0.009399384962133661,0.009399384962133661,0.003913245029685486
100,20,1002123,0.5,0.05,0.02,0.01,0.5,300,10,0.001,25,25,full_batch,175,0.04203347372021624,0.0008834064564940548,0.0093993036986173,0.0093993036986173,0.003913215854373764
100,20,1002123,0.5,0.05,0.02,0.01,0.5,300,10,0.001,25,25,full_batch,200,0.042031384718726375,0.0008833186506867925,0.009399228049272235,0.009399228049272235,0.003913188695254033
100,20,1002123,0.5,0.05,0.02,0.01,0.5,300,10,0.001,25,25,full_batch,225,0.04202942247864962,0.0008832361769444088,0.009399156990613444,0.009399156990613444,0.003913163184766644
100,20,1002123,0.5,0.05,0.02,0.01,0.5,300,10,0.001,25,25,full_batch,250,0.042027566406319654,0.0008831581690188042,0.009399089776837732,0.009399089776837732,0.0039131390550749545
100,20,1002123,0.5,0.05,0.02,0.01,0.5,300,10,0.001,25,25,full_batch,275,0.042025800945227086,0.000883083972543925,0.009399025844563591,0.009399025844563591,0.003913116103854253
100,20,1002123,0.5,0.05,0.02,0.01,0.5,300,10,0.001,25,25,full_batch,300,0.042024114003286976,0.0008830130788806303,0.009398964755873762,0.009398964755873762,0.003913094173836784
100,20,1002123,0.5,0.05,0.02,0.01,0.5,300,10,0.001,25,25,minibatch,0,0.042062152240195,0.0008846123255386707,0.00940034226682579,0.00940034226682579,0.003913588771301324
100,20,1002123,0.5,0.05,0.02,0.01,0.5,300,10,0.001,25,25,minibatch,25,0.04205211991713965,0.0008841903947627466,0.00939997218347638,0.00939997218347638,0.003913453790479582
100,20,1002123,0.5,0.05,0.02,0.01,0.5,300,10,0.001,25,25,minibatch,50,0.042047343016680824,0.0008839895273812089,0.009399796227649804,0.009399796227649804,0.003913383975705065
100,20,1002123,0.5,0.05,0.02,0.01,0.5,300,10,0.001,25,25,minibatch,75,0.04204385986063499,0.0008838430759903571,0.009399666907278503,0.009399666907278503,0.003913338170001057
100,20,1002123,0.5,0.05,0.02,0.01,0.5,300,10,0.001,25,25,minibatch,100,0.04204085699085863,0.0008837168282629135,0.00939955384387986,0.00939955384387986,0.003913299624604516
100,20,1002123,0.5,0.05,0.02,0.01,0.5,300,10,0.001,25,25,minibatch,125,0.042038153121485615,0.0008836031589327354,0.009399454818573683,0.009399454818573683,0.003913265913710773
100,20,1002123,0.5,0.05,0.02,0.01,0.5,300,10,0.001,25,25,minibatch,150,0.04203575723453928,0.0008835024431405606,0.009399370589281586,0.009399370589281586,0.0039132372952837
100,20,1002123,0.5,0.05,0.02,0.01,0.5,300,10,0.001,25,25,minibatch,175,0.042033553253592836,0.0008834097995613124,0.00939929278308671,0.00939929278308671,0.003913210443867832
100,20,1002123,0.5,0.05,0.02,0.01,0.5,300,10,0.001,25,25,minibatch,200,0.04203150834985721,0.0008833238470820581,0.00939921908559227,0.00939921908559227,0.003913186640566391
100,20,1002123,0.5,0.05,0.02,0.01,0.5,300,10,0.001,25,25,minibatch,225,0.042029565135750416,0.0008832421727501434,0.009399146134252523,0.009399146134252523,0.00391316111659612
100,20,1002123,0.5,0.05,0.02,0.01,0.5,300,10,0.001,25,25,minibatch,250,0.04202768187930622,0.0008831630220740823,0.009399076578323617,0.009399076578323617,0.0039131364683518965
100,20,1002123,0.5,0.05,0.02,0.01,0.5,300,10,0.001,25,25,minibatch,275,0.04202589234683091,0.0008830878137737106,0.0093990119526432,0.0093990119526432,0.0039131124423933406
100,20,1002123,0.5,0.05,0.02,0.01,0.5,300,10,0.001,25,25,minibatch,300,0.04202421497320925,0.0008830173220572521,0.00939895095492066,0.00939895095492066,0.003913088448859736
30,20,302123,0.5,0.05,0.02,0.05,0.5,300,6,0.001,25,25,full_batch,0,0.06938924242737485,0.002407433482322499,0.014194061668509617,0.013391379516060287,0.014194061668509617
30,20,302123,0.5,0.05,0.02,0.05,0.5,300,6,0.001,25,25,full_batch,25,0.06931253580842923,0.0024021138100973924,0.014189914680569404,0.013386705753091699,0.014189914680569404
30,20,302123,0.5,0.05,0.02,0.05,0.5,300,6,0.001,25,25,full_batch,50,0.06927605672690522,0.002399586017814695,0.014187942991562341,0.013384482755640137,0.014187942991562341
30,20,302123,0.5,0.05,0.02,0.05,0.5,300,6,0.001,25,25,full_batch,75,0.06924799935387912,0.0023976427072574216,0.014186426701565003,0.013382772829483192,0.014186426701565003
30,20,302123,0.5,0.05,0.02,0.05,0.5,300,6,0.001,25,25,full_batch,100,0.06922432935618075,0.002396003887406494,0.014185147655930097,0.013381330193188046,0.014185147655930097
30,20,302123,0.5,0.05,0.02,0.05,0.5,300,6,0.001,25,25,full_batch,125,0.06920347097072632,0.0023945601971980804,0.014184020646143602,0.013380058847440535,0.014184020646143602
30,20,302123,0.5,0.05,0.02,0.05,0.5,300,6,0.001,25,25,full_batch,150,0.06918461295147646,0.002393255334622802,0.014183001804566275,0.013378909369162029,0.014183001804566275
30,20,302123,0.5,0.05,0.02,0.05,0.5,300,6,0.001,25,25,full_batch,175,0.06916727228954161,0.002392055777987796,0.014182065012801948,0.013377852332275675,0.014182065012801948
30,20,302123,0.5,0.05,0.02,0.05,0.5,300,6,0.001,25,25,full_batch,200,0.06915113380259594,0.0023909396530922633,0.014181193227577715,0.013376868535104114,0.014181193227577715
30,20,302123,0.5,0.05,0.02,0.05,0.5,300,6,0.001,25,25,full_batch,225,0.06913597832700286,0.0023898917496159044,0.014180374597773215,0.01337594462566083,0.014180374597773215
30,20,302123,0.5,0.05,0.02,0.05,0.5,300,6,0.001,25,25,full_batch,250,0.06912164616064548,0.0023889009839787377,0.014179600487611133,0.013375070874498574,0.014179600487611133
30,20,302123,0.5,0.05,0.02,0.05,0.5,300,6,0.001,25,25,full_batch,275,0.0691080166642779,0.002387958983635056,0.014178864373614042,0.013374239931976006,0.014178864373614042
30,20,302123,0.5,0.05,0.02,0.05,0.5,300,6,0.001,25,25,full_batch,300,0.06909499606505042,0.002387059240614666,0.014178161185086025,0.013373446085217122,0.014178161185086025
30,20,302123,0.5,0.05,0.02,0.05,0.5,300,6,0.001,25,25,minibatch,0,0.06938924242737485,0.002407433482322499,0.014194061668509617,0.013391379516060287,0.014194061668509617
30,20,302123,0.5,0.05,0.02,0.05,0.5,300,6,0.001,25,25,minibatch,25,0.06931090392316464,0.0024020007013230795,0.014189572840428266,0.013386561139450304,0.014189572840428266
30,20,302123,0.5,0.05,0.02,0.05,0.5,300,6,0.001,25,25,minibatch,50,0.06927234740915773,0.0023993290577875213,0.014187559494450108,0.013384007849044866,0.014187559494450108
30,20,302123,0.5,0.05,0.02,0.05,0.5,300,6,0.001,25,25,minibatch,75,0.06924438129183896,0.002397392170244789,0.014186054124312397,0.01338216493411104,0.014186054124312397
30,20,302123,0.5,0.05,0.02,0.05,0.5,300,6,0.001,25,25,minibatch,100,0.06921985963377772,0.002395694483859945,0.01418468200154449,0.013380667952875236,0.01418468200154449
30,20,302123,0.5,0.05,0.02,0.05,0.5,300,6,0.001,25,25,minibatch,125,0.06919924452796378,0.0023942677216204624,0.014183579662497503,0.013379502549769662,0.014183579662497503
30,20,302123,0.5,0.05,0.02,0.05,0.5,300,6,0.001,25,25,minibatch,150,0.06918005268515723,0.002392939844760565,0.014182556465259621,0.013378279874031784,0.014182556465259621
30,20,302123,0.5,0.05,0.02,0.05,0.5,300,6,0.001,25,25,minibatch,175,0.06916228706016762,0.002391710975696515,0.014181571880287736,0.013377241506856596,0.014181571880287736
30,20,302123,0.5,0.05,0.02,0.05,0.5,300,6,0.001,25,25,minibatch,200,0.06914582701164422,0.0023905726965621136,0.0141806723838514,0.013376312521211853,0.0141806723838514
30,20,302123,0.5,0.05,0.02,0.05,0.5,300,6,0.001,25,25,minibatch,225,0.06913109182782132,0.0023895539286533317,0.014179942870805706,0.013375388119521492,0.014179942870805706
30,20,302123,0.5,0.05,0.02,0.05,0.5,300,6,0.001,25,25,minibatch,250,0.06911684929775194,0.0023885694284240767,0.014179178405034243,0.013374575924874899,0.014179178405034243
30,20,302123,0.5,0.05,0.02,0.05,0.5,300,6,0.001,25,25,minibatch,275,0.06910325704432586,0.0023876300670670862,0.014178415260267696,0.013373693010310161,0.014178415260267696
30,20,302123,0.5,0.05,0.02,0.05,0.5,300,6,0.001,25,25,minibatch,300,0.06909013537356917,0.0023867234029690573,0.014177712779867846,0.013372945759350885,0.014177712779867846
100,20,1002123,0.5,0.05,0.02,0.05,0.5,300,10,0.001,25,25,full_batch,0,0.042062152240195,0.0008846123255386707,0.00940034226682579,0.00940034226682579,0.003913588771301324
100,20,1002123,0.5,0.05,0.02,0.05,0.5,300,10,0.001,25,25,full_batch,25,0.04201268068495788,0.0008825326691681164,0.009398550727095223,0.009398550727095223,0.003912945553157576
100,20,1002123,0.5,0.05,0.02,0.05,0.5,300,10,0.001,25,25,full_batch,50,0.041989150475286924,0.000881544378818144,0.009397698670958465,0.009397698670958465,0.0039126397499225085
100,20,1002123,0.5,0.05,0.02,0.05,0.5,300,10,0.001,25,25,full_batch,75,0.041971051147587916,0.0008807845672167204,0.009397043297603935,0.009397043297603935,0.0039124045851052225
100,20,1002123,0.5,0.05,0.02,0.05,0.5,300,10,0.001,25,25,full_batch,100,0.04195578109629037,0.0008801437836999181,0.009396490388223988,0.009396490388223988,0.0039122062200978025
100,20,1002123,0.5,0.05,0.02,0.05,0.5,300,10,0.001,25,25,full_batch,125,0.04194232416434287,0.0008795792781534098,0.009396003142052078,0.009396003142052078,0.003912031437936614
100,20,1002123,0.5,0.05,0.02,0.05,0.5,300,10,0.001,25,25,full_batch,150,0.04193015720602867,0.000879069041661139,0.009395562613041475,0.009395562613041475,0.003911873434166213
100,20,1002123,0.5,0.05,0.02,0.05,0.5,300,10,0.001,25,25,full_batch,175,0.04191896874479725,0.0008785999703136445,0.009395157520876218,0.009395157520876218,0.003911728157472538
100,20,1002123,0.5,0.05,0.02,0.05,0.5,300,10,0.001,25,25,full_batch,200,0.041908555529865395,0.0008781635132999057,0.009394780504705047,0.009394780504705047,0.003911592964213839
100,20,1002123,0.5,0.05,0.02,0.05,0.5,300,10,0.001,25,25,full_batch,225,0.04189877622972206,0.0008777537247741611,0.009394426446120985,0.009394426446120985,0.003911466016119469
100,20,1002123,0.5,0.05,0.02,0.05,0.5,300,10,0.001,25,25,full_batch,250,0.041889527857628894,0.0008773662720675336,0.009394091615397338,0.009394091615397338,0.003911345973663161
100,20,1002123,0.5,0.05,0.02,0.05,0.5,300,10,0.001,25,25,full_batch,275,0.04188073261720973,0.0008769978822771075,0.009393773195091049,0.009393773195091049,0.003911231824963668
100,20,1002123,0.5,0.05,0.02,0.05,0.5,300,10,0.001,25,25,full_batch,300,0.04187233003734728,0.0008766460113782675,0.009393468995204712,0.009393468995204712,0.00391112278348571
100,20,1002123,0.5,0.05,0.02,0.05,0.5,300,10,0.001,25,25,minibatch,0,0.042062152240195,0.0008846123255386707,0.00940034226682579,0.00940034226682579,0.003913588771301324
100,20,1002123,0.5,0.05,0.02,0.05,0.5,300,10,0.001,25,25,minibatch,25,0.04201201495412143,0.0008825047002526613,0.00939849282305344,0.00939849282305344,0.003912914347082741
100,20,1002123,0.5,0.05,0.02,0.05,0.5,300,10,0.001,25,25,minibatch,50,0.04198816067566369,0.0008815028184626753,0.00939761419479651,0.00939761419479651,0.0039125658723832
100,20,1002123,0.5,0.05,0.02,0.05,0.5,300,10,0.001,25,25,minibatch,75,0.04197077573869659,0.0008807730080539813,0.009396968775559622,0.009396968775559622,0.003912337436161595
100,20,1002123,0.5,0.05,0.02,0.05,0.5,300,10,0.001,25,25,minibatch,100,0.04195579261359939,0.0008801442669176807,0.009396404699402339,0.009396404699402339,0.00391214531657047
100,20,1002123,0.5,0.05,0.02,0.05,0.5,300,10,0.001,25,25,minibatch,125,0.041942304541236146,0.0008795784551148991,0.009395910823647324,0.009395910823647324,0.003911977353628138
100,20,1002123,0.5,0.05,0.02,0.05,0.5,300,10,0.001,25,25,minibatch,150,0.04193035628020863,0.0008790773888926156,0.009395490924662242,0.009395490924662242,0.0039118348847053674
100,20,1002123,0.5,0.05,0.02,0.05,0.5,300,10,0.001,25,25,minibatch,175,0.04191936764181474,0.0008786166917448123,0.009395103144945405,0.009395103144945405,0.00391170122295037
100,20,1002123,0.5,0.05,0.02,0.05,0.5,300,10,0.001,25,25,minibatch,200,0.04190917465623729,0.0008781894601835008,0.009394735871599613,0.009394735871599613,0.003911582802610281
100,20,1002123,0.5,0.05,0.02,0.05,0.5,300,10,0.001,25,25,minibatch,225,0.0418994902139884,0.0008777836400960549,0.00939437233846846,0.00939437233846846,0.003911455800853947
100,20,1002123,0.5,0.05,0.02,0.05,0.5,300,10,0.001,25,25,minibatch,250,0.041890105727359926,0.0008773904789246965,0.00939402579258819,0.00939402579258819,0.0039113331520769234
100,20,1002123,0.5,0.05,0.02,0.05,0.5,300,10,0.001,25,25,minibatch,275,0.04188119017926632,0.000877017045415937,0.009393703914812257,0.009393703914812257,0.003911213640054867
100,20,1002123,0.5,0.05,0.02,0.05,0.5,300,10,0.001,25,25,minibatch,300,0.04187283552874978,0.0008766671776088648,0.00939340017983159,0.00939340017983159,0.003911094255250269
30,20,302123,0.5,0.05,0.02,0.2,0.5,300,6,0.001,25,25,full_batch,0,0.06938924242737485,0.002407433482322499,0.014194061668509617,0.013391379516060287,0.014194061668509617
30,20,302123,0.5,0.05,0.02,0.2,0.5,300,6,0.001,25,25,full_batch,25,0.06908305378795017,0.002386234160334408,0.01417751580160892,0.013372717713284799,0.01417751580160892
30,20,302123,0.5,0.05,0.02,0.2,0.5,300,6,0.001,25,25,full_batch,50,0.06893791698853635,0.0023762181993591644,0.014169680498825499,0.013363866872966534,0.014169680498825499
30,20,302123,0.5,0.05,0.02,0.2,0.5,300,6,0.001,25,25,full_batch,75,0.06882649216404277,0.0023685430118035203,0.014163668445575428,0.013357069712559844,0.014163668445575428
30,20,302123,0.5,0.05,0.02,0.2,0.5,300,6,0.001,25,25,full_batch,100,0.06873262914115379,0.0023620871543276914,0.014158606175714739,0.01335134240253738,0.014158606175714739
30,20,302123,0.5,0.05,0.02,0.2,0.5,300,6,0.001,25,25,full_batch,125,0.06865002002091683,0.002356412624436141,0.014154152535714948,0.01334630067979281,0.014154152535714948
30,20,302123,0.5,0.05,0.02,0.2,0.5,300,6,0.001,25,25,full_batch,150,0.0685754173870338,0.0023512939349029484,0.014150131894898832,0.013341746718241954,0.014150131894898832
30,20,302123,0.5,0.05,0.02,0.2,0.5,300,6,0.001,25,25,full_batch,175,0.06850688778757422,0.0023465968371696425,0.014146439686546886,0.013337562735393715,0.014146439686546886
30,20,302123,0.5,0.05,0.02,0.2,0.5,300,6,0.001,25,25,full_batch,200,0.06844316958763169,0.002342233731600656,0.01414314086487517,0.013333839616757714,0.01414314086487517
30,20,302123,0.5,0.05,0.02,0.2,0.5,300,6,0.001,25,25,full_batch,225,0.06838338551501608,0.0023381437072476554,0.01414033035797746,0.013330382461482992,0.01414033035797746
30,20,302123,0.5,0.05,0.02,0.2,0.5,300,6,0.001,25,25,full_batch,250,0.06832689631955767,0.0023342823803317917,0.014137676929268539,0.013327157355712604,0.014137676929268539
30,20,302123,0.5,0.05,0.02,0.2,0.5,300,6,0.001,25,25,full_batch,275,0.068273219116695,0.0023306162242781236,0.014135157551889932,0.013324092557081557,0.014135157551889932
30,20,302123,0.5,0.05,0.02,0.2,0.5,300,6,0.001,25,25,full_batch,300,0.06822197856499546,0.00232711917966135,0.014132754327584485,0.013321166668916085,0.014132754327584485
30,20,302123,0.5,0.05,0.02,0.2,0.5,300,6,0.001,25,25,minibatch,0,0.06938924242737485,0.002407433482322499,0.014194061668509617,0.013391379516060287,0.014194061668509617
30,20,302123,0.5,0.05,0.02,0.2,0.5,300,6,0.001,25,25,minibatch,25,0.06907655903102085,0.002385785503783054,0.01417614883852969,0.01337213994136155,0.01417614883852969
30,20,302123,0.5,0.05,0.02,0.2,0.5,300,6,0.001,25,25,minibatch,50,0.06892316938717849,0.0023752016391868492,0.01416815085304679,0.01336196983382687,0.01416815085304679
30,20,302123,0.5,0.05,0.02,0.2,0.5,300,6,0.001,25,25,minibatch,75,0.06881213843057037,0.0023675551976939896,0.014162183718976096,0.01335464527382968,0.014162183718976096
30,20,302123,0.5,0.05,0.02,0.2,0.5,300,6,0.001,25,25,minibatch,100,0.06871490540770737,0.0023608691125950863,0.014156751496850029,0.013348703022941943,0.014156751496850029
30,20,302123,0.5,0.05,0.02,0.2,0.5,300,6,0.001,25,25,minibatch,125,0.06863329084773595,0.002355264306294958,0.01415239881094088,0.01334408712758195,0.01415239881094088
30,20,302123,0.5,0.05,0.02,0.2,0.5,300,6,0.001,25,25,minibatch,150,0.06855738254266476,0.0023500573505506376,0.014148363635711703,0.013339242969317988,0.014148363635711703
30,20,302123,0.5,0.05,0.02,0.2,0.5,300,6,0.001,25,25,minibatch,175,0.06848718815856111,0.0023452474709330768,0.014144704424026544,0.013335137151356924,0.014144704424026544
30,20,302123,0.5,0.05,0.02,0.2,0.5,300,6,0.001,25,25,minibatch,200,0.06842221050508071,0.0023407994452007887,0.014141550357927857,0.01333163516336272,0.014141550357927857
30,20,302123,0.5,0.05,0.02,0.2,0.5,300,6,0.001,25,25,minibatch,225,0.06836412769096001,0.0023368269774729426,0.014139131357570223,0.013328149322337002,0.014139131357570223
30,20,302123,0.5,0.05,0.02,0.2,0.5,300,6,0.001,25,25,minibatch,250,0.06830800683087206,0.0023329918986032317,0.014136524703619147,0.013325135352785067,0.014136524703619147
30,20,302123,0.5,0.05,0.02,0.2,0.5,300,6,0.001,25,25,minibatch,275,0.06825450460660652,0.0023293386995466357,0.014133890363311308,0.01332187512352817,0.014133890363311308
30,20,302123,0.5,0.05,0.02,0.2,0.5,300,6,0.001,25,25,minibatch,300,0.06820288372053901,0.0023258166738986826,0.01413148011449622,0.013319135282914285,0.01413148011449622
100,20,1002123,0.5,0.05,0.02,0.2,0.5,300,10,0.001,25,25,full_batch,0,0.042062152240195,0.0008846123255386707,0.00940034226682579,0.00940034226682579,0.003913588771301324
100,20,1002123,0.5,0.05,0.02,0.2,0.5,300,10,0.001,25,25,full_batch,25,0.04186462410530796,0.0008763233757393662,0.00939318998191363,0.00939318998191363,0.00391102278373634
100,20,1002123,0.5,0.05,0.02,0.2,0.5,300,10,0.001,25,25,full_batch,50,0.04177094293159244,0.0008724058366971762,0.00938979877563656,0.00938979877563656,0.003909807914369345
100,20,1002123,0.5,0.05,0.02,0.2,0.5,300,10,0.001,25,25,full_batch,75,0.041698999861793186,0.0008694032947369141,0.009387194862391757,0.009387194862391757,0.003908875865885841
100,20,1002123,0.5,0.05,0.02,0.2,0.5,300,10,0.001,25,25,full_batch,100,0.041638381113463366,0.0008668773908750113,0.009385001082901023,0.009385001082901023,0.00390809114913282
100,20,1002123,0.5,0.05,0.02,0.2,0.5,300,10,0.001,25,25,full_batch,125,0.04158501927283678,0.0008646569139611033,0.009383070126609716,0.009383070126609716,0.00390740084504404
100,20,1002123,0.5,0.05,0.02,0.2,0.5,300,10,0.001,25,25,full_batch,150,0.04153682035455708,0.0008626537225833737,0.009381326155222358,0.009381326155222358,0.00390677770995862
100,20,1002123,0.5,0.05,0.02,0.2,0.5,300,10,0.001,25,25,full_batch,175,0.04149253763268809,0.0008608153396000188,0.009379724015863289,0.009379724015863289,0.0039062055234991844
100,20,1002123,0.5,0.05,0.02,0.2,0.5,300,10,0.001,25,25,full_batch,200,0.04145135757793571,0.000859107522526944,0.009378234244841355,0.009378234244841355,0.003905673701387613
100,20,1002123,0.5,0.05,0.02,0.2,0.5,300,10,0.001,25,25,full_batch,225,0.04141271450393402,0.0008575064612921737,0.009376836354644535,0.009376836354644535,0.003905174883891971
100,20,1002123,0.5,0.05,0.02,0.2,0.5,300,10,0.001,25,25,full_batch,250,0.04137619620494924,0.000855994806195228,0.009375515416395364,0.009375515416395364,0.003904703708127344
100,20,1002123,0.5,0.05,0.02,0.2,0.5,300,10,0.001,25,25,full_batch,275,0.041341491302708,0.0008545594515659405,0.009374260152901437,0.009374260152901437,0.003904256123012706
100,20,1002123,0.5,0.05,0.02,0.2,0.5,300,10,0.001,25,25,full_batch,300,0.04130835776492961,0.0008531902106177102,0.009373061798483184,0.009373061798483184,0.0039038289796823333
100,20,1002123,0.5,0.05,0.02,0.2,0.5,300,10,0.001,25,25,minibatch,0,0.042062152240195,0.0008846123255386707,0.00940034226682579,0.00940034226682579,0.003913588771301324
100,20,1002123,0.5,0.05,0.02,0.2,0.5,300,10,0.001,25,25,minibatch,25,0.041861967391028106,0.0008762121569237503,0.009392959058499017,0.009392959058499017,0.00391089825945079
100,20,1002123,0.5,0.05,0.02,0.2,0.5,300,10,0.001,25,25,minibatch,50,0.04176700207095253,0.0008722412309974766,0.009389461744342853,0.009389461744342853,0.003909513314309332
100,20,1002123,0.5,0.05,0.02,0.2,0.5,300,10,0.001,25,25,minibatch,75,0.04169792280067303,0.000869358382945444,0.009386897720219112,0.009386897720219112,0.00390860840736118
100,20,1002123,0.5,0.05,0.02,0.2,0.5,300,10,0.001,25,25,minibatch,100,0.04163845598187719,0.0008668805082773621,0.009384659919938532,0.009384659919938532,0.003907848983510487
100,20,1002123,0.5,0.05,0.02,0.2,0.5,300,10,0.001,25,25,minibatch,125,0.04158496973584235,0.0008646548539654621,0.009382703051789454,0.009382703051789454,0.00390718593983419
100,20,1002123,0.5,0.05,0.02,0.2,0.5,300,10,0.001,25,25,minibatch,150,0.04153764084176335,0.0008626878033496633,0.009381042025026765,0.009381042025026765,0.0039066253399751005
100,20,1002123,0.5,0.05,0.02,0.2,0.5,300,10,0.001,25,25,minibatch,175,0.04149415151086749,0.0008608823048034133,0.009379509518342932,0.009379509518342932,0.0039060995458553016
100,20,1002123,0.5,0.05,0.02,0.2,0.5,300,10,0.001,25,25,minibatch,200,0.04145384848499952,0.0008592107771086486,0.009378058471640804,0.009378058471640804,0.0039056347232948596
100,20,1002123,0.5,0.05,0.02,0.2,0.5,300,10,0.001,25,25,minibatch,225,0.04141558077082157,0.0008576251652922226,0.009376622516719335,0.009376622516719335,0.003905135894993861
100,20,1002123,0.5,0.05,0.02,0.2,0.5,300,10,0.001,25,25,minibatch,250,0.041378515101355304,0.0008560907559965444,0.009375254652182086,0.009375254652182086,0.0039046540900555815
100,20,1002123,0.5,0.05,0.02,0.2,0.5,300,10,0.001,25,25,minibatch,275,0.04134332969774241,0.0008546354552481148,0.009373985700093457,0.009373985700093457,0.0039041852057979387
100,20,1002123,0.5,0.05,0.02,0.2,0.5,300,10,0.001,25,25,minibatch,300,0.04131038917979576,0.0008532741270930932,0.009372789356464739,0.009372789356464739,0.003903716302125382
30,20,302123,0.5,0.05,0.005,0.01,0.5,300,6,0.001,25,25,full_batch,0,0.07114650676937569,0.00253091271274241,0.014194061668509617,0.013391379516060287,0.014194061668509617
30,20,302123,0.5,0.05,0.005,0.01,0.5,300,6,0.001,25,25,full_batch,25,0.07112995652887194,0.002529735357899606,0.014193221558889968,0.013390477015908453,0.014193221558889968
30,20,302123,0.5,0.05,0.005,0.01,0.5,300,6,0.001,25,25,full_batch,50,0.07112207899963485,0.0025291750606151503,0.01419282170451791,0.013390047435253127,0.01419282170451791
30,20,302123,0.5,0.05,0.005,0.01,0.5,300,6,0.001,25,25,full_batch,75,0.07111601716822517,0.0025287439489356488,0.014192514020787417,0.013389716863809575,0.014192514020787417
30,20,302123,0.5,0.05,0.005,0.01,0.5,300,6,0.001,25,25,full_batch,100,0.07111090124857006,0.002528380138191941,0.014192254354558065,0.013389437872516952,0.014192254354558065
30,20,302123,0.5,0.05,0.005,0.01,0.5,300,6,0.001,25,25,full_batch,125,0.07110639151083205,0.002528059456845864,0.014192025460054603,0.013389191936056588,0.014192025460054603
30,20,302123,0.5,0.05,0.005,0.01,0.5,300,6,0.001,25,25,full_batch,150,0.0711023130522586,0.0025277694606906918,0.014191818458653693,0.013388969517057647,0.014191818458653693
30,20,302123,0.5,0.05,0.005,0.01,0.5,300,6,0.001,25,25,full_batch,175,0.07109856173703064,0.0025275027405371785,0.01419162806408869,0.013388764937040443,0.01419162806408869
30,20,302123,0.5,0.05,0.005,0.01,0.5,300,6,0.001,25,25,full_batch,200,0.07109506961230232,0.002527254461589056,0.014191450826856189,0.01338857449056674,0.014191450826856189
30,20,302123,0.5,0.05,0.005,0.01,0.5,300,6,0.001,25,25,full_batch,225,0.07109178942664274,0.002527021261941056,0.014191284348322564,0.013388395601036385,0.014191284348322564
30,20,302123,0.5,0.05,0.005,0.01,0.5,300,6,0.001,25,25,full_batch,250,0.07108868674840987,0.002526800691806773,0.014191126880628901,0.013388226390907976,0.014191126880628901
30,20,302123,0.5,0.05,0.005,0.01,0.5,300,6,0.001,25,25,full_batch,275,0.07108573556785128,0.002526590900611238,0.014190977103436475,0.013388065441880759,0.014190977103436475
30,20,302123,0.5,0.05,0.005,0.01,0.5,300,6,0.001,25,25,full_batch,300,0.07108291566757056,0.0025263904499014745,0.014190833990446405,0.013387911651509543,0.014190833990446405
30,20,302123,0.5,0.05,0.005,0.01,0.5,300,6,0.001,25,25,minibatch,0,0.07114650676937569,0.00253091271274241,0.014194061668509617,0.013391379516060287,0.014194061668509617
30,20,302123,0.5,0.05,0.005,0.01,0.5,300,6,0.001,25,25,minibatch,25,0.07112909531738532,0.002529674100334843,0.014193128563605772,0.013390484295012772,0.014193128563605772
30,20,302123,0.5,0.05,0.005,0.01,0.5,300,6,0.001,25,25,minibatch,50,0.0711205719861512,0.002529067879818657,0.014192717452953307,0.013389975043412772,0.014192717452953307
30,20,302123,0.5,0.05,0.005,0.01,0.5,300,6,0.001,25,25,minibatch,75,0.0711147269362245,0.0025286521936068876,0.014192428481323294,0.013389620869452723,0.014192428481323294
30,20,302123,0.5,0.05,0.005,0.01,0.5,300,6,0.001,25,25,minibatch,100,0.07110942156019477,0.0025282749173127467,0.014192151885387028,0.01338932454237235,0.014192151885387028
30,20,302123,0.5,0.05,0.005,0.01,0.5,300,6,0.001,25,25,minibatch,125,0.07110496391892142,0.002527957946955558,0.014191936305786634,0.013389100625542938,0.014191936305786634
30,20,302123,0.5,0.05,0.005,0.01,0.5,300,6,0.001,25,25,minibatch,150,0.0711008476442535,0.0025276652678656746,0.014191719477730569,0.013388865440692399,0.014191719477730569
30,20,302123,0.5,0.05,0.005,0.01,0.5,300,6,0.001,25,25,minibatch,175,0.07109697691449018,0.002527390063189775,0.014191513741435902,0.01338866264696903,0.014191513741435902
30,20,302123,0.5,0.05,0.005,0.01,0.5,300,6,0.001,25,25,minibatch,200,0.07109340017203421,0.0025271357740104966,0.014191333496583025,0.01338847994870751,0.014191333496583025
30,20,302123,0.5,0.05,0.005,0.01,0.5,300,6,0.001,25,25,minibatch,225,0.07109023036592317,0.0025269104267400125,0.01419118745409409,0.013388312281708503,0.01419118745409409
30,20,302123,0.5,0.05,0.005,0.01,0.5,300,6,0.001,25,25,minibatch,250,0.0710871881212862,0.002526694157495567,0.014191031587026282,0.013388155874796026,0.014191031587026282
30,20,302123,0.5,0.05,0.005,0.01,0.5,300,6,0.001,25,25,minibatch,275,0.07108425859129593,0.0025264859097371144,0.014190877084897913,0.013387984425479171,0.014190877084897913
30,20,302123,0.5,0.05,0.005,0.01,0.5,300,6,0.001,25,25,minibatch,300,0.07108138290613424,0.002526281497924236,0.014190737801082598,0.01338784295003298,0.014190737801082598
100,20,1002123,0.5,0.05,0.005,0.01,0.5,300,10,0.001,25,25,full_batch,0,0.043010465293119866,0.0009249500623653343,0.00940034226682579,0.00940034226682579,0.003913588771301324
100,20,1002123,0.5,0.05,0.005,0.01,0.5,300,10,0.001,25,25,full_batch,25,0.04299976113962774,0.0009244897290325198,0.009399965556975531,0.009399965556975531,0.003913444612409833
100,20,1002123,0.5,0.05,0.005,0.01,0.5,300,10,0.001,25,25,full_batch,50,0.042994666058861264,0.0009242706547564984,0.009399786249009279,0.009399786249009279,0.003913375999464286
100,20,1002123,0.5,0.05,0.005,0.01,0.5,300,10,0.001,25,25,full_batch,75,0.0429907452804289,0.0009241020898833599,0.009399648268627214,0.009399648268627214,0.0039133232026346
100,20,1002123,0.5,0.05,0.005,0.01,0.5,300,10,0.001,25,25,full_batch,100,0.042987436270349504,0.0009239598385486801,0.009399531818396978,0.009399531818396978,0.003913278645419349
100,20,1002123,0.5,0.05,0.005,0.01,0.5,300,10,0.001,25,25,full_batch,125,0.04298451930840103,0.0009238344500871506,0.009399429165636464,0.009399429165636464,0.003913239368512178
100,20,1002123,0.5,0.05,0.005,0.01,0.5,300,10,0.001,25,25,full_batch,150,0.042981881276248704,0.0009237210590227695,0.00939933632933787,0.00939933632933787,0.003913203848376345
100,20,1002123,0.5,0.05,0.005,0.01,0.5,300,10,0.001,25,25,full_batch,175,0.042979454824062666,0.0009236167684868217,0.009399250939237325,0.009399250939237325,0.003913171177909014
100,20,1002123,0.5,0.05,0.005,0.01,0.5,300,10,0.001,25,25,full_batch,200,0.042977196003345416,0.0009235196881549846,0.009399171448641885,0.009399171448641885,0.003913140765188894
100,20,1002123,0.5,0.05,0.005,0.01,0.5,300,10,0.001,25,25,full_batch,225,0.042975074254236995,0.0009234285035785917,0.009399096782049587,0.009399096782049587,0.003913112198620783
100,20,1002123,0.5,0.05,0.005,0.01,0.5,300,10,0.001,25,25,full_batch,250,0.04297306730807549,0.0009233422569321934,0.009399026155751944,0.009399026155751944,0.003913085178277931
100,20,1002123,0.5,0.05,0.005,0.01,0.5,300,10,0.001,25,25,full_batch,275,0.04297115834305426,0.0009232602246719209,0.00939895897773435,0.00939895897773435,0.003913059477595349
100,20,1002123,0.5,0.05,0.005,0.01,0.5,300,10,0.001,25,25,full_batch,300,0.04296933428357276,0.0009231818443867107,0.009398894787823131,0.009398894787823131,0.003913034920464575
100,20,1002123,0.5,0.05,0.005,0.01,0.5,300,10,0.001,25,25,minibatch,0,0.043010465293119866,0.0009249500623653343,0.00940034226682579,0.00940034226682579,0.003913588771301324
100,20,1002123,0.5,0.05,0.005,0.01,0.5,300,10,0.001,25,25,minibatch,25,0.04299962742436693,0.0009244839793171842,0.00939995293861362,0.00939995293861362,0.003913444715249792
100,20,1002123,0.5,0.05,0.005,0.01,0.5,300,10,0.001,25,25,minibatch,50,0.042994561174805754,0.0009242661453070572,0.00939977127265812,0.00939977127265812,0.003913366091599646
100,20,1002123,0.5,0.05,0.005,0.01,0.5,300,10,0.001,25,25,minibatch,75,0.042990747317218844,0.0009241021774464796,0.009399631690874433,0.009399631690874433,0.003913316883208617
100,20,1002123,0.5,0.05,0.005,0.01,0.5,300,10,0.001,25,25,minibatch,100,0.04298754901885126,0.00092396468532407,0.009399513336188936,0.009399513336188936,0.00391327584292489
100,20,1002123,0.5,0.05,0.005,0.01,0.5,300,10,0.001,25,25,minibatch,125,0.042984625088003436,0.0009238389969781072,0.009399410405766417,0.009399410405766417,0.003913236496595585
100,20,1002123,0.5,0.05,0.005,0.01,0.5,300,10,0.001,25,25,minibatch,150,0.04298201261458039,0.0009237267041999738,0.009399321810227235,0.009399321810227235,0.003913203688811762
100,20,1002123,0.5,0.05,0.005,0.01,0.5,300,10,0.001,25,25,minibatch,175,0.04297962939978937,0.0009236242716716193,0.009399238281542488,0.009399238281542488,0.003913174336007685
100,20,1002123,0.5,0.05,0.005,0.01,0.5,300,10,0.001,25,25,minibatch,200,0.04297741484526087,0.0009235290933908246,0.009399159663733059,0.009399159663733059,0.003913147343032608
100,20,1002123,0.5,0.05,0.005,0.01,0.5,300,10,0.001,25,25,minibatch,225,0.04297529570329487,0.0009234380203928173,0.009399082904671952,0.009399082904671952,0.003913119124419717
100,20,1002123,0.5,0.05,0.005,0.01,0.5,300,10,0.001,25,25,minibatch,250,0.04297325087897339,0.0009233501455535937,0.009399008200242975,0.009399008200242975,0.003913091841967975
100,20,1002123,0.5,0.05,0.005,0.01,0.5,300,10,0.001,25,25,minibatch,275,0.042971293822727956,0.0009232660463996089,0.009398939491624014,0.009398939491624014,0.003913064448674786
100,20,1002123,0.5,0.05,0.005,0.01,0.5,300,10,0.001,25,25,minibatch,300,0.04296952617462865,0.0009231900898360485,0.009398876678261003,0.009398876678261003,0.00391303898365547
30,20,302123,0.5,0.05,0.005,0.05,0.5,300,6,0.001,25,25,full_batch,0,0.07114650676937569,0.00253091271274241,0.014194061668509617,0.013391379516060287,0.014194061668509617
30,20,302123,0.5,0.05,0.005,0.05,0.5,300,6,0.001,25,25,full_batch,25,0.07106380410246696,0.0025250321267569,0.014189864068699876,0.013386869309879423,0.014189864068699876
30,20,302123,0.5,0.05,0.005,0.05,0.5,300,6,0.001,25,25,full_batch,50,0.07102447590709074,0.0025222380889384564,0.014187868409445414,0.013384724250261548,0.014187868409445414
30,20,302123,0.5,0.05,0.005,0.05,0.5,300,6,0.001,25,25,full_batch,75,0.07099422821838457,0.0025200902201620357,0.014186333725960787,0.01338307433607916,0.014186333725960787
30,20,302123,0.5,0.05,0.005,0.05,0.5,300,6,0.001,25,25,full_batch,100,0.07096871111035698,0.002518278978332653,0.014185039192004312,0.0133816823729081,0.014185039192004312
30,20,302123,0.5,0.05,0.005,0.05,0.5,300,6,0.001,25,25,full_batch,125,0.07094622555369753,0.0025166834601580623,0.014183898555593544,0.013380455715467587,0.014183898555593544
30,20,302123,0.5,0.05,0.005,0.05,0.5,300,6,0.001,25,25,full_batch,150,0.07092589684173999,0.002515241421402571,0.014182867411892064,0.013379346667443337,0.014182867411892064
30,20,302123,0.5,0.05,0.005,0.05,0.5,300,6,0.001,25,25,full_batch,175,0.07090720418178131,0.002513915802438413,0.01418191932266466,0.013378326830866538,0.01418191932266466
30,20,302123,0.5,0.05,0.005,0.05,0.5,300,6,0.001,25,25,full_batch,200,0.07088980773612191,0.0025126824204321652,0.01418103703593443,0.013377377674945568,0.01418103703593443
30,20,302123,0.5,0.05,0.005,0.05,0.5,300,6,0.001,25,25,full_batch,225,0.07087347119691788,0.002511524459750174,0.014180208555457485,0.01337648631420002,0.014180208555457485
30,20,302123,0.5,0.05,0.005,0.05,0.5,300,6,0.001,25,25,full_batch,250,0.07085802236927996,0.0025104296670426895,0.014179425139709323,0.013375643359123557,0.014179425139709323
30,20,302123,0.5,0.05,0.005,0.05,0.5,300,6,0.001,25,25,full_batch,275,0.07084333117691698,0.0025093887861211686,0.014178680185330472,0.013374841716866204,0.014178680185330472
30,20,302123,0.5,0.05,0.005,0.05,0.5,300,6,0.001,25,25,full_batch,300,0.07082929651157686,0.002508394622162437,0.014177968559534515,0.013374075874157842,0.014177968559534515
30,20,302123,0.5,0.05,0.005,0.05,0.5,300,6,0.001,25,25,minibatch,0,0.07114650676937569,0.00253091271274241,0.014194061668509617,0.013391379516060287,0.014194061668509617
30,20,302123,0.5,0.05,0.005,0.05,0.5,300,6,0.001,25,25,minibatch,25,0.0710595036157304,0.0025247265270570006,0.014189399131709912,0.013386905534102767,0.014189399131709912
30,20,302123,0.5,0.05,0.005,0.05,0.5,300,6,0.001,25,25,minibatch,50,0.07101695487793509,0.0025217039400673344,0.014187347694390562,0.013384362255180637,0.014187347694390562
30,20,302123,0.5,0.05,0.005,0.05,0.5,300,6,0.001,25,25,minibatch,75,0.07098779395719577,0.0025196334454546405,0.014185906657283531,0.013382594467798326,0.014185906657283531
30,20,302123,0.5,0.05,0.005,0.05,0.5,300,6,0.001,25,25,minibatch,100,0.0709613331558629,0.002517755401628683,0.014184527563611438,0.013381115974601676,0.014184527563611438
30,20,302123,0.5,0.05,0.005,0.05,0.5,300,6,0.001,25,25,minibatch,125,0.07093911068079997,0.0025161787120913945,0.014183453650806255,0.013379999623216066,0.014183453650806255
30,20,302123,0.5,0.05,0.005,0.05,0.5,300,6,0.001,25,25,minibatch,150,0.07091859532816425,0.0025147235816599597,0.014182373538915605,0.013378826835685809,0.014182373538915605
30,20,302123,0.5,0.05,0.005,0.05,0.5,300,6,0.001,25,25,minibatch,175,0.07089930979793312,0.0025133560649116472,0.014181348806023453,0.013377816193478387,0.014181348806023453
30,20,302123,0.5,0.05,0.005,0.05,0.5,300,6,0.001,25,25,minibatch,200,0.07088149188697354,0.002512092946061548,0.014180451508458203,0.013376905965908181,0.014180451508458203
30,20,302123,0.5,0.05,0.005,0.05,0.5,300,6,0.001,25,25,minibatch,225,0.07086570951659968,0.0025109743926455433,0.014179725479571803,0.013376070773793214,0.014179725479571803
30,20,302123,0.5,0.05,0.005,0.05,0.5,300,6,0.001,25,25,minibatch,250,0.07085056302708712,0.002509901140627622,0.014178950061606743,0.013375291840677983,0.014178950061606743
30,20,302123,0.5,0.05,0.005,0.05,0.5,300,6,0.001,25,25,minibatch,275,0.07083598295387734,0.0025088682405210007,0.014178181648801302,0.013374437681720919,0.014178181648801302
30,20,302123,0.5,0.05,0.005,0.05,0.5,300,6,0.001,25,25,minibatch,300,0.07082167187445543,0.0025078546035465156,0.014177489356150597,0.01337373367353012,0.014177489356150597
100,20,1002123,0.5,0.05,0.005,0.05,0.5,300,10,0.001,25,25,full_batch,0,0.043010465293119866,0.0009249500623653343,0.00940034226682579,0.00940034226682579,0.003913588771301324
100,20,1002123,0.5,0.05,0.005,0.05,0.5,300,10,0.001,25,25,full_batch,25,0.04295697166616,0.0009226507073636364,0.009398459741878085,0.009398459741878085,0.00391286849479211
100,20,1002123,0.5,0.05,0.005,0.05,0.5,300,10,0.001,25,25,full_batch,50,0.0429315296478723,0.0009215581189530691,0.009397564460463637,0.009397564460463637,0.0039125260598518175
100,20,1002123,0.5,0.05,0.005,0.05,0.5,300,10,0.001,25,25,full_batch,75,0.04291196028985467,0.0009207181679590319,0.009396875860128828,0.009396875860128828,0.003912262726571747
100,20,1002123,0.5,0.05,0.005,0.05,0.5,300,10,0.001,25,25,full_batch,100,0.04289545035630471,0.0009200098306351009,0.009396294932449478,0.009396294932449478,0.003912040602095712
100,20,1002123,0.5,0.05,0.005,0.05,0.5,300,10,0.001,25,25,full_batch,125,0.04288090103018616,0.0009193858365803101,0.009395783005902547,0.009395783005902547,0.003911844885924887
100,20,1002123,0.5,0.05,0.005,0.05,0.5,300,10,0.001,25,25,full_batch,150,0.04286774661024611,0.0009188218497201333,0.009395320171326549,0.009395320171326549,0.003911667958357068
100,20,1002123,0.5,0.05,0.005,0.05,0.5,300,10,0.001,25,25,full_batch,175,0.04285565028277277,0.000918303380579661,0.009394894574978607,0.009394894574978607,0.0039115052826884655
100,20,1002123,0.5,0.05,0.005,0.05,0.5,300,10,0.001,25,25,full_batch,200,0.04284439226350675,0.0009178209742146187,0.009394498481822833,0.009394498481822833,0.003911353898541359
100,20,1002123,0.5,0.05,0.005,0.05,0.5,300,10,0.001,25,25,full_batch,225,0.04283381972431133,0.0009173680560874011,0.009394126513262935,0.009394126513262935,0.003911211747402499
100,20,1002123,0.5,0.05,0.005,0.05,0.5,300,10,0.001,25,25,full_batch,250,0.042823821300991466,0.0009169398354096252,0.009393774749974937,0.009393774749974937,0.0039110773292563294
100,20,1002123,0.5,0.05,0.005,0.05,0.5,300,10,0.001,25,25,full_batch,275,0.042814312868831125,0.0009165326932150793,0.009393440231293515,0.009393440231293515,0.0039109495109879155
100,20,1002123,0.5,0.05,0.005,0.05,0.5,300,10,0.001,25,25,full_batch,300,0.042805229037699184,0.0009161438164849427,0.009393120655894927,0.009393120655894927,0.003910827411828022
100,20,1002123,0.5,0.05,0.005,0.05,0.5,300,10,0.001,25,25,minibatch,0,0.043010465293119866,0.0009249500623653343,0.00940034226682579,0.00940034226682579,0.003913588771301324
100,20,1002123,0.5,0.05,0.005,0.05,0.5,300,10,0.001,25,25,minibatch,25,0.04295630328402955,0.000922621995914764,0.009398396668357623,0.009398396668357623,0.003912869014429554
100,20,1002123,0.5,0.05,0.005,0.05,0.5,300,10,0.001,25,25,minibatch,50,0.04293100573110729,0.0009215356265421834,0.009397489564537287,0.009397489564537287,0.003912476550189226
100,20,1002123,0.5,0.05,0.005,0.05,0.5,300,10,0.001,25,25,minibatch,75,0.042911971057734755,0.0009207186300299326,0.009396792939796839,0.009396792939796839,0.003912231168431646
100,20,1002123,0.5,0.05,0.005,0.05,0.5,300,10,0.001,25,25,minibatch,100,0.0428960148999538,0.0009200340471485294,0.00939620253013368,0.00939620253013368,0.003912026625834897
100,20,1002123,0.5,0.05,0.005,0.05,0.5,300,10,0.001,25,25,minibatch,125,0.04288143047170182,0.0009194085396496988,0.009395689252911066,0.009395689252911066,0.003911830533123939
100,20,1002123,0.5,0.05,0.005,0.05,0.5,300,10,0.001,25,25,minibatch,150,0.04286840348093516,0.0009188500085021269,0.009395247657893901,0.009395247657893901,0.003911667188265189
100,20,1002123,0.5,0.05,0.005,0.05,0.5,300,10,0.001,25,25,minibatch,175,0.04285652271135923,0.0009183407694546247,0.009394831410148463,0.009394831410148463,0.00391152107859527
100,20,1002123,0.5,0.05,0.005,0.05,0.5,300,10,0.001,25,25,minibatch,200,0.042845485462372136,0.000917867812253171,0.009394439659540788,0.009394439659540788,0.003911386781226822
100,20,1002123,0.5,0.05,0.005,0.05,0.5,300,10,0.001,25,25,minibatch,225,0.04283492572328397,0.0009174154308596274,0.0093940572254958,0.0093940572254958,0.003911246382071076
100,20,1002123,0.5,0.05,0.005,0.05,0.5,300,10,0.001,25,25,minibatch,250,0.042824737627578296,0.0009169790764354602,0.009393685073919522,0.009393685073919522,0.003911110621595548
100,20,1002123,0.5,0.05,0.005,0.05,0.5,300,10,0.001,25,25,minibatch,275,0.04281498864253773,0.0009165616262303174,0.009393342916679481,0.009393342916679481,0.003910974351404417
100,20,1002123,0.5,0.05,0.005,0.05,0.5,300,10,0.001,25,25,minibatch,300,0.042806186919261247,0.0009161848192833663,0.009393030227488108,0.009393030227488108,0.003910847672360274
30,20,302123,0.5,0.05,0.005,0.2,0.5,300,6,0.001,25,25,full_batch,0,0.07114650676937569,0.00253091271274241,0.014194061668509617,0.013391379516060287,0.014194061668509617
30,20,302123,0.5,0.05,0.005,0.2,0.5,300,6,0.001,25,25,full_batch,25,0.07081642223652537,0.0025074828291909226,0.014177315370020482,0.013373373045736103,0.014177315370020482
30,20,302123,0.5,0.05,0.005,0.2,0.5,300,6,0.001,25,25,full_batch,50,0.07065999668594262,0.0024964175658287115,0.01416938662729117,0.013364835301801326,0.01416938662729117
30,20,302123,0.5,0.05,0.005,0.2,0.5,300,6,0.001,25,25,full_batch,75,0.07053992166612034,0.002487940274331197,0.014163303511627923,0.013358279566020592,0.014163303511627923
30,20,302123,0.5,0.05,0.005,0.2,0.5,300,6,0.001,25,25,full_batch,100,0.07043878287870738,0.00248081106671684,0.014158181832059469,0.013352756336314164,0.014158181832059469
30,20,302123,0.5,0.05,0.005,0.2,0.5,300,6,0.001,25,25,full_batch,125,0.07034977870233262,0.0024745456817335866,0.014153676246956515,0.01334789475850856,0.014153676246956515
30,20,302123,0.5,0.05,0.005,0.2,0.5,300,6,0.001,25,25,full_batch,150,0.07026940755047283,0.002468894818747224,0.014149608969861172,0.013343503910245691,0.014149608969861172
30,20,302123,0.5,0.05,0.005,0.2,0.5,300,6,0.001,25,25,full_batch,175,0.07019558464642543,0.002463710051926739,0.014146201141683357,0.013339470119690944,0.014146201141683357
30,20,302123,0.5,0.05,0.005,0.2,0.5,300,6,0.001,25,25,full_batch,200,0.07012694961348831,0.002458894531046364,0.014143210631217595,0.01333571921245047,0.014143210631217595
30,20,302123,0.5,0.05,0.005,0.2,0.5,300,6,0.001,25,25,full_batch,225,0.07006255652120864,0.002454380913143778,0.014140407584772918,0.013332199611583884,0.014140407584772918
30,20,302123,0.5,0.05,0.005,0.2,0.5,300,6,0.001,25,25,full_batch,250,0.07000171609054207,0.002450120127810428,0.014137761532283688,0.013328873733951752,0.014137761532283688
30,20,302123,0.5,0.05,0.005,0.2,0.5,300,6,0.001,25,25,full_batch,275,0.06994390764623583,0.0024460751084125834,0.014135249457401411,0.013325713189478894,0.014135249457401411
30,20,302123,0.5,0.05,0.005,0.2,0.5,300,6,0.001,25,25,full_batch,300,0.06988872647307702,0.0024422170440142883,0.014132853470130047,0.013322705231209153,0.014132853470130047
30,20,302123,0.5,0.05,0.005,0.2,0.5,300,6,0.001,25,25,minibatch,0,0.07114650676937569,0.00253091271274241,0.014194061668509617,0.013391379516060287,0.014194061668509617
30,20,302123,0.5,0.05,0.005,0.2,0.5,300,6,0.001,25,25,minibatch,25,0.07079930368009604,0.0025062707007932304,0.014175456218779914,0.013373515386671475,0.014175456218779914
30,20,302123,0.5,0.05,0.005,0.2,0.5,300,6,0.001,25,25,minibatch,50,0.0706301223147678,0.00249430708909953,0.014167311881106093,0.013363386814280731,0.014167311881106093
30,20,302123,0.5,0.05,0.005,0.2,0.5,300,6,0.001,25,25,minibatch,75,0.07051443681137319,0.002486142899412571,0.014161604632019154,0.013356361695282759,0.014161604632019154
30,20,302123,0.5,0.05,0.005,0.2,0.5,300,6,0.001,25,25,minibatch,100,0.07040957651214899,0.0024787542323100814,0.014156146028521555,0.013350494599964846,0.014156146028521555
30,20,302123,0.5,0.05,0.005,0.2,0.5,300,6,0.001,25,25,minibatch,125,0.07032166296902578,0.0024725681413646262,0.014151909558095255,0.01334607737658794,0.014151909558095255
30,20,302123,0.5,0.05,0.005,0.2,0.5,300,6,0.001,25,25,minibatch,150,0.07024058119635175,0.0024668696234006414,0.01414807230067966,0.013341432961521904,0.01414807230067966
30,20,302123,0.5,0.05,0.005,0.2,0.5,300,6,0.001,25,25,minibatch,175,0.0701644489730077,0.002461524949842901,0.014144532925498332,0.013337439873292833,0.014144532925498332
30,20,302123,0.5,0.05,0.005,0.2,0.5,300,6,0.001,25,25,minibatch,200,0.07009415182444494,0.0024565950599941687,0.014141430616142592,0.01333384748208194,0.014141430616142592
30,20,302123,0.5,0.05,0.005,0.2,0.5,300,6,0.001,25,25,minibatch,225,0.07003200863717401,0.002452241116878608,0.014139082136611802,0.013330553407666534,0.014139082136611802
30,20,302123,0.5,0.05,0.005,0.2,0.5,300,6,0.001,25,25,minibatch,250,0.06997237959044951,0.0024480669527749774,0.014136449813896168,0.013327483713061361,0.014136449813896168
30,20,302123,0.5,0.05,0.005,0.2,0.5,300,6,0.001,25,25,minibatch,275,0.06991505762969619,0.0024440576416818694,0.014133840385233076,0.013324112874647465,0.014133840385233076
30,20,302123,0.5,0.05,0.005,0.2,0.5,300,6,0.001,25,25,minibatch,300,0.06985880747905779,0.00244012649119803,0.014131524456577171,0.013321346797523725,0.014131524456577171
100,20,1002123,0.5,0.05,0.005,0.2,0.5,300,10,0.001,25,25,full_batch,0,0.043010465293119866,0.0009249500623653343,0.00940034226682579,0.00940034226682579,0.003913588771301324
100,20,1002123,0.5,0.05,0.005,0.2,0.5,300,10,0.001,25,25,full_batch,25,0.04279689714537518,0.000915787202635911,0.009392827502190615,0.009392827502190615,0.003910715418384281
100,20,1002123,0.5,0.05,0.005,0.2,0.5,300,10,0.001,25,25,full_batch,50,0.04269562804380778,0.0009114583270275928,0.00938926518175498,0.00938926518175498,0.003909355086768929
100,20,1002123,0.5,0.05,0.005,0.2,0.5,300,10,0.001,25,25,full_batch,75,0.04261786609985501,0.0009081412554525854,0.00938653020510144,0.00938653020510144,0.003908311462887504
100,20,1002123,0.5,0.05,0.005,0.2,0.5,300,10,0.001,25,25,full_batch,100,0.0425523500191447,0.000905351246075902,0.009384226225016834,0.009384226225016834,0.003907432822983781
100,20,1002123,0.5,0.05,0.005,0.2,0.5,300,10,0.001,25,25,full_batch,125,0.04249468137446381,0.0009028989725586006,0.009382198436805878,0.009382198436805878,0.003906659907245147
100,20,1002123,0.5,0.05,0.005,0.2,0.5,300,10,0.001,25,25,full_batch,150,0.04244259577097806,0.0009006869678893223,0.009380367144148083,0.009380367144148083,0.0039059622077337597
100,20,1002123,0.5,0.05,0.005,0.2,0.5,300,10,0.001,25,25,full_batch,175,0.04239474502503093,0.0008986572028686925,0.009378684897213885,0.009378684897213885,0.003905321560608077
100,20,1002123,0.5,0.05,0.005,0.2,0.5,300,10,0.001,25,25,full_batch,200,0.04235024940367711,0.0008967718122768268,0.009377120733506106,0.009377120733506106,0.0039047261134356193
100,20,1002123,0.5,0.05,0.005,0.2,0.5,300,10,0.001,25,25,full_batch,225,0.04230849718646895,0.0008950044670887256,0.009375653123340988,0.009375653123340988,0.003904167624690924
100,20,1002123,0.5,0.05,0.005,0.2,0.5,300,10,0.001,25,25,full_batch,250,0.042269042623807755,0.0008933359821666384,0.009374266378444351,0.009374266378444351,0.0039036400889501666
100,20,1002123,0.5,0.05,0.005,0.2,0.5,300,10,0.001,25,25,full_batch,275,0.04223154899880612,0.0008917518654192811,0.009372948647987822,0.009372948647987822,0.0039031389697684604
100,20,1002123,0.5,0.05,0.005,0.2,0.5,300,10,0.001,25,25,full_batch,300,0.04219575458384424,0.000890240852450006,0.009371690720416825,0.009371690720416825,0.003902660741015529
100,20,1002123,0.5,0.05,0.005,0.2,0.5,300,10,0.001,25,25,minibatch,0,0.043010465293119866,0.0009249500623653343,0.00940034226682579,0.00940034226682579,0.003913588771301324
100,20,1002123,0.5,0.05,0.005,0.2,0.5,300,10,0.001,25,25,minibatch,25,0.04279422652283155,0.0009156729118437095,0.009392575482306487,0.009392575482306487,0.003910717579268641
100,20,1002123,0.5,0.05,0.005,0.2,0.5,300,10,0.001,25,25,minibatch,50,0.04269353994175867,0.0009113691763792713,0.009388965388279047,0.009388965388279047,0.003909157492621662
100,20,1002123,0.5,0.05,0.005,0.2,0.5,300,10,0.001,25,25,minibatch,75,0.042617917975782835,0.0009081434662952768,0.009386198059126494,0.009386198059126494,0.00390818581409158
100,20,1002123,0.5,0.05,0.005,0.2,0.5,300,10,0.001,25,25,minibatch,100,0.04255462023862177,0.0009054478518266588,0.0093838567588444,0.0093838567588444,0.003907377459017702
100,20,1002123,0.5,0.05,0.005,0.2,0.5,300,10,0.001,25,25,minibatch,125,0.042496807363542985,0.0009029893180470406,0.009381824132695948,0.009381824132695948,0.00390660259653941
100,20,1002123,0.5,0.05,0.005,0.2,0.5,300,10,0.001,25,25,minibatch,150,0.04244522599481484,0.0009007986048754526,0.009380078331320818,0.009380078331320818,0.003905959541299575
100,20,1002123,0.5,0.05,0.005,0.2,0.5,300,10,0.001,25,25,minibatch,175,0.042398228101948744,0.0008988048730924381,0.00937843409916378,0.00937843409916378,0.003905384826485059
100,20,1002123,0.5,0.05,0.005,0.2,0.5,300,10,0.001,25,25,minibatch,200,0.042354607232184746,0.0008969563768963182,0.009376886985952793,0.009376886985952793,0.0039048575504696537
100,20,1002123,0.5,0.05,0.005,0.2,0.5,300,10,0.001,25,25,minibatch,225,0.0423129026896085,0.0008951908670101392,0.009375377469725332,0.009375377469725332,0.003904306251086287
100,20,1002123,0.5,0.05,0.005,0.2,0.5,300,10,0.001,25,25,minibatch,250,0.04227268526656724,0.0008934899598231254,0.009373909211773612,0.009373909211773612,0.0039037728709170327
100,20,1002123,0.5,0.05,0.005,0.2,0.5,300,10,0.001,25,25,minibatch,275,0.04223422805639488,0.0008918650097597862,0.009372561145776392,0.009372561145776392,0.0039032381118428994
100,20,1002123,0.5,0.05,0.005,0.2,0.5,300,10,0.001,25,25,minibatch,300,0.04219956288631577,0.0008904015538980596,0.009371330820309443,0.009371330820309443,0.003902740958143691
30,20,302123,0.5,0.01,0.1,0.01,0.5,300,6,0.001,25,25,full_batch,0,0.06893028566781047,0.0023756921411229787,0.014194061668509617,0.013391379516060287,0.014194061668509617
30,20,302123,0.5,0.01,0.1,0.01,0.5,300,6,0.001,25,25,full_batch,25,0.0689291028329643,0.0023756106086786836,0.014193735355980563,0.013390986186989695,0.014193735355980563
30,20,302123,0.5,0.01,0.1,0.01,0.5,300,6,0.001,25,25,full_batch,50,0.06892853972521418,0.0023755717943252145,0.014193580007871798,0.013390798929851289,0.014193580007871798
30,20,302123,0.5,0.01,0.1,0.01,0.5,300,6,0.001,25,25,full_batch,75,0.06892810636278425,0.0023755419233796493,0.01419346045266906,0.013390654815688963,0.01419346045266906
30,20,302123,0.5,0.01,0.1,0.01,0.5,300,6,0.001,25,25,full_batch,100,0.06892774059295487,0.002375516711624839,0.014193359544270479,0.01339053317745037,0.014193359544270479
30,20,302123,0.5,0.01,0.1,0.01,0.5,300,6,0.001,25,25,full_batch,125,0.06892741813946418,0.002375494485686268,0.014193270585572015,0.013390425942782003,0.014193270585572015
30,20,302123,0.5,0.01,0.1,0.01,0.5,300,6,0.001,25,25,full_batch,150,0.06892712650418349,0.0023754743840618572,0.014193190128708233,0.013390328955799446,0.014193190128708233
30,20,302123,0.5,0.01,0.1,0.01,0.5,300,6,0.001,25,25,full_batch,175,0.06892685824581589,0.002375455893819399,0.014193116120845228,0.013390239742119392,0.014193116120845228
30,20,302123,0.5,0.01,0.1,0.01,0.5,300,6,0.001,25,25,full_batch,200,0.06892660850861096,0.0023754386802496605,0.014193047222424537,0.013390156687105359,0.014193047222424537
30,20,302123,0.5,0.01,0.1,0.01,0.5,300,6,0.001,25,25,full_batch,225,0.06892637391609295,0.0023754225106105294,0.014192982501976148,0.013390078668010064,0.014192982501976148
30,20,302123,0.5,0.01,0.1,0.01,0.5,300,6,0.001,25,25,full_batch,250,0.06892615200785683,0.002375407215305093,0.014192921280747117,0.013390004866698224,0.014192921280747117
30,20,302123,0.5,0.01,0.1,0.01,0.5,300,6,0.001,25,25,full_batch,275,0.0689259409253061,0.002375392666219393,0.014192863046005144,0.013389934665148928,0.014192863046005144
30,20,302123,0.5,0.01,0.1,0.01,0.5,300,6,0.001,25,25,full_batch,300,0.06892573922375231,0.002375378763770354,0.014192807399203589,0.01338986758297317,0.014192807399203589
30,20,302123,0.5,0.01,0.1,0.01,0.5,300,6,0.001,25,25,minibatch,0,0.06893028566781047,0.0023756921411229787,0.014194061668509617,0.013391379516060287,0.014194061668509617
30,20,302123,0.5,0.01,0.1,0.01,0.5,300,6,0.001,25,25,minibatch,25,0.06892907345346448,0.0023756085835765508,0.014193709733900939,0.013390948719593232,0.014193709733900939
30,20,302123,0.5,0.01,0.1,0.01,0.5,300,6,0.001,25,25,minibatch,50,0.06892846671801696,0.0023755667620483857,0.014193548419420665,0.01339073373620725,0.014193548419420665
30,20,302123,0.5,0.01,0.1,0.01,0.5,300,6,0.001,25,25,minibatch,75,0.06892802849389705,0.002375536556027742,0.01419343486354624,0.013390569715094558,0.01419343486354624
30,20,302123,0.5,0.01,0.1,0.01,0.5,300,6,0.001,25,25,minibatch,100,0.06892763975750538,0.002375509761270218,0.014193318711852143,0.013390443091097215,0.014193318711852143
30,20,302123,0.5,0.01,0.1,0.01,0.5,300,6,0.001,25,25,minibatch,125,0.06892732388743152,0.0023754879891414436,0.01419323118713317,0.013390339043818367,0.01419323118713317
30,20,302123,0.5,0.01,0.1,0.01,0.5,300,6,0.001,25,25,minibatch,150,0.06892701751549225,0.002375466871790488,0.014193147600350897,0.013390234574785553,0.014193147600350897
30,20,302123,0.5,0.01,0.1,0.01,0.5,300,6,0.001,25,25,minibatch,175,0.06892673788132948,0.0023754475974807504,0.014193072293560705,0.013390138698420595,0.014193072293560705
30,20,302123,0.5,0.01,0.1,0.01,0.5,300,6,0.001,25,25,minibatch,200,0.06892648092579554,0.0023754298864070277,0.01419299978444527,0.013390055355133546,0.01419299978444527
30,20,302123,0.5,0.01,0.1,0.01,0.5,300,6,0.001,25,25,minibatch,225,0.06892624979371155,0.0023754139553125607,0.014192942810284215,0.013389975331404291,0.014192942810284215
30,20,302123,0.5,0.01,0.1,0.01,0.5,300,6,0.001,25,25,minibatch,250,0.06892603564012191,0.002375399194531678,0.014192882417669583,0.013389911932390197,0.014192882417669583
30,20,302123,0.5,0.01,0.1,0.01,0.5,300,6,0.001,25,25,minibatch,275,0.0689258277020516,0.0023753848622064524,0.01419282544842504,0.013389841631350763,0.01419282544842504
30,20,302123,0.5,0.01,0.1,0.01,0.5,300,6,0.001,25,25,minibatch,300,0.06892562813784073,0.0023753711070979506,0.01419276862732649,0.013389779534969337,0.01419276862732649
100,20,1002123,0.5,0.01,0.1,0.01,0.5,300,10,0.001,25,25,full_batch,0,0.041675197615131644,0.0008684110481301372,0.00940034226682579,0.00940034226682579,0.003913588771301324
100,20,1002123,0.5,0.01,0.1,0.01,0.5,300,10,0.001,25,25,full_batch,25,0.041674657316442584,0.0008683885312214607,0.009400247267221495,0.009400247267221495,0.003913551278212135
100,20,1002123,0.5,0.01,0.1,0.01,0.5,300,10,0.001,25,25,full_batch,50,0.041674400093293214,0.0008683778115679388,0.009400202040107497,0.009400202040107497,0.003913533428765992
100,20,1002123,0.5,0.01,0.1,0.01,0.5,300,10,0.001,25,25,full_batch,75,0.04167420213452267,0.000868369561774527,0.009400167233306278,0.009400167233306278,0.003913519691890799
100,20,1002123,0.5,0.01,0.1,0.01,0.5,300,10,0.001,25,25,full_batch,100,0.04167403505034333,0.0008683625986886222,0.009400137855110069,0.009400137855110069,0.00391350809751545
100,20,1002123,0.5,0.01,0.1,0.01,0.5,300,10,0.001,25,25,full_batch,125,0.04167388775197303,0.0008683564601820239,0.009400111955804868,0.009400111955804868,0.0039134978761502515
100,20,1002123,0.5,0.01,0.1,0.01,0.5,300,10,0.001,25,25,full_batch,150,0.04167375453058279,0.000868350908337635,0.009400088531621165,0.009400088531621165,0.003913488631637541
100,20,1002123,0.5,0.01,0.1,0.01,0.5,300,10,0.001,25,25,full_batch,175,0.041673631987176205,0.0008683458015012979,0.009400066984921407,0.009400066984921407,0.003913480128109215
100,20,1002123,0.5,0.01,0.1,0.01,0.5,300,10,0.001,25,25,full_batch,200,0.04167351790376941,0.0008683410472378946,0.009400046925723216,0.009400046925723216,0.003913472211650837
100,20,1002123,0.5,0.01,0.1,0.01,0.5,300,10,0.001,25,25,full_batch,225,0.041673410738073284,0.0008683365812720809,0.009400028082849454,0.009400028082849454,0.003913464775238018
100,20,1002123,0.5,0.01,0.1,0.01,0.5,300,10,0.001,25,25,full_batch,250,0.04167330936623711,0.0008683323567670527,0.009400010258695912,0.009400010258695912,0.003913457740881809
100,20,1002123,0.5,0.01,0.1,0.01,0.5,300,10,0.001,25,25,full_batch,275,0.04167321293930099,0.0008683283383421618,0.00939999330399266,0.00939999330399266,0.003913451049670558
100,20,1002123,0.5,0.01,0.1,0.01,0.5,300,10,0.001,25,25,full_batch,300,0.041673120797367735,0.0008683244984960016,0.009399977102710289,0.009399977102710289,0.003913444655810894
100,20,1002123,0.5,0.01,0.1,0.01,0.5,300,10,0.001,25,25,minibatch,0,0.041675197615131644,0.0008684110481301372,0.00940034226682579,0.00940034226682579,0.003913588771301324
100,20,1002123,0.5,0.01,0.1,0.01,0.5,300,10,0.001,25,25,minibatch,25,0.04167463698680479,0.000868387683990979,0.009400244168440541,0.009400244168440541,0.00391354999257254
100,20,1002123,0.5,0.01,0.1,0.01,0.5,300,10,0.001,25,25,minibatch,50,0.04167436579343807,0.0008683763821426406,0.009400197480380734,0.009400197480380734,0.003913528990125759
100,20,1002123,0.5,0.01,0.1,0.01,0.5,300,10,0.001,25,25,minibatch,75,0.04167417660100809,0.0008683684976860052,0.009400163884111745,0.009400163884111745,0.0039135156900715895
100,20,1002123,0.5,0.01,0.1,0.01,0.5,300,10,0.001,25,25,minibatch,100,0.041674008237041635,0.0008683614812705071,0.009400133253482712,0.009400133253482712,0.00391350427995929
100,20,1002123,0.5,0.01,0.1,0.01,0.5,300,10,0.001,25,25,minibatch,125,0.041673863473793295,0.0008683554484161815,0.009400107898134169,0.009400107898134169,0.003913494705734433
100,20,1002123,0.5,0.01,0.1,0.01,0.5,300,10,0.001,25,25,minibatch,150,0.041673732250301514,0.0008683499798349102,0.0094000851260152,0.0094000851260152,0.003913485539014272
100,20,1002123,0.5,0.01,0.1,0.01,0.5,300,10,0.001,25,25,minibatch,175,0.04167361308917814,0.0008683450139532598,0.009400064239379446,0.009400064239379446,0.00391347770815853
100,20,1002123,0.5,0.01,0.1,0.01,0.5,300,10,0.001,25,25,minibatch,200,0.04167350184752659,0.0008683403781179011,0.009400044637889238,0.009400044637889238,0.003913470274725661
100,20,1002123,0.5,0.01,0.1,0.01,0.5,300,10,0.001,25,25,minibatch,225,0.04167339666884136,0.000868335994959299,0.009400025409184276,0.009400025409184276,0.003913462764936315
100,20,1002123,0.5,0.01,0.1,0.01,0.5,300,10,0.001,25,25,minibatch,250,0.04167329357043905,0.0008683316985039983,0.009400006863858945,0.009400006863858945,0.003913455391970855
100,20,1002123,0.5,0.01,0.1,0.01,0.5,300,10,0.001,25,25,minibatch,275,0.04167319701099594,0.0008683276745586406,0.009399990091584709,0.009399990091584709,0.003913448738210534
100,20,1002123,0.5,0.01,0.1,0.01,0.5,300,10,0.001,25,25,minibatch,300,0.04167310593503813,0.0008683238791364552,0.009399973625340008,0.009399973625340008,0.003913442238438702
30,20,302123,0.5,0.01,0.1,0.05,0.5,300,6,0.001,25,25,full_batch,0,0.06893028566781047,0.0023756921411229787,0.014194061668509617,0.013391379516060287,0.014194061668509617
30,20,302123,0.5,0.01,0.1,0.05,0.5,300,6,0.001,25,25,full_batch,25,0.06892437215028728,0.0023752845381556486,0.014192430237768117,0.013389412905826903,0.014192430237768117
30,20,302123,0.5,0.01,0.1,0.05,0.5,300,6,0.001,25,25,full_batch,50,0.06892155740807618,0.0023750905377773702,0.014191653658998438,0.013388476669001448,0.014191653658998438
30,20,302123,0.5,0.01,0.1,0.05,0.5,300,6,0.001,25,25,full_batch,75,0.06891939141920778,0.0023749412567969854,0.01419105605032811,0.01338775614919091,0.01419105605032811
30,20,302123,0.5,0.01,0.1,0.05,0.5,300,6,0.001,25,25,full_batch,100,0.06891756340705334,0.0023748152729826085,0.014190551678523677,0.01338714801005525,0.014190551678523677
30,20,302123,0.5,0.01,0.1,0.05,0.5,300,6,0.001,25,25,full_batch,125,0.06891595198529578,0.0023747042190197967,0.014190107057020007,0.01338661188942597,0.014190107057020007
30,20,302123,0.5,0.01,0.1,0.05,0.5,300,6,0.001,25,25,full_batch,150,0.0689144946607347,0.0023746037871722153,0.014189704945961223,0.0133861270076861,0.014189704945961223
30,20,302123,0.5,0.01,0.1,0.05,0.5,300,6,0.001,25,25,full_batch,175,0.0689131542253714,0.0023745114126449123,0.014189335080861953,0.013385680992801463,0.014189335080861953
30,20,302123,0.5,0.01,0.1,0.05,0.5,300,6,0.001,25,25,full_batch,200,0.06891190639947539,0.0023744254218050287,0.014188990763728315,0.013385265771516719,0.014188990763728315
30,20,302123,0.5,0.01,0.1,0.05,0.5,300,6,0.001,25,25,full_batch,225,0.06891073429998455,0.0023743446508815336,0.014188667337068805,0.013384875730043766,0.014188667337068805
30,20,302123,0.5,0.01,0.1,0.05,0.5,300,6,0.001,25,25,full_batch,250,0.06890962562438183,0.00237426825184623,0.014188361407016292,0.013384506777671057,0.014188361407016292
30,20,302123,0.5,0.01,0.1,0.05,0.5,300,6,0.001,25,25,full_batch,275,0.06890857107931221,0.0023741955840963116,0.01418807040983372,0.01338415582426411,0.01418807040983372
30,20,302123,0.5,0.01,0.1,0.05,0.5,300,6,0.001,25,25,full_batch,300,0.06890756344104547,0.002374126149690853,0.01418779235272688,0.013383820467859575,0.01418779235272688
30,20,302123,0.5,0.01,0.1,0.05,0.5,300,6,0.001,25,25,minibatch,0,0.06893028566781047,0.0023756921411229787,0.014194061668509617,0.013391379516060287,0.014194061668509617
30,20,302123,0.5,0.01,0.1,0.05,0.5,300,6,0.001,25,25,minibatch,25,0.06892422528064447,0.0023752744152685155,0.014192302132122914,0.013389225548209704,0.014192302132122914
30,20,302123,0.5,0.01,0.1,0.05,0.5,300,6,0.001,25,25,minibatch,50,0.06892119245399839,0.002375065384640542,0.014191495739986348,0.013388150652169195,0.014191495739986348
30,20,302123,0.5,0.01,0.1,0.05,0.5,300,6,0.001,25,25,minibatch,75,0.06891900219667596,0.002374914431892713,0.01419092813786832,0.013387330613824189,0.01419092813786832
30,20,302123,0.5,0.01,0.1,0.05,0.5,300,6,0.001,25,25,minibatch,100,0.06891705939280954,0.0023747805376760187,0.014190347554122018,0.013386697562206396,0.014190347554122018
30,20,302123,0.5,0.01,0.1,0.05,0.5,300,6,0.001,25,25,minibatch,125,0.0689154808991709,0.002374671753781995,0.014189910112249793,0.013386177385981135,0.014189910112249793
30,20,302123,0.5,0.01,0.1,0.05,0.5,300,6,0.001,25,25,minibatch,150,0.06891394993647632,0.002374566247923582,0.014189492367587264,0.01338565507740025,0.014189492367587264
30,20,302123,0.5,0.01,0.1,0.05,0.5,300,6,0.001,25,25,minibatch,175,0.06891255268672779,0.0023744699589005164,0.014189116016501968,0.01338517575452336,0.014189116016501968
30,20,302123,0.5,0.01,0.1,0.05,0.5,300,6,0.001,25,25,minibatch,200,0.06891126882066213,0.0023743814852367805,0.014188753655345554,0.013384759118990341,0.014188753655345554
30,20,302123,0.5,0.01,0.1,0.05,0.5,300,6,0.001,25,25,minibatch,225,0.06891011406526355,0.002374301910243817,0.014188468978530933,0.013384359061714979,0.014188468978530933
30,20,302123,0.5,0.01,0.1,0.05,0.5,300,6,0.001,25,25,minibatch,250,0.06890904416576833,0.0023742281839199053,0.014188167200233415,0.013384042143828767,0.014188167200233415
30,20,302123,0.5,0.01,0.1,0.05,0.5,300,6,0.001,25,25,minibatch,275,0.06890800535364895,0.0023741566009092565,0.014187882539911767,0.013383690694198536,0.014187882539911767
30,20,302123,0.5,0.01,0.1,0.05,0.5,300,6,0.001,25,25,minibatch,300,0.0689070084515596,0.0023740879068716533,0.014187598619796848,0.013383380282938784,0.014187598619796848
100,20,1002123,0.5,0.01,0.1,0.05,0.5,300,10,0.001,25,25,full_batch,0,0.041675197615131644,0.0008684110481301372,0.00940034226682579,0.00940034226682579,0.003913588771301324
100,20,1002123,0.5,0.01,0.1,0.05,0.5,300,10,0.001,25,25,full_batch,25,0.041672496280431036,0.0008682984731212693,0.009399867293862552,0.009399867293862552,0.003913401319929455
100,20,1002123,0.5,0.01,0.1,0.05,0.5,300,10,0.001,25,25,full_batch,50,0.04167121035780093,0.0008682448863420477,0.00939964118892922,0.00939964118892922,0.003913312089703247
100,20,1002123,0.5,0.01,0.1,0.05,0.5,300,10,0.001,25,25,full_batch,75,0.04167022076360548,0.0008682036492438086,0.009399467186609056,0.009399467186609056,0.0039132434228997814
100,20,1002123,0.5,0.01,0.1,0.05,0.5,300,10,0.001,25,25,full_batch,100,0.041669385545720014,0.00086816884587893,0.00939932032785079,0.00939932032785079,0.003913185468890079
100,20,1002123,0.5,0.01,0.1,0.05,0.5,300,10,0.001,25,25,full_batch,125,0.04166864925901144,0.0008681381655352573,0.009399190863888851,0.009399190863888851,0.003913134380112759
100,20,1002123,0.5,0.01,0.1,0.05,0.5,300,10,0.001,25,25,full_batch,150,0.041667983358709554,0.0008681104185908481,0.009399073775774647,0.009399073775774647,0.0039130881757317715
100,20,1002123,0.5,0.01,0.1,0.05,0.5,300,10,0.001,25,25,full_batch,175,0.04166737084946272,0.0008680848967533277,0.009398966075263304,0.009398966075263304,0.003913045676370963
100,20,1002123,0.5,0.01,0.1,0.05,0.5,300,10,0.001,25,25,full_batch,200,0.04166680064111177,0.0008680611378330762,0.009398865812401458,0.009398865812401458,0.003913006112439499
100,20,1002123,0.5,0.01,0.1,0.05,0.5,300,10,0.001,25,25,full_batch,225,0.041666265022045706,0.0008680388204436747,0.009398771631278557,0.009398771631278557,0.003912968948798112
100,20,1002123,0.5,0.01,0.1,0.05,0.5,300,10,0.001,25,25,full_batch,250,0.041665758372889654,0.0008680177103940122,0.009398682543855175,0.009398682543855175,0.003912933795495066
100,20,1002123,0.5,0.01,0.1,0.05,0.5,300,10,0.001,25,25,full_batch,275,0.04166527644875305,0.0008679976307755078,0.009398597803763953,0.009398597803763953,0.003912900357960991
100,20,1002123,0.5,0.01,0.1,0.05,0.5,300,10,0.001,25,25,full_batch,300,0.04166481595007943,0.0008679784440769968,0.00939851683085291,0.00939851683085291,0.003912868407225933
100,20,1002123,0.5,0.01,0.1,0.05,0.5,300,10,0.001,25,25,minibatch,0,0.041675197615131644,0.0008684110481301372,0.00940034226682579,0.00940034226682579,0.003913588771301324
100,20,1002123,0.5,0.01,0.1,0.05,0.5,300,10,0.001,25,25,minibatch,25,0.04167239464558715,0.0008682942377487802,0.00939985180232289,0.00939985180232289,0.003913394893245603
100,20,1002123,0.5,0.01,0.1,0.05,0.5,300,10,0.001,25,25,minibatch,50,0.041671038890994286,0.0008682377411273791,0.009399618393751419,0.009399618393751419,0.003913289899353467
100,20,1002123,0.5,0.01,0.1,0.05,0.5,300,10,0.001,25,25,minibatch,75,0.04167009313770206,0.0008681983310523823,0.009399450443399238,0.009399450443399238,0.00391322341757927
100,20,1002123,0.5,0.01,0.1,0.05,0.5,300,10,0.001,25,25,minibatch,100,0.04166925152828135,0.0008681632614635887,0.009399297323888334,0.009399297323888334,0.003913166386655842
100,20,1002123,0.5,0.01,0.1,0.05,0.5,300,10,0.001,25,25,minibatch,125,0.0416685279181035,0.0008681331094308854,0.009399170581103733,0.009399170581103733,0.003913118533711457
100,20,1002123,0.5,0.01,0.1,0.05,0.5,300,10,0.001,25,25,minibatch,150,0.04166787200703754,0.0008681057787974313,0.009399056754913593,0.009399056754913593,0.003913072718996102
100,20,1002123,0.5,0.01,0.1,0.05,0.5,300,10,0.001,25,25,minibatch,175,0.041667276409742555,0.0008680809617029442,0.009398952355522128,0.009398952355522128,0.003913033583066938
100,20,1002123,0.5,0.01,0.1,0.05,0.5,300,10,0.001,25,25,minibatch,200,0.04166672040981102,0.0008680577948546812,0.00939885437969673,0.00939885437969673,0.003912996432792748
100,20,1002123,0.5,0.01,0.1,0.05,0.5,300,10,0.001,25,25,minibatch,225,0.041666194721596106,0.0008680358912889816,0.009398758267147533,0.009398758267147533,0.003912958903862562
100,20,1002123,0.5,0.01,0.1,0.05,0.5,300,10,0.001,25,25,minibatch,250,0.04166567944174632,0.0008680144216711809,0.009398665572804943,0.009398665572804943,0.003912922057391577
100,20,1002123,0.5,0.01,0.1,0.05,0.5,300,10,0.001,25,25,minibatch,275,0.04166519686042785,0.0008679943147091034,0.009398581745729051,0.009398581745729051,0.003912888807789172
100,20,1002123,0.5,0.01,0.1,0.05,0.5,300,10,0.001,25,25,minibatch,300,0.04166474169300324,0.0008679753501723414,0.00939849944633353,0.00939849944633353,0.003912856326671044
30,20,302123,0.5,0.01,0.1,0.2,0.5,300,6,0.001,25,25,full_batch,0,0.06893028566781047,0.0023756921411229787,0.014194061668509617,0.013391379516060287,0.014194061668509617
30,20,302123,0.5,0.01,0.1,0.2,0.5,300,6,0.001,25,25,full_batch,25,0.06890664144181402,0.0023740626173953607,0.014187537922894289,0.013383513602451491,0.014187537922894289
30,20,302123,0.5,0.01,0.1,0.2,0.5,300,6,0.001,25,25,full_batch,50,0.06889539440578012,0.0023732876851639993,0.014184434031567772,0.013379769389164353,0.014184434031567772
30,20,302123,0.5,0.01,0.1,0.2,0.5,300,6,0.001,25,25,full_batch,75,0.06888674277833388,0.0023726916653041678,0.014182046103084822,0.013376888076314097,0.014182046103084822
30,20,302123,0.5,0.01,0.1,0.2,0.5,300,6,0.001,25,25,full_batch,100,0.06887944325866814,0.002372188851812042,0.014180031163831153,0.013374456302272242,0.014180031163831153
30,20,302123,0.5,0.01,0.1,0.2,0.5,300,6,0.001,25,25,full_batch,125,0.06887301022700834,0.002371745768864798,0.0141782552520211,0.013372312612353665,0.0141782552520211
30,20,302123,0.5,0.01,0.1,0.2,0.5,300,6,0.001,25,25,full_batch,150,0.06886719367264935,0.002371345182173097,0.01417664940035085,0.013370373885089604,0.01417664940035085
30,20,302123,0.5,0.01,0.1,0.2,0.5,300,6,0.001,25,25,full_batch,175,0.068861844741237,0.0023709768305831143,0.014175172546237569,0.013368590630594035,0.014175172546237569
30,20,302123,0.5,0.01,0.1,0.2,0.5,300,6,0.001,25,25,full_batch,200,0.0688568662993719,0.002370634018284789,0.014173797894705575,0.013366930554721601,0.014173797894705575
30,20,302123,0.5,0.01,0.1,0.2,0.5,300,6,0.001,25,25,full_batch,225,0.0688521908048108,0.0023703120893110363,0.014172506813717123,0.013365371201544796,0.014172506813717123
30,20,302123,0.5,0.01,0.1,0.2,0.5,300,6,0.001,25,25,full_batch,250,0.06884776904024316,0.0023700076509093324,0.014171285726303162,0.013363896207658876,0.014171285726303162
30,20,302123,0.5,0.01,0.1,0.2,0.5,300,6,0.001,25,25,full_batch,275,0.06884356382681492,0.00236971814018837,0.01417012437639259,0.013362493212106752,0.01417012437639259
30,20,302123,0.5,0.01,0.1,0.2,0.5,300,6,0.001,25,25,full_batch,300,0.06883954626540217,0.002369441565013223,0.014169014791940271,0.01336115260670967,0.014169014791940271
30,20,302123,0.5,0.01,0.1,0.2,0.5,300,6,0.001,25,25,minibatch,0,0.06893028566781047,0.0023756921411229787,0.014194061668509617,0.013391379516060287,0.014194061668509617
30,20,302123,0.5,0.01,0.1,0.2,0.5,300,6,0.001,25,25,minibatch,25,0.06890605438069192,0.002374022165157436,0.014187025571500755,0.013382763862740565,0.014187025571500755
30,20,302123,0.5,0.01,0.1,0.2,0.5,300,6,0.001,25,25,minibatch,50,0.06889393581643699,0.0023731871961396697,0.0141838027037412,0.013378464593518047,0.0141838027037412
30,20,302123,0.5,0.01,0.1,0.2,0.5,300,6,0.001,25,25,minibatch,75,0.06888518771340188,0.002372584543155307,0.014181534949630259,0.013375185450012594,0.014181534949630259
30,20,302123,0.5,0.01,0.1,0.2,0.5,300,6,0.001,25,25,minibatch,100,0.06887742964170429,0.0023720501570239625,0.014179215230042341,0.013372654271466278,0.014179215230042341
30,20,302123,0.5,0.01,0.1,0.2,0.5,300,6,0.001,25,25,minibatch,125,0.06887112848690077,0.0023716161695295974,0.01417746818225002,0.013370574471324781,0.01417746818225002
30,20,302123,0.5,0.01,0.1,0.2,0.5,300,6,0.001,25,25,minibatch,150,0.06886501805578123,0.002371195355911537,0.014175800035480857,0.01336848578903449,0.014175800035480857
30,20,302123,0.5,0.01,0.1,0.2,0.5,300,6,0.001,25,25,minibatch,175,0.06885944283245156,0.002370811433597832,0.014174297366295385,0.013366569385334204,0.014174297366295385
30,20,302123,0.5,0.01,0.1,0.2,0.5,300,6,0.001,25,25,minibatch,200,0.06885432099909283,0.002370458760123058,0.014172850679662397,0.01336490405945856,0.014172850679662397
30,20,302123,0.5,0.01,0.1,0.2,0.5,300,6,0.001,25,25,minibatch,225,0.06884971550710065,0.0023701416627043476,0.014171714873496943,0.013363304754637817,0.014171714873496943
30,20,302123,0.5,0.01,0.1,0.2,0.5,300,6,0.001,25,25,minibatch,250,0.06884544888881002,0.0023698479163508763,0.014170510522559077,0.013362038243646734,0.014170510522559077
30,20,302123,0.5,0.01,0.1,0.2,0.5,300,6,0.001,25,25,minibatch,275,0.06884130676380178,0.0023695627584739303,0.014169374659945444,0.013360633282834156,0.014169374659945444
30,20,302123,0.5,0.01,0.1,0.2,0.5,300,6,0.001,25,25,minibatch,300,0.06883733288544568,0.0023692891993908304,0.01416824175004705,0.013359392701007222,0.01416824175004705
100,20,1002123,0.5,0.01,0.1,0.2,0.5,300,10,0.001,25,25,full_batch,0,0.041675197615131644,0.0008684110481301372,0.00940034226682579,0.00940034226682579,0.003913588771301324
100,20,1002123,0.5,0.01,0.1,0.2,0.5,300,10,0.001,25,25,full_batch,25,0.041664394656776696,0.0008679608910578213,0.00939844275074403,0.00939844275074403,0.00391283917687435
100,20,1002123,0.5,0.01,0.1,0.2,0.5,300,10,0.001,25,25,full_batch,50,0.04165925386130882,0.000867746716140487,0.009397538790307913,0.009397538790307913,0.003912482510951665
100,20,1002123,0.5,0.01,0.1,0.2,0.5,300,10,0.001,25,25,full_batch,75,0.041655298477028785,0.0008675819456051783,0.009396843255972231,0.009396843255972231,0.003912208107193171
100,20,1002123,0.5,0.01,0.1,0.2,0.5,300,10,0.001,25,25,full_batch,100,0.0416519606477823,0.0008674429129022028,0.009396256303865202,0.009396256303865202,0.003911976558957586
100,20,1002123,0.5,0.01,0.1,0.2,0.5,300,10,0.001,25,25,full_batch,125,0.04164901857474622,0.0008673203741197778,0.009395738935990883,0.009395738935990883,0.003911772474413433
100,20,1002123,0.5,0.01,0.1,0.2,0.5,300,10,0.001,25,25,full_batch,150,0.041646358069522375,0.0008672095702274358,0.009395271075061717,0.009395271075061717,0.003911587929403604
100,20,1002123,0.5,0.01,0.1,0.2,0.5,300,10,0.001,25,25,full_batch,175,0.04164391114519931,0.0008671076677346277,0.009394840767212975,0.009394840767212975,0.003911418205944095
100,20,1002123,0.5,0.01,0.1,0.2,0.5,300,10,0.001,25,25,full_batch,200,0.041641633437571976,0.0008670128176745562,0.009394440212064259,0.009394440212064259,0.003911260225360813
100,20,1002123,0.5,0.01,0.1,0.2,0.5,300,10,0.001,25,25,full_batch,225,0.04163949409772443,0.000866923734357214,0.009394063985574519,0.009394063985574519,0.003911111846878201
100,20,1002123,0.5,0.01,0.1,0.2,0.5,300,10,0.001,25,25,full_batch,250,0.04163747064636761,0.0008668394809135621,0.009393708135300993,0.009393708135300993,0.003910971510535655
100,20,1002123,0.5,0.01,0.1,0.2,0.5,300,10,0.001,25,25,full_batch,275,0.04163554610259076,0.0008667593496304802,0.009393369675558205,0.009393369675558205,0.003910838037934905
100,20,1002123,0.5,0.01,0.1,0.2,0.5,300,10,0.001,25,25,full_batch,300,0.04163370726712441,0.0008666827904023041,0.00939304628557136,0.00939304628557136,0.003910710513106097
100,20,1002123,0.5,0.01,0.1,0.2,0.5,300,10,0.001,25,25,minibatch,0,0.041675197615131644,0.0008684110481301372,0.00940034226682579,0.00940034226682579,0.003913588771301324
100,20,1002123,0.5,0.01,0.1,0.2,0.5,300,10,0.001,25,25,minibatch,25,0.04166398831750671,0.0008679439612606677,0.009398380820023089,0.009398380820023089,0.003912813492844891
100,20,1002123,0.5,0.01,0.1,0.2,0.5,300,10,0.001,25,25,minibatch,50,0.04165856848085383,0.000867718163936994,0.009397447661376013,0.009397447661376013,0.003912393792269597
100,20,1002123,0.5,0.01,0.1,0.2,0.5,300,10,0.001,25,25,minibatch,75,0.04165478859801988,0.0008675607065728636,0.009396776324508138,0.009396776324508138,0.003912128142458782
100,20,1002123,0.5,0.01,0.1,0.2,0.5,300,10,0.001,25,25,minibatch,100,0.041651425313416805,0.0008674206153195691,0.009396164350535086,0.009396164350535086,0.003911900313148031
100,20,1002123,0.5,0.01,0.1,0.2,0.5,300,10,0.001,25,25,minibatch,125,0.04164853396026919,0.000867300190519848,0.00939565788825808,0.00939565788825808,0.003911709173879507
100,20,1002123,0.5,0.01,0.1,0.2,0.5,300,10,0.001,25,25,minibatch,150,0.041645913408014865,0.0008671910517939361,0.009395203098952476,0.009395203098952476,0.0039115261980656735
100,20,1002123,0.5,0.01,0.1,0.2,0.5,300,10,0.001,25,25,minibatch,175,0.04164353413942984,0.0008670919678109292,0.009394786007555667,0.009394786007555667,0.003911369929371911
100,20,1002123,0.5,0.01,0.1,0.2,0.5,300,10,0.001,25,25,minibatch,200,0.04164131326010607,0.0008669994850131427,0.009394394577991516,0.009394394577991516,0.003911221581355151
100,20,1002123,0.5,0.01,0.1,0.2,0.5,300,10,0.001,25,25,minibatch,225,0.041639213580612,0.0008669120538059113,0.009394010591734836,0.009394010591734836,0.0039110717655927996
100,20,1002123,0.5,0.01,0.1,0.2,0.5,300,10,0.001,25,25,minibatch,250,0.04163715563843666,0.0008668263648296989,0.009393640297863104,0.009393640297863104,0.003910924654723091
100,20,1002123,0.5,0.01,0.1,0.2,0.5,300,10,0.001,25,25,minibatch,275,0.041635228546059035,0.0008667461280412846,0.00939330550316203,0.00939330550316203,0.003910791944005454
100,20,1002123,0.5,0.01,0.1,0.2,0.5,300,10,0.001,25,25,minibatch,300,0.04163341105609724,0.0008666704580829799,0.009392976782212181,0.009392976782212181,0.003910662285296906
30,20,302123,0.5,0.01,0.02,0.01,0.5,300,6,0.001,25,25,full_batch,0,0.06938924242737488,0.0024074334823225006,0.014194061668509617,0.013391379516060287,0.014194061668509617
30,20,302123,0.5,0.01,0.02,0.01,0.5,300,6,0.001,25,25,full_batch,25,0.06938797296784267,0.0024073453962930326,0.014193727349517626,0.013390983133444001,0.014193727349517626
30,20,302123,0.5,0.01,0.02,0.01,0.5,300,6,0.001,25,25,full_batch,50,0.06938736862163654,0.0024073034621174354,0.0141935681902019,0.013390794423170038,0.0141935681902019
30,20,302123,0.5,0.01,0.02,0.01,0.5,300,6,0.001,25,25,full_batch,75,0.06938690352275295,0.002407271190237913,0.014193445702103513,0.01339064919093197,0.014193445702103513
30,20,302123,0.5,0.01,0.02,0.01,0.5,300,6,0.001,25,25,full_batch,100,0.06938651096666729,0.00240724395206372,0.014193342318377933,0.013390526609171671,0.014193342318377933
30,20,302123,0.5,0.01,0.02,0.01,0.5,300,6,0.001,25,25,full_batch,125,0.06938616489922673,0.002407219939711342,0.014193251177582189,0.013390418542843008,0.014193251177582189
30,20,302123,0.5,0.01,0.02,0.01,0.5,300,6,0.001,25,25,full_batch,150,0.06938585190699222,0.0024071982224295276,0.014193168747245244,0.01339032080378677,0.014193168747245244
30,20,302123,0.5,0.01,0.02,0.01,0.5,300,6,0.001,25,25,full_batch,175,0.06938556400369719,0.00240717824605558,0.014193092924158657,0.013390230898402411,0.014193092924158657
30,20,302123,0.5,0.01,0.02,0.01,0.5,300,6,0.001,25,25,full_batch,200,0.06938529597797709,0.002407159648975742,0.014193022335893757,0.013390147199514146,0.014193022335893757
30,20,302123,0.5,0.01,0.02,0.01,0.5,300,6,0.001,25,25,full_batch,225,0.06938504420607658,0.0024071421797396005,0.01419295602812276,0.013390068575654501,0.01419295602812276
30,20,302123,0.5,0.01,0.02,0.01,0.5,300,6,0.001,25,25,full_batch,250,0.06938480604740148,0.0024071256551177604,0.01419289330543727,0.013389994202335054,0.01419289330543727
30,20,302123,0.5,0.01,0.02,0.01,0.5,300,6,0.001,25,25,full_batch,275,0.06938457950723927,0.0024071099366982035,0.014192833642523772,0.01338992345673451,0.014192833642523772
30,20,302123,0.5,0.01,0.02,0.01,0.5,300,6,0.001,25,25,full_batch,300,0.06938436303509848,0.0024070949168931706,0.014192776631054782,0.013389855854733734,0.014192776631054782
30,20,302123,0.5,0.01,0.02,0.01,0.5,300,6,0.001,25,25,minibatch,0,0.06938924242737488,0.0024074334823225006,0.014194061668509617,0.013391379516060287,0.014194061668509617
30,20,302123,0.5,0.01,0.02,0.01,0.5,300,6,0.001,25,25,minibatch,25,0.06938794001740962,0.002407343109929818,0.014193696246164622,0.013390950140589553,0.014193696246164622
30,20,302123,0.5,0.01,0.02,0.01,0.5,300,6,0.001,25,25,minibatch,50,0.06938727429952836,0.0024072969173589945,0.014193529685027462,0.013390727293424498,0.014193529685027462
30,20,302123,0.5,0.01,0.02,0.01,0.5,300,6,0.001,25,25,minibatch,75,0.06938681469247776,0.002407265026584124,0.014193417815383302,0.01339056275294892,0.014193417815383302
30,20,302123,0.5,0.01,0.02,0.01,0.5,300,6,0.001,25,25,minibatch,100,0.06938639742912725,0.0024072360740963984,0.014193296355469398,0.013390435747368867,0.014193296355469398
30,20,302123,0.5,0.01,0.02,0.01,0.5,300,6,0.001,25,25,minibatch,125,0.06938605794551742,0.00240721251860935,0.014193206676476833,0.013390332125667592,0.014193206676476833
30,20,302123,0.5,0.01,0.02,0.01,0.5,300,6,0.001,25,25,minibatch,150,0.06938572915520443,0.0024071897051996926,0.014193119891554307,0.013390225716463977,0.014193119891554307
30,20,302123,0.5,0.01,0.02,0.01,0.5,300,6,0.001,25,25,minibatch,175,0.06938543223093144,0.0024071691029365896,0.014193042520140753,0.013390130674151624,0.014193042520140753
30,20,302123,0.5,0.01,0.02,0.01,0.5,300,6,0.001,25,25,minibatch,200,0.06938515612133767,0.0024071499449912007,0.01419296833927114,0.013390047586872567,0.01419296833927114
30,20,302123,0.5,0.01,0.02,0.01,0.5,300,6,0.001,25,25,minibatch,225,0.06938491013324961,0.0024071328770995624,0.014192911255930585,0.013389969316106087,0.014192911255930585
30,20,302123,0.5,0.01,0.02,0.01,0.5,300,6,0.001,25,25,minibatch,250,0.0693846805050869,0.0024071169443964924,0.014192850011743363,0.013389904078148107,0.014192850011743363
30,20,302123,0.5,0.01,0.02,0.01,0.5,300,6,0.001,25,25,minibatch,275,0.06938445408591856,0.0024071012344004704,0.014192790788914666,0.013389831253733553,0.014192790788914666
30,20,302123,0.5,0.01,0.02,0.01,0.5,300,6,0.001,25,25,minibatch,300,0.06938423797961926,0.00240708624000622,0.014192732370023886,0.013389768440353722,0.014192732370023886
100,20,1002123,0.5,0.01,0.02,0.01,0.5,300,10,0.001,25,25,full_batch,0,0.042062152240195,0.0008846123255386707,0.00940034226682579,0.00940034226682579,0.003913588771301324
100,20,1002123,0.5,0.01,0.02,0.01,0.5,300,10,0.001,25,25,full_batch,25,0.04206153340169042,0.0008845862960507596,0.009400240148362937,0.009400240148362937,0.00391354799756416
100,20,1002123,0.5,0.01,0.02,0.01,0.5,300,10,0.001,25,25,full_batch,50,0.04206123878807137,0.0008845739041935799,0.009400191532202007,0.009400191532202007,0.003913528586333315
100,20,1002123,0.5,0.01,0.02,0.01,0.5,300,10,0.001,25,25,full_batch,75,0.04206101205380907,0.0008845643674953359,0.009400154117222725,0.009400154117222725,0.003913513647532452
100,20,1002123,0.5,0.01,0.02,0.01,0.5,300,10,0.001,25,25,full_batch,100,0.04206082068222862,0.0008845563182312954,0.009400122537652378,0.009400122537652378,0.003913501038705247
100,20,1002123,0.5,0.01,0.02,0.01,0.5,300,10,0.001,25,25,full_batch,125,0.04206065197262504,0.0008845492221811434,0.00940009469767128,0.00940009469767128,0.003913489923028757
100,20,1002123,0.5,0.01,0.02,0.01,0.5,300,10,0.001,25,25,full_batch,150,0.04206049938630424,0.0008845428043126497,0.009400069518290144,0.009400069518290144,0.003913479869681935
100,20,1002123,0.5,0.01,0.02,0.01,0.5,300,10,0.001,25,25,full_batch,175,0.04206035903017385,0.0008845369008735634,0.009400046357086411,0.009400046357086411,0.0039134706221573
100,20,1002123,0.5,0.01,0.02,0.01,0.5,300,10,0.001,25,25,full_batch,200,0.04206022836383275,0.0008845314050088803,0.009400024794853301,0.009400024794853301,0.003913462013072633
100,20,1002123,0.5,0.01,0.02,0.01,0.5,300,10,0.001,25,25,full_batch,225,0.04206010562079659,0.0008845262424162824,0.009400004540092266,0.009400004540092266,0.003913453926038035
100,20,1002123,0.5,0.01,0.02,0.01,0.5,300,10,0.001,25,25,full_batch,250,0.04205998951384598,0.0008845213589524168,0.009399985380391662,0.009399985380391662,0.00391344627624135
100,20,1002123,0.5,0.01,0.02,0.01,0.5,300,10,0.001,25,25,full_batch,275,0.042059879070611386,0.0008845167137172268,0.009399967155294842,0.009399967155294842,0.003913438999615271
100,20,1002123,0.5,0.01,0.02,0.01,0.5,300,10,0.001,25,25,full_batch,300,0.04205977353526998,0.0008845122749190986,0.00939994974007935,0.00939994974007935,0.003913432046359966
100,20,1002123,0.5,0.01,0.02,0.01,0.5,300,10,0.001,25,25,minibatch,0,0.042062152240195,0.0008846123255386707,0.00940034226682579,0.00940034226682579,0.003913588771301324
100,20,1002123,0.5,0.01,0.02,0.01,0.5,300,10,0.001,25,25,minibatch,25,0.04206152175623219,0.000884585806224997,0.009400238202307898,0.009400238202307898,0.003913549289369711
100,20,1002123,0.5,0.01,0.02,0.01,0.5,300,10,0.001,25,25,minibatch,50,0.042061212805963026,0.000884572811354254,0.009400187988758968,0.009400187988758968,0.003913525985142052
100,20,1002123,0.5,0.01,0.02,0.01,0.5,300,10,0.001,25,25,minibatch,75,0.042060994802536,0.0008845636418894803,0.0094001511310991,0.0094001511310991,0.003913511935513925
100,20,1002123,0.5,0.01,0.02,0.01,0.5,300,10,0.001,25,25,minibatch,100,0.04206080580347939,0.0008845556924190026,0.009400118732511287,0.009400118732511287,0.003913499904206641
100,20,1002123,0.5,0.01,0.02,0.01,0.5,300,10,0.001,25,25,minibatch,125,0.04206063974406883,0.0008845487078401713,0.009400091570928248,0.009400091570928248,0.003913489290117589
100,20,1002123,0.5,0.01,0.02,0.01,0.5,300,10,0.001,25,25,minibatch,150,0.04206049002443336,0.0008845424105477289,0.009400067241922494,0.009400067241922494,0.003913479475259551
100,20,1002123,0.5,0.01,0.02,0.01,0.5,300,10,0.001,25,25,minibatch,175,0.04206035384788205,0.0008845366829045232,0.009400044582826672,0.009400044582826672,0.003913471340970864
100,20,1002123,0.5,0.01,0.02,0.01,0.5,300,10,0.001,25,25,minibatch,200,0.042060227945027416,0.0008845313873938325,0.009400023732668683,0.009400023732668683,0.003913463370980419
100,20,1002123,0.5,0.01,0.02,0.01,0.5,300,10,0.001,25,25,minibatch,225,0.042060107023067325,0.0008845263013959387,0.0094000030355893,0.0094000030355893,0.00391345529588305
100,20,1002123,0.5,0.01,0.02,0.01,0.5,300,10,0.001,25,25,minibatch,250,0.04205998937999117,0.000884521353322485,0.009399982932205064,0.009399982932205064,0.003913447378706247
100,20,1002123,0.5,0.01,0.02,0.01,0.5,300,10,0.001,25,25,minibatch,275,0.04205987696087043,0.0008845166249817796,0.009399964647650583,0.009399964647650583,0.003913439918056039
100,20,1002123,0.5,0.01,0.02,0.01,0.5,300,10,0.001,25,25,minibatch,300,0.042059773806430126,0.0008845122863240329,0.00939994692830376,0.00939994692830376,0.003913433125304899
30,20,302123,0.5,0.01,0.02,0.05,0.5,300,6,0.001,25,25,full_batch,0,0.06938924242737488,0.0024074334823225006,0.014194061668509617,0.013391379516060287,0.014194061668509617
30,20,302123,0.5,0.01,0.02,0.05,0.5,300,6,0.001,25,25,full_batch,25,0.06938289585136874,0.002406993118360941,0.014192390220680473,0.013389397655626245,0.014192390220680473
30,20,302123,0.5,0.01,0.02,0.05,0.5,300,6,0.001,25,25,full_batch,50,0.0693798749958874,0.0024067835272224805,0.014191594604392843,0.013388454173791642,0.014191594604392843
30,20,302123,0.5,0.01,0.02,0.05,0.5,300,6,0.001,25,25,full_batch,75,0.06937755040642532,0.002406622250198043,0.014190982350387793,0.013387728084916672,0.014190982350387793
30,20,302123,0.5,0.01,0.02,0.05,0.5,300,6,0.001,25,25,full_batch,100,0.06937558854602972,0.0024064861430540055,0.014190465621408965,0.013387115249821557,0.014190465621408965
30,20,302123,0.5,0.01,0.02,0.05,0.5,300,6,0.001,25,25,full_batch,125,0.06937385913842647,0.002406366165879119,0.014190010109083384,0.013386574992755751,0.014190010109083384
30,20,302123,0.5,0.01,0.02,0.05,0.5,300,6,0.001,25,25,full_batch,150,0.06937229511360843,0.00240625766466479,0.014189598150464666,0.013386086372661588,0.014189598150464666
30,20,302123,0.5,0.01,0.02,0.05,0.5,300,6,0.001,25,25,full_batch,175,0.06937085653857959,0.0024061578684480955,0.01418921922916272,0.013385636921383837,0.01418921922916272
30,20,302123,0.5,0.01,0.02,0.05,0.5,300,6,0.001,25,25,full_batch,200,0.06936951735543855,0.002406064969063245,0.014188866482806206,0.01338521850294544,0.014188866482806206
30,20,302123,0.5,0.01,0.02,0.05,0.5,300,6,0.001,25,25,full_batch,225,0.06936825944466114,0.00240597770919091,0.014188535139602332,0.01338482545994324,0.014188535139602332
30,20,302123,0.5,0.01,0.02,0.05,0.5,300,6,0.001,25,25,full_batch,250,0.06936706960273241,0.0024058951726351613,0.014188221722393701,0.013384453669884278,0.014188221722393701
30,20,302123,0.5,0.01,0.02,0.05,0.5,300,6,0.001,25,25,full_batch,275,0.06936593785568199,0.0024058166672991676,0.014187923604525643,0.013384100018626055,0.014187923604525643
30,20,302123,0.5,0.01,0.02,0.05,0.5,300,6,0.001,25,25,full_batch,300,0.06936485645073624,0.0024057416552156225,0.014187638744299236,0.013383762085544038,0.014187638744299236
30,20,302123,0.5,0.01,0.02,0.05,0.5,300,6,0.001,25,25,minibatch,0,0.06938924242737488,0.0024074334823225006,0.014194061668509617,0.013391379516060287,0.014194061668509617
30,20,302123,0.5,0.01,0.02,0.05,0.5,300,6,0.001,25,25,minibatch,25,0.06938273110776515,0.002406981687986221,0.014192234700751427,0.013389232671363993,0.014192234700751427
30,20,302123,0.5,0.01,0.02,0.05,0.5,300,6,0.001,25,25,minibatch,50,0.06937940345817026,0.0024067508121057837,0.014191402098246542,0.013388118470546828,0.014191402098246542
30,20,302123,0.5,0.01,0.02,0.05,0.5,300,6,0.001,25,25,minibatch,75,0.06937710634571338,0.002406591442452212,0.014190842942427118,0.013387295855095738,0.014190842942427118
30,20,302123,0.5,0.01,0.02,0.05,0.5,300,6,0.001,25,25,minibatch,100,0.06937502099596618,0.002406446769095374,0.014190235832667708,0.01338666092478652,0.014190235832667708
30,20,302123,0.5,0.01,0.02,0.05,0.5,300,6,0.001,25,25,minibatch,125,0.06937332452637064,0.0024063290779205693,0.014189787643251739,0.013386142899520725,0.014189787643251739
30,20,302123,0.5,0.01,0.02,0.05,0.5,300,6,0.001,25,25,minibatch,150,0.06937168155763633,0.0024062151010670503,0.01418935392885301,0.013385610913222878,0.01418935392885301
30,20,302123,0.5,0.01,0.02,0.05,0.5,300,6,0.001,25,25,minibatch,175,0.06937019793976504,0.002406112181101091,0.014188967272928954,0.013385135789939329,0.014188967272928954
30,20,302123,0.5,0.01,0.02,0.05,0.5,300,6,0.001,25,25,minibatch,200,0.06936881839473007,0.0024060164827405203,0.014188596574773893,0.013384720455110799,0.014188596574773893
30,20,302123,0.5,0.01,0.02,0.05,0.5,300,6,0.001,25,25,minibatch,225,0.06936758944607281,0.002405931232779456,0.014188311379419227,0.013384329186506339,0.014188311379419227
30,20,302123,0.5,0.01,0.02,0.05,0.5,300,6,0.001,25,25,minibatch,250,0.06936644225472313,0.0024058516555389192,0.014188005365860012,0.013384003092792585,0.014188005365860012
30,20,302123,0.5,0.01,0.02,0.05,0.5,300,6,0.001,25,25,minibatch,275,0.06936531113135216,0.002405773194174644,0.01418770945866804,0.013383639044997842,0.01418770945866804
30,20,302123,0.5,0.01,0.02,0.05,0.5,300,6,0.001,25,25,minibatch,300,0.06936423162443668,0.002405698314424251,0.014187417573569172,0.013383325074170338,0.014187417573569172
100,20,1002123,0.5,0.01,0.02,0.05,0.5,300,10,0.001,25,25,full_batch,0,0.042062152240195,0.0008846123255386707,0.00940034226682579,0.00940034226682579,0.003913588771301324
100,20,1002123,0.5,0.01,0.02,0.05,0.5,300,10,0.001,25,25,full_batch,25,0.04205905824113181,0.0008844821900654589,0.00939983170348746,0.00939983170348746,0.003913384919095986
100,20,1002123,0.5,0.01,0.02,0.05,0.5,300,10,0.001,25,25,full_batch,50,0.0420575854085314,0.0008844202451979566,0.009399588658125957,0.009399588658125957,0.003913287882851724
100,20,1002123,0.5,0.01,0.02,0.05,0.5,300,10,0.001,25,25,full_batch,75,0.042056451980700495,0.0008843725766024832,0.009399401619886838,0.009399401619886838,0.003913213209421951
100,20,1002123,0.5,0.01,0.02,0.05,0.5,300,10,0.001,25,25,full_batch,100,0.042055495370372696,0.0008843323454237196,0.009399243759315168,0.009399243759315168,0.003913150186203529
100,20,1002123,0.5,0.01,0.02,0.05,0.5,300,10,0.001,25,25,full_batch,125,0.042054652072529744,0.0008842968804707651,0.009399104597084096,0.009399104597084096,0.003913094628955505
100,20,1002123,0.5,0.01,0.02,0.05,0.5,300,10,0.001,25,25,full_batch,150,0.04205388939293852,0.0008842648065367535,0.009398978738131947,0.009398978738131947,0.003913044383510367
100,20,1002123,0.5,0.01,0.02,0.05,0.5,300,10,0.001,25,25,full_batch,175,0.04205318786568661,0.0008842353048333658,0.009398862970276478,0.009398862970276478,0.003912998167290738
100,20,1002123,0.5,0.01,0.02,0.05,0.5,300,10,0.001,25,25,full_batch,200,0.042052534788474705,0.0008842078410679377,0.00939875519743949,0.00939875519743949,0.003912955143363872
100,20,1002123,0.5,0.01,0.02,0.05,0.5,300,10,0.001,25,25,full_batch,225,0.04205192132867865,0.0008841820437166893,0.009398653962098769,0.009398653962098769,0.003912914729762407
100,20,1002123,0.5,0.01,0.02,0.05,0.5,300,10,0.001,25,25,full_batch,250,0.042051341050053696,0.0008841576420539655,0.009398558202172835,0.009398558202172835,0.003912876502413121
100,20,1002123,0.5,0.01,0.02,0.05,0.5,300,10,0.001,25,25,full_batch,275,0.042050789090643075,0.0008841344315728733,0.009398467115361908,0.009398467115361908,0.00391284014096982
100,20,1002123,0.5,0.01,0.02,0.05,0.5,300,10,0.001,25,25,full_batch,300,0.04205026167124453,0.0008841122533100684,0.009398380078038893,0.009398380078038893,0.0039128053964271325
100,20,1002123,0.5,0.01,0.02,0.05,0.5,300,10,0.001,25,25,minibatch,0,0.042062152240195,0.0008846123255386707,0.00940034226682579,0.00940034226682579,0.003913588771301324
100,20,1002123,0.5,0.01,0.02,0.05,0.5,300,10,0.001,25,25,minibatch,25,0.04205900002180336,0.0008844797414170274,0.009399821974971245,0.009399821974971245,0.003913391379030906
100,20,1002123,0.5,0.01,0.02,0.05,0.5,300,10,0.001,25,25,minibatch,50,0.04205745552193499,0.00088441478248977,0.009399570942707935,0.009399570942707935,0.0039132748787605864
100,20,1002123,0.5,0.01,0.02,0.05,0.5,300,10,0.001,25,25,minibatch,75,0.04205636575392607,0.0008843689502140029,0.009399386689855571,0.009399386689855571,0.003913204651660451
100,20,1002123,0.5,0.01,0.02,0.05,0.5,300,10,0.001,25,25,minibatch,100,0.04205542101097599,0.0008843292182052203,0.009399224735914424,0.009399224735914424,0.003913144517209699
100,20,1002123,0.5,0.01,0.02,0.05,0.5,300,10,0.001,25,25,minibatch,125,0.04205459096294149,0.0008842943105301602,0.009399088967083913,0.009399088967083913,0.003913091467027341
100,20,1002123,0.5,0.01,0.02,0.05,0.5,300,10,0.001,25,25,minibatch,150,0.042053842612415224,0.0008842628392348953,0.009398967361872679,0.009398967361872679,0.003913042414630863
100,20,1002123,0.5,0.01,0.02,0.05,0.5,300,10,0.001,25,25,minibatch,175,0.0420531619780817,0.0008842342161773881,0.00939885410525565,0.00939885410525565,0.0039130017639753545
100,20,1002123,0.5,0.01,0.02,0.05,0.5,300,10,0.001,25,25,minibatch,200,0.042052532714238235,0.0008842077538410384,0.009398749890816127,0.009398749890816127,0.0039129619332881616
100,20,1002123,0.5,0.01,0.02,0.05,0.5,300,10,0.001,25,25,minibatch,225,0.04205192835478596,0.0008841823391780257,0.009398646441132308,0.009398646441132308,0.003912921581101347
100,20,1002123,0.5,0.01,0.02,0.05,0.5,300,10,0.001,25,25,minibatch,250,0.04205134039372227,0.000884157614454349,0.009398545961019078,0.009398545961019078,0.003912882015828845
100,20,1002123,0.5,0.01,0.02,0.05,0.5,300,10,0.001,25,25,minibatch,275,0.04205077855808898,0.000884133988670718,0.009398454577389304,0.009398454577389304,0.003912844735108445
100,20,1002123,0.5,0.01,0.02,0.05,0.5,300,10,0.001,25,25,minibatch,300,0.04205026304280298,0.0008841123109844611,0.009398366017140669,0.009398366017140669,0.003912810791682708
30,20,302123,0.5,0.01,0.02,0.2,0.5,300,6,0.001,25,25,full_batch,0,0.06938924242737488,0.0024074334823225006,0.014194061668509617,0.013391379516060287,0.014194061668509617
30,20,302123,0.5,0.01,0.02,0.2,0.5,300,6,0.001,25,25,full_batch,25,0.06936386694069041,0.002405673018482902,0.014187378082741453,0.013383452864224321,0.014187378082741453
30,20,302123,0.5,0.01,0.02,0.2,0.5,300,6,0.001,25,25,full_batch,50,0.069351796634508,0.0024048358482170774,0.0141841983186341,0.013379679980190573,0.0141841983186341
30,20,302123,0.5,0.01,0.02,0.2,0.5,300,6,0.001,25,25,full_batch,75,0.06934251182676414,0.0024041919732224622,0.014181752095284161,0.013376776709786986,0.014181752095284161
30,20,302123,0.5,0.01,0.02,0.2,0.5,300,6,0.001,25,25,full_batch,100,0.06933467815598163,0.002403648797496778,0.014179688018453818,0.013374326475404041,0.014179688018453818
30,20,302123,0.5,0.01,0.02,0.2,0.5,300,6,0.001,25,25,full_batch,125,0.06932777443515305,0.0024031701540657303,0.014177868837387086,0.013372166566241184,0.014177868837387086
30,20,302123,0.5,0.01,0.02,0.2,0.5,300,6,0.001,25,25,full_batch,150,0.06932153234258799,0.0024027374231622364,0.01417622389153772,0.013370213214151383,0.01417622389153772
30,20,302123,0.5,0.01,0.02,0.2,0.5,300,6,0.001,25,25,full_batch,175,0.06931579212173206,0.0024023395187315858,0.014174711110185811,0.013368416544226214,0.014174711110185811
30,20,302123,0.5,0.01,0.02,0.2,0.5,300,6,0.001,25,25,full_batch,200,0.06931044952507259,0.002401969206683818,0.014173303040507623,0.013366744011079845,0.014173303040507623
30,20,302123,0.5,0.01,0.02,0.2,0.5,300,6,0.001,25,25,full_batch,225,0.0693054320635323,0.0024016214567564457,0.014171980593029876,0.013365172984084628,0.014171980593029876
30,20,302123,0.5,0.01,0.02,0.2,0.5,300,6,0.001,25,25,full_batch,250,0.06930068691509936,0.0024012926034523117,0.014170729857456266,0.013363686972535482,0.014170729857456266
30,20,302123,0.5,0.01,0.02,0.2,0.5,300,6,0.001,25,25,full_batch,275,0.0692961741779226,0.0024009798778484932,0.014169540325919938,0.013362273519313073,0.014169540325919938
30,20,302123,0.5,0.01,0.02,0.2,0.5,300,6,0.001,25,25,full_batch,300,0.06929186283629482,0.002400681127661948,0.014168403830656151,0.013360922941492492,0.014168403830656151
30,20,302123,0.5,0.01,0.02,0.2,0.5,300,6,0.001,25,25,minibatch,0,0.06938924242737488,0.0024074334823225006,0.014194061668509617,0.013391379516060287,0.014194061668509617
30,20,302123,0.5,0.01,0.02,0.2,0.5,300,6,0.001,25,25,minibatch,25,0.06936320809460586,0.002405627318587798,0.014186755955503061,0.013382792627575746,0.014186755955503061
30,20,302123,0.5,0.01,0.02,0.2,0.5,300,6,0.001,25,25,minibatch,50,0.0693499115741181,0.002404705117669,0.014183428589416736,0.01337833635013358,0.014183428589416736
30,20,302123,0.5,0.01,0.02,0.2,0.5,300,6,0.001,25,25,minibatch,75,0.06934073694088475,0.002404068899752489,0.01418119484703484,0.01337504719263688,0.01418119484703484
30,20,302123,0.5,0.01,0.02,0.2,0.5,300,6,0.001,25,25,minibatch,100,0.06933241001552196,0.0024034915392802244,0.014178769248905987,0.0133725089363681,0.014178769248905987
30,20,302123,0.5,0.01,0.02,0.2,0.5,300,6,0.001,25,25,minibatch,125,0.06932563832866748,0.0024030220648386044,0.01417697956731201,0.013370438084679193,0.01417697956731201
30,20,302123,0.5,0.01,0.02,0.2,0.5,300,6,0.001,25,25,minibatch,150,0.069319081156684,0.0024025675062034715,0.01417524785515839,0.013368311037044445,0.01417524785515839
30,20,302123,0.5,0.01,0.02,0.2,0.5,300,6,0.001,25,25,minibatch,175,0.06931316169217,0.0024021571918824516,0.014173704239629659,0.013366411869997319,0.014173704239629659
30,20,302123,0.5,0.01,0.02,0.2,0.5,300,6,0.001,25,25,minibatch,200,0.06930765850730287,0.002401775763882456,0.014172224530214217,0.013364752055314066,0.014172224530214217
30,20,302123,0.5,0.01,0.02,0.2,0.5,300,6,0.001,25,25,minibatch,225,0.06930275753725579,0.002401436101133832,0.014171087058676868,0.013363188260671066,0.014171087058676868
30,20,302123,0.5,0.01,0.02,0.2,0.5,300,6,0.001,25,25,minibatch,250,0.06929818296027096,0.002401119080797594,0.014169866104153994,0.013361885327966727,0.014169866104153994
30,20,302123,0.5,0.01,0.02,0.2,0.5,300,6,0.001,25,25,minibatch,275,0.06929367299671502,0.002400806558687836,0.014168685568223593,0.013360430253346933,0.014168685568223593
30,20,302123,0.5,0.01,0.02,0.2,0.5,300,6,0.001,25,25,minibatch,300,0.06928937027481402,0.0024005084165401405,0.01416752115631481,0.013359175812123536,0.01416752115631481
100,20,1002123,0.5,0.01,0.02,0.2,0.5,300,10,0.001,25,25,full_batch,0,0.042062152240195,0.0008846123255386707,0.00940034226682579,0.00940034226682579,0.003913588771301324
100,20,1002123,0.5,0.01,0.02,0.2,0.5,300,10,0.001,25,25,full_batch,25,0.04204977914486464,0.0008840919630659465,0.009398300447977459,0.009398300447977459,0.003912773609610398
100,20,1002123,0.5,0.01,0.02,0.2,0.5,300,10,0.001,25,25,full_batch,50,0.04204389134460724,0.0008838443996985698,0.009397328797858595,0.009397328797858595,0.0039123857631730985
100,20,1002123,0.5,0.01,0.02,0.2,0.5,300,10,0.001,25,25,full_batch,75,0.042039361282329546,0.0008836539485131143,0.009396581194335007,0.009396581194335007,0.003912087377909379
100,20,1002123,0.5,0.01,0.02,0.2,0.5,300,10,0.001,25,25,full_batch,100,0.042035538550771905,0.0008834932506267155,0.009395950310711665,0.009395950310711665,0.003911835598576663
100,20,1002123,0.5,0.01,0.02,0.2,0.5,300,10,0.001,25,25,full_batch,125,0.04203216910753603,0.0008833516199422531,0.009395394226284437,0.009395394226284437,0.0039116136863558415
100,20,1002123,0.5,0.01,0.02,0.2,0.5,300,10,0.001,25,25,full_batch,150,0.04202912216432064,0.0008832235549516943,0.009394891359076174,0.009394891359076174,0.0039114130236247435
100,20,1002123,0.5,0.01,0.02,0.2,0.5,300,10,0.001,25,25,full_batch,175,0.042026319850762654,0.0008831057800993035,0.009394428859340498,0.009394428859340498,0.00391122847951475
100,20,1002123,0.5,0.01,0.02,0.2,0.5,300,10,0.001,25,25,full_batch,200,0.04202371135330952,0.0008829961579531377,0.00939399834210014,0.00939399834210014,0.003911056705927396
100,20,1002123,0.5,0.01,0.02,0.2,0.5,300,10,0.001,25,25,full_batch,225,0.04202126133845526,0.0008828932022373774,0.009393593976810721,0.009393593976810721,0.003910895374743095
100,20,1002123,0.5,0.01,0.02,0.2,0.5,300,10,0.001,25,25,full_batch,250,0.04201894405903663,0.000882795829918225,0.009393211514814481,0.009393211514814481,0.003910742789483779
100,20,1002123,0.5,0.01,0.02,0.2,0.5,300,10,0.001,25,25,full_batch,275,0.04201674006558367,0.0008827032228694119,0.009392847746665323,0.009392847746665323,0.003910597668627336
100,20,1002123,0.5,0.01,0.02,0.2,0.5,300,10,0.001,25,25,full_batch,300,0.04201463424001561,0.0008826147451611459,0.009392500177659191,0.009392500177659191,0.003910459016044587
100,20,1002123,0.5,0.01,0.02,0.2,0.5,300,10,0.001,25,25,minibatch,0,0.042062152240195,0.0008846123255386707,0.00940034226682579,0.00940034226682579,0.003913588771301324
100,20,1002123,0.5,0.01,0.02,0.2,0.5,300,10,0.001,25,25,minibatch,25,0.042049546386952456,0.0008840821756742332,0.009398261560276844,0.009398261560276844,0.003912799462961969
100,20,1002123,0.5,0.01,0.02,0.2,0.5,300,10,0.001,25,25,minibatch,50,0.04204337215719292,0.0008838225711741125,0.0093972579631047,0.0093972579631047,0.003912333774754084
100,20,1002123,0.5,0.01,0.02,0.2,0.5,300,10,0.001,25,25,minibatch,75,0.04203901681878939,0.0008836394675452285,0.009396521482940678,0.009396521482940678,0.003912053181769903
100,20,1002123,0.5,0.01,0.02,0.2,0.5,300,10,0.001,25,25,minibatch,100,0.04203524162790968,0.0008834807693583753,0.009395874251595326,0.009395874251595326,0.003911812975023521
100,20,1002123,0.5,0.01,0.02,0.2,0.5,300,10,0.001,25,25,minibatch,125,0.04203192516657345,0.0008833413666042151,0.009395331761917203,0.009395331761917203,0.003911601077986826
100,20,1002123,0.5,0.01,0.02,0.2,0.5,300,10,0.001,25,25,minibatch,150,0.042028935474132834,0.0008832157085444107,0.00939484593754536,0.00939484593754536,0.003911405196540985
100,20,1002123,0.5,0.01,0.02,0.2,0.5,300,10,0.001,25,25,minibatch,175,0.04202621665757982,0.0008831014432749199,0.00939439349318233,0.00939439349318233,0.003911242905457524
100,20,1002123,0.5,0.01,0.02,0.2,0.5,300,10,0.001,25,25,minibatch,200,0.04202370335274954,0.0008829958217399465,0.00939397717986079,0.00939397717986079,0.00391108387136907
100,20,1002123,0.5,0.01,0.02,0.2,0.5,300,10,0.001,25,25,minibatch,225,0.0420212896637475,0.0008828943925022862,0.009393563915947756,0.009393563915947756,0.003910922811761641
100,20,1002123,0.5,0.01,0.02,0.2,0.5,300,10,0.001,25,25,minibatch,250,0.04201894162742917,0.0008827957277446499,0.009393162546668554,0.009393162546668554,0.003910764859454741
100,20,1002123,0.5,0.01,0.02,0.2,0.5,300,10,0.001,25,25,minibatch,275,0.04201669817720411,0.0008827014628571336,0.009392797598256397,0.009392797598256397,0.003910616074177087
100,20,1002123,0.5,0.01,0.02,0.2,0.5,300,10,0.001,25,25,minibatch,300,0.042014639962230226,0.0008826149855779165,0.009392443903556424,0.009392443903556424,0.003910480604958799
30,20,302123,0.5,0.01,0.005,0.01,0.5,300,6,0.001,25,25,full_batch,0,0.07114650676937571,0.002530912712742412,0.014194061668509617,0.013391379516060287,0.014194061668509617
30,20,302123,0.5,0.01,0.005,0.01,0.5,300,6,0.001,25,25,full_batch,25,0.07114495439417158,0.002530802267874377,0.014193703019787673,0.013390980363934157,0.014193703019787673
30,20,302123,0.5,0.01,0.005,0.01,0.5,300,6,0.001,25,25,full_batch,50,0.07114421536277538,0.002530749689792482,0.014193532278198917,0.013390790336544667,0.014193532278198917
30,20,302123,0.5,0.01,0.005,0.01,0.5,300,6,0.001,25,25,full_batch,75,0.0711436466120444,0.0025307092266297288,0.014193400876617912,0.01339064409125812,0.014193400876617912
30,20,302123,0.5,0.01,0.005,0.01,0.5,300,6,0.001,25,25,full_batch,100,0.07114316657135494,0.002530675074899778,0.014193289969752665,0.013390520654858296,0.014193289969752665
30,20,302123,0.5,0.01,0.005,0.01,0.5,300,6,0.001,25,25,full_batch,125,0.07114274337999774,0.0025306449678161058,0.014193192196810811,0.013390411835404736,0.014193192196810811
30,20,302123,0.5,0.01,0.005,0.01,0.5,300,6,0.001,25,25,full_batch,150,0.07114236063514866,0.0025306177383707744,0.014193103768241067,0.013390313415447552,0.014193103768241067
30,20,302123,0.5,0.01,0.005,0.01,0.5,300,6,0.001,25,25,full_batch,175,0.07114200857068262,0.0025305926917355394,0.01419302242777265,0.013390222883947811,0.01419302242777265
30,20,302123,0.5,0.01,0.005,0.01,0.5,300,6,0.001,25,25,full_batch,200,0.07114168081380493,0.00253056937450665,0.014192946703095455,0.013390138602349777,0.014192946703095455
30,20,302123,0.5,0.01,0.005,0.01,0.5,300,6,0.001,25,25,full_batch,225,0.07114137293315242,0.0025305474714069362,0.014192875570430474,0.013390059431273138,0.014192875570430474
30,20,302123,0.5,0.01,0.005,0.01,0.5,300,6,0.001,25,25,full_batch,250,0.07114108169963544,0.0025305267526971025,0.014192808283759795,0.013389984540462752,0.014192808283759795
30,20,302123,0.5,0.01,0.005,0.01,0.5,300,6,0.001,25,25,full_batch,275,0.07114080467398937,0.0025305070448313535,0.014192744279539149,0.013389913302742085,0.014192744279539149
30,20,302123,0.5,0.01,0.005,0.01,0.5,300,6,0.001,25,25,full_batch,300,0.07114053996017349,0.00253048821291252,0.014192683119725436,0.013389845230605935,0.014192683119725436
30,20,302123,0.5,0.01,0.005,0.01,0.5,300,6,0.001,25,25,minibatch,0,0.07114650676937571,0.002530912712742412,0.014194061668509617,0.013391379516060287,0.014194061668509617
30,20,302123,0.5,0.01,0.005,0.01,0.5,300,6,0.001,25,25,minibatch,25,0.07114487684887878,0.002530796750921064,0.014193654495243624,0.013390968152766414,0.014193654495243624
30,20,302123,0.5,0.01,0.005,0.01,0.5,300,6,0.001,25,25,minibatch,50,0.07114402643477233,0.0025307362486757918,0.01419347068660115,0.013390732429437169,0.01419347068660115
30,20,302123,0.5,0.01,0.005,0.01,0.5,300,6,0.001,25,25,minibatch,75,0.07114349726505084,0.0025306986015511484,0.014193358972736103,0.013390570256262724,0.014193358972736103
30,20,302123,0.5,0.01,0.005,0.01,0.5,300,6,0.001,25,25,minibatch,100,0.0711429899251331,0.002530662507743795,0.01419322790180394,0.01339044486727492,0.01419322790180394
30,20,302123,0.5,0.01,0.005,0.01,0.5,300,6,0.001,25,25,minibatch,125,0.07114257176276952,0.002530632758510405,0.014193134739096835,0.01339033729294753,0.014193134739096835
30,20,302123,0.5,0.01,0.005,0.01,0.5,300,6,0.001,25,25,minibatch,150,0.07114217957665782,0.0025306048574587144,0.014193037604871228,0.013390231398089814,0.014193037604871228
30,20,302123,0.5,0.01,0.005,0.01,0.5,300,6,0.001,25,25,minibatch,175,0.0711418216392551,0.0025305793930757926,0.014192952106422685,0.01339013701355829,0.014192952106422685
30,20,302123,0.5,0.01,0.005,0.01,0.5,300,6,0.001,25,25,minibatch,200,0.07114148226321017,0.0025305552493033235,0.014192872634541165,0.013390053043549233,0.014192872634541165
30,20,302123,0.5,0.01,0.005,0.01,0.5,300,6,0.001,25,25,minibatch,225,0.07114118423559788,0.0025305340472216403,0.014192813490355949,0.013389979935436003,0.014192813490355949
30,20,302123,0.5,0.01,0.005,0.01,0.5,300,6,0.001,25,25,minibatch,250,0.07114090963377466,0.0025305145117604463,0.01419274908491397,0.013389915186709345,0.01419274908491397
30,20,302123,0.5,0.01,0.005,0.01,0.5,300,6,0.001,25,25,minibatch,275,0.07114062994842046,0.0025304946147290492,0.014192685468832289,0.013389840659855823,0.014192685468832289
30,20,302123,0.5,0.01,0.005,0.01,0.5,300,6,0.001,25,25,minibatch,300,0.07114036232887484,0.0025304755761417974,0.0141926239979131,0.013389776696308753,0.0141926239979131
100,20,1002123,0.5,0.01,0.005,0.01,0.5,300,10,0.001,25,25,full_batch,0,0.043010465293119866,0.0009249500623653343,0.00940034226682579,0.00940034226682579,0.003913588771301324
100,20,1002123,0.5,0.01,0.005,0.01,0.5,300,10,0.001,25,25,full_batch,25,0.04300968317064969,0.0009249164232198335,0.009400227695808505,0.009400227695808505,0.003913540766631307
100,20,1002123,0.5,0.01,0.005,0.01,0.5,300,10,0.001,25,25,full_batch,50,0.04300931082233671,0.0009249004087061848,0.009400173151411506,0.009400173151411506,0.003913517913062603
100,20,1002123,0.5,0.01,0.005,0.01,0.5,300,10,0.001,25,25,full_batch,75,0.043009024263872986,0.0009248880840652076,0.009400131174119142,0.009400131174119142,0.003913500325099295
100,20,1002123,0.5,0.01,0.005,0.01,0.5,300,10,0.001,25,25,full_batch,100,0.04300878239880726,0.0009248776817139766,0.009400095743831827,0.009400095743831827,0.0039134854803257735
100,20,1002123,0.5,0.01,0.005,0.01,0.5,300,10,0.001,25,25,full_batch,125,0.043008569175256174,0.0009248685112513978,0.009400064509156703,0.009400064509156703,0.003913472393509365
100,20,1002123,0.5,0.01,0.005,0.01,0.5,300,10,0.001,25,25,full_batch,150,0.04300837632923974,0.0009248602172387547,0.009400036259527234,0.009400036259527234,0.003913460557424919
100,20,1002123,0.5,0.01,0.005,0.01,0.5,300,10,0.001,25,25,full_batch,175,0.043008198940443935,0.0009248525880504014,0.009400010274180304,0.009400010274180304,0.003913449670072455
100,20,1002123,0.5,0.01,0.005,0.01,0.5,300,10,0.001,25,25,full_batch,200,0.04300803379816251,0.0009248454855919444,0.009399986082790024,0.009399986082790024,0.003913439534386498
100,20,1002123,0.5,0.01,0.005,0.01,0.5,300,10,0.001,25,25,full_batch,225,0.04300787866981134,0.0009248388138386065,0.00939996335831128,0.00939996335831128,0.003913430013335106
100,20,1002123,0.5,0.01,0.005,0.01,0.5,300,10,0.001,25,25,full_batch,250,0.043007731928527394,0.0009248325028180373,0.009399941862428873,0.009399941862428873,0.003913421007064377
100,20,1002123,0.5,0.01,0.005,0.01,0.5,300,10,0.001,25,25,full_batch,275,0.0430075923453748,0.0009248264996729707,0.009399921415120749,0.009399921415120749,0.003913412440145536
100,20,1002123,0.5,0.01,0.005,0.01,0.5,300,10,0.001,25,25,full_batch,300,0.04300745896510052,0.0009248207633174025,0.009399901876453787,0.009399901876453787,0.003913404253946595
100,20,1002123,0.5,0.01,0.005,0.01,0.5,300,10,0.001,25,25,minibatch,0,0.043010465293119866,0.0009249500623653343,0.00940034226682579,0.00940034226682579,0.003913588771301324
100,20,1002123,0.5,0.01,0.005,0.01,0.5,300,10,0.001,25,25,minibatch,25,0.04300966976019338,0.0009249158464404465,0.009400222639894373,0.009400222639894373,0.003913547082456503
100,20,1002123,0.5,0.01,0.005,0.01,0.5,300,10,0.001,25,25,minibatch,50,0.0430092870996635,0.0009248993884106405,0.009400168046095114,0.009400168046095114,0.003913519962207124
100,20,1002123,0.5,0.01,0.005,0.01,0.5,300,10,0.001,25,25,minibatch,75,0.043009003621622674,0.0009248871962623761,0.009400125156151684,0.009400125156151684,0.0039135043164552075
100,20,1002123,0.5,0.01,0.005,0.01,0.5,300,10,0.001,25,25,minibatch,100,0.04300877009912498,0.0009248771527196935,0.009400089162500624,0.009400089162500624,0.003913490958105226
100,20,1002123,0.5,0.01,0.005,0.01,0.5,300,10,0.001,25,25,minibatch,125,0.04300855921669029,0.0009248680829477778,0.009400059027002694,0.009400059027002694,0.003913477516098052
100,20,1002123,0.5,0.01,0.005,0.01,0.5,300,10,0.001,25,25,minibatch,150,0.04300837080982687,0.000924859979857784,0.00940003227879943,0.00940003227879943,0.003913466151443612
100,20,1002123,0.5,0.01,0.005,0.01,0.5,300,10,0.001,25,25,minibatch,175,0.04300819767370614,0.000924852533570291,0.00940000583266315,0.00940000583266315,0.003913457219515526
100,20,1002123,0.5,0.01,0.005,0.01,0.5,300,10,0.001,25,25,minibatch,200,0.04300804057076903,0.0009248457768684572,0.009399982505885418,0.009399982505885418,0.0039134479280822365
100,20,1002123,0.5,0.01,0.005,0.01,0.5,300,10,0.001,25,25,minibatch,225,0.04300788457834531,0.0009248390679521363,0.009399958981415546,0.009399958981415546,0.003913438467592512
100,20,1002123,0.5,0.01,0.005,0.01,0.5,300,10,0.001,25,25,minibatch,250,0.04300773520684138,0.0009248326438108919,0.009399935701463469,0.009399935701463469,0.003913429342479957
100,20,1002123,0.5,0.01,0.005,0.01,0.5,300,10,0.001,25,25,minibatch,275,0.043007589766975274,0.0009248263887822181,0.00939991482798369,0.00939991482798369,0.003913420423626746
100,20,1002123,0.5,0.01,0.005,0.01,0.5,300,10,0.001,25,25,minibatch,300,0.04300746438255224,0.0009248209963082499,0.00939989534050889,0.00939989534050889,0.003913413480909678
30,20,302123,0.5,0.01,0.005,0.05,0.5,300,6,0.001,25,25,full_batch,0,0.07114650676937571,0.002530912712742412,0.014194061668509617,0.013391379516060287,0.014194061668509617
30,20,302123,0.5,0.01,0.005,0.05,0.5,300,6,0.001,25,25,full_batch,25,0.07113874580876345,0.0025303605776219296,0.014192268593396895,0.013389383847305203,0.014192268593396895
30,20,302123,0.5,0.01,0.005,0.05,0.5,300,6,0.001,25,25,full_batch,50,0.07113505176356029,0.002530097794702201,0.014191415091667603,0.013388433826761637,0.014191415091667603
30,20,302123,0.5,0.01,0.005,0.05,0.5,300,6,0.001,25,25,full_batch,75,0.07113220915911225,0.0025298955899278465,0.014190758297045358,0.013387702721027905,0.014190758297045358
30,20,302123,0.5,0.01,0.005,0.05,0.5,300,6,0.001,25,25,full_batch,100,0.07112981012405362,0.00252972494414196,0.014190203979610794,0.013387085661890119,0.014190203979610794
30,20,302123,0.5,0.01,0.005,0.05,0.5,300,6,0.001,25,25,full_batch,125,0.07112769534782411,0.0025295745227464396,0.01418971533408031,0.013386541688848397,0.01418971533408031
30,20,302123,0.5,0.01,0.005,0.05,0.5,300,6,0.001,25,25,full_batch,150,0.07112578281272601,0.0025294384903615354,0.014189273412025416,0.013386049714248616,0.014189273412025416
30,20,302123,0.5,0.01,0.005,0.05,0.5,300,6,0.001,25,25,full_batch,175,0.07112402368601832,0.0025293133726446474,0.014188866931690303,0.013385597182653142,0.014188866931690303
30,20,302123,0.5,0.01,0.005,0.05,0.5,300,6,0.001,25,25,full_batch,200,0.07112238610235498,0.0025291969024462285,0.014188488531270416,0.013385175901130086,0.014188488531270416
30,20,302123,0.5,0.01,0.005,0.05,0.5,300,6,0.001,25,25,full_batch,225,0.07112084790396962,0.0025290875032897902,0.014188133091689203,0.013384780172672694,0.014188133091689203
30,20,302123,0.5,0.01,0.005,0.05,0.5,300,6,0.001,25,25,full_batch,250,0.07111939294472025,0.0025289840264127623,0.014187796882727921,0.013384405845929093,0.014187796882727921
30,20,302123,0.5,0.01,0.005,0.05,0.5,300,6,0.001,25,25,full_batch,275,0.07111800902776898,0.002528885604036915,0.01418747708656809,0.013384049784956553,0.01418747708656809
30,20,302123,0.5,0.01,0.005,0.05,0.5,300,6,0.001,25,25,full_batch,300,0.07111668667250588,0.002528791561637688,0.01418717151291865,0.01338370955218604,0.01418717151291865
30,20,302123,0.5,0.01,0.005,0.05,0.5,300,6,0.001,25,25,minibatch,0,0.07114650676937571,0.002530912712742412,0.014194061668509617,0.013391379516060287,0.014194061668509617
30,20,302123,0.5,0.01,0.005,0.05,0.5,300,6,0.001,25,25,minibatch,25,0.07113835808750307,0.0025303329956929068,0.014192025947632636,0.01338932274546989,0.014192025947632636
30,20,302123,0.5,0.01,0.005,0.05,0.5,300,6,0.001,25,25,minibatch,50,0.07113410724796422,0.002530030606982438,0.01419110715338101,0.013388144197134244,0.01419110715338101
30,20,302123,0.5,0.01,0.005,0.05,0.5,300,6,0.001,25,25,minibatch,75,0.07113146250739891,0.002529842479220748,0.014190548800758429,0.013387333431684745,0.014190548800758429
30,20,302123,0.5,0.01,0.005,0.05,0.5,300,6,0.001,25,25,minibatch,100,0.07112892701276208,0.0025296621289934173,0.014189893647244212,0.01338670664888647,0.014189893647244212
30,20,302123,0.5,0.01,0.005,0.05,0.5,300,6,0.001,25,25,minibatch,125,0.0711268374465016,0.002529513502570531,0.014189428074263266,0.013386168921825536,0.014189428074263266
30,20,302123,0.5,0.01,0.005,0.05,0.5,300,6,0.001,25,25,minibatch,150,0.07112487771743038,0.0025293741151597125,0.014188942640398272,0.013385639541645067,0.014188942640398272
30,20,302123,0.5,0.01,0.005,0.05,0.5,300,6,0.001,25,25,minibatch,175,0.0711230893386626,0.0025292469185376905,0.014188515388598222,0.013385167772565931,0.014188515388598222
30,20,302123,0.5,0.01,0.005,0.05,0.5,300,6,0.001,25,25,minibatch,200,0.0711213937248508,0.002529126322682623,0.014188118257389415,0.013384748082528986,0.014188118257389415
30,20,302123,0.5,0.01,0.005,0.05,0.5,300,6,0.001,25,25,minibatch,225,0.07111990483517501,0.002529020431882175,0.014187822808236716,0.013384382669623218,0.014187822808236716
30,20,302123,0.5,0.01,0.005,0.05,0.5,300,6,0.001,25,25,minibatch,250,0.07111853295769427,0.002528922865027323,0.014187501010721248,0.013384059044066254,0.014187501010721248
30,20,302123,0.5,0.01,0.005,0.05,0.5,300,6,0.001,25,25,minibatch,275,0.07111713575583614,0.0025288234990570135,0.014187183162409633,0.013383686516702797,0.014187183162409633
30,20,302123,0.5,0.01,0.005,0.05,0.5,300,6,0.001,25,25,minibatch,300,0.07111579900053408,0.002528728433742182,0.014186876058125464,0.013383366869101854,0.014186876058125464
100,20,1002123,0.5,0.01,0.005,0.05,0.5,300,10,0.001,25,25,full_batch,0,0.043010465293119866,0.0009249500623653343,0.00940034226682579,0.00940034226682579,0.003913588771301324
100,20,1002123,0.5,0.01,0.005,0.05,0.5,300,10,0.001,25,25,full_batch,25,0.04300655494460895,0.0009247818841018342,0.009399769447669293,0.009399769447669293,0.003913348770244185
100,20,1002123,0.5,0.01,0.005,0.05,0.5,300,10,0.001,25,25,full_batch,50,0.04300469352468153,0.0009247018325758928,0.009399496769627314,0.009399496769627314,0.003913234529345555
100,20,1002123,0.5,0.01,0.005,0.05,0.5,300,10,0.001,25,25,full_batch,75,0.043003261064943024,0.0009246402311098224,0.009399286928614192,0.009399286928614192,0.003913146617374519
100,20,1002123,0.5,0.01,0.005,0.05,0.5,300,10,0.001,25,25,full_batch,100,0.043002052077800765,0.0009245882414509446,0.009399109823398533,0.009399109823398533,0.0039130724218133794
100,20,1002123,0.5,0.01,0.005,0.05,0.5,300,10,0.001,25,25,full_batch,125,0.04300098630178784,0.0009245424114632728,0.009398953696730772,0.009398953696730772,0.00391300701633468
100,20,1002123,0.5,0.01,0.005,0.05,0.5,300,10,0.001,25,25,full_batch,150,0.04300002241596464,0.0009245009638867306,0.009398812495636177,0.009398812495636177,0.0039129478647214055
100,20,1002123,0.5,0.01,0.005,0.05,0.5,300,10,0.001,25,25,full_batch,175,0.04299913581814063,0.0009244628405534524,0.009398682616217346,0.009398682616217346,0.003912893456928579
100,20,1002123,0.5,0.01,0.005,0.05,0.5,300,10,0.001,25,25,full_batch,200,0.04299831045438542,0.0009244273509658554,0.009398561706784658,0.009398561706784658,0.0039128428075903
100,20,1002123,0.5,0.01,0.005,0.05,0.5,300,10,0.001,25,25,full_batch,225,0.042997535161498346,0.0009243940149821433,0.00939844813207591,0.00939844813207591,0.0039127952315257675
100,20,1002123,0.5,0.01,0.005,0.05,0.5,300,10,0.001,25,25,full_batch,250,0.042996801804966046,0.0009243624827277657,0.009398340700491836,0.009398340700491836,0.003912750229451478
100,20,1002123,0.5,0.01,0.005,0.05,0.5,300,10,0.001,25,25,full_batch,275,0.04299610423995575,0.0009243324899065704,0.009398238511895307,0.009398238511895307,0.003912707424206463
100,20,1002123,0.5,0.01,0.005,0.05,0.5,300,10,0.001,25,25,full_batch,300,0.04299543769008442,0.0009243038310809659,0.009398140866609284,0.009398140866609284,0.003912666522624009
100,20,1002123,0.5,0.01,0.005,0.05,0.5,300,10,0.001,25,25,minibatch,0,0.043010465293119866,0.0009249500623653343,0.00940034226682579,0.00940034226682579,0.003913588771301324
100,20,1002123,0.5,0.01,0.005,0.05,0.5,300,10,0.001,25,25,minibatch,25,0.04300648790429822,0.0009247790009312746,0.00939974416780015,0.00939974416780015,0.003913380350818674
100,20,1002123,0.5,0.01,0.005,0.05,0.5,300,10,0.001,25,25,minibatch,50,0.04300457493108292,0.0009246967325015629,0.009399471238642598,0.009399471238642598,0.003913244777996039
100,20,1002123,0.5,0.01,0.005,0.05,0.5,300,10,0.001,25,25,minibatch,75,0.043003157869650914,0.0009246357933810597,0.009399256829843217,0.009399256829843217,0.00391316657826124
100,20,1002123,0.5,0.01,0.005,0.05,0.5,300,10,0.001,25,25,minibatch,100,0.043001990601432144,0.0009245855978428292,0.009399076910610538,0.009399076910610538,0.003913099814760956
100,20,1002123,0.5,0.01,0.005,0.05,0.5,300,10,0.001,25,25,minibatch,125,0.043000936524698594,0.0009245402710005788,0.00939892627915584,0.00939892627915584,0.0039130326309302355
100,20,1002123,0.5,0.01,0.005,0.05,0.5,300,10,0.001,25,25,minibatch,150,0.042999994835780986,0.0009244997779385958,0.009398792588221183,0.009398792588221183,0.003912975837496946
100,20,1002123,0.5,0.01,0.005,0.05,0.5,300,10,0.001,25,25,minibatch,175,0.04299912949079303,0.0009244625684829933,0.009398660406906956,0.009398660406906956,0.003912931206114578
100,20,1002123,0.5,0.01,0.005,0.05,0.5,300,10,0.001,25,25,minibatch,200,0.04299834431132882,0.0009244288067577917,0.009398543817839444,0.009398543817839444,0.003912884776714809
100,20,1002123,0.5,0.01,0.005,0.05,0.5,300,10,0.001,25,25,minibatch,225,0.042997564710076555,0.0009243952854986104,0.009398426242434532,0.009398426242434532,0.003912837506817923
100,20,1002123,0.5,0.01,0.005,0.05,0.5,300,10,0.001,25,25,minibatch,250,0.04299681820056329,0.0009243631876861451,0.009398309888794754,0.009398309888794754,0.003912791908032842
100,20,1002123,0.5,0.01,0.005,0.05,0.5,300,10,0.001,25,25,minibatch,275,0.042996091362273045,0.0009243319362164654,0.009398205569167872,0.009398205569167872,0.0039127473453172135
100,20,1002123,0.5,0.01,0.005,0.05,0.5,300,10,0.001,25,25,minibatch,300,0.042995464788826945,0.0009243049962036288,0.00939810817587361,0.00939810817587361,0.003912712660430584
30,20,302123,0.5,0.01,0.005,0.2,0.5,300,6,0.001,25,25,full_batch,0,0.07114650676937571,0.002530912712742412,0.014194061668509617,0.013391379516060287,0.014194061668509617
30,20,302123,0.5,0.01,0.005,0.2,0.5,300,6,0.001,25,25,full_batch,25,0.0711154766485595,0.0025287055094759055,0.014186891893900877,0.01338339821841611,0.014186891893900877
30,20,302123,0.5,0.01,0.005,0.2,0.5,300,6,0.001,25,25,full_batch,50,0.07110071712215298,0.0025276559876422086,0.014183480976429186,0.013379599880427195,0.014183480976429186
30,20,302123,0.5,0.01,0.005,0.2,0.5,300,6,0.001,25,25,full_batch,75,0.07108936391162343,0.002526848830679614,0.014180856991903856,0.013376677265307668,0.014180856991903856
30,20,302123,0.5,0.01,0.005,0.2,0.5,300,6,0.001,25,25,full_batch,100,0.07107978525942531,0.0025261679362630074,0.014178642969101707,0.013374210868461134,0.014178642969101707
30,20,302123,0.5,0.01,0.005,0.2,0.5,300,6,0.001,25,25,full_batch,125,0.07107134381906346,0.0025255679561237655,0.014176691667195374,0.013372036835919254,0.014176691667195374
30,20,302123,0.5,0.01,0.005,0.2,0.5,300,6,0.001,25,25,full_batch,150,0.07106371146673676,0.002525025543713807,0.014174927282476157,0.013370070811031476,0.014174927282476157
30,20,302123,0.5,0.01,0.005,0.2,0.5,300,6,0.001,25,25,full_batch,175,0.07105669284022136,0.002524526798694782,0.014173304682028931,0.013368262568515421,0.014173304682028931
30,20,302123,0.5,0.01,0.005,0.2,0.5,300,6,0.001,25,25,full_batch,200,0.07105016045789976,0.0025240626505466514,0.014171794414827743,0.013366579334361972,0.014171794414827743
30,20,302123,0.5,0.01,0.005,0.2,0.5,300,6,0.001,25,25,full_batch,225,0.07104402567473948,0.0025236267920365216,0.014170376001939211,0.013364998318976529,0.014170376001939211
30,20,302123,0.5,0.01,0.005,0.2,0.5,300,6,0.001,25,25,full_batch,250,0.07103822389606194,0.0025232146271535133,0.01416903452058249,0.013363502915819891,0.01416903452058249
30,20,302123,0.5,0.01,0.005,0.2,0.5,300,6,0.001,25,25,full_batch,275,0.07103270632692384,0.002522822684063503,0.014167758698059196,0.013362080580275437,0.014167758698059196
30,20,302123,0.5,0.01,0.005,0.2,0.5,300,6,0.001,25,25,full_batch,300,0.07102743503901883,0.00252244826411102,0.014166539772099973,0.01336072156140844,0.014166539772099973
30,20,302123,0.5,0.01,0.005,0.2,0.5,300,6,0.001,25,25,minibatch,0,0.07114650676937571,0.002530912712742412,0.014194061668509617,0.013391379516060287,0.014194061668509617
30,20,302123,0.5,0.01,0.005,0.2,0.5,300,6,0.001,25,25,minibatch,25,0.07111392584180841,0.002528595224317113,0.014185920965046617,0.013383153121057534,0.014185920965046617
30,20,302123,0.5,0.01,0.005,0.2,0.5,300,6,0.001,25,25,minibatch,50,0.0710969409239972,0.0025273875043751734,0.014182249518007617,0.01337843994965865,0.014182249518007617
30,20,302123,0.5,0.01,0.005,0.2,0.5,300,6,0.001,25,25,minibatch,75,0.07108637855175297,0.002526636607801562,0.014180019352295459,0.013375198391301746,0.014180019352295459
30,20,302123,0.5,0.01,0.005,0.2,0.5,300,6,0.001,25,25,minibatch,100,0.0710762546087947,0.002525916984607105,0.01417740174819132,0.013372693689282122,0.01417740174819132
30,20,302123,0.5,0.01,0.005,0.2,0.5,300,6,0.001,25,25,minibatch,125,0.07106791498419589,0.002525324270100447,0.014175543056344109,0.013370544947006124,0.014175543056344109
30,20,302123,0.5,0.01,0.005,0.2,0.5,300,6,0.001,25,25,minibatch,150,0.07106009404453152,0.002524768482808832,0.014173604872109669,0.013368428835533408,0.014173604872109669
30,20,302123,0.5,0.01,0.005,0.2,0.5,300,6,0.001,25,25,minibatch,175,0.07105296009481156,0.002524261569117442,0.014171899461112525,0.013366544060118224,0.014171899461112525
30,20,302123,0.5,0.01,0.005,0.2,0.5,300,6,0.001,25,25,minibatch,200,0.07104619657692328,0.0025237810240234127,0.014170314348343205,0.013364867696604166,0.014170314348343205
30,20,302123,0.5,0.01,0.005,0.2,0.5,300,6,0.001,25,25,minibatch,225,0.07104025967865511,0.0025233592476053756,0.014169136616293598,0.013363407954349038,0.014169136616293598
30,20,302123,0.5,0.01,0.005,0.2,0.5,300,6,0.001,25,25,minibatch,250,0.07103478907540192,0.0025229706294934203,0.014167852859016672,0.013362115217259829,0.014167852859016672
30,20,302123,0.5,0.01,0.005,0.2,0.5,300,6,0.001,25,25,minibatch,275,0.07102921857223213,0.0025225749454909625,0.0141665849345457,0.013360626705913425,0.0141665849345457
30,20,302123,0.5,0.01,0.005,0.2,0.5,300,6,0.001,25,25,minibatch,300,0.07102389160891535,0.0025221965896374786,0.014165360258623028,0.013359350662094815,0.014165360258623028
100,20,1002123,0.5,0.01,0.005,0.2,0.5,300,10,0.001,25,25,full_batch,0,0.043010465293119866,0.0009249500623653343,0.00940034226682579,0.00940034226682579,0.003913588771301324
100,20,1002123,0.5,0.01,0.005,0.2,0.5,300,10,0.001,25,25,full_batch,25,0.04299482785525357,0.0009242776111514441,0.009398051528961449,0.009398051528961449,0.003912629101374576
100,20,1002123,0.5,0.01,0.005,0.2,0.5,300,10,0.001,25,25,full_batch,50,0.04298738699678749,0.000923957720405787,0.00939696147550878,0.00939696147550878,0.0039121725417662345
100,20,1002123,0.5,0.01,0.005,0.2,0.5,300,10,0.001,25,25,full_batch,75,0.042981662141907184,0.0009237116402405287,0.009396122792592554,0.009396122792592554,0.0039118213112838696
100,20,1002123,0.5,0.01,0.005,0.2,0.5,300,10,0.001,25,25,full_batch,100,0.04297683126046482,0.0009235040125952332,0.009395415064292256,0.009395415064292256,0.0039115249533197005
100,20,1002123,0.5,0.01,0.005,0.2,0.5,300,10,0.001,25,25,full_batch,125,0.042972573276012074,0.0009233210269811136,0.009394791257399004,0.009394791257399004,0.0039112637600471345
100,20,1002123,0.5,0.01,0.005,0.2,0.5,300,10,0.001,25,25,full_batch,150,0.04296872288922564,0.0009231555733655316,0.009394227157873247,0.009394227157873247,0.003911027585314697
100,20,1002123,0.5,0.01,0.005,0.2,0.5,300,10,0.001,25,25,full_batch,175,0.04296518168215383,0.0009230034184902436,0.00939370834886244,0.00939370834886244,0.003910810388181307
100,20,1002123,0.5,0.01,0.005,0.2,0.5,300,10,0.001,25,25,full_batch,200,0.0429618854331197,0.0009228617999842512,0.009393225422788753,0.009393225422788753,0.003910608226690537
100,20,1002123,0.5,0.01,0.005,0.2,0.5,300,10,0.001,25,25,full_batch,225,0.04295878948520173,0.0009227287970169394,0.009392771838037384,0.009392771838037384,0.003910418359778012
100,20,1002123,0.5,0.01,0.005,0.2,0.5,300,10,0.001,25,25,full_batch,250,0.04295586129736118,0.0009226030098990662,0.009392342827801325,0.009392342827801325,0.003910238790060139
100,20,1002123,0.5,0.01,0.005,0.2,0.5,300,10,0.001,25,25,full_batch,275,0.042953076288020434,0.0009224833813022516,0.009391934791223022,0.009391934791223022,0.003910068008708079
100,20,1002123,0.5,0.01,0.005,0.2,0.5,300,10,0.001,25,25,full_batch,300,0.04295041534990953,0.0009223690893648721,0.009391544929353679,0.009391544929353679,0.003909904842907652
100,20,1002123,0.5,0.01,0.005,0.2,0.5,300,10,0.001,25,25,minibatch,0,0.043010465293119866,0.0009249500623653343,0.00940034226682579,0.00940034226682579,0.003913588771301324
100,20,1002123,0.5,0.01,0.005,0.2,0.5,300,10,0.001,25,25,minibatch,25,0.042994559873527995,0.0009242660893591918,0.009397950405029387,0.009397950405029387,0.003912755445423799
100,20,1002123,0.5,0.01,0.005,0.2,0.5,300,10,0.001,25,25,minibatch,50,0.04298691291870342,0.0009239373411400956,0.009396859285551284,0.009396859285551284,0.0039122135802680535
100,20,1002123,0.5,0.01,0.005,0.2,0.5,300,10,0.001,25,25,minibatch,75,0.04298124960018871,0.0009236939085968611,0.00939600226359022,0.00939600226359022,0.003911901216453795
100,20,1002123,0.5,0.01,0.005,0.2,0.5,300,10,0.001,25,25,minibatch,100,0.04297658568541386,0.0009234934585878598,0.009395283321309955,0.009395283321309955,0.003911634585786805
100,20,1002123,0.5,0.01,0.005,0.2,0.5,300,10,0.001,25,25,minibatch,125,0.04297237440383958,0.0009233124809518836,0.00939468148523892,0.00939468148523892,0.00391136624318722
100,20,1002123,0.5,0.01,0.005,0.2,0.5,300,10,0.001,25,25,minibatch,150,0.04296861282157725,0.0009231508439053063,0.009394147471634695,0.009394147471634695,0.003911139516568407
100,20,1002123,0.5,0.01,0.005,0.2,0.5,300,10,0.001,25,25,minibatch,175,0.04296515646813974,0.000923002335165865,0.00939361948580486,0.00939361948580486,0.003910961414472447
100,20,1002123,0.5,0.01,0.005,0.2,0.5,300,10,0.001,25,25,minibatch,200,0.042962020770243955,0.0009228676143314365,0.009393153800675569,0.009393153800675569,0.003910776112821424
100,20,1002123,0.5,0.01,0.005,0.2,0.5,300,10,0.001,25,25,minibatch,225,0.0429589077680953,0.0009227338783138594,0.009392684201978918,0.009392684201978918,0.003910587520929765
100,20,1002123,0.5,0.01,0.005,0.2,0.5,300,10,0.001,25,25,minibatch,250,0.04295592694048177,0.0009226058296580036,0.009392219478051744,0.009392219478051744,0.003910405526847627
100,20,1002123,0.5,0.01,0.005,0.2,0.5,300,10,0.001,25,25,minibatch,275,0.042953024992823,0.0009224811780170385,0.009391802914840708,0.009391802914840708,0.003910227748638806
100,20,1002123,0.5,0.01,0.005,0.2,0.5,300,10,0.001,25,25,minibatch,300,0.042950523918239024,0.0009223737524256113,0.009391414001584941,0.009391414001584941,0.003910089438966979
30,20,302123,0.5,0.002,0.1,0.01,0.5,300,6,0.001,25,25,full_batch,0,0.06893028566781038,0.0023756921411229727,0.014194061668509617,0.013391379516060287,0.014194061668509617
30,20,302123,0.5,0.002,0.1,0.01,0.5,300,6,0.001,25,25,full_batch,25,0.06892955221562845,0.0023756415843235244,0.01419383527095519,0.013391095841076173,0.01419383527095519
30,20,302123,0.5,0.002,0.1,0.01,0.5,300,6,0.001,25,25,full_batch,50,0.06892920303500806,0.002375617515520682,0.014193727487251173,0.013390960785351347,0.014193727487251173
30,20,302123,0.5,0.002,0.1,0.01,0.5,300,6,0.001,25,25,full_batch,75,0.06892893430506193,0.002375598992215772,0.014193644536412142,0.01339085684439445,0.014193644536412142
30,20,302123,0.5,0.002,0.1,0.01,0.5,300,6,0.001,25,25,full_batch,100,0.06892870748699866,0.002375583357914112,0.01419357452259512,0.01339076911310294,0.01419357452259512
30,20,302123,0.5,0.002,0.1,0.01,0.5,300,6,0.001,25,25,full_batch,125,0.06892850752793178,0.0023755695750140742,0.014193512799395958,0.013390691769685215,0.014193512799395958
30,20,302123,0.5,0.002,0.1,0.01,0.5,300,6,0.001,25,25,full_batch,150,0.06892832667819475,0.0023755571093279667,0.014193456974710639,0.013390621816912418,0.014193456974710639
30,20,302123,0.5,0.002,0.1,0.01,0.5,300,6,0.001,25,25,full_batch,175,0.06892816032369138,0.0023755456428042514,0.014193405624297328,0.01339055747025597,0.014193405624297328
30,20,302123,0.5,0.002,0.1,0.01,0.5,300,6,0.001,25,25,full_batch,200,0.06892800545353527,0.0023755349679012937,0.01419335781877934,0.013390497565237802,0.01419335781877934
30,20,302123,0.5,0.002,0.1,0.01,0.5,300,6,0.001,25,25,full_batch,225,0.06892785997408774,0.002375524940303723,0.014193312911909672,0.013390441292131294,0.014193312911909672
30,20,302123,0.5,0.002,0.1,0.01,0.5,300,6,0.001,25,25,full_batch,250,0.06892772235973517,0.002375515454850368,0.014193270432773686,0.01339038806089593,0.014193270432773686
30,20,302123,0.5,0.002,0.1,0.01,0.5,300,6,0.001,25,25,full_batch,275,0.06892759145802471,0.0023755064321021807,0.014193230025642045,0.013390337425814358,0.014193230025642045
30,20,302123,0.5,0.002,0.1,0.01,0.5,300,6,0.001,25,25,full_batch,300,0.06892746637315358,0.002375497810311109,0.014193191414005546,0.01339028904042927,0.014193191414005546
30,20,302123,0.5,0.002,0.1,0.01,0.5,300,6,0.001,25,25,minibatch,0,0.06893028566781038,0.0023756921411229727,0.014194061668509617,0.013391379516060287,0.014194061668509617
30,20,302123,0.5,0.002,0.1,0.01,0.5,300,6,0.001,25,25,minibatch,25,0.0689295369673008,0.0023756405332632435,0.014193816833677375,0.013391058459921446,0.014193816833677375
30,20,302123,0.5,0.002,0.1,0.01,0.5,300,6,0.001,25,25,minibatch,50,0.06892915785554171,0.0023756144013370936,0.014193703701071092,0.01339090180445296,0.014193703701071092
30,20,302123,0.5,0.002,0.1,0.01,0.5,300,6,0.001,25,25,minibatch,75,0.06892888713418575,0.002375595740778659,0.014193629012256681,0.013390779470814185,0.014193629012256681
30,20,302123,0.5,0.002,0.1,0.01,0.5,300,6,0.001,25,25,minibatch,100,0.06892864797068415,0.0023755792555332504,0.014193544185492846,0.013390687318191985,0.014193544185492846
30,20,302123,0.5,0.002,0.1,0.01,0.5,300,6,0.001,25,25,minibatch,125,0.06892845380531946,0.0023755658719960297,0.014193483599143297,0.0133906101289884,0.014193483599143297
30,20,302123,0.5,0.002,0.1,0.01,0.5,300,6,0.001,25,25,minibatch,150,0.06892825920581372,0.0023755524585719217,0.014193423511749181,0.013390533923190895,0.014193423511749181
30,20,302123,0.5,0.002,0.1,0.01,0.5,300,6,0.001,25,25,minibatch,175,0.06892808911720134,0.0023755407346744252,0.014193372374526614,0.013390460944119442,0.014193372374526614
30,20,302123,0.5,0.002,0.1,0.01,0.5,300,6,0.001,25,25,minibatch,200,0.068927930480326,0.002375529800150327,0.014193321643423684,0.013390398528515535,0.014193321643423684
30,20,302123,0.5,0.002,0.1,0.01,0.5,300,6,0.001,25,25,minibatch,225,0.06892778514837793,0.002375519782730474,0.014193282767158921,0.013390340806854861,0.014193282767158921
30,20,302123,0.5,0.002,0.1,0.01,0.5,300,6,0.001,25,25,minibatch,250,0.068927652398476,0.0023755106325825666,0.01419324096564456,0.013390297302633136,0.01419324096564456
30,20,302123,0.5,0.002,0.1,0.01,0.5,300,6,0.001,25,25,minibatch,275,0.06892752361776326,0.002375501756038656,0.01419320289889131,0.013390248360868828,0.01419320289889131
30,20,302123,0.5,0.002,0.1,0.01,0.5,300,6,0.001,25,25,minibatch,300,0.06892739996749084,0.0023754932331392278,0.014193163029736,0.013390204236783165,0.014193163029736
100,20,1002123,0.5,0.002,0.1,0.01,0.5,300,10,0.001,25,25,full_batch,0,0.041675197615131554,0.0008684110481301334,0.00940034226682579,0.00940034226682579,0.003913588771301324
100,20,1002123,0.5,0.002,0.1,0.01,0.5,300,10,0.001,25,25,full_batch,25,0.04167506332654756,0.0008684054516358746,0.009400298365159043,0.009400298365159043,0.003913568038083626
100,20,1002123,0.5,0.002,0.1,0.01,0.5,300,10,0.001,25,25,full_batch,50,0.0416749993943159,0.0008684027872581151,0.009400277464342632,0.009400277464342632,0.003913558167383813
100,20,1002123,0.5,0.002,0.1,0.01,0.5,300,10,0.001,25,25,full_batch,75,0.041674950191816086,0.0008684007367451758,0.009400261378959884,0.009400261378959884,0.0039135505708493
100,20,1002123,0.5,0.002,0.1,0.01,0.5,300,10,0.001,25,25,full_batch,100,0.041674908662972396,0.0008683990060335458,0.009400247802243522,0.009400247802243522,0.003913544159071858
100,20,1002123,0.5,0.002,0.1,0.01,0.5,300,10,0.001,25,25,full_batch,125,0.04167487205174813,0.0008683974802647886,0.009400235833191606,0.009400235833191606,0.003913538506540304
100,20,1002123,0.5,0.002,0.1,0.01,0.5,300,10,0.001,25,25,full_batch,150,0.041674838939255825,0.0008683961003064567,0.00940022500794313,0.00940022500794313,0.0039135333941876516
100,20,1002123,0.5,0.002,0.1,0.01,0.5,300,10,0.001,25,25,full_batch,175,0.041674808480699044,0.0008683948309514724,0.009400215050317129,0.009400215050317129,0.00391352869158379
100,20,1002123,0.5,0.002,0.1,0.01,0.5,300,10,0.001,25,25,full_batch,200,0.041674780124814084,0.0008683936492257995,0.009400205780094983,0.009400205780094983,0.003913524313617356
100,20,1002123,0.5,0.002,0.1,0.01,0.5,300,10,0.001,25,25,full_batch,225,0.04167475348827645,0.000868392539154305,0.009400197071960714,0.009400197071960714,0.003913520201105802
100,20,1002123,0.5,0.002,0.1,0.01,0.5,300,10,0.001,25,25,full_batch,250,0.0416747282917604,0.0008683914890960274,0.009400188834597534,0.009400188834597534,0.003913516310923515
100,20,1002123,0.5,0.002,0.1,0.01,0.5,300,10,0.001,25,25,full_batch,275,0.04167470432426389,0.0008683904902574098,0.009400180999024454,0.009400180999024454,0.003913512610492553
100,20,1002123,0.5,0.002,0.1,0.01,0.5,300,10,0.001,25,25,full_batch,300,0.041674681421773774,0.000868389535803168,0.009400173511622534,0.009400173511622534,0.003913509074491395
100,20,1002123,0.5,0.002,0.1,0.01,0.5,300,10,0.001,25,25,minibatch,0,0.041675197615131554,0.0008684110481301334,0.00940034226682579,0.00940034226682579,0.003913588771301324
100,20,1002123,0.5,0.002,0.1,0.01,0.5,300,10,0.001,25,25,minibatch,25,0.04167505451760697,0.0008684050845227565,0.00940029762057043,0.00940029762057043,0.00391356857477787
100,20,1002123,0.5,0.002,0.1,0.01,0.5,300,10,0.001,25,25,minibatch,50,0.041674986635407335,0.00086840225553069,0.009400276175990263,0.009400276175990263,0.003913556365511495
100,20,1002123,0.5,0.002,0.1,0.01,0.5,300,10,0.001,25,25,minibatch,75,0.04167493908522102,0.0008684002738784413,0.009400260881526956,0.009400260881526956,0.003913549279667028
100,20,1002123,0.5,0.002,0.1,0.01,0.5,300,10,0.001,25,25,minibatch,100,0.04167489805125255,0.000868398563791147,0.00940024643421028,0.00940024643421028,0.003913543090452887
100,20,1002123,0.5,0.002,0.1,0.01,0.5,300,10,0.001,25,25,minibatch,125,0.041674863175506,0.000868397110348573,0.009400235431882065,0.009400235431882065,0.003913537912934251
100,20,1002123,0.5,0.002,0.1,0.01,0.5,300,10,0.001,25,25,minibatch,150,0.04167483011348187,0.0008683957324937877,0.009400224498312237,0.009400224498312237,0.003913532286037746
100,20,1002123,0.5,0.002,0.1,0.01,0.5,300,10,0.001,25,25,minibatch,175,0.04167480029081266,0.0008683944896395593,0.009400214517860994,0.009400214517860994,0.003913528027784663
100,20,1002123,0.5,0.002,0.1,0.01,0.5,300,10,0.001,25,25,minibatch,200,0.041674772341779374,0.0008683933248695696,0.009400205321023758,0.009400205321023758,0.0039135236097272985
100,20,1002123,0.5,0.002,0.1,0.01,0.5,300,10,0.001,25,25,minibatch,225,0.04167474671716521,0.0008683922569699362,0.009400196541192674,0.009400196541192674,0.003913519498646045
100,20,1002123,0.5,0.002,0.1,0.01,0.5,300,10,0.001,25,25,minibatch,250,0.04167472095494262,0.0008683911833361669,0.009400187753456024,0.009400187753456024,0.003913515333778483
100,20,1002123,0.5,0.002,0.1,0.01,0.5,300,10,0.001,25,25,minibatch,275,0.04167469743131795,0.0008683902029959495,0.00940018017970623,0.00940018017970623,0.0039135117791030405
100,20,1002123,0.5,0.002,0.1,0.01,0.5,300,10,0.001,25,25,minibatch,300,0.04167467602906969,0.000868389311063958,0.009400172468716606,0.009400172468716606,0.003913508576284697
30,20,302123,0.5,0.002,0.1,0.05,0.5,300,6,0.001,25,25,full_batch,0,0.06893028566781038,0.0023756921411229727,0.014194061668509617,0.013391379516060287,0.014194061668509617
30,20,302123,0.5,0.002,0.1,0.05,0.5,300,6,0.001,25,25,full_batch,25,0.06892661857470832,0.002375439374071663,0.014192929710631186,0.013389961085456814,0.014192929710631186
30,20,302123,0.5,0.002,0.1,0.05,0.5,300,6,0.001,25,25,full_batch,50,0.06892487287585565,0.002375319050476431,0.014192390829612933,0.013389285743651669,0.014192390829612933
30,20,302123,0.5,0.002,0.1,0.05,0.5,300,6,0.001,25,25,full_batch,75,0.06892352943730101,0.0023752264550472497,0.014191976114278027,0.013388765973897543,0.014191976114278027
30,20,302123,0.5,0.002,0.1,0.05,0.5,300,6,0.001,25,25,full_batch,100,0.06892239556171374,0.002375148304982669,0.01419162608474106,0.013388327251520948,0.01419162608474106
30,20,302123,0.5,0.002,0.1,0.05,0.5,300,6,0.001,25,25,full_batch,125,0.06892139598336484,0.00237507941214789,0.014191317508729429,0.01338794046789793,0.014191317508729429
30,20,302123,0.5,0.002,0.1,0.05,0.5,300,6,0.001,25,25,full_batch,150,0.06892049195326155,0.0023750171055397953,0.014191038425592717,0.01338759063706052,0.014191038425592717
30,20,302123,0.5,0.002,0.1,0.05,0.5,300,6,0.001,25,25,full_batch,175,0.06891966040053023,0.002374959794862207,0.014190781714044698,0.01338726883646929,0.014190781714044698
30,20,302123,0.5,0.002,0.1,0.05,0.5,300,6,0.001,25,25,full_batch,200,0.06891888627048627,0.0023749064423821105,0.014190542727156197,0.013386969243804614,0.014190542727156197
30,20,302123,0.5,0.002,0.1,0.05,0.5,300,6,0.001,25,25,full_batch,225,0.06891815909476015,0.0023748563265053356,0.014190318233655796,0.013386687810478859,0.014190318233655796
30,20,302123,0.5,0.002,0.1,0.05,0.5,300,6,0.001,25,25,full_batch,250,0.0689174712451553,0.0023748089214134043,0.014190105878948533,0.01338642158632758,0.014190105878948533
30,20,302123,0.5,0.002,0.1,0.05,0.5,300,6,0.001,25,25,full_batch,275,0.0689168169593108,0.0023747638299015748,0.014189903884366417,0.013386168342787663,0.014189903884366417
30,20,302123,0.5,0.002,0.1,0.05,0.5,300,6,0.001,25,25,full_batch,300,0.0689161917581399,0.002374720743222355,0.01418971086734988,0.013385926347595944,0.01418971086734988
30,20,302123,0.5,0.002,0.1,0.05,0.5,300,6,0.001,25,25,minibatch,0,0.06893028566781038,0.0023756921411229727,0.014194061668509617,0.013391379516060287,0.014194061668509617
30,20,302123,0.5,0.002,0.1,0.05,0.5,300,6,0.001,25,25,minibatch,25,0.06892654233819853,0.002375434119349737,0.014192837528115787,0.013389774166505164,0.014192837528115787
30,20,302123,0.5,0.002,0.1,0.05,0.5,300,6,0.001,25,25,minibatch,50,0.06892464698016626,0.002375303480670271,0.01419227190525002,0.013388990800978051,0.01419227190525002
30,20,302123,0.5,0.002,0.1,0.05,0.5,300,6,0.001,25,25,minibatch,75,0.06892329359287522,0.002375210199844837,0.01419189850466085,0.013388379077718615,0.01419189850466085
30,20,302123,0.5,0.002,0.1,0.05,0.5,300,6,0.001,25,25,minibatch,100,0.06892209799540135,0.002375127796043853,0.014191474406661353,0.013387918264761045,0.014191474406661353
30,20,302123,0.5,0.002,0.1,0.05,0.5,300,6,0.001,25,25,minibatch,125,0.06892112738414646,0.0023750608999508717,0.01419117151869842,0.013387532262165658,0.01419117151869842
30,20,302123,0.5,0.002,0.1,0.05,0.5,300,6,0.001,25,25,minibatch,150,0.06892015462020382,0.0023749938564364007,0.014190871124832916,0.013387151148056331,0.014190871124832916
30,20,302123,0.5,0.002,0.1,0.05,0.5,300,6,0.001,25,25,minibatch,175,0.06891930441882556,0.0023749352607873742,0.01419061548562578,0.013386786182092492,0.01419061548562578
30,20,302123,0.5,0.002,0.1,0.05,0.5,300,6,0.001,25,25,minibatch,200,0.06891851146975635,0.0023748806116034686,0.014190361871968538,0.01338647404465626,0.014190361871968538
30,20,302123,0.5,0.002,0.1,0.05,0.5,300,6,0.001,25,25,minibatch,225,0.06891778504852654,0.002374830547997454,0.014190167543433607,0.0133861853753523,0.014190167543433607
30,20,302123,0.5,0.002,0.1,0.05,0.5,300,6,0.001,25,25,minibatch,250,0.06891712152466685,0.002374784819622849,0.014189958576639905,0.013385967814994959,0.014189958576639905
30,20,302123,0.5,0.002,0.1,0.05,0.5,300,6,0.001,25,25,minibatch,275,0.06891647783924543,0.002374740458883603,0.014189768287577176,0.013385723045072906,0.014189768287577176
30,20,302123,0.5,0.002,0.1,0.05,0.5,300,6,0.001,25,25,minibatch,300,0.06891585982731063,0.0023746978678687637,0.014189568983811518,0.013385502367321,0.014189568983811518
100,20,1002123,0.5,0.002,0.1,0.05,0.5,300,10,0.001,25,25,full_batch,0,0.041675197615131554,0.0008684110481301334,0.00940034226682579,0.00940034226682579,0.003913588771301324
100,20,1002123,0.5,0.002,0.1,0.05,0.5,300,10,0.001,25,25,full_batch,25,0.041674526193429325,0.0008683830667234134,0.009400122763365881,0.009400122763365881,0.0039134851081734645
100,20,1002123,0.5,0.002,0.1,0.05,0.5,300,10,0.001,25,25,full_batch,50,0.04167420655795184,0.0008683697461174182,0.00940001826528003,0.00940001826528003,0.00391343575827352
100,20,1002123,0.5,0.002,0.1,0.05,0.5,300,10,0.001,25,25,full_batch,75,0.04167396057199341,0.0008683594948780306,0.009399937844570772,0.009399937844570772,0.003913397779321426
100,20,1002123,0.5,0.002,0.1,0.05,0.5,300,10,0.001,25,25,full_batch,100,0.04167375295475797,0.0008683508426670992,0.009399869967299579,0.009399869967299579,0.003913365724220297
100,20,1002123,0.5,0.002,0.1,0.05,0.5,300,10,0.001,25,25,full_batch,125,0.041673569925902855,0.0008683432151845574,0.009399810128419617,0.009399810128419617,0.003913337465385358
100,20,1002123,0.5,0.002,0.1,0.05,0.5,300,10,0.001,25,25,full_batch,150,0.0416734043909055,0.0008683363167639709,0.0093997560086021,0.0093997560086021,0.003913311907474237
100,20,1002123,0.5,0.002,0.1,0.05,0.5,300,10,0.001,25,25,full_batch,175,0.04167325212573698,0.0008683299713676207,0.009399706226934257,0.009399706226934257,0.003913288398327608
100,20,1002123,0.5,0.002,0.1,0.05,0.5,300,10,0.001,25,25,full_batch,200,0.04167311037404654,0.0008683240641237328,0.009399659882314948,0.009399659882314948,0.003913266512385216
100,20,1002123,0.5,0.002,0.1,0.05,0.5,300,10,0.001,25,25,full_batch,225,0.04167297721918844,0.0008683185151554993,0.009399616348157336,0.009399616348157336,0.003913245953731215
100,20,1002123,0.5,0.002,0.1,0.05,0.5,300,10,0.001,25,25,full_batch,250,0.041672851264521735,0.0008683132662574754,0.009399575167873875,0.009399575167873875,0.003913226506733647
100,20,1002123,0.5,0.002,0.1,0.05,0.5,300,10,0.001,25,25,full_batch,275,0.04167273145502014,0.0008683082734611124,0.009399535996557407,0.009399535996557407,0.00391320800850492
100,20,1002123,0.5,0.002,0.1,0.05,0.5,300,10,0.001,25,25,full_batch,300,0.04167261697061073,0.0008683035025896168,0.009399498566110998,0.009399498566110998,0.003913190332431538
100,20,1002123,0.5,0.002,0.1,0.05,0.5,300,10,0.001,25,25,minibatch,0,0.041675197615131554,0.0008684110481301334,0.00940034226682579,0.00940034226682579,0.003913588771301324
100,20,1002123,0.5,0.002,0.1,0.05,0.5,300,10,0.001,25,25,minibatch,25,0.04167448215105154,0.0008683812312791566,0.009400119041240662,0.009400119041240662,0.003913487792054138
100,20,1002123,0.5,0.002,0.1,0.05,0.5,300,10,0.001,25,25,minibatch,50,0.0416741427690493,0.0008683670877675521,0.009400011824830135,0.009400011824830135,0.003913426749485249
100,20,1002123,0.5,0.002,0.1,0.05,0.5,300,10,0.001,25,25,minibatch,75,0.04167390504543823,0.0008683571808681008,0.009399935358198441,0.009399935358198441,0.003913391324212201
100,20,1002123,0.5,0.002,0.1,0.05,0.5,300,10,0.001,25,25,minibatch,100,0.0416736999032541,0.0008683486318132403,0.009399863128381925,0.009399863128381925,0.003913360382308495
100,20,1002123,0.5,0.002,0.1,0.05,0.5,300,10,0.001,25,25,minibatch,125,0.04167352555087357,0.0008683413659196562,0.009399808123042308,0.009399808123042308,0.0039133344982733576
100,20,1002123,0.5,0.002,0.1,0.05,0.5,300,10,0.001,25,25,minibatch,150,0.041673360268738566,0.000868334478044039,0.009399753462073224,0.009399753462073224,0.003913306367776093
100,20,1002123,0.5,0.002,0.1,0.05,0.5,300,10,0.001,25,25,minibatch,175,0.04167321118366873,0.0008683282651793261,0.009399703566489448,0.009399703566489448,0.0039132850806089525
100,20,1002123,0.5,0.002,0.1,0.05,0.5,300,10,0.001,25,25,minibatch,200,0.0416730714648155,0.0008683224426558098,0.009399657587999544,0.009399657587999544,0.003913262993669009
100,20,1002123,0.5,0.002,0.1,0.05,0.5,300,10,0.001,25,25,minibatch,225,0.04167294336815868,0.0008683171044828803,0.009399613694191844,0.009399613694191844,0.003913242442540654
100,20,1002123,0.5,0.002,0.1,0.05,0.5,300,10,0.001,25,25,minibatch,250,0.041672814585405095,0.0008683117377347758,0.009399569761511739,0.009399569761511739,0.003913221622055207
100,20,1002123,0.5,0.002,0.1,0.05,0.5,300,10,0.001,25,25,minibatch,275,0.04167269699601019,0.0008683068374606385,0.009399531899186242,0.009399531899186242,0.003913203852928149
100,20,1002123,0.5,0.002,0.1,0.05,0.5,300,10,0.001,25,25,minibatch,300,0.041672590011483115,0.0008683023791325812,0.009399493349628474,0.009399493349628474,0.003913187842483623
30,20,302123,0.5,0.002,0.1,0.2,0.5,300,6,0.001,25,25,full_batch,0,0.06893028566781038,0.0023756921411229727,0.014194061668509617,0.013391379516060287,0.014194061668509617
30,20,302123,0.5,0.002,0.1,0.2,0.5,300,6,0.001,25,25,full_batch,25,0.0689156198118904,0.00237468132702851,0.014189534285300842,0.013385704958670364,0.014189534285300842
30,20,302123,0.5,0.002,0.1,0.2,0.5,300,6,0.001,25,25,full_batch,50,0.06890864007868826,0.0023742003387471006,0.014187379323515548,0.013383002644368536,0.014187379323515548
30,20,302123,0.5,0.002,0.1,0.2,0.5,300,6,0.001,25,25,full_batch,75,0.06890326948998086,0.0023738302732044638,0.01418572104473459,0.013380922591664013,0.01418572104473459
30,20,302123,0.5,0.002,0.1,0.2,0.5,300,6,0.001,25,25,full_batch,100,0.06889873720595321,0.0023735179942875008,0.014184321519396026,0.01337916671440742,0.014184321519396026
30,20,302123,0.5,0.002,0.1,0.2,0.5,300,6,0.001,25,25,full_batch,125,0.06889474214430903,0.0023732427475654156,0.01418308781461225,0.01337761858310843,0.01418308781461225
30,20,302123,0.5,0.002,0.1,0.2,0.5,300,6,0.001,25,25,full_batch,150,0.06889112929920475,0.002372993848059874,0.014181972085857864,0.013376218256497763,0.014181972085857864
30,20,302123,0.5,0.002,0.1,0.2,0.5,300,6,0.001,25,25,full_batch,175,0.06888780638131206,0.0023727649340145695,0.014180945846857418,0.013374930045980005,0.014180945846857418
30,20,302123,0.5,0.002,0.1,0.2,0.5,300,6,0.001,25,25,full_batch,200,0.06888471316810943,0.0023725518541263544,0.014179990509164686,0.013373730663298833,0.014179990509164686
30,20,302123,0.5,0.002,0.1,0.2,0.5,300,6,0.001,25,25,full_batch,225,0.0688818077835002,0.002372351721761534,0.014179093147189126,0.013372603914819592,0.014179093147189126
30,20,302123,0.5,0.002,0.1,0.2,0.5,300,6,0.001,25,25,full_batch,250,0.06887905971279787,0.0023721624334595874,0.014178244342185176,0.01337153800040325,0.014178244342185176
30,20,302123,0.5,0.002,0.1,0.2,0.5,300,6,0.001,25,25,full_batch,275,0.06887644590513077,0.0023719824002612026,0.014177436979207703,0.013370524006193152,0.014177436979207703
30,20,302123,0.5,0.002,0.1,0.2,0.5,300,6,0.001,25,25,full_batch,300,0.06887394844304412,0.0023718103870675497,0.014176665527805998,0.013369555003442168,0.014176665527805998
30,20,302123,0.5,0.002,0.1,0.2,0.5,300,6,0.001,25,25,minibatch,0,0.06893028566781038,0.0023756921411229727,0.014194061668509617,0.013391379516060287,0.014194061668509617
30,20,302123,0.5,0.002,0.1,0.2,0.5,300,6,0.001,25,25,minibatch,25,0.06891531494278029,0.002374660316831298,0.014189165613284427,0.013384957085299687,0.014189165613284427
30,20,302123,0.5,0.002,0.1,0.2,0.5,300,6,0.001,25,25,minibatch,50,0.06890773652072853,0.002374138076205072,0.014186903723964361,0.013381822301199608,0.014186903723964361
30,20,302123,0.5,0.002,0.1,0.2,0.5,300,6,0.001,25,25,minibatch,75,0.06890232626166616,0.0023737652821345452,0.014185410773267071,0.013379374583030346,0.014185410773267071
30,20,302123,0.5,0.002,0.1,0.2,0.5,300,6,0.001,25,25,minibatch,100,0.0688975471698542,0.0023734360030111426,0.014183714917963774,0.013377530585062636,0.014183714917963774
30,20,302123,0.5,0.002,0.1,0.2,0.5,300,6,0.001,25,25,minibatch,125,0.06889366795543315,0.0023731687421767386,0.014182504022145603,0.013375985727192452,0.014182504022145603
30,20,302123,0.5,0.002,0.1,0.2,0.5,300,6,0.001,25,25,minibatch,150,0.06888978040009411,0.0023729009217865952,0.014181303092570208,0.013374459995585897,0.014181303092570208
30,20,302123,0.5,0.002,0.1,0.2,0.5,300,6,0.001,25,25,minibatch,175,0.06888638321584843,0.0023726668962803623,0.014180281238352521,0.01337299907511047,0.014180281238352521
30,20,302123,0.5,0.002,0.1,0.2,0.5,300,6,0.001,25,25,minibatch,200,0.06888321494513623,0.0023724486505889196,0.01417926741066683,0.01337174963605492,0.01417926741066683
30,20,302123,0.5,0.002,0.1,0.2,0.5,300,6,0.001,25,25,minibatch,225,0.06888031283329028,0.002372248748005967,0.014178490887359896,0.0133705940461476,0.014178490887359896
30,20,302123,0.5,0.002,0.1,0.2,0.5,300,6,0.001,25,25,minibatch,250,0.0688776621180268,0.0023720661694225324,0.014177655630774888,0.013369723218345397,0.014177655630774888
30,20,302123,0.5,0.002,0.1,0.2,0.5,300,6,0.001,25,25,minibatch,275,0.06887509064369045,0.0023718890555882877,0.014176895143948431,0.013368743224609347,0.014176895143948431
30,20,302123,0.5,0.002,0.1,0.2,0.5,300,6,0.001,25,25,minibatch,300,0.06887262218199382,0.0023717190431118335,0.014176098557980688,0.013367859656075343,0.014176098557980688
100,20,1002123,0.5,0.002,0.1,0.2,0.5,300,10,0.001,25,25,full_batch,0,0.041675197615131554,0.0008684110481301334,0.00940034226682579,0.00940034226682579,0.003913588771301324
100,20,1002123,0.5,0.002,0.1,0.2,0.5,300,10,0.001,25,25,full_batch,25,0.04167251224653542,0.0008682991384688222,0.009399464326073415,0.009399464326073415,0.003913174163177713
100,20,1002123,0.5,0.002,0.1,0.2,0.5,300,10,0.001,25,25,full_batch,50,0.04167123408971783,0.0008682458752800308,0.009399046423639645,0.009399046423639645,0.003912976817551428
100,20,1002123,0.5,0.002,0.1,0.2,0.5,300,10,0.001,25,25,full_batch,75,0.041670250543836634,0.0008682048901930586,0.009398724833825478,0.009398724833825478,0.00391282495753853
100,20,1002123,0.5,0.002,0.1,0.2,0.5,300,10,0.001,25,25,full_batch,100,0.0416694204794485,0.000868170301546541,0.009398453419350139,0.009398453419350139,0.003912696793860637
100,20,1002123,0.5,0.002,0.1,0.2,0.5,300,10,0.001,25,25,full_batch,125,0.04166868877277375,0.0008681398120211406,0.009398214159444362,0.009398214159444362,0.003912583815839699
100,20,1002123,0.5,0.002,0.1,0.2,0.5,300,10,0.001,25,25,full_batch,150,0.041668027044490144,0.0008681122388901811,0.00939799777649386,0.00939799777649386,0.003912481641931365
100,20,1002123,0.5,0.002,0.1,0.2,0.5,300,10,0.001,25,25,full_batch,175,0.04166741839775543,0.0008680868779668039,0.009397798746674901,0.009397798746674901,0.0039123876633961885
100,20,1002123,0.5,0.002,0.1,0.2,0.5,300,10,0.001,25,25,full_batch,200,0.041666851806693786,0.0008680632697404907,0.009397613465468024,0.009397613465468024,0.003912300177925765
100,20,1002123,0.5,0.002,0.1,0.2,0.5,300,10,0.001,25,25,full_batch,225,0.04166631960439372,0.0008680410946877423,0.009397439426448329,0.009397439426448329,0.003912218001809076
100,20,1002123,0.5,0.002,0.1,0.2,0.5,300,10,0.001,25,25,full_batch,250,0.04166581620405419,0.0008680201199750124,0.009397274803208733,0.009397274803208733,0.003912140272488429
100,20,1002123,0.5,0.002,0.1,0.2,0.5,300,10,0.001,25,25,full_batch,275,0.04166533738539041,0.0008680001697192059,0.009397118216077194,0.009397118216077194,0.003912066338384257
100,20,1002123,0.5,0.002,0.1,0.2,0.5,300,10,0.001,25,25,full_batch,300,0.0416648798679731,0.000867981107206315,0.009396968592633392,0.009396968592633392,0.003911995693025139
100,20,1002123,0.5,0.002,0.1,0.2,0.5,300,10,0.001,25,25,minibatch,0,0.041675197615131554,0.0008684110481301334,0.00940034226682579,0.00940034226682579,0.003913588771301324
100,20,1002123,0.5,0.002,0.1,0.2,0.5,300,10,0.001,25,25,minibatch,25,0.04167233611189807,0.000868291798511502,0.00939944944982185,0.00939944944982185,0.0039131849048363865
100,20,1002123,0.5,0.002,0.1,0.2,0.5,300,10,0.001,25,25,minibatch,50,0.041670979018680505,0.0008682352461876554,0.009399020681504389,0.009399020681504389,0.003912940790982922
100,20,1002123,0.5,0.002,0.1,0.2,0.5,300,10,0.001,25,25,minibatch,75,0.04167002853387787,0.000868195639007098,0.009398714900209937,0.009398714900209937,0.003912799149091595
100,20,1002123,0.5,0.002,0.1,0.2,0.5,300,10,0.001,25,25,minibatch,100,0.04166920837978863,0.0008681614634991235,0.009398426082372513,0.009398426082372513,0.003912675443960012
100,20,1002123,0.5,0.002,0.1,0.2,0.5,300,10,0.001,25,25,minibatch,125,0.04166851136531512,0.0008681324197006976,0.00939820615546838,0.00939820615546838,0.0039125719611609044
100,20,1002123,0.5,0.002,0.1,0.2,0.5,300,10,0.001,25,25,minibatch,150,0.04166785065628494,0.0008681048891572327,0.009397987614704728,0.009397987614704728,0.003912459498898402
100,20,1002123,0.5,0.002,0.1,0.2,0.5,300,10,0.001,25,25,minibatch,175,0.04166725473985389,0.0008680800587779382,0.009397788132374574,0.009397788132374574,0.003912374411652819
100,20,1002123,0.5,0.002,0.1,0.2,0.5,300,10,0.001,25,25,minibatch,200,0.041666696258842874,0.0008680567885633354,0.00939760430376807,0.00939760430376807,0.003912286114029828
100,20,1002123,0.5,0.002,0.1,0.2,0.5,300,10,0.001,25,25,minibatch,225,0.04166618426809725,0.0008680354557315173,0.009397428808667618,0.009397428808667618,0.00391220397364922
100,20,1002123,0.5,0.002,0.1,0.2,0.5,300,10,0.001,25,25,minibatch,250,0.0416656695621228,0.0008680140100300033,0.009397253167897246,0.009397253167897246,0.0039121207494180466
100,20,1002123,0.5,0.002,0.1,0.2,0.5,300,10,0.001,25,25,minibatch,275,0.04166519963508468,0.0008679944303157303,0.009397101814837494,0.009397101814837494,0.003912049736593537
100,20,1002123,0.5,0.002,0.1,0.2,0.5,300,10,0.001,25,25,minibatch,300,0.0416647720973086,0.0008679766169603327,0.00939694769736038,0.00939694769736038,0.0039119857494758215
30,20,302123,0.5,0.002,0.02,0.01,0.5,300,6,0.001,25,25,full_batch,0,0.06938924242737479,0.002407433482322495,0.014194061668509617,0.013391379516060287,0.014194061668509617
30,20,302123,0.5,0.002,0.02,0.01,0.5,300,6,0.001,25,25,full_batch,25,0.06938848745161767,0.0024073810954116518,0.014193826498861084,0.013391090913255799,0.014193826498861084
30,20,302123,0.5,0.002,0.02,0.01,0.5,300,6,0.001,25,25,full_batch,50,0.06938812802349173,0.002407356155302239,0.01419371453909124,0.013390953511986103,0.01419371453909124
30,20,302123,0.5,0.002,0.02,0.01,0.5,300,6,0.001,25,25,full_batch,75,0.0693878514067879,0.0024073369614252384,0.014193628374405687,0.013390847766107605,0.014193628374405687
30,20,302123,0.5,0.002,0.02,0.01,0.5,300,6,0.001,25,25,full_batch,100,0.06938761793183107,0.002407320761126882,0.014193555648022105,0.01339075851153898,0.014193555648022105
30,20,302123,0.5,0.002,0.02,0.01,0.5,300,6,0.001,25,25,full_batch,125,0.06938741210402198,0.002407306479246688,0.014193491533500302,0.013390679825335039,0.014193491533500302
30,20,302123,0.5,0.002,0.02,0.01,0.5,300,6,0.001,25,25,full_batch,150,0.0693872259462881,0.0024072935622606183,0.014193433546046297,0.013390608658189307,0.014193433546046297
30,20,302123,0.5,0.002,0.02,0.01,0.5,300,6,0.001,25,25,full_batch,175,0.06938705470913638,0.0024072816806043422,0.014193380206232176,0.013390543194567006,0.014193380206232176
30,20,302123,0.5,0.002,0.02,0.01,0.5,300,6,0.001,25,25,full_batch,200,0.06938689529332955,0.002407270619223739,0.014193330548670446,0.013390482249756919,0.014193330548670446
30,20,302123,0.5,0.002,0.02,0.01,0.5,300,6,0.001,25,25,full_batch,225,0.06938674554379257,0.0024072602285795087,0.014193283902073028,0.013390424999963568,0.014193283902073028
30,20,302123,0.5,0.002,0.02,0.01,0.5,300,6,0.001,25,25,full_batch,250,0.06938660389014427,0.002407250399703892,0.014193239777279043,0.013390370844894584,0.014193239777279043
30,20,302123,0.5,0.002,0.02,0.01,0.5,300,6,0.001,25,25,full_batch,275,0.06938646914611413,0.002407241050282324,0.014193197804774516,0.013390319331087253,0.014193197804774516
30,20,302123,0.5,0.002,0.02,0.01,0.5,300,6,0.001,25,25,full_batch,300,0.06938634038961299,0.0024072321163316193,0.014193157697336811,0.013390270106065694,0.014193157697336811
30,20,302123,0.5,0.002,0.02,0.01,0.5,300,6,0.001,25,25,minibatch,0,0.06938924242737479,0.002407433482322495,0.014194061668509617,0.013391379516060287,0.014194061668509617
30,20,302123,0.5,0.002,0.02,0.01,0.5,300,6,0.001,25,25,minibatch,25,0.06938847681525842,0.0024073803573708276,0.014193802849969572,0.013391057109210291,0.014193802849969572
30,20,302123,0.5,0.002,0.02,0.01,0.5,300,6,0.001,25,25,minibatch,50,0.06938807861296377,0.00240735272679942,0.014193683686395342,0.01339089196214488,0.014193683686395342
30,20,302123,0.5,0.002,0.02,0.01,0.5,300,6,0.001,25,25,minibatch,75,0.06938780472739402,0.002407333722443482,0.01419360983107043,0.013390768380634521,0.01419360983107043
30,20,302123,0.5,0.002,0.02,0.01,0.5,300,6,0.001,25,25,minibatch,100,0.0693875566176963,0.002407316506687005,0.01419351914398398,0.01339067599905247,0.01419351914398398
30,20,302123,0.5,0.002,0.02,0.01,0.5,300,6,0.001,25,25,minibatch,125,0.06938735709782477,0.002407302662510527,0.014193455803927002,0.013390598415434607,0.014193455803927002
30,20,302123,0.5,0.002,0.02,0.01,0.5,300,6,0.001,25,25,minibatch,150,0.06938715638655846,0.00240728873570636,0.014193392774164093,0.013390519780642762,0.014193392774164093
30,20,302123,0.5,0.002,0.02,0.01,0.5,300,6,0.001,25,25,minibatch,175,0.06938698373535682,0.0024072767559453357,0.014193339489876389,0.013390447416968598,0.014193339489876389
30,20,302123,0.5,0.002,0.02,0.01,0.5,300,6,0.001,25,25,minibatch,200,0.06938681987126792,0.0024072653859238905,0.014193286634648195,0.013390385026051166,0.014193286634648195
30,20,302123,0.5,0.002,0.02,0.01,0.5,300,6,0.001,25,25,minibatch,225,0.06938667093115672,0.0024072550514543144,0.014193247499347916,0.013390328225894699,0.014193247499347916
30,20,302123,0.5,0.002,0.02,0.01,0.5,300,6,0.001,25,25,minibatch,250,0.06938653515781312,0.002407245630603218,0.014193204766699719,0.013390282574481216,0.014193204766699719
30,20,302123,0.5,0.002,0.02,0.01,0.5,300,6,0.001,25,25,minibatch,275,0.0693864005462143,0.002407236290379844,0.014193164409927517,0.013390230647787882,0.014193164409927517
30,20,302123,0.5,0.002,0.02,0.01,0.5,300,6,0.001,25,25,minibatch,300,0.06938627335960032,0.0024072274653665904,0.014193122591034335,0.013390185311925928,0.014193122591034335
100,20,1002123,0.5,0.002,0.02,0.01,0.5,300,10,0.001,25,25,full_batch,0,0.042062152240194946,0.0008846123255386683,0.00940034226682579,0.00940034226682579,0.003913588771301324
100,20,1002123,0.5,0.002,0.02,0.01,0.5,300,10,0.001,25,25,full_batch,25,0.04206199427165345,0.0008846056810543038,0.009400291431175767,0.009400291431175767,0.003913565593732904
100,20,1002123,0.5,0.002,0.02,0.01,0.5,300,10,0.001,25,25,full_batch,50,0.04206191906594469,0.0008846025177550407,0.009400267229237647,0.009400267229237647,0.003913554559335619
100,20,1002123,0.5,0.002,0.02,0.01,0.5,300,10,0.001,25,25,full_batch,75,0.04206186118737472,0.0008846000832729899,0.009400248603304684,0.009400248603304684,0.003913546067219387
100,20,1002123,0.5,0.002,0.02,0.01,0.5,300,10,0.001,25,25,full_batch,100,0.04206181233561593,0.0008845980284782861,0.009400232882268655,0.009400232882268655,0.003913538899539826
100,20,1002123,0.5,0.002,0.02,0.01,0.5,300,10,0.001,25,25,full_batch,125,0.042061769268638485,0.0008845962170040904,0.009400219022819178,0.009400219022819178,0.0039135325806178844
100,20,1002123,0.5,0.002,0.02,0.01,0.5,300,10,0.001,25,25,full_batch,150,0.042061730317350894,0.0008845945786447776,0.009400206487830354,0.009400206487830354,0.003913526865560346
100,20,1002123,0.5,0.002,0.02,0.01,0.5,300,10,0.001,25,25,full_batch,175,0.04206169448798808,0.0008845930716004233,0.009400194957500496,0.009400194957500496,0.003913521608559178
100,20,1002123,0.5,0.002,0.02,0.01,0.5,300,10,0.001,25,25,full_batch,200,0.04206166113207742,0.0008845916685948561,0.009400184223146535,0.009400184223146535,0.003913516714469378
100,20,1002123,0.5,0.002,0.02,0.01,0.5,300,10,0.001,25,25,full_batch,225,0.04206162979869929,0.0008845903506614141,0.00940017413965899,0.00940017413965899,0.003913512117130646
100,20,1002123,0.5,0.002,0.02,0.01,0.5,300,10,0.001,25,25,full_batch,250,0.04206160015927372,0.0008845891039793073,0.009400164601298278,0.009400164601298278,0.00391350776833288
100,20,1002123,0.5,0.002,0.02,0.01,0.5,300,10,0.001,25,25,full_batch,275,0.04206157196558932,0.0008845879181082248,0.009400155528187959,0.009400155528187959,0.0039135036316578775
100,20,1002123,0.5,0.002,0.02,0.01,0.5,300,10,0.001,25,25,full_batch,300,0.04206154502471264,0.0008845867849329644,0.009400146858240865,0.009400146858240865,0.003913499678797949
100,20,1002123,0.5,0.002,0.02,0.01,0.5,300,10,0.001,25,25,minibatch,0,0.042062152240194946,0.0008846123255386683,0.00940034226682579,0.00940034226682579,0.003913588771301324
100,20,1002123,0.5,0.002,0.02,0.01,0.5,300,10,0.001,25,25,minibatch,25,0.04206199141904621,0.0008846055610679584,0.009400291414321249,0.009400291414321249,0.003913568393101308
100,20,1002123,0.5,0.002,0.02,0.01,0.5,300,10,0.001,25,25,minibatch,50,0.042061910372153,0.0008846021520775159,0.009400266359021914,0.009400266359021914,0.0039135543959584185
100,20,1002123,0.5,0.002,0.02,0.01,0.5,300,10,0.001,25,25,minibatch,75,0.042061854209292635,0.0008845997897618942,0.009400248003986977,0.009400248003986977,0.003913546702447479
100,20,1002123,0.5,0.002,0.02,0.01,0.5,300,10,0.001,25,25,minibatch,100,0.04206180676183697,0.0008845977940350571,0.009400231748901866,0.009400231748901866,0.0039135399789644865
100,20,1002123,0.5,0.002,0.02,0.01,0.5,300,10,0.001,25,25,minibatch,125,0.04206176528923572,0.0008845960496233774,0.009400218970653296,0.009400218970653296,0.003913533989157503
100,20,1002123,0.5,0.002,0.02,0.01,0.5,300,10,0.001,25,25,minibatch,150,0.04206172711250133,0.0008845944438432646,0.009400206632268593,0.009400206632268593,0.003913527940180517
100,20,1002123,0.5,0.002,0.02,0.01,0.5,300,10,0.001,25,25,minibatch,175,0.04206169254026524,0.0008845929896759022,0.009400195013229584,0.009400195013229584,0.003913523554270659
100,20,1002123,0.5,0.002,0.02,0.01,0.5,300,10,0.001,25,25,minibatch,200,0.04206166033368521,0.000884591635013154,0.00940018474290355,0.00940018474290355,0.003913518755961687
100,20,1002123,0.5,0.002,0.02,0.01,0.5,300,10,0.001,25,25,minibatch,225,0.04206162951247196,0.000884590338622226,0.00940017450715741,0.00940017450715741,0.003913514175704402
100,20,1002123,0.5,0.002,0.02,0.01,0.5,300,10,0.001,25,25,minibatch,250,0.042061599520722366,0.000884589077120816,0.009400164304833647,0.009400164304833647,0.003913509609669741
100,20,1002123,0.5,0.002,0.02,0.01,0.5,300,10,0.001,25,25,minibatch,275,0.04206157107929435,0.0008845878808292654,0.009400155299110091,0.009400155299110091,0.00391350546718594
100,20,1002123,0.5,0.002,0.02,0.01,0.5,300,10,0.001,25,25,minibatch,300,0.042061546011805076,0.0008845868264515977,0.00940014624617086,0.00940014624617086,0.00391350211943875
30,20,302123,0.5,0.002,0.02,0.05,0.5,300,6,0.001,25,25,full_batch,0,0.06938924242737479,0.002407433482322495,0.014194061668509617,0.013391379516060287,0.014194061668509617
30,20,302123,0.5,0.002,0.02,0.05,0.5,300,6,0.001,25,25,full_batch,25,0.06938546770479746,0.002407171564306746,0.014192885855843218,0.013389936461442264,0.014192885855843218
30,20,302123,0.5,0.002,0.02,0.05,0.5,300,6,0.001,25,25,full_batch,50,0.0693836707545453,0.0024070468836875723,0.01419232610143878,0.013389249409593351,0.01419232610143878
30,20,302123,0.5,0.002,0.02,0.05,0.5,300,6,0.001,25,25,full_batch,75,0.06938228786787701,0.0024069509348904764,0.014191895324048187,0.013388720633454143,0.014191895324048187
30,20,302123,0.5,0.002,0.02,0.05,0.5,300,6,0.001,25,25,full_batch,100,0.06938112069326233,0.002406869954326517,0.014191531738981633,0.01338827431320061,0.014191531738981633
30,20,302123,0.5,0.002,0.02,0.05,0.5,300,6,0.001,25,25,full_batch,125,0.06938009175649382,0.0024067985660697505,0.014191211213733401,0.013387880834334454,0.014191211213733401
30,20,302123,0.5,0.002,0.02,0.05,0.5,300,6,0.001,25,25,full_batch,150,0.06937916117158993,0.002406734002436726,0.014190921324186145,0.01338752495044937,0.014190921324186145
30,20,302123,0.5,0.002,0.02,0.05,0.5,300,6,0.001,25,25,full_batch,175,0.069378305190721,0.002406674615568412,0.014190654673108982,0.013387197583942245,0.014190654673108982
30,20,302123,0.5,0.002,0.02,0.05,0.5,300,6,0.001,25,25,full_batch,200,0.06937750831746213,0.0024066193301697635,0.014190406433507996,0.01338689281130806,0.014190406433507996
30,20,302123,0.5,0.002,0.02,0.05,0.5,300,6,0.001,25,25,full_batch,225,0.0693767597762754,0.0024065673985275123,0.014190173248902538,0.013386606513600297,0.014190173248902538
30,20,302123,0.5,0.002,0.02,0.05,0.5,300,6,0.001,25,25,full_batch,250,0.06937605171513496,0.00240651827579054,0.014189952673459016,0.013386335689383633,0.014189952673459016
30,20,302123,0.5,0.002,0.02,0.05,0.5,300,6,0.001,25,25,full_batch,275,0.069375378202598,0.0024064715503767545,0.014189742859586518,0.013386078071364771,0.014189742859586518
30,20,302123,0.5,0.002,0.02,0.05,0.5,300,6,0.001,25,25,full_batch,300,0.06937473462815019,0.0024064269023631305,0.01418954237115383,0.013385831897176181,0.01418954237115383
30,20,302123,0.5,0.002,0.02,0.05,0.5,300,6,0.001,25,25,minibatch,0,0.06938924242737479,0.002407433482322495,0.014194061668509617,0.013391379516060287,0.014194061668509617
30,20,302123,0.5,0.002,0.02,0.05,0.5,300,6,0.001,25,25,minibatch,25,0.06938541451516171,0.0024071678737204068,0.014192767611926671,0.013389767428901245,0.014192767611926671
30,20,302123,0.5,0.002,0.02,0.05,0.5,300,6,0.001,25,25,minibatch,50,0.06938342368488129,0.002407029741117873,0.014192171843835144,0.013388941615959049,0.014192171843835144
30,20,302123,0.5,0.002,0.02,0.05,0.5,300,6,0.001,25,25,minibatch,75,0.06938205445131915,0.0024069347399429076,0.014191802617613603,0.01338832366945969,0.014191802617613603
30,20,302123,0.5,0.002,0.02,0.05,0.5,300,6,0.001,25,25,minibatch,100,0.06938081411296114,0.002406848683488634,0.01419134922379528,0.01338786173601847,0.01419134922379528
30,20,302123,0.5,0.002,0.02,0.05,0.5,300,6,0.001,25,25,minibatch,125,0.06937981671553578,0.002406779483740669,0.014191032577964058,0.013387473778476489,0.014191032577964058
30,20,302123,0.5,0.002,0.02,0.05,0.5,300,6,0.001,25,25,minibatch,150,0.06937881337663661,0.002406709872775085,0.014190717482760962,0.013387080538443008,0.014190717482760962
30,20,302123,0.5,0.002,0.02,0.05,0.5,300,6,0.001,25,25,minibatch,175,0.06937795034387688,0.002406649996958723,0.01419045111555195,0.013386718674430198,0.01419045111555195
30,20,302123,0.5,0.002,0.02,0.05,0.5,300,6,0.001,25,25,minibatch,200,0.06937713124805188,0.0024065931701047084,0.014190186890588541,0.013386406680285456,0.014190186890588541
30,20,302123,0.5,0.002,0.02,0.05,0.5,300,6,0.001,25,25,minibatch,225,0.06937638676927861,0.002406541520580268,0.0141899912793918,0.013386122636105613,0.0141899912793918
30,20,302123,0.5,0.002,0.02,0.05,0.5,300,6,0.001,25,25,minibatch,250,0.06937570811350399,0.0024064944381250518,0.014189777668848935,0.01338589435497095,0.014189777668848935
30,20,302123,0.5,0.002,0.02,0.05,0.5,300,6,0.001,25,25,minibatch,275,0.06937503525349757,0.0024064477582120152,0.014189575936760068,0.013385634676378488,0.014189575936760068
30,20,302123,0.5,0.002,0.02,0.05,0.5,300,6,0.001,25,25,minibatch,300,0.06937439955137725,0.002406403656557066,0.014189366894254651,0.013385407958730888,0.014189366894254651
100,20,1002123,0.5,0.002,0.02,0.05,0.5,300,10,0.001,25,25,full_batch,0,0.042062152240194946,0.0008846123255386683,0.00940034226682579,0.00940034226682579,0.003913588771301324
100,20,1002123,0.5,0.002,0.02,0.05,0.5,300,10,0.001,25,25,full_batch,25,0.04206136242512238,0.0008845791045287484,0.00940008809494075,0.00940008809494075,0.003913472887111968
100,20,1002123,0.5,0.002,0.02,0.05,0.5,300,10,0.001,25,25,full_batch,50,0.04206098643003396,0.0008845632897337505,0.009399967093062012,0.009399967093062012,0.0039134177195613296
100,20,1002123,0.5,0.002,0.02,0.05,0.5,300,10,0.001,25,25,full_batch,75,0.04206069707176092,0.0008845511190812188,0.009399873971480455,0.009399873971480455,0.003913375263567276
100,20,1002123,0.5,0.002,0.02,0.05,0.5,300,10,0.001,25,25,full_batch,100,0.04206045284811969,0.0008845408468944499,0.009399795374520903,0.009399795374520903,0.0039133394298320745
100,20,1002123,0.5,0.002,0.02,0.05,0.5,300,10,0.001,25,25,full_batch,125,0.0420602375487531,0.00088453179132877,0.009399726085582982,0.009399726085582982,0.003913307839934155
100,20,1002123,0.5,0.002,0.02,0.05,0.5,300,10,0.001,25,25,full_batch,150,0.04206004282809557,0.0008845236013506168,0.009399663419009108,0.009399663419009108,0.003913279269393
100,20,1002123,0.5,0.002,0.02,0.05,0.5,300,10,0.001,25,25,full_batch,175,0.04205986371725722,0.0008845160679571253,0.009399605775777198,0.009399605775777198,0.003913252989160787
100,20,1002123,0.5,0.002,0.02,0.05,0.5,300,10,0.001,25,25,full_batch,200,0.04205969697383436,0.0008845090547653856,0.009399552112461296,0.009399552112461296,0.003913228523504841
100,20,1002123,0.5,0.002,0.02,0.05,0.5,300,10,0.001,25,25,full_batch,225,0.042059540343201675,0.0008845024669407046,0.009399501703507673,0.009399501703507673,0.003913205541621334
100,20,1002123,0.5,0.002,0.02,0.05,0.5,300,10,0.001,25,25,full_batch,250,0.042059392182435915,0.0008844962353779757,0.009399454020213194,0.009399454020213194,0.003913183802456421
100,20,1002123,0.5,0.002,0.02,0.05,0.5,300,10,0.001,25,25,full_batch,275,0.04205925125046752,0.0008844903078749769,0.009399408663192721,0.009399408663192721,0.00391316312391754
100,20,1002123,0.5,0.002,0.02,0.05,0.5,300,10,0.001,25,25,full_batch,300,0.042059116582614034,0.0008844846438549594,0.00939936532200586,0.00939936532200586,0.003913143364464133
100,20,1002123,0.5,0.002,0.02,0.05,0.5,300,10,0.001,25,25,minibatch,0,0.042062152240194946,0.0008846123255386683,0.00940034226682579,0.00940034226682579,0.003913588771301324
100,20,1002123,0.5,0.002,0.02,0.05,0.5,300,10,0.001,25,25,minibatch,25,0.04206134816322606,0.0008845785046540602,0.009400088011437824,0.009400088011437824,0.003913486884207895
100,20,1002123,0.5,0.002,0.02,0.05,0.5,300,10,0.001,25,25,minibatch,50,0.04206094296507009,0.0008845614615554396,0.009399962743007917,0.009399962743007917,0.003913416903095213
100,20,1002123,0.5,0.002,0.02,0.05,0.5,300,10,0.001,25,25,minibatch,75,0.04206066218505374,0.0008845496517226049,0.00939987097519196,0.00939987097519196,0.003913378440211002
100,20,1002123,0.5,0.002,0.02,0.05,0.5,300,10,0.001,25,25,minibatch,100,0.04206042498310561,0.0008845396748797272,0.009399789708844197,0.009399789708844197,0.003913344827750631
100,20,1002123,0.5,0.002,0.02,0.05,0.5,300,10,0.001,25,25,minibatch,125,0.042060217654106974,0.0008845309545554259,0.009399725825709082,0.009399725825709082,0.0039133148829277875
100,20,1002123,0.5,0.002,0.02,0.05,0.5,300,10,0.001,25,25,minibatch,150,0.04206002680590121,0.000884522927456564,0.00939966414285115,0.00939966414285115,0.003913284642763859
100,20,1002123,0.5,0.002,0.02,0.05,0.5,300,10,0.001,25,25,minibatch,175,0.04205985398015941,0.0008845156584161658,0.009399606056244014,0.009399606056244014,0.003913262717904709
100,20,1002123,0.5,0.002,0.02,0.05,0.5,300,10,0.001,25,25,minibatch,200,0.04205969298132312,0.0008845088868415807,0.009399554712134661,0.009399554712134661,0.0039132387303361105
100,20,1002123,0.5,0.002,0.02,0.05,0.5,300,10,0.001,25,25,minibatch,225,0.042059538909912694,0.0008845024066572299,0.009399503540559961,0.009399503540559961,0.003913215834382533
100,20,1002123,0.5,0.002,0.02,0.05,0.5,300,10,0.001,25,25,minibatch,250,0.04205938898746765,0.0008844961009995576,0.009399452536744346,0.009399452536744346,0.003913193008682758
100,20,1002123,0.5,0.002,0.02,0.05,0.5,300,10,0.001,25,25,minibatch,275,0.04205924681740716,0.0008844901214237871,0.00939940751639634,0.00939940751639634,0.003913172301506895
100,20,1002123,0.5,0.002,0.02,0.05,0.5,300,10,0.001,25,25,minibatch,300,0.042059121514491433,0.0008844848512853781,0.009399362258688149,0.009399362258688149,0.003913155567158544
30,20,302123,0.5,0.002,0.02,0.2,0.5,300,6,0.001,25,25,full_batch,0,0.06938924242737479,0.002407433482322495,0.014194061668509617,0.013391379516060287,0.014194061668509617
30,20,302123,0.5,0.002,0.02,0.2,0.5,300,6,0.001,25,25,full_batch,25,0.06937414587950691,0.0024063860582555527,0.014189358951369913,0.013385606688702423,0.014189358951369913
30,20,302123,0.5,0.002,0.02,0.2,0.5,300,6,0.001,25,25,full_batch,50,0.06936696093251037,0.0024058876345062095,0.014187120600126835,0.013382857798886427,0.014187120600126835
30,20,302123,0.5,0.002,0.02,0.2,0.5,300,6,0.001,25,25,full_batch,75,0.06936143233631333,0.0024055041478724857,0.014185398180755537,0.013380741993268719,0.014185398180755537
30,20,302123,0.5,0.002,0.02,0.2,0.5,300,6,0.001,25,25,full_batch,100,0.06935676663758338,0.002405180539210099,0.014183944542742966,0.013378956001214803,0.014183944542742966
30,20,302123,0.5,0.002,0.02,0.2,0.5,300,6,0.001,25,25,full_batch,125,0.06935265392138797,0.002404895302969905,0.014182663151602437,0.013377381368228192,0.014182663151602437
30,20,302123,0.5,0.002,0.02,0.2,0.5,300,6,0.001,25,25,full_batch,150,0.06934893463458103,0.002404637367475696,0.014181504308604154,0.01337595711050965,0.014181504308604154
30,20,302123,0.5,0.002,0.02,0.2,0.5,300,6,0.001,25,25,full_batch,175,0.06934551378040127,0.002404400140733911,0.014180438423494701,0.013374646918751842,0.014180438423494701
30,20,302123,0.5,0.002,0.02,0.2,0.5,300,6,0.001,25,25,full_batch,200,0.06934232936961712,0.0024041793212022326,0.01417944618743805,0.013373427099659552,0.01417944618743805
30,20,302123,0.5,0.002,0.02,0.2,0.5,300,6,0.001,25,25,full_batch,225,0.06933933829763804,0.002403971917777147,0.014178514173917522,0.013372281177953693,0.014178514173917522
30,20,302123,0.5,0.002,0.02,0.2,0.5,300,6,0.001,25,25,full_batch,250,0.06933650915458678,0.002403775750872048,0.0141776325991666,0.01337119714826357,0.0141776325991666
30,20,302123,0.5,0.002,0.02,0.2,0.5,300,6,0.001,25,25,full_batch,275,0.06933381821336179,0.0024035891740217495,0.014176794072503718,0.013370165941700984,0.014176794072503718
30,20,302123,0.5,0.002,0.02,0.2,0.5,300,6,0.001,25,25,full_batch,300,0.06933124703087445,0.002403410907428069,0.014175992849147834,0.013369180509013867,0.014175992849147834
30,20,302123,0.5,0.002,0.02,0.2,0.5,300,6,0.001,25,25,minibatch,0,0.06938924242737479,0.002407433482322495,0.014194061668509617,0.013391379516060287,0.014194061668509617
30,20,302123,0.5,0.002,0.02,0.2,0.5,300,6,0.001,25,25,minibatch,25,0.06937393300343608,0.0024063712901826193,0.014188885983738853,0.013384930373885995,0.014188885983738853
30,20,302123,0.5,0.002,0.02,0.2,0.5,300,6,0.001,25,25,minibatch,50,0.06936597239857248,0.0024058190633997594,0.01418650365768298,0.01338162595785436,0.01418650365768298
30,20,302123,0.5,0.002,0.02,0.2,0.5,300,6,0.001,25,25,minibatch,75,0.06936049837628067,0.0024054393675030164,0.01418502750814643,0.013379153587631698,0.01418502750814643
30,20,302123,0.5,0.002,0.02,0.2,0.5,300,6,0.001,25,25,minibatch,100,0.06935554017210128,0.0024050954762819777,0.014183214556380719,0.013377305471456546,0.014183214556380719
30,20,302123,0.5,0.002,0.02,0.2,0.5,300,6,0.001,25,25,minibatch,125,0.06935155360832071,0.0024048189939438907,0.014181948788979382,0.013375753049599426,0.014181948788979382
30,20,302123,0.5,0.002,0.02,0.2,0.5,300,6,0.001,25,25,minibatch,150,0.06934754351091274,0.0024045408954989677,0.014180689211590047,0.013374179098756267,0.014180689211590047
30,20,302123,0.5,0.002,0.02,0.2,0.5,300,6,0.001,25,25,minibatch,175,0.06934409472447178,0.0024043017365782578,0.014179624555054338,0.01337273095935032,0.014179624555054338
30,20,302123,0.5,0.002,0.02,0.2,0.5,300,6,0.001,25,25,minibatch,200,0.06934082170616865,0.0024040747774433345,0.014178568421757964,0.01337148239001984,0.014178568421757964
30,20,302123,0.5,0.002,0.02,0.2,0.5,300,6,0.001,25,25,minibatch,225,0.0693378471129514,0.002403868521129512,0.014177786955355764,0.013370345563030517,0.014177786955355764
30,20,302123,0.5,0.002,0.02,0.2,0.5,300,6,0.001,25,25,minibatch,250,0.06933513564897435,0.002403680517730837,0.014176933302333994,0.013369432078531696,0.014176933302333994
30,20,302123,0.5,0.002,0.02,0.2,0.5,300,6,0.001,25,25,minibatch,275,0.0693324471737404,0.0024034941155497516,0.014176127149204298,0.013368392688177577,0.014176127149204298
30,20,302123,0.5,0.002,0.02,0.2,0.5,300,6,0.001,25,25,minibatch,300,0.06932990782360846,0.0024033180594150226,0.014175291757357378,0.0133674852430688,0.014175291757357378
100,20,1002123,0.5,0.002,0.02,0.2,0.5,300,10,0.001,25,25,full_batch,0,0.042062152240194946,0.0008846123255386683,0.00940034226682579,0.00940034226682579,0.003913588771301324
100,20,1002123,0.5,0.002,0.02,0.2,0.5,300,10,0.001,25,25,full_batch,25,0.04205899339435133,0.0008844794626730445,0.009399325674728287,0.009399325674728287,0.003913125289313646
100,20,1002123,0.5,0.002,0.02,0.2,0.5,300,10,0.001,25,25,full_batch,50,0.042057489915650795,0.0008844162290025341,0.009398841784362066,0.009398841784362066,0.00391290468563088
100,20,1002123,0.5,0.002,0.02,0.2,0.5,300,10,0.001,25,25,full_batch,75,0.04205633300096365,0.000884367572743972,0.009398469419223454,0.009398469419223454,0.003912734930412887
100,20,1002123,0.5,0.002,0.02,0.2,0.5,300,10,0.001,25,25,full_batch,100,0.042055356633397344,0.000884326510781119,0.009398155154629717,0.009398155154629717,0.003912591665376719
100,20,1002123,0.5,0.002,0.02,0.2,0.5,300,10,0.001,25,25,full_batch,125,0.04205449596838324,0.0008842903155773811,0.009397878123426018,0.009397878123426018,0.003912465376416763
100,20,1002123,0.5,0.002,0.02,0.2,0.5,300,10,0.001,25,25,full_batch,150,0.04205371762205813,0.0008842575829179013,0.009397627582596269,0.009397627582596269,0.0039123511653959
100,20,1002123,0.5,0.002,0.02,0.2,0.5,300,10,0.001,25,25,full_batch,175,0.04205300171791242,0.0008842274767433723,0.009397397135827434,0.009397397135827434,0.003912246115998497
100,20,1002123,0.5,0.002,0.02,0.2,0.5,300,10,0.001,25,25,full_batch,200,0.042052335285717314,0.0008841994514911927,0.009397182609265198,0.009397182609265198,0.003912148325210474
100,20,1002123,0.5,0.002,0.02,0.2,0.5,300,10,0.001,25,25,full_batch,225,0.042051709306543644,0.0008841731278010247,0.00939698110059406,0.00939698110059406,0.00391205646975834
100,20,1002123,0.5,0.002,0.02,0.2,0.5,300,10,0.001,25,25,full_batch,250,0.04205111720838843,0.0008841482292368108,0.009396790494926643,0.009396790494926643,0.003911969585387753
100,20,1002123,0.5,0.002,0.02,0.2,0.5,300,10,0.001,25,25,full_batch,275,0.04205055402674376,0.0008841245469780478,0.009396609194670502,0.009396609194670502,0.0039118869436971515
100,20,1002123,0.5,0.002,0.02,0.2,0.5,300,10,0.001,25,25,full_batch,300,0.042050015902693826,0.0008841019187084018,0.009396435958017035,0.009396435958017035,0.0039118079784996596
100,20,1002123,0.5,0.002,0.02,0.2,0.5,300,10,0.001,25,25,minibatch,0,0.042062152240194946,0.0008846123255386683,0.00940034226682579,0.00940034226682579,0.003913588771301324
100,20,1002123,0.5,0.002,0.02,0.2,0.5,300,10,0.001,25,25,minibatch,25,0.04205893636385598,0.0008844770640294434,0.009399325352269283,0.009399325352269283,0.00391318128151652
100,20,1002123,0.5,0.002,0.02,0.2,0.5,300,10,0.001,25,25,minibatch,50,0.04205731611569359,0.00088440891942769,0.009398824399505123,0.009398824399505123,0.003912901426047721
100,20,1002123,0.5,0.002,0.02,0.2,0.5,300,10,0.001,25,25,minibatch,75,0.042056193509658876,0.0008843617062609367,0.009398457438557495,0.009398457438557495,0.003912747644525205
100,20,1002123,0.5,0.002,0.02,0.2,0.5,300,10,0.001,25,25,minibatch,100,0.042055245231491206,0.000884321825740432,0.009398132509244095,0.009398132509244095,0.0039126132689703
100,20,1002123,0.5,0.002,0.02,0.2,0.5,300,10,0.001,25,25,minibatch,125,0.042054416425261816,0.0008842869704346654,0.009397877098245966,0.009397877098245966,0.003912493552804208
100,20,1002123,0.5,0.002,0.02,0.2,0.5,300,10,0.001,25,25,minibatch,150,0.04205365356405091,0.0008842548890426057,0.009397630502677168,0.009397630502677168,0.003912372662913555
100,20,1002123,0.5,0.002,0.02,0.2,0.5,300,10,0.001,25,25,minibatch,175,0.04205296279221951,0.0008842258398018993,0.009397398284944403,0.009397398284944403,0.003912285033744745
100,20,1002123,0.5,0.002,0.02,0.2,0.5,300,10,0.001,25,25,minibatch,200,0.04205231930738398,0.0008841987795650896,0.009397193021214001,0.009397193021214001,0.003912189143067124
100,20,1002123,0.5,0.002,0.02,0.2,0.5,300,10,0.001,25,25,minibatch,225,0.04205170354108855,0.0008841728853537997,0.009396988442139875,0.009396988442139875,0.003912097639164003
100,20,1002123,0.5,0.002,0.02,0.2,0.5,300,10,0.001,25,25,minibatch,250,0.04205110439532914,0.000884147690433435,0.009396784543796444,0.009396784543796444,0.003912006403406831
100,20,1002123,0.5,0.002,0.02,0.2,0.5,300,10,0.001,25,25,minibatch,275,0.042050536270725254,0.00088412380032779,0.009396604586309365,0.009396604586309365,0.003911923653243887
100,20,1002123,0.5,0.002,0.02,0.2,0.5,300,10,0.001,25,25,minibatch,300,0.042050035576460615,0.0008841027459908017,0.009396423660174291,0.009396423660174291,0.003911856781585565
30,20,302123,0.5,0.002,0.005,0.01,0.5,300,6,0.001,25,25,full_batch,0,0.07114650676937564,0.0025309127127424074,0.014194061668509617,0.013391379516060287,0.014194061668509617
30,20,302123,0.5,0.002,0.005,0.01,0.5,300,6,0.001,25,25,full_batch,25,0.07114559412352013,0.002530847781594331,0.014193799333653168,0.0133910810501231,0.014193799333653168
30,20,302123,0.5,0.002,0.005,0.01,0.5,300,6,0.001,25,25,full_batch,50,0.07114515963091286,0.0025308168694540365,0.014193674441274173,0.013390938953956488,0.014193674441274173
30,20,302123,0.5,0.002,0.005,0.01,0.5,300,6,0.001,25,25,full_batch,75,0.0711448252439515,0.0025307930794962,0.014193578323699052,0.013390829595198217,0.014193578323699052
30,20,302123,0.5,0.002,0.005,0.01,0.5,300,6,0.001,25,25,full_batch,100,0.07114454300840131,0.002530772999937132,0.014193497196752447,0.013390737291442079,0.014193497196752447
30,20,302123,0.5,0.002,0.005,0.01,0.5,300,6,0.001,25,25,full_batch,125,0.07114429419379141,0.002530755298166371,0.014193425676466531,0.013390655917289163,0.014193425676466531
30,20,302123,0.5,0.002,0.005,0.01,0.5,300,6,0.001,25,25,full_batch,150,0.07114406915712852,0.002530739288117143,0.014193360991016979,0.013390582319204869,0.014193360991016979
30,20,302123,0.5,0.002,0.005,0.01,0.5,300,6,0.001,25,25,full_batch,175,0.07114386215704226,0.0025307245613101145,0.014193301490079469,0.013390514619596838,0.014193301490079469
30,20,302123,0.5,0.002,0.005,0.01,0.5,300,6,0.001,25,25,full_batch,200,0.07114366944705386,0.0025307108511958324,0.0141932460967501,0.013390451593259467,0.0141932460967501
30,20,302123,0.5,0.002,0.005,0.01,0.5,300,6,0.001,25,25,full_batch,225,0.07114348842202638,0.0025306979724275007,0.014193194062196546,0.013390392388238415,0.014193194062196546
30,20,302123,0.5,0.002,0.005,0.01,0.5,300,6,0.001,25,25,full_batch,250,0.07114331718362206,0.002530685789944727,0.014193144840752236,0.013390336383722834,0.014193144840752236
30,20,302123,0.5,0.002,0.005,0.01,0.5,300,6,0.001,25,25,full_batch,275,0.07114315429783101,0.0025306742017224956,0.014193098020219563,0.013390283110750745,0.014193098020219563
30,20,302123,0.5,0.002,0.005,0.01,0.5,300,6,0.001,25,25,full_batch,300,0.07114299864999653,0.002530663128456704,0.014193053280196655,0.013390232204797459,0.014193053280196655
30,20,302123,0.5,0.002,0.005,0.01,0.5,300,6,0.001,25,25,minibatch,0,0.07114650676937564,0.0025309127127424074,0.014194061668509617,0.013391379516060287,0.014194061668509617
30,20,302123,0.5,0.002,0.005,0.01,0.5,300,6,0.001,25,25,minibatch,25,0.07114558785129664,0.002530847335353284,0.01419375970451403,0.013391064940593,0.01419375970451403
30,20,302123,0.5,0.002,0.005,0.01,0.5,300,6,0.001,25,25,minibatch,50,0.07114508504815195,0.002530811563254387,0.014193621386122235,0.013390883945109455,0.014193621386122235
30,20,302123,0.5,0.002,0.005,0.01,0.5,300,6,0.001,25,25,minibatch,75,0.07114477185758643,0.002530789281334011,0.014193545152319187,0.013390760195180429,0.014193545152319187
30,20,302123,0.5,0.002,0.005,0.01,0.5,300,6,0.001,25,25,minibatch,100,0.07114446939297311,0.002530767762603844,0.014193443215621271,0.01339066901632413,0.014193443215621271
30,20,302123,0.5,0.002,0.005,0.01,0.5,300,6,0.001,25,25,minibatch,125,0.07114422238469752,0.0025307501893616475,0.014193374565719508,0.013390584733593447,0.014193374565719508
30,20,302123,0.5,0.002,0.005,0.01,0.5,300,6,0.001,25,25,minibatch,150,0.07114398694206535,0.0025307334390063823,0.014193301399937186,0.013390504720346197,0.014193301399937186
30,20,302123,0.5,0.002,0.005,0.01,0.5,300,6,0.001,25,25,minibatch,175,0.07114378473954473,0.002530719053533339,0.01419323997808647,0.01339043204144702,0.01419323997808647
30,20,302123,0.5,0.002,0.005,0.01,0.5,300,6,0.001,25,25,minibatch,200,0.07114358488115348,0.002530704834870945,0.014193180690014184,0.013390367840169504,0.014193180690014184
30,20,302123,0.5,0.002,0.005,0.01,0.5,300,6,0.001,25,25,minibatch,225,0.07114340449766773,0.002530692001759385,0.01419313895559876,0.013390313666914344,0.01419313895559876
30,20,302123,0.5,0.002,0.005,0.01,0.5,300,6,0.001,25,25,minibatch,250,0.0711432450592288,0.002530680658778741,0.01419309287152648,0.013390267273096501,0.01419309287152648
30,20,302123,0.5,0.002,0.005,0.01,0.5,300,6,0.001,25,25,minibatch,275,0.07114307805038406,0.0025306687772415188,0.01419304746296668,0.013390212153934267,0.01419304746296668
30,20,302123,0.5,0.002,0.005,0.01,0.5,300,6,0.001,25,25,minibatch,300,0.07114292456988378,0.0025306578581780863,0.014193001584856535,0.013390163716367531,0.014193001584856535
100,20,1002123,0.5,0.002,0.005,0.01,0.5,300,10,0.001,25,25,full_batch,0,0.04301046529311982,0.0009249500623653322,0.00940034226682579,0.00940034226682579,0.003913588771301324
100,20,1002123,0.5,0.002,0.005,0.01,0.5,300,10,0.001,25,25,full_batch,25,0.0430102409642412,0.0009249404139010459,0.009400280132096983,0.009400280132096983,0.003913560001591598
100,20,1002123,0.5,0.002,0.005,0.01,0.5,300,10,0.001,25,25,full_batch,50,0.043010134165787056,0.0009249358204795015,0.00940025055089988,0.00940025055089988,0.003913546304915139
100,20,1002123,0.5,0.002,0.005,0.01,0.5,300,10,0.001,25,25,full_batch,75,0.043010051973376685,0.0009249322853762819,0.00940022778507571,0.00940022778507571,0.003913535763912734
100,20,1002123,0.5,0.002,0.005,0.01,0.5,300,10,0.001,25,25,full_batch,100,0.04300998259982287,0.0009249293016185329,0.009400208569813273,0.009400208569813273,0.00391352686690194
100,20,1002123,0.5,0.002,0.005,0.01,0.5,300,10,0.001,25,25,full_batch,125,0.043009921441162065,0.0009249266711874661,0.009400191629908905,0.009400191629908905,0.0039135190234342865
100,20,1002123,0.5,0.002,0.005,0.01,0.5,300,10,0.001,25,25,full_batch,150,0.043009866127138724,0.0009249242921371975,0.009400176308849928,0.009400176308849928,0.0039135119295292675
100,20,1002123,0.5,0.002,0.005,0.01,0.5,300,10,0.001,25,25,full_batch,175,0.043009815246519846,0.0009249221037698855,0.009400162215753682,0.009400162215753682,0.003913505404198991
100,20,1002123,0.5,0.002,0.005,0.01,0.5,300,10,0.001,25,25,full_batch,200,0.04300976787841796,0.0009249200664776967,0.009400149095552868,0.009400149095552868,0.0039134993293415965
100,20,1002123,0.5,0.002,0.005,0.01,0.5,300,10,0.001,25,25,full_batch,225,0.0430097233824883,0.0009249181527190803,0.00940013677088547,0.00940013677088547,0.003913493622834885
100,20,1002123,0.5,0.002,0.005,0.01,0.5,300,10,0.001,25,25,full_batch,250,0.043009681292118254,0.0009249163424247935,0.009400125112508761,0.009400125112508761,0.003913488224835726
100,20,1002123,0.5,0.002,0.005,0.01,0.5,300,10,0.001,25,25,full_batch,275,0.043009641254826966,0.0009249146204344568,0.009400114022793393,0.009400114022793393,0.0039134830901399464
100,20,1002123,0.5,0.002,0.005,0.01,0.5,300,10,0.001,25,25,full_batch,300,0.04300960299663104,0.000924912974963907,0.009400103425850848,0.009400103425850848,0.00391347818360932
100,20,1002123,0.5,0.002,0.005,0.01,0.5,300,10,0.001,25,25,minibatch,0,0.04301046529311982,0.0009249500623653322,0.00940034226682579,0.00940034226682579,0.003913588771301324
100,20,1002123,0.5,0.002,0.005,0.01,0.5,300,10,0.001,25,25,minibatch,25,0.0430102385292216,0.0009249403091702692,0.009400276588898915,0.009400276588898915,0.003913567560033249
100,20,1002123,0.5,0.002,0.005,0.01,0.5,300,10,0.001,25,25,minibatch,50,0.043010125060613,0.000924935428864785,0.009400247419876273,0.009400247419876273,0.003913550745687555
100,20,1002123,0.5,0.002,0.005,0.01,0.5,300,10,0.001,25,25,minibatch,75,0.043010042655132405,0.0009249318845981544,0.009400223879131642,0.009400223879131642,0.003913541817697208
100,20,1002123,0.5,0.002,0.005,0.01,0.5,300,10,0.001,25,25,minibatch,100,0.04300997713277624,0.0009249290664809675,0.009400204369063248,0.009400204369063248,0.003913534000973717
100,20,1002123,0.5,0.002,0.005,0.01,0.5,300,10,0.001,25,25,minibatch,125,0.04300991724697217,0.0009249264907956969,0.009400188804050857,0.009400188804050857,0.003913525744971391
100,20,1002123,0.5,0.002,0.005,0.01,0.5,300,10,0.001,25,25,minibatch,150,0.04300986436007161,0.0009249242161358792,0.009400174436804132,0.009400174436804132,0.003913518674459993
100,20,1002123,0.5,0.002,0.005,0.01,0.5,300,10,0.001,25,25,minibatch,175,0.04300981500967876,0.0009249220935833941,0.009400159418800569,0.009400159418800569,0.003913513831920179
100,20,1002123,0.5,0.002,0.005,0.01,0.5,300,10,0.001,25,25,minibatch,200,0.043009770385496617,0.0009249201743065709,0.00940014716144677,0.00940014716144677,0.003913508086183404
100,20,1002123,0.5,0.002,0.005,0.01,0.5,300,10,0.001,25,25,minibatch,225,0.04300972376602378,0.0009249181692148353,0.009400134295280804,0.009400134295280804,0.0039135023827651105
100,20,1002123,0.5,0.002,0.005,0.01,0.5,300,10,0.001,25,25,minibatch,250,0.04300968113812166,0.0009249163358014491,0.009400121311756604,0.009400121311756604,0.003913496894362933
100,20,1002123,0.5,0.002,0.005,0.01,0.5,300,10,0.001,25,25,minibatch,275,0.043009638214057115,0.000924914489652041,0.009400110016868246,0.009400110016868246,0.003913491675893499
100,20,1002123,0.5,0.002,0.005,0.01,0.5,300,10,0.001,25,25,minibatch,300,0.043009604957554064,0.0009249130593024296,0.009400099206186674,0.009400099206186674,0.003913488442754742
30,20,302123,0.5,0.002,0.005,0.05,0.5,300,6,0.001,25,25,full_batch,0,0.07114650676937564,0.0025309127127424074,0.014194061668509617,0.013391379516060287,0.014194061668509617
30,20,302123,0.5,0.002,0.005,0.05,0.5,300,6,0.001,25,25,full_batch,25,0.07114194369937965,0.002530588076662852,0.01419275004007814,0.013389887169170889,0.01419275004007814
30,20,302123,0.5,0.002,0.005,0.05,0.5,300,6,0.001,25,25,full_batch,50,0.07113977143134578,0.002530433539652061,0.014192125635225594,0.013389176670143721,0.014192125635225594
30,20,302123,0.5,0.002,0.005,0.05,0.5,300,6,0.001,25,25,full_batch,75,0.07113809969824497,0.0025303146143387206,0.014191645106421735,0.013388629857743806,0.014191645106421735
30,20,302123,0.5,0.002,0.005,0.05,0.5,300,6,0.001,25,25,full_batch,100,0.07113668872562795,0.0025302142414234414,0.014191239531794464,0.013388168320120464,0.014191239531794464
30,20,302123,0.5,0.002,0.005,0.05,0.5,300,6,0.001,25,25,full_batch,125,0.07113544485989093,0.0025301257577072913,0.014190881991123394,0.013387761430355305,0.014190881991123394
30,20,302123,0.5,0.002,0.005,0.05,0.5,300,6,0.001,25,25,full_batch,150,0.07113431988542553,0.002530045732781023,0.014190558625095162,0.013387393420816074,0.014190558625095162
30,20,302123,0.5,0.002,0.005,0.05,0.5,300,6,0.001,25,25,full_batch,175,0.07113328509500277,0.002529972124203472,0.014190261181973696,0.013387054903567674,0.014190261181973696
30,20,302123,0.5,0.002,0.005,0.05,0.5,300,6,0.001,25,25,full_batch,200,0.07113232175598663,0.002529903599198605,0.01418998427716589,0.013386739752599741,0.01418998427716589
30,20,302123,0.5,0.002,0.005,0.05,0.5,300,6,0.001,25,25,full_batch,225,0.07113141684252014,0.002529839231012179,0.014189724166459583,0.013386443708152174,0.014189724166459583
30,20,302123,0.5,0.002,0.005,0.05,0.5,300,6,0.001,25,25,full_batch,250,0.07113056086279132,0.00252977834432763,0.014189478121486743,0.013386163666180395,0.014189478121486743
30,20,302123,0.5,0.002,0.005,0.05,0.5,300,6,0.001,25,25,full_batch,275,0.07112974664665933,0.002529720429008972,0.014189244081228791,0.013385897281880499,0.014189244081228791
30,20,302123,0.5,0.002,0.005,0.05,0.5,300,6,0.001,25,25,full_batch,300,0.07112896862076876,0.002529665088527153,0.01418902044365572,0.013385642732634706,0.01418902044365572
30,20,302123,0.5,0.002,0.005,0.05,0.5,300,6,0.001,25,25,minibatch,0,0.07114650676937564,0.0025309127127424074,0.014194061668509617,0.013391379516060287,0.014194061668509617
30,20,302123,0.5,0.002,0.005,0.05,0.5,300,6,0.001,25,25,minibatch,25,0.07114191229792546,0.002530585842702859,0.014192551884000926,0.013389806594479914,0.014192551884000926
30,20,302123,0.5,0.002,0.005,0.05,0.5,300,6,0.001,25,25,minibatch,50,0.0711393984377404,0.002530407005041791,0.014191860363511166,0.01338890154655703,0.014191860363511166
30,20,302123,0.5,0.002,0.005,0.05,0.5,300,6,0.001,25,25,minibatch,75,0.07113783265075622,0.002530295617123499,0.014191479259142437,0.013388282762003434,0.014191479259142437
30,20,302123,0.5,0.002,0.005,0.05,0.5,300,6,0.001,25,25,minibatch,100,0.07113632054604986,0.0025301880504151777,0.014190969622795702,0.013387826883240916,0.014190969622795702
30,20,302123,0.5,0.002,0.005,0.05,0.5,300,6,0.001,25,25,minibatch,125,0.07113508573294468,0.002530100211116695,0.014190626451475341,0.013387405457397972,0.014190626451475341
30,20,302123,0.5,0.002,0.005,0.05,0.5,300,6,0.001,25,25,minibatch,150,0.07113390872210533,0.0025300164850424064,0.014190260692951873,0.013387005347882397,0.014190260692951873
30,20,302123,0.5,0.002,0.005,0.05,0.5,300,6,0.001,25,25,minibatch,175,0.0711328979556079,0.0025299445857814634,0.014189953660657506,0.013386641946864786,0.014189953660657506
30,20,302123,0.5,0.002,0.005,0.05,0.5,300,6,0.001,25,25,minibatch,200,0.07113189892417703,0.0025298735222796685,0.01418965729051136,0.01338632093986103,0.01418965729051136
30,20,302123,0.5,0.002,0.005,0.05,0.5,300,6,0.001,25,25,minibatch,225,0.07113099722315035,0.0025298093829799113,0.014189448707120578,0.013386050058301568,0.014189448707120578
30,20,302123,0.5,0.002,0.005,0.05,0.5,300,6,0.001,25,25,minibatch,250,0.0711302002214939,0.0025297526917749053,0.014189218356874977,0.013385818074408307,0.014189218356874977
30,20,302123,0.5,0.002,0.005,0.05,0.5,300,6,0.001,25,25,minibatch,275,0.07112936534982758,0.0025296933075346266,0.014188991376078375,0.013385542451562926,0.014188991376078375
30,20,302123,0.5,0.002,0.005,0.05,0.5,300,6,0.001,25,25,minibatch,300,0.07112859821738308,0.002529638742184956,0.01418876206179609,0.01338530026411805,0.01418876206179609
100,20,1002123,0.5,0.002,0.005,0.05,0.5,300,10,0.001,25,25,full_batch,0,0.04301046529311982,0.0009249500623653322,0.00940034226682579,0.00940034226682579,0.003913588771301324
100,20,1002123,0.5,0.002,0.005,0.05,0.5,300,10,0.001,25,25,full_batch,25,0.04300934369067223,0.0009249018223511837,0.009400031601776604,0.009400031601776604,0.003913444928181797
100,20,1002123,0.5,0.002,0.005,0.05,0.5,300,10,0.001,25,25,full_batch,50,0.04300880974924976,0.0009248788580235806,0.009399883706319834,0.009399883706319834,0.003913376451382122
100,20,1002123,0.5,0.002,0.005,0.05,0.5,300,10,0.001,25,25,full_batch,75,0.043008398839757406,0.0009248611853798231,0.009399769888088827,0.009399769888088827,0.003913323753173881
100,20,1002123,0.5,0.002,0.005,0.05,0.5,300,10,0.001,25,25,full_batch,100,0.043008052025426555,0.0009248462695108986,0.009399673822853116,0.009399673822853116,0.003913279275038373
100,20,1002123,0.5,0.002,0.005,0.05,0.5,300,10,0.001,25,25,full_batch,125,0.0430077462861188,0.0009248331203055828,0.009399589134524378,0.009399589134524378,0.003913240064690071
100,20,1002123,0.5,0.002,0.005,0.05,0.5,300,10,0.001,25,25,full_batch,150,0.04300746977039426,0.0009248212280256881,0.009399512540506305,0.009399512540506305,0.003913204602206011
100,20,1002123,0.5,0.002,0.005,0.05,0.5,300,10,0.001,25,25,full_batch,175,0.043007215421990035,0.0009248102891767288,0.009399442086363952,0.009399442086363952,0.0039131719826352995
100,20,1002123,0.5,0.002,0.005,0.05,0.5,300,10,0.001,25,25,full_batch,200,0.04300697863640734,0.0009248001057161985,0.00939937649674949,0.00939937649674949,0.003913141615460081
100,20,1002123,0.5,0.002,0.005,0.05,0.5,300,10,0.001,25,25,full_batch,225,0.04300675621187865,0.0009247905399339813,0.00939931488484147,0.00939931488484147,0.003913113090060594
100,20,1002123,0.5,0.002,0.005,0.05,0.5,300,10,0.001,25,25,full_batch,250,0.04300654581530772,0.0009247814914820809,0.00939925660442148,0.00939925660442148,0.0039130861072217415
100,20,1002123,0.5,0.002,0.005,0.05,0.5,300,10,0.001,25,25,full_batch,275,0.04300634568426783,0.0009247728845573712,0.009399201167335114,0.009399201167335114,0.003913060440916216
100,20,1002123,0.5,0.002,0.005,0.05,0.5,300,10,0.001,25,25,full_batch,300,0.0430061544488228,0.0009247646602380007,0.009399148194139173,0.009399148194139173,0.003913035915452556
100,20,1002123,0.5,0.002,0.005,0.05,0.5,300,10,0.001,25,25,minibatch,0,0.04301046529311982,0.0009249500623653322,0.00940034226682579,0.00940034226682579,0.003913588771301324
100,20,1002123,0.5,0.002,0.005,0.05,0.5,300,10,0.001,25,25,minibatch,25,0.043009331519336995,0.0009249012988701173,0.009400013886297853,0.009400013886297853,0.003913482721438877
100,20,1002123,0.5,0.002,0.005,0.05,0.5,300,10,0.001,25,25,minibatch,50,0.04300876422933774,0.0009248769002673809,0.00939986805047277,0.00939986805047277,0.003913398657347633
100,20,1002123,0.5,0.002,0.005,0.05,0.5,300,10,0.001,25,25,minibatch,75,0.04300835225134472,0.0009248591816878744,0.009399750355315262,0.009399750355315262,0.003913354024670301
100,20,1002123,0.5,0.002,0.005,0.05,0.5,300,10,0.001,25,25,minibatch,100,0.04300802469348502,0.0009248450940177085,0.00939965281815558,0.00939965281815558,0.0039133149477468265
100,20,1002123,0.5,0.002,0.005,0.05,0.5,300,10,0.001,25,25,minibatch,125,0.04300772531643888,0.0009248322184471289,0.009399575002892457,0.009399575002892457,0.003913273673944007
100,20,1002123,0.5,0.002,0.005,0.05,0.5,300,10,0.001,25,25,minibatch,150,0.043007460937523494,0.0009248208481463046,0.009399503179456814,0.009399503179456814,0.003913238328427604
100,20,1002123,0.5,0.002,0.005,0.05,0.5,300,10,0.001,25,25,minibatch,175,0.043007214238922856,0.0009248102382963044,0.009399428101407703,0.009399428101407703,0.003913214122720388
100,20,1002123,0.5,0.002,0.005,0.05,0.5,300,10,0.001,25,25,minibatch,200,0.04300699116946432,0.0009248006447251909,0.009399366824433819,0.009399366824433819,0.003913185401264618
100,20,1002123,0.5,0.002,0.005,0.05,0.5,300,10,0.001,25,25,minibatch,225,0.0430067581321534,0.0009247906225187712,0.009399302504720097,0.009399302504720097,0.003913156893015968
100,20,1002123,0.5,0.002,0.005,0.05,0.5,300,10,0.001,25,25,minibatch,250,0.04300654505072691,0.0009247814586001016,0.00939923759826261,0.00939923759826261,0.003913129457238096
100,20,1002123,0.5,0.002,0.005,0.05,0.5,300,10,0.001,25,25,minibatch,275,0.04300633048988306,0.0009247722311025227,0.009399181134478629,0.009399181134478629,0.003913103372984783
100,20,1002123,0.5,0.002,0.005,0.05,0.5,300,10,0.001,25,25,minibatch,300,0.04300616425824211,0.0009247650821034505,0.009399127089944725,0.009399127089944725,0.003913087214440059
30,20,302123,0.5,0.002,0.005,0.2,0.5,300,6,0.001,25,25,full_batch,0,0.07114650676937564,0.0025309127127424074,0.014194061668509617,0.013391379516060287,0.014194061668509617
30,20,302123,0.5,0.002,0.005,0.2,0.5,300,6,0.001,25,25,full_batch,25,0.07112825687817743,0.002529614463263998,0.01418881584243653,0.013385409869963727,0.01418881584243653
30,20,302123,0.5,0.002,0.005,0.2,0.5,300,6,0.001,25,25,full_batch,50,0.07111957072992546,0.002528996670404435,0.014186319078367593,0.013382567599850681,0.014186319078367593
30,20,302123,0.5,0.002,0.005,0.2,0.5,300,6,0.001,25,25,full_batch,75,0.07111288682146687,0.002528521336041378,0.01418439784883141,0.013380380069616282,0.01418439784883141
30,20,302123,0.5,0.002,0.005,0.2,0.5,300,6,0.001,25,25,full_batch,100,0.07110724600601939,0.0025281202172802806,0.01418277645140098,0.01337853363462671,0.01418277645140098
30,20,302123,0.5,0.002,0.005,0.2,0.5,300,6,0.001,25,25,full_batch,125,0.07110227365041008,0.0025277666591288998,0.014181347199513639,0.0133769057884075,0.014181347199513639
30,20,302123,0.5,0.002,0.005,0.2,0.5,300,6,0.001,25,25,full_batch,150,0.0710977768826626,0.002527446938828436,0.01418005465303307,0.013375433461088715,0.01418005465303307
30,20,302123,0.5,0.002,0.005,0.2,0.5,300,6,0.001,25,25,full_batch,175,0.071093640868224,0.002527152885950005,0.014178865803317675,0.013374079101336422,0.014178865803317675
30,20,302123,0.5,0.002,0.005,0.2,0.5,300,6,0.001,25,25,full_batch,200,0.07108979067289592,0.00252687916895808,0.014177759110894028,0.013372818205385328,0.014177759110894028
30,20,302123,0.5,0.002,0.005,0.2,0.5,300,6,0.001,25,25,full_batch,225,0.07108617419072473,0.0025266220805370294,0.01417671959815997,0.013371633734393651,0.01417671959815997
30,20,302123,0.5,0.002,0.005,0.2,0.5,300,6,0.001,25,25,full_batch,250,0.07108275345262796,0.0025263789192035463,0.014175736351087875,0.013370513272330131,0.014175736351087875
30,20,302123,0.5,0.002,0.005,0.2,0.5,300,6,0.001,25,25,full_batch,275,0.07107949977666349,0.0025261476442503526,0.014174801125194869,0.013369447440093274,0.014174801125194869
30,20,302123,0.5,0.002,0.005,0.2,0.5,300,6,0.001,25,25,full_batch,300,0.07107639086834101,0.002525926669434595,0.014173907512039063,0.01336842894730339,0.014173907512039063
30,20,302123,0.5,0.002,0.005,0.2,0.5,300,6,0.001,25,25,minibatch,0,0.07114650676937564,0.0025309127127424074,0.014194061668509617,0.013391379516060287,0.014194061668509617
30,20,302123,0.5,0.002,0.005,0.2,0.5,300,6,0.001,25,25,minibatch,25,0.07112813066739161,0.0025296054861187675,0.014188023062160271,0.013385087165541432,0.014188023062160271
30,20,302123,0.5,0.002,0.005,0.2,0.5,300,6,0.001,25,25,minibatch,50,0.07111807755887936,0.00252889047783539,0.014185258051793492,0.013381465914123591,0.014185258051793492
30,20,302123,0.5,0.002,0.005,0.2,0.5,300,6,0.001,25,25,minibatch,75,0.07111181689721834,0.0025284452512117535,0.014183734603002818,0.013378990250440925,0.014183734603002818
30,20,302123,0.5,0.002,0.005,0.2,0.5,300,6,0.001,25,25,minibatch,100,0.0711057717518807,0.0025280153882152774,0.014181696763710672,0.013377166966669796,0.014181696763710672
30,20,302123,0.5,0.002,0.005,0.2,0.5,300,6,0.001,25,25,minibatch,125,0.07110083592286791,0.0025276644344652916,0.014180325250136072,0.013375481078977014,0.014180325250136072
30,20,302123,0.5,0.002,0.005,0.2,0.5,300,6,0.001,25,25,minibatch,150,0.07109613091391549,0.002527329915464305,0.01417886327156015,0.013373879989800996,0.01417886327156015
30,20,302123,0.5,0.002,0.005,0.2,0.5,300,6,0.001,25,25,minibatch,175,0.07109209153630353,0.0025270427395030796,0.014177636295258478,0.013372426287038552,0.014177636295258478
30,20,302123,0.5,0.002,0.005,0.2,0.5,300,6,0.001,25,25,minibatch,200,0.07108809931691402,0.002526758932245716,0.014176451866546425,0.013371142248210621,0.014176451866546425
30,20,302123,0.5,0.002,0.005,0.2,0.5,300,6,0.001,25,25,minibatch,225,0.07108449575627089,0.002526502768461647,0.014175618862080075,0.013370058489955594,0.014175618862080075
30,20,302123,0.5,0.002,0.005,0.2,0.5,300,6,0.001,25,25,minibatch,250,0.0710813106028792,0.0025262763585114935,0.014174698510981687,0.013369130329669687,0.014174698510981687
30,20,302123,0.5,0.002,0.005,0.2,0.5,300,6,0.001,25,25,minibatch,275,0.0710779737037677,0.0025260391729167463,0.014173791516364442,0.01336802742960802,0.014173791516364442
30,20,302123,0.5,0.002,0.005,0.2,0.5,300,6,0.001,25,25,minibatch,300,0.07107490922112145,0.002525821360395327,0.014172875402061247,0.013367058683077526,0.014172875402061247
100,20,1002123,0.5,0.002,0.005,0.2,0.5,300,10,0.001,25,25,full_batch,0,0.04301046529311982,0.0009249500623653322,0.00940034226682579,0.00940034226682579,0.003913588771301324
100,20,1002123,0.5,0.002,0.005,0.2,0.5,300,10,0.001,25,25,full_batch,25,0.043005979512376606,0.0009247571369094782,0.009399099735521832,0.009399099735521832,0.003913013480227656
100,20,1002123,0.5,0.002,0.005,0.2,0.5,300,10,0.001,25,25,full_batch,50,0.04300384450914976,0.0009246653212835652,0.00939850831155925,0.00939850831155925,0.00391273967173178
100,20,1002123,0.5,0.002,0.005,0.2,0.5,300,10,0.001,25,25,full_batch,75,0.04300220165917979,0.0009245946737683826,0.009398053201914225,0.009398053201914225,0.003912528980912322
100,20,1002123,0.5,0.002,0.005,0.2,0.5,300,10,0.001,25,25,full_batch,100,0.04300081520294849,0.000924535054059063,0.009397669107015005,0.009397669107015005,0.003912351172079109
100,20,1002123,0.5,0.002,0.005,0.2,0.5,300,10,0.001,25,25,full_batch,125,0.042999593055114076,0.0009244825014527073,0.009397330521493608,0.009397330521493608,0.0039121944354707505
100,20,1002123,0.5,0.002,0.005,0.2,0.5,300,10,0.001,25,25,full_batch,150,0.04299848780747578,0.0009244349768648218,0.009397024314448,0.009397024314448,0.003912052691079859
100,20,1002123,0.5,0.002,0.005,0.2,0.5,300,10,0.001,25,25,full_batch,175,0.042997471233537796,0.0009243912662394552,0.009396742667834579,0.009396742667834579,0.003911922318914018
100,20,1002123,0.5,0.002,0.005,0.2,0.5,300,10,0.001,25,25,full_batch,200,0.0429965249143662,0.0009243505773558568,0.009396480480063418,0.009396480480063418,0.00391180095678223
100,20,1002123,0.5,0.002,0.005,0.2,0.5,300,10,0.001,25,25,full_batch,225,0.042995636042242165,0.0009243123593384768,0.009396234203711551,0.009396234203711551,0.003911686962120076
100,20,1002123,0.5,0.002,0.005,0.2,0.5,300,10,0.001,25,25,full_batch,250,0.04299479528430959,0.0009242762107698452,0.009396001253808406,0.009396001253808406,0.003911579138006771
100,20,1002123,0.5,0.002,0.005,0.2,0.5,300,10,0.001,25,25,full_batch,275,0.042993995590504805,0.0009242418284181733,0.009395779677659866,0.009395779677659866,0.003911476580286566
100,20,1002123,0.5,0.002,0.005,0.2,0.5,300,10,0.001,25,25,full_batch,300,0.0429932314808092,0.0009242089765812215,0.009395567957435458,0.009395567957435458,0.003911378586156977
100,20,1002123,0.5,0.002,0.005,0.2,0.5,300,10,0.001,25,25,minibatch,0,0.04301046529311982,0.0009249500623653322,0.00940034226682579,0.00940034226682579,0.003913588771301324
100,20,1002123,0.5,0.002,0.005,0.2,0.5,300,10,0.001,25,25,minibatch,25,0.04300593088346413,0.000924755045576647,0.009399028881280747,0.009399028881280747,0.003913164668978064
100,20,1002123,0.5,0.002,0.005,0.2,0.5,300,10,0.001,25,25,minibatch,50,0.04300366251880203,0.0009246574950155091,0.009398445677243183,0.009398445677243183,0.003912828527134371
100,20,1002123,0.5,0.002,0.005,0.2,0.5,300,10,0.001,25,25,minibatch,75,0.04300201534762041,0.0009245866619784906,0.00939797502502826,0.00939797502502826,0.003912650105498461
100,20,1002123,0.5,0.002,0.005,0.2,0.5,300,10,0.001,25,25,minibatch,100,0.04300070592445297,0.0009245303550006425,0.009397585074018333,0.009397585074018333,0.003912493898148073
100,20,1002123,0.5,0.002,0.005,0.2,0.5,300,10,0.001,25,25,minibatch,125,0.042999509195338015,0.0009244788955199792,0.009397273959872776,0.009397273959872776,0.003912328895996908
100,20,1002123,0.5,0.002,0.005,0.2,0.5,300,10,0.001,25,25,minibatch,150,0.04299845251282775,0.0009244334592489516,0.009396986857931,0.009396986857931,0.003912187619440788
100,20,1002123,0.5,0.002,0.005,0.2,0.5,300,10,0.001,25,25,minibatch,175,0.0429974665182401,0.0009243910634935893,0.009396686725107739,0.009396686725107739,0.003912090901397103
100,20,1002123,0.5,0.002,0.005,0.2,0.5,300,10,0.001,25,25,minibatch,200,0.04299657501149258,0.000924352731359454,0.009396441764003893,0.009396441764003893,0.003911976123906369
100,20,1002123,0.5,0.002,0.005,0.2,0.5,300,10,0.001,25,25,minibatch,225,0.042995643762100286,0.0009243126912587167,0.009396184651685902,0.009396184651685902,0.003911862223418328
100,20,1002123,0.5,0.002,0.005,0.2,0.5,300,10,0.001,25,25,minibatch,250,0.042994792306812954,0.0009242760827529912,0.009395925193143195,0.009395925193143195,0.003911752573687588
100,20,1002123,0.5,0.002,0.005,0.2,0.5,300,10,0.001,25,25,minibatch,275,0.042993934954817827,0.000924239221449553,0.009395699497715015,0.009395699497715015,0.0039116483579884065
100,20,1002123,0.5,0.002,0.005,0.2,0.5,300,10,0.001,25,25,minibatch,300,0.04299327079050351,0.0009242106666327812,0.009395483452559084,0.009395483452559084,0.003911583830942145
