,sample,gamma,x,y,in_sample_payoff1,in_sample_payoff2,oos_mean1,oos_std1,oos_min1,oos_mean2,oos_std2,oos_min2
0,0,0.0,[0. 1.],[0. 1.],0.7999999463554921,0.7999999463554921,0.7634999488030225,0.4249326132268863,0.0,0.7634999488030225,0.4249326132268863,0.0
1,0,0.1,[0. 1.],[0. 1.],0.7999999941005648,0.7999999941005648,0.7634999943697267,0.42493263858743613,0.0,0.7634999943697267,0.42493263858743613,0.0
2,0,0.2,[0. 1.],[0. 1.],0.7999999939751951,0.7999999939751951,0.7634999942500768,0.42493263852084406,0.0,0.7634999942500768,0.42493263852084406,0.0
3,0,0.30000000000000004,[0. 1.],[0. 1.],0.7999999937679967,0.7999999937679967,0.763499994052332,0.4249326384107874,0.0,0.763499994052332,0.4249326384107874,0.0
4,0,0.4,[0. 1.],[0. 1.],0.7999999934765615,0.7999999934765615,0.7634999937741932,0.4249326382559869,0.0,0.7634999937741932,0.4249326382559869,0.0
5,0,0.5,[0. 1.],[0. 1.],0.7999999930975783,0.7999999930975783,0.7634999934125012,0.424932638054684,0.0,0.7634999934125012,0.424932638054684,0.0
6,0,0.6000000000000001,[0. 1.],[0. 1.],0.7999999926268611,0.7999999926268611,0.7634999929632605,0.4249326378046551,0.0,0.7634999929632605,0.4249326378046551,0.0
7,0,0.7000000000000001,[0. 1.],[0. 1.],0.7999999920593854,0.7999999920593854,0.7634999924216758,0.42493263750323146,0.0,0.7634999924216758,0.42493263750323146,0.0
8,0,0.8,[0. 1.],[0. 1.],0.7999999702254604,0.7999999702254604,0.7634999715839236,0.4249326259057972,0.0,0.7634999715839236,0.4249326259057972,0.0
9,0,0.9,[0. 1.],[0. 1.],0.7999999675765941,0.7999999675765941,0.7634999690559118,0.42493262449881,0.0,0.7634999690559118,0.42493262449881,0.0
10,0,1.0,[0. 1.],[0. 1.],0.7999999645413535,0.7999999645413535,0.7634999661591543,0.42493262288659395,0.0,0.7634999661591543,0.42493262288659395,0.0
11,1,0.0,[0. 1.],[0. 1.],0.7999999954506269,0.7999999954506269,0.7634999956581918,0.42493263930454295,0.0,0.7634999956581918,0.42493263930454295,0.0
12,1,0.1,[0. 1.],[0. 1.],0.8000000083221388,0.8000000083221388,0.7635000079424409,0.42493264614144993,0.0,0.7635000079424409,0.42493264614144993,0.0
13,1,0.2,[0. 1.],[0. 1.],0.8000000084413996,0.8000000084413996,0.7635000080562607,0.42493264620479715,0.0,0.7635000080562607,0.42493264620479715,0.0
14,1,0.30000000000000004,[0. 1.],[0. 1.],0.8000000086461589,0.8000000086461589,0.7635000082516782,0.4249326463135584,0.0,0.7635000082516782,0.4249326463135584,0.0
15,1,0.4,[0. 1.],[0. 1.],0.8000000089375268,0.8000000089375268,0.7635000085297518,0.42493264646832285,0.0,0.7635000085297518,0.42493264646832285,0.0
16,1,0.5,[0. 1.],[0. 1.],0.7999999999999038,0.7999999999999038,0.7634999999999079,0.42493264172096334,0.0,0.7634999999999079,0.42493264172096334,0.0
17,1,0.6000000000000001,[0. 1.],[0. 1.],0.7999999960775577,0.7999999960775577,0.7634999962565192,0.4249326396375472,0.0,0.7634999962565192,0.4249326396375472,0.0
18,1,0.7000000000000001,[0. 1.],[0. 1.],0.7999999999999965,0.7999999999999965,0.763499999999997,0.42493264172101247,0.0,0.763499999999997,0.42493264172101247,0.0
19,1,0.8,[0. 1.],[0. 1.],0.7999999998659939,0.7999999998659939,0.7634999998721079,0.4249326416498349,0.0,0.7634999998721079,0.4249326416498349,0.0
20,1,0.9,[0.84 0.16],[0.84 0.16],2.1172881239970307,2.1172881239970316,1.9359360776464765,1.1547788236935066,0.02556901912612239,1.9359360776464776,1.154778823693507,0.02556901912612239
21,1,1.0,[0. 1.],[0. 1.],0.7999999999999999,0.7999999999999999,0.7635,0.42493264172101436,0.0,0.7635,0.42493264172101436,0.0
22,2,0.0,[0. 1.],[0. 1.],0.7999999954506269,0.7999999954506269,0.7634999956581918,0.42493263930454295,0.0,0.7634999956581918,0.42493263930454295,0.0
23,2,0.1,[0. 1.],[0. 1.],0.8000000083221388,0.8000000083221388,0.7635000079424409,0.42493264614144993,0.0,0.7635000079424409,0.42493264614144993,0.0
24,2,0.2,[0. 1.],[0. 1.],0.8000000084413996,0.8000000084413996,0.7635000080562607,0.42493264620479715,0.0,0.7635000080562607,0.42493264620479715,0.0
25,2,0.30000000000000004,[0. 1.],[0. 1.],0.8000000086461589,0.8000000086461589,0.7635000082516782,0.4249326463135584,0.0,0.7635000082516782,0.4249326463135584,0.0
26,2,0.4,[0. 1.],[0. 1.],0.8000000089375268,0.8000000089375268,0.7635000085297518,0.42493264646832285,0.0,0.7635000085297518,0.42493264646832285,0.0
27,2,0.5,[0. 1.],[0. 1.],0.7999999999999038,0.7999999999999038,0.7634999999999079,0.42493264172096334,0.0,0.7634999999999079,0.42493264172096334,0.0
28,2,0.6000000000000001,[0. 1.],[0. 1.],0.7999999960775577,0.7999999960775577,0.7634999962565192,0.4249326396375472,0.0,0.7634999962565192,0.4249326396375472,0.0
29,2,0.7000000000000001,[0. 1.],[0. 1.],0.7999999999999965,0.7999999999999965,0.763499999999997,0.42493264172101247,0.0,0.763499999999997,0.42493264172101247,0.0
30,2,0.8,[0. 1.],[0. 1.],0.7999999998659939,0.7999999998659939,0.7634999998721079,0.4249326416498349,0.0,0.7634999998721079,0.4249326416498349,0.0
31,2,0.9,[0.84 0.16],[0.84 0.16],2.1172881239970307,2.1172881239970316,1.9359360776464765,1.1547788236935066,0.02556901912612239,1.9359360776464776,1.154778823693507,0.02556901912612239
32,2,1.0,[0. 1.],[0. 1.],0.7999999999999999,0.7999999999999999,0.7635,0.42493264172101436,0.0,0.7635,0.42493264172101436,0.0
33,3,0.0,[0. 1.],[0. 1.],0.9999999430112164,0.9999999430112164,0.7634999564890637,0.42493261750462,0.0,0.7634999564890637,0.42493261750462,0.0
34,3,0.1,[0. 1.],[0. 1.],0.9999999651789485,0.9999999651789485,0.7634999734141272,0.42493262692441297,0.0,0.7634999734141272,0.42493262692441297,0.0
35,3,0.2,[0. 1.],[0. 1.],0.999999963324295,0.999999963324295,0.7634999719980993,0.4249326261363102,0.0,0.7634999719980993,0.4249326261363102,0.0
36,3,0.30000000000000004,[0. 1.],[0. 1.],1.0,1.0,0.7635,0.42493264172101447,0.0,0.7635,0.42493264172101447,0.0
37,3,0.4,[0. 1.],[0. 1.],0.9999999577013641,0.9999999577013641,0.7634999677049916,0.42493262374694324,0.0,0.7634999677049916,0.42493262374694324,0.0
38,3,0.5,[0. 1.],[0. 1.],1.0000000033245509,1.0000000033245509,0.7635000025382948,0.42493264313372453,0.0,0.7635000025382948,0.42493264313372453,0.0
39,3,0.6000000000000001,[0. 1.],[0. 1.],1.0,1.0,0.7635,0.42493264172101447,0.0,0.7635,0.42493264172101447,0.0
40,3,0.7000000000000001,[0. 1.],[0. 1.],1.0,1.0,0.7635,0.42493264172101447,0.0,0.7635,0.42493264172101447,0.0
41,3,0.8,[0. 1.],[0. 1.],1.0000000000000053,1.0000000000000053,0.763500000000004,0.42493264172101664,0.0,0.763500000000004,0.42493264172101664,0.0
42,3,0.9,[0. 1.],[0. 1.],1.0000000373435591,1.0000000373435591,0.7635000285118074,0.4249326575895116,0.0,0.7635000285118074,0.4249326575895116,0.0
43,3,1.0,[0. 1.],[0. 1.],1.0000000256305095,1.0000000256305095,0.7635000195688939,0.4249326526122546,0.0,0.7635000195688939,0.4249326526122546,0.0
44,4,0.0,[0. 1.],[0. 1.],0.8000000043211121,0.8000000043211121,0.7635000041239611,0.4249326440162413,0.0,0.7635000041239611,0.4249326440162413,0.0
45,4,0.1,[0. 1.],[0. 1.],0.8000000018817622,0.8000000018817622,0.7635000017959066,0.4249326427205421,0.0,0.7635000017959066,0.4249326427205421,0.0
46,4,0.2,[0. 1.],[0. 1.],0.8000000019080801,0.8000000019080801,0.763500001821024,0.4249326427345213,0.0,0.763500001821024,0.4249326427345213,0.0
47,4,0.30000000000000004,[0. 1.],[0. 1.],0.8000000019596886,0.8000000019596886,0.7635000018702777,0.4249326427619339,0.0,0.7635000018702777,0.4249326427619339,0.0
48,4,0.4,[0. 1.],[0. 1.],0.8000000020358968,0.8000000020358968,0.763500001943009,0.4249326428024132,0.0,0.763500001943009,0.4249326428024132,0.0
49,4,0.5,[0. 1.],[0. 1.],0.8000000021360066,0.8000000021360066,0.7635000020385513,0.424932642855588,0.0,0.7635000020385513,0.424932642855588,0.0
50,4,0.6000000000000001,[0. 1.],[0. 1.],0.8000000022592881,0.8000000022592881,0.7635000021562082,0.42493264292107097,0.0,0.7635000021562082,0.42493264292107097,0.0
51,4,0.7000000000000001,[0. 1.],[0. 1.],0.8000000024049537,0.8000000024049537,0.763500002295228,0.42493264299844363,0.0,0.763500002295228,0.42493264299844363,0.0
52,4,0.8,[0. 1.],[0. 1.],0.8000000025721382,0.8000000025721382,0.7635000024547842,0.4249326430872463,0.0,0.7635000024547842,0.4249326430872463,0.0
53,4,0.9,[0. 1.],[0. 1.],0.800000002759877,0.800000002759877,0.7635000026339578,0.42493264318696683,0.0,0.7635000026339578,0.42493264318696683,0.0
54,4,1.0,[0. 1.],[0. 1.],0.8000000029670897,0.8000000029670897,0.7635000028317165,0.424932643297031,0.0,0.7635000028317165,0.424932643297031,0.0
55,5,0.0,[0. 1.],[0. 1.],0.7999999954506269,0.7999999954506269,0.7634999956581918,0.42493263930454295,0.0,0.7634999956581918,0.42493263930454295,0.0
56,5,0.1,[0. 1.],[0. 1.],0.8000000083221388,0.8000000083221388,0.7635000079424409,0.42493264614144993,0.0,0.7635000079424409,0.42493264614144993,0.0
57,5,0.2,[0. 1.],[0. 1.],0.8000000084413996,0.8000000084413996,0.7635000080562607,0.42493264620479715,0.0,0.7635000080562607,0.42493264620479715,0.0
58,5,0.30000000000000004,[0. 1.],[0. 1.],0.8000000086461589,0.8000000086461589,0.7635000082516782,0.4249326463135584,0.0,0.7635000082516782,0.4249326463135584,0.0
59,5,0.4,[0. 1.],[0. 1.],0.8000000089375268,0.8000000089375268,0.7635000085297518,0.42493264646832285,0.0,0.7635000085297518,0.42493264646832285,0.0
60,5,0.5,[0. 1.],[0. 1.],0.7999999999999038,0.7999999999999038,0.7634999999999079,0.42493264172096334,0.0,0.7634999999999079,0.42493264172096334,0.0
61,5,0.6000000000000001,[0. 1.],[0. 1.],0.7999999960775577,0.7999999960775577,0.7634999962565192,0.4249326396375472,0.0,0.7634999962565192,0.4249326396375472,0.0
62,5,0.7000000000000001,[0. 1.],[0. 1.],0.7999999999999965,0.7999999999999965,0.763499999999997,0.42493264172101247,0.0,0.763499999999997,0.42493264172101247,0.0
63,5,0.8,[0. 1.],[0. 1.],0.7999999998659939,0.7999999998659939,0.7634999998721079,0.4249326416498349,0.0,0.7634999998721079,0.4249326416498349,0.0
64,5,0.9,[0.84 0.16],[0.84 0.16],2.1172881239970307,2.1172881239970316,1.9359360776464765,1.1547788236935066,0.02556901912612239,1.9359360776464776,1.154778823693507,0.02556901912612239
65,5,1.0,[0. 1.],[0. 1.],0.7999999999999999,0.7999999999999999,0.7635,0.42493264172101436,0.0,0.7635,0.42493264172101436,0.0
66,6,0.0,[0. 1.],[0. 1.],0.7999999954506269,0.7999999954506269,0.7634999956581918,0.42493263930454295,0.0,0.7634999956581918,0.42493263930454295,0.0
67,6,0.1,[0. 1.],[0. 1.],0.8000000083221388,0.8000000083221388,0.7635000079424409,0.42493264614144993,0.0,0.7635000079424409,0.42493264614144993,0.0
68,6,0.2,[0. 1.],[0. 1.],0.8000000084413996,0.8000000084413996,0.7635000080562607,0.42493264620479715,0.0,0.7635000080562607,0.42493264620479715,0.0
69,6,0.30000000000000004,[0. 1.],[0. 1.],0.8000000086461589,0.8000000086461589,0.7635000082516782,0.4249326463135584,0.0,0.7635000082516782,0.4249326463135584,0.0
70,6,0.4,[0. 1.],[0. 1.],0.8000000089375268,0.8000000089375268,0.7635000085297518,0.42493264646832285,0.0,0.7635000085297518,0.42493264646832285,0.0
71,6,0.5,[0. 1.],[0. 1.],0.7999999999999038,0.7999999999999038,0.7634999999999079,0.42493264172096334,0.0,0.7634999999999079,0.42493264172096334,0.0
72,6,0.6000000000000001,[0. 1.],[0. 1.],0.7999999960775577,0.7999999960775577,0.7634999962565192,0.4249326396375472,0.0,0.7634999962565192,0.4249326396375472,0.0
73,6,0.7000000000000001,[0. 1.],[0. 1.],0.7999999999999965,0.7999999999999965,0.763499999999997,0.42493264172101247,0.0,0.763499999999997,0.42493264172101247,0.0
74,6,0.8,[0. 1.],[0. 1.],0.7999999998659939,0.7999999998659939,0.7634999998721079,0.4249326416498349,0.0,0.7634999998721079,0.4249326416498349,0.0
75,6,0.9,[0.84 0.16],[0.84 0.16],2.1172881239970307,2.1172881239970316,1.9359360776464765,1.1547788236935066,0.02556901912612239,1.9359360776464776,1.154778823693507,0.02556901912612239
76,6,1.0,[0. 1.],[0. 1.],0.7999999999999999,0.7999999999999999,0.7635,0.42493264172101436,0.0,0.7635,0.42493264172101436,0.0
77,7,0.0,[0.8 0.2],[0.8 0.2],0.9600000000009843,0.9600000000005151,1.8652920000022875,1.122329075957689,0.04000000000055172,1.8652920000010964,1.1223290759567395,0.04000000000055172
78,7,0.1,[0.812 0.188],[0.812 0.188],0.9721440000010433,0.9721440000007412,1.886279683202106,1.1318590565719835,0.03534400000001676,1.8862796832013384,1.1318590565713802,0.03534400000001676
79,7,0.2,[0.824 0.176],[0.824 0.176],0.9845760000162544,0.9845760000134687,1.9073992128297155,1.1415380780103164,0.030975999996672526,1.9073992128226451,1.141538078004831,0.030975999996672526
80,7,0.30000000000000004,[0.836 0.164],[0.836 0.164],0.9972960000906814,0.9972960000780148,1.9286505889612602,1.151379409863452,0.0268959999807012,1.9286505889291121,1.1513794098388688,0.0268959999807012
81,7,0.4,[0.848 0.152],[0.848 0.152],1.0103040003410961,1.0103040003008843,1.95003381179512,1.1613963822388789,0.02310399993163121,1.9500338116930622,1.1613963821620006,0.02310399993163121
82,7,0.5,[0.86 0.14],[0.86 0.14],1.0236000009988233,1.0236000008998327,1.9715488817141185,1.1716023640262387,0.019599999816551587,1.9715488814628814,1.1716023638399231,0.019599999816551587
83,7,0.6000000000000001,[0.872 0.128],[0.872 0.128],1.037184002498496,1.0371840022940109,1.9931957994226757,1.1820107407101705,0.016383999585754653,1.9931957989036924,1.1820107403315094,0.016383999585754653
84,7,0.7000000000000001,[0.884 0.116],[0.884 0.116],1.0510560056376104,1.0510560052675577,2.014974566191013,1.1926348918387413,0.013455999166557417,2.01497456525182,1.1926348911649858,0.013455999166557417
85,7,0.8,[0.896 0.104],[0.896 0.104],1.0652160118684155,1.0652160112710312,2.03688518429862,1.203488168300637,0.01081599845525407,2.036885182782459,1.203488167231945,0.01081599845525407
86,7,0.9,[0. 1.],[0. 1.],0.7999999896456628,0.7999999896456628,0.7634999901180793,0.4249326362211446,0.0,0.7634999901180793,0.4249326362211446,0.0
87,7,1.0,[0. 1.],[0. 1.],0.7999999884166117,0.7999999884166117,0.7634999889451037,0.4249326355683147,0.0,0.7634999889451037,0.4249326355683147,0.0
88,8,0.0,[0. 1.],[0. 1.],0.7999999463554921,0.7999999463554921,0.7634999488030225,0.4249326132268863,0.0,0.7634999488030225,0.4249326132268863,0.0
89,8,0.1,[0. 1.],[0. 1.],0.7999999941005648,0.7999999941005648,0.7634999943697267,0.42493263858743613,0.0,0.7634999943697267,0.42493263858743613,0.0
90,8,0.2,[0. 1.],[0. 1.],0.7999999939751951,0.7999999939751951,0.7634999942500768,0.42493263852084406,0.0,0.7634999942500768,0.42493263852084406,0.0
91,8,0.30000000000000004,[0. 1.],[0. 1.],0.7999999937679967,0.7999999937679967,0.763499994052332,0.4249326384107874,0.0,0.763499994052332,0.4249326384107874,0.0
92,8,0.4,[0. 1.],[0. 1.],0.7999999934765615,0.7999999934765615,0.7634999937741932,0.4249326382559869,0.0,0.7634999937741932,0.4249326382559869,0.0
93,8,0.5,[0. 1.],[0. 1.],0.7999999930975783,0.7999999930975783,0.7634999934125012,0.424932638054684,0.0,0.7634999934125012,0.424932638054684,0.0
94,8,0.6000000000000001,[0. 1.],[0. 1.],0.7999999926268611,0.7999999926268611,0.7634999929632605,0.4249326378046551,0.0,0.7634999929632605,0.4249326378046551,0.0
95,8,0.7000000000000001,[0. 1.],[0. 1.],0.7999999920593854,0.7999999920593854,0.7634999924216758,0.42493263750323146,0.0,0.7634999924216758,0.42493263750323146,0.0
96,8,0.8,[0. 1.],[0. 1.],0.7999999702254604,0.7999999702254604,0.7634999715839236,0.4249326259057972,0.0,0.7634999715839236,0.4249326259057972,0.0
97,8,0.9,[0. 1.],[0. 1.],0.7999999675765941,0.7999999675765941,0.7634999690559118,0.42493262449881,0.0,0.7634999690559118,0.42493262449881,0.0
98,8,1.0,[0. 1.],[0. 1.],0.7999999645413535,0.7999999645413535,0.7634999661591543,0.42493262288659395,0.0,0.7634999661591543,0.42493262288659395,0.0
99,9,0.0,[0.222 0.778],[0.222 0.778],0.5333333333333699,0.5333333333332886,1.0107740740741489,0.6362825102238453,0.1481481481481792,1.0107740740739424,0.6362825102236486,0.1481481481481792
100,9,0.1,[0.201 0.799],[0.201 0.799],0.5127876397094355,0.5127876397104949,0.985032949811543,0.6134816773729823,0.12102783256507266,0.9850329498142317,0.613481677375512,0.12102783256507266
101,9,0.2,[0.181 0.819],[0.181 0.819],0.4952293856490948,0.49522938575802844,0.961571310059357,0.5922769920356722,0.09835898988720258,0.9615713103358304,0.592276992291875,0.09835898988720258
102,9,0.30000000000000004,[0.163 0.837],[0.163 0.837],0.48018707368081065,0.48018707486677425,0.9401064131497242,0.5726051737038723,0.07941231949786892,0.9401064161596998,0.5726051764453015,0.07941231949786892
103,9,0.4,[0.146 0.854],[0.146 0.854],0.46727440311710833,0.4672744094304875,0.9203996407012782,0.5544025793090378,0.06359272012415954,0.9203996567246344,0.5544025936208679,0.06359272012415954
104,9,0.5,[0.13 0.87],[0.13 0.87],0.45617283950617055,0.4561728395061691,0.9022483539094602,0.5376056320963829,0.05041152263374692,0.9022483539094567,0.5376056320963798,0.05041152263374692
105,9,0.6000000000000001,[0.115 0.885],[0.115 0.885],0.4466181054269703,0.4466181057936382,0.8854793564938344,0.5221510407941484,0.03946506279987067,0.8854793574244378,0.5221510415880544,0.03946506279987067
106,9,0.7000000000000001,[0. 1.],[0. 1.],0.39999999999998437,0.39999999999998437,0.7634999999999702,0.4249326417209978,0.0,0.7634999999999702,0.4249326417209978,0.0
107,9,0.8,[1. 0.],[1. 0.],2.40000000000387,2.40000000000387,2.2323000000036,1.3090976701551063,0.0,2.2323000000036,1.3090976701551063,0.0
108,9,0.9,[0.075 0.925],[0.075 0.925],0.42520184544390716,0.4252018454439132,0.8420765538892251,0.48321844675687636,0.016948609509155207,0.8420765538892403,0.48321844675688835,0.016948609509155207
109,9,1.0,[0.063 0.937],[0.063 0.937],0.4199546485259075,0.4199546485259221,0.8295359788356375,0.47251441155639334,0.012093726379432401,0.8295359788356745,0.4725144115564212,0.012093726379432401
110,10,0.0,[0. 1.],[0. 1.],0.8000000043211121,0.8000000043211121,0.7635000041239611,0.4249326440162413,0.0,0.7635000041239611,0.4249326440162413,0.0
111,10,0.1,[0. 1.],[0. 1.],0.8000000018817622,0.8000000018817622,0.7635000017959066,0.4249326427205421,0.0,0.7635000017959066,0.4249326427205421,0.0
112,10,0.2,[0. 1.],[0. 1.],0.8000000019080801,0.8000000019080801,0.763500001821024,0.4249326427345213,0.0,0.763500001821024,0.4249326427345213,0.0
113,10,0.30000000000000004,[0. 1.],[0. 1.],0.8000000019596886,0.8000000019596886,0.7635000018702777,0.4249326427619339,0.0,0.7635000018702777,0.4249326427619339,0.0
114,10,0.4,[0. 1.],[0. 1.],0.8000000020358968,0.8000000020358968,0.763500001943009,0.4249326428024132,0.0,0.763500001943009,0.4249326428024132,0.0
115,10,0.5,[0. 1.],[0. 1.],0.8000000021360066,0.8000000021360066,0.7635000020385513,0.424932642855588,0.0,0.7635000020385513,0.424932642855588,0.0
116,10,0.6000000000000001,[0. 1.],[0. 1.],0.8000000022592881,0.8000000022592881,0.7635000021562082,0.42493264292107097,0.0,0.7635000021562082,0.42493264292107097,0.0
117,10,0.7000000000000001,[0. 1.],[0. 1.],0.8000000024049537,0.8000000024049537,0.763500002295228,0.42493264299844363,0.0,0.763500002295228,0.42493264299844363,0.0
118,10,0.8,[0. 1.],[0. 1.],0.8000000025721382,0.8000000025721382,0.7635000024547842,0.4249326430872463,0.0,0.7635000024547842,0.4249326430872463,0.0
119,10,0.9,[0. 1.],[0. 1.],0.800000002759877,0.800000002759877,0.7635000026339578,0.42493264318696683,0.0,0.7635000026339578,0.42493264318696683,0.0
120,10,1.0,[0. 1.],[0. 1.],0.8000000029670897,0.8000000029670897,0.7635000028317165,0.424932643297031,0.0,0.7635000028317165,0.424932643297031,0.0
121,11,0.0,[0. 1.],[0. 1.],0.7999999463554921,0.7999999463554921,0.7634999488030225,0.4249326132268863,0.0,0.7634999488030225,0.4249326132268863,0.0
122,11,0.1,[0. 1.],[0. 1.],0.7999999941005648,0.7999999941005648,0.7634999943697267,0.42493263858743613,0.0,0.7634999943697267,0.42493263858743613,0.0
123,11,0.2,[0. 1.],[0. 1.],0.7999999939751951,0.7999999939751951,0.7634999942500768,0.42493263852084406,0.0,0.7634999942500768,0.42493263852084406,0.0
124,11,0.30000000000000004,[0. 1.],[0. 1.],0.7999999937679967,0.7999999937679967,0.763499994052332,0.4249326384107874,0.0,0.763499994052332,0.4249326384107874,0.0
125,11,0.4,[0. 1.],[0. 1.],0.7999999934765615,0.7999999934765615,0.7634999937741932,0.4249326382559869,0.0,0.7634999937741932,0.4249326382559869,0.0
126,11,0.5,[0. 1.],[0. 1.],0.7999999930975783,0.7999999930975783,0.7634999934125012,0.424932638054684,0.0,0.7634999934125012,0.424932638054684,0.0
127,11,0.6000000000000001,[0. 1.],[0. 1.],0.7999999926268611,0.7999999926268611,0.7634999929632605,0.4249326378046551,0.0,0.7634999929632605,0.4249326378046551,0.0
128,11,0.7000000000000001,[0. 1.],[0. 1.],0.7999999920593854,0.7999999920593854,0.7634999924216758,0.42493263750323146,0.0,0.7634999924216758,0.42493263750323146,0.0
129,11,0.8,[0. 1.],[0. 1.],0.7999999702254604,0.7999999702254604,0.7634999715839236,0.4249326259057972,0.0,0.7634999715839236,0.4249326259057972,0.0
130,11,0.9,[0. 1.],[0. 1.],0.7999999675765941,0.7999999675765941,0.7634999690559118,0.42493262449881,0.0,0.7634999690559118,0.42493262449881,0.0
131,11,1.0,[0. 1.],[0. 1.],0.7999999645413535,0.7999999645413535,0.7634999661591543,0.42493262288659395,0.0,0.7634999661591543,0.42493262288659395,0.0
132,12,0.0,[0. 1.],[0. 1.],0.7999999954506269,0.7999999954506269,0.7634999956581918,0.42493263930454295,0.0,0.7634999956581918,0.42493263930454295,0.0
133,12,0.1,[0. 1.],[0. 1.],0.8000000083221388,0.8000000083221388,0.7635000079424409,0.42493264614144993,0.0,0.7635000079424409,0.42493264614144993,0.0
134,12,0.2,[0. 1.],[0. 1.],0.8000000084413996,0.8000000084413996,0.7635000080562607,0.42493264620479715,0.0,0.7635000080562607,0.42493264620479715,0.0
135,12,0.30000000000000004,[0. 1.],[0. 1.],0.8000000086461589,0.8000000086461589,0.7635000082516782,0.4249326463135584,0.0,0.7635000082516782,0.4249326463135584,0.0
136,12,0.4,[0. 1.],[0. 1.],0.8000000089375268,0.8000000089375268,0.7635000085297518,0.42493264646832285,0.0,0.7635000085297518,0.42493264646832285,0.0
137,12,0.5,[0. 1.],[0. 1.],0.7999999999999038,0.7999999999999038,0.7634999999999079,0.42493264172096334,0.0,0.7634999999999079,0.42493264172096334,0.0
138,12,0.6000000000000001,[0. 1.],[0. 1.],0.7999999960775577,0.7999999960775577,0.7634999962565192,0.4249326396375472,0.0,0.7634999962565192,0.4249326396375472,0.0
139,12,0.7000000000000001,[0. 1.],[0. 1.],0.7999999999999965,0.7999999999999965,0.763499999999997,0.42493264172101247,0.0,0.763499999999997,0.42493264172101247,0.0
140,12,0.8,[0. 1.],[0. 1.],0.7999999998659939,0.7999999998659939,0.7634999998721079,0.4249326416498349,0.0,0.7634999998721079,0.4249326416498349,0.0
141,12,0.9,[0.84 0.16],[0.84 0.16],2.1172881239970307,2.1172881239970316,1.9359360776464765,1.1547788236935066,0.02556901912612239,1.9359360776464776,1.154778823693507,0.02556901912612239
142,12,1.0,[0. 1.],[0. 1.],0.7999999999999999,0.7999999999999999,0.7635,0.42493264172101436,0.0,0.7635,0.42493264172101436,0.0
143,13,0.0,[0.6 0.4],[0.6 0.4],1.4399999999981026,1.4400000000007678,1.5349079999982582,0.9739144888199092,0.16000000000092354,1.5349080000016404,0.9739144888230523,0.16000000000092354
144,13,0.1,[0.541 0.459],[0.541 0.459],1.3249931353801285,1.3249931386736713,1.4440498544941096,0.9291795763670732,0.21091906910313957,1.444049858673615,0.9291795803513279,0.21091906910313957
145,13,0.2,[0.49 0.51],[0.49 0.51],1.2314863258025999,1.231486325802545,1.3683045089179202,0.8887639305033531,0.2604518430439304,1.3683045089178512,0.8887639305032858,0.2604518430439304
146,13,0.30000000000000004,[0. 1.],[0. 1.],0.599999986160271,0.599999986160271,0.7634999823889445,0.42493263191942665,0.0,0.7634999823889445,0.42493263191942665,0.0
147,13,0.4,[1. 0.],[1. 0.],2.3999999447583154,2.3999999447583154,2.2322999486183273,1.309097640021011,0.0,2.2322999486183273,1.309097640021011,0.0
148,13,0.5,[0. 1.],[0. 1.],0.5999999851958144,0.5999999851958144,0.7634999811616736,0.42493263123637826,0.0,0.7634999811616736,0.42493263123637826,0.0
149,13,0.6000000000000001,[1. 0.],[1. 0.],2.3999999883799212,2.3999999883799212,2.232299989191874,1.3090976638147378,0.0,2.232299989191874,1.3090976638147378,0.0
150,13,0.7000000000000001,[0. 1.],[0. 1.],0.5999999837161527,0.5999999837161527,0.7634999792788045,0.4249326301884506,0.0,0.7634999792788045,0.4249326301884506,0.0
151,13,0.8,[0. 1.],[0. 1.],0.5999999827706614,0.5999999827706614,0.7634999780756664,0.42493262951883376,0.0,0.7634999780756664,0.42493262951883376,0.0
152,13,0.9,[0. 1.],[0. 1.],0.5999999816798868,0.5999999816798868,0.7634999766876557,0.4249326287463241,0.0,0.7634999766876557,0.4249326287463241,0.0
153,13,1.0,[1. 0.],[1. 0.],2.3999999999942236,2.3999999999942236,2.232299999994627,1.3090976701498442,0.0,2.232299999994627,1.3090976701498442,0.0
154,14,0.0,[0.222 0.778],[0.222 0.778],0.5333333333333699,0.5333333333332886,1.0107740740741489,0.6362825102238453,0.1481481481481792,1.0107740740739424,0.6362825102236486,0.1481481481481792
155,14,0.1,[0.201 0.799],[0.201 0.799],0.5127876397094355,0.5127876397104949,0.985032949811543,0.6134816773729823,0.12102783256507266,0.9850329498142317,0.613481677375512,0.12102783256507266
156,14,0.2,[0.181 0.819],[0.181 0.819],0.4952293856490948,0.49522938575802844,0.961571310059357,0.5922769920356722,0.09835898988720258,0.9615713103358304,0.592276992291875,0.09835898988720258
157,14,0.30000000000000004,[0.163 0.837],[0.163 0.837],0.48018707368081065,0.48018707486677425,0.9401064131497242,0.5726051737038723,0.07941231949786892,0.9401064161596998,0.5726051764453015,0.07941231949786892
158,14,0.4,[0.146 0.854],[0.146 0.854],0.46727440311710833,0.4672744094304875,0.9203996407012782,0.5544025793090378,0.06359272012415954,0.9203996567246344,0.5544025936208679,0.06359272012415954
159,14,0.5,[0.13 0.87],[0.13 0.87],0.45617283950617055,0.4561728395061691,0.9022483539094602,0.5376056320963829,0.05041152263374692,0.9022483539094567,0.5376056320963798,0.05041152263374692
160,14,0.6000000000000001,[0.115 0.885],[0.115 0.885],0.4466181054269703,0.4466181057936382,0.8854793564938344,0.5221510407941484,0.03946506279987067,0.8854793574244378,0.5221510415880544,0.03946506279987067
161,14,0.7000000000000001,[0. 1.],[0. 1.],0.39999999999998437,0.39999999999998437,0.7634999999999702,0.4249326417209978,0.0,0.7634999999999702,0.4249326417209978,0.0
162,14,0.8,[1. 0.],[1. 0.],2.40000000000387,2.40000000000387,2.2323000000036,1.3090976701551063,0.0,2.2323000000036,1.3090976701551063,0.0
163,14,0.9,[0.075 0.925],[0.075 0.925],0.42520184544390716,0.4252018454439132,0.8420765538892251,0.48321844675687636,0.016948609509155207,0.8420765538892403,0.48321844675688835,0.016948609509155207
164,14,1.0,[0.063 0.937],[0.063 0.937],0.4199546485259075,0.4199546485259221,0.8295359788356375,0.47251441155639334,0.012093726379432401,0.8295359788356745,0.4725144115564212,0.012093726379432401
165,15,0.0,[0. 1.],[0. 1.],0.7999999954506269,0.7999999954506269,0.7634999956581918,0.42493263930454295,0.0,0.7634999956581918,0.42493263930454295,0.0
166,15,0.1,[0. 1.],[0. 1.],0.8000000083221388,0.8000000083221388,0.7635000079424409,0.42493264614144993,0.0,0.7635000079424409,0.42493264614144993,0.0
167,15,0.2,[0. 1.],[0. 1.],0.8000000084413996,0.8000000084413996,0.7635000080562607,0.42493264620479715,0.0,0.7635000080562607,0.42493264620479715,0.0
168,15,0.30000000000000004,[0. 1.],[0. 1.],0.8000000086461589,0.8000000086461589,0.7635000082516782,0.4249326463135584,0.0,0.7635000082516782,0.4249326463135584,0.0
169,15,0.4,[0. 1.],[0. 1.],0.8000000089375268,0.8000000089375268,0.7635000085297518,0.42493264646832285,0.0,0.7635000085297518,0.42493264646832285,0.0
170,15,0.5,[0. 1.],[0. 1.],0.7999999999999038,0.7999999999999038,0.7634999999999079,0.42493264172096334,0.0,0.7634999999999079,0.42493264172096334,0.0
171,15,0.6000000000000001,[0. 1.],[0. 1.],0.7999999960775577,0.7999999960775577,0.7634999962565192,0.4249326396375472,0.0,0.7634999962565192,0.4249326396375472,0.0
172,15,0.7000000000000001,[0. 1.],[0. 1.],0.7999999999999965,0.7999999999999965,0.763499999999997,0.42493264172101247,0.0,0.763499999999997,0.42493264172101247,0.0
173,15,0.8,[0. 1.],[0. 1.],0.7999999998659939,0.7999999998659939,0.7634999998721079,0.4249326416498349,0.0,0.7634999998721079,0.4249326416498349,0.0
174,15,0.9,[0.84 0.16],[0.84 0.16],2.1172881239970307,2.1172881239970316,1.9359360776464765,1.1547788236935066,0.02556901912612239,1.9359360776464776,1.154778823693507,0.02556901912612239
175,15,1.0,[0. 1.],[0. 1.],0.7999999999999999,0.7999999999999999,0.7635,0.42493264172101436,0.0,0.7635,0.42493264172101436,0.0
176,16,0.0,[0. 1.],[0. 1.],0.5999999152246802,0.5999999152246802,0.7634998921234057,0.42493258168134673,0.0,0.7634998921234057,0.42493258168134673,0.0
177,16,0.1,[0. 1.],[0. 1.],0.5999999864804908,0.5999999864804908,0.7634999827964247,0.42493263214621324,0.0,0.7634999827964247,0.42493263214621324,0.0
178,16,0.2,[0. 1.],[0. 1.],0.5999999862525599,0.5999999862525599,0.7634999825063824,0.4249326319847877,0.0,0.7634999825063824,0.4249326319847877,0.0
179,16,0.30000000000000004,[0. 1.],[0. 1.],0.5999999858782802,0.5999999858782802,0.7634999820301118,0.4249326317197149,0.0,0.7634999820301118,0.4249326317197149,0.0
180,16,0.4,[0. 1.],[0. 1.],0.5999999853563542,0.5999999853563542,0.7634999813659605,0.42493263135007603,0.0,0.7634999813659605,0.42493263135007603,0.0
181,16,0.5,[0. 1.],[0. 1.],0.5999999846851396,0.5999999846851396,0.7634999805118404,0.4249326308747077,0.0,0.7634999805118404,0.4249326308747077,0.0
182,16,0.6000000000000001,[0. 1.],[0. 1.],0.5999999462916659,0.5999999462916659,0.7634999316561448,0.4249326036836406,0.0,0.7634999316561448,0.4249326036836406,0.0
183,16,0.7000000000000001,[0. 1.],[0. 1.],0.5999999432144785,0.5999999432144785,0.7634999277404241,0.4249326015043117,0.0,0.7634999277404241,0.4249326015043117,0.0
184,16,0.8,[0. 1.],[0. 1.],0.5999999396632482,0.5999999396632482,0.763499923221483,0.4249325989892555,0.0,0.763499923221483,0.4249325989892555,0.0
185,16,0.9,[0. 1.],[0. 1.],0.5999999356370526,0.5999999356370526,0.7634999180981495,0.4249325961378189,0.0,0.7634999180981495,0.4249325961378189,0.0
186,16,1.0,[1. 0.],[1. 0.],3.0000008811325776,3.0000011927570047,2.232300655650751,1.3090980546491966,0.0,2.232300919285017,1.3090982092534342,0.0
187,17,0.0,[0. 1.],[0. 1.],0.8000000043211121,0.8000000043211121,0.7635000041239611,0.4249326440162413,0.0,0.7635000041239611,0.4249326440162413,0.0
188,17,0.1,[0. 1.],[0. 1.],0.8000000018817622,0.8000000018817622,0.7635000017959066,0.4249326427205421,0.0,0.7635000017959066,0.4249326427205421,0.0
189,17,0.2,[0. 1.],[0. 1.],0.8000000019080801,0.8000000019080801,0.763500001821024,0.4249326427345213,0.0,0.763500001821024,0.4249326427345213,0.0
190,17,0.30000000000000004,[0. 1.],[0. 1.],0.8000000019596886,0.8000000019596886,0.7635000018702777,0.4249326427619339,0.0,0.7635000018702777,0.4249326427619339,0.0
191,17,0.4,[0. 1.],[0. 1.],0.8000000020358968,0.8000000020358968,0.763500001943009,0.4249326428024132,0.0,0.763500001943009,0.4249326428024132,0.0
192,17,0.5,[0. 1.],[0. 1.],0.8000000021360066,0.8000000021360066,0.7635000020385513,0.424932642855588,0.0,0.7635000020385513,0.424932642855588,0.0
193,17,0.6000000000000001,[0. 1.],[0. 1.],0.8000000022592881,0.8000000022592881,0.7635000021562082,0.42493264292107097,0.0,0.7635000021562082,0.42493264292107097,0.0
194,17,0.7000000000000001,[0. 1.],[0. 1.],0.8000000024049537,0.8000000024049537,0.763500002295228,0.42493264299844363,0.0,0.763500002295228,0.42493264299844363,0.0
195,17,0.8,[0. 1.],[0. 1.],0.8000000025721382,0.8000000025721382,0.7635000024547842,0.4249326430872463,0.0,0.7635000024547842,0.4249326430872463,0.0
196,17,0.9,[0. 1.],[0. 1.],0.800000002759877,0.800000002759877,0.7635000026339578,0.42493264318696683,0.0,0.7635000026339578,0.42493264318696683,0.0
197,17,1.0,[0. 1.],[0. 1.],0.8000000029670897,0.8000000029670897,0.7635000028317165,0.424932643297031,0.0,0.7635000028317165,0.424932643297031,0.0
198,18,0.0,[0. 1.],[0. 1.],1.000000008716652,1.000000008716652,0.7635000066551638,0.4249326454250044,0.0,0.7635000066551638,0.4249326454250044,0.0
199,18,0.1,[0. 1.],[0. 1.],1.0000000087890617,1.0000000087890617,0.7635000067104487,0.4249326454557736,0.0,0.7635000067104487,0.4249326454557736,0.0
200,18,0.2,[0. 1.],[0. 1.],1.0000000014991335,1.0000000014991335,0.7635000011445885,0.4249326423580452,0.0,0.7635000011445885,0.4249326423580452,0.0
201,18,0.30000000000000004,[0. 1.],[0. 1.],1.0000000015489434,1.0000000015489434,0.7635000011826184,0.424932642379211,0.0,0.7635000011826184,0.424932642379211,0.0
202,18,0.4,[0. 1.],[0. 1.],1.0000000016186104,1.0000000016186104,0.7635000012358091,0.4249326424088148,0.0,0.7635000012358091,0.4249326424088148,0.0
203,18,0.5,[0. 1.],[0. 1.],1.0000000017081456,1.0000000017081456,0.763500001304169,0.4249326424468613,0.0,0.763500001304169,0.4249326424468613,0.0
204,18,0.6000000000000001,[0. 1.],[0. 1.],1.0000000018175612,1.0000000018175612,0.7635000013877079,0.4249326424933555,0.0,0.7635000013877079,0.4249326424933555,0.0
205,18,0.7000000000000001,[0. 1.],[0. 1.],1.00000000194687,1.00000000194687,0.7635000014864352,0.42493264254830293,0.0,0.7635000014864352,0.42493264254830293,0.0
206,18,0.8,[0. 1.],[0. 1.],1.000000002096086,1.000000002096086,0.7635000016003618,0.42493264261170977,0.0,0.7635000016003618,0.42493264261170977,0.0
207,18,0.9,[0. 1.],[0. 1.],1.0000000022652265,1.0000000022652265,0.7635000017295004,0.424932642683583,0.0,0.7635000017295004,0.424932642683583,0.0
208,18,1.0,[0. 1.],[0. 1.],1.0000000249344072,1.0000000249344072,0.7635000190374198,0.424932652316458,0.0,0.7635000190374198,0.424932652316458,0.0
209,19,0.0,[0. 1.],[0. 1.],1.0000000000000029,1.0000000000000029,0.7635000000000025,0.4249326417210156,0.0,0.7635000000000025,0.4249326417210156,0.0
210,19,0.1,[0. 1.],[0. 1.],1.0000000000000917,1.0000000000000917,0.7635000000000702,0.42493264172105344,0.0,0.7635000000000702,0.42493264172105344,0.0
211,19,0.2,[0. 1.],[0. 1.],1.0000000000000973,1.0000000000000973,0.7635000000000743,0.4249326417210557,0.0,0.7635000000000743,0.4249326417210557,0.0
212,19,0.30000000000000004,[0. 1.],[0. 1.],1.0000000000001068,1.0000000000001068,0.7635000000000814,0.42493264172105977,0.0,0.7635000000000814,0.42493264172105977,0.0
213,19,0.4,[0. 1.],[0. 1.],0.9999999999999999,0.9999999999999999,0.7635,0.42493264172101436,0.0,0.7635,0.42493264172101436,0.0
214,19,0.5,[0. 1.],[0. 1.],1.0,1.0,0.7635,0.42493264172101447,0.0,0.7635,0.42493264172101447,0.0
215,19,0.6000000000000001,[0. 1.],[0. 1.],1.0,1.0,0.7635,0.42493264172101447,0.0,0.7635,0.42493264172101447,0.0
216,19,0.7000000000000001,[0. 1.],[0. 1.],1.0000000000001994,1.0000000000001994,0.7635000000001521,0.4249326417210991,0.0,0.7635000000001521,0.4249326417210991,0.0
217,19,0.8,[0. 1.],[0. 1.],1.000000000000193,1.000000000000193,0.7635000000001475,0.42493264172109635,0.0,0.7635000000001475,0.42493264172109635,0.0
218,19,0.9,[0. 1.],[0. 1.],1.0000000000002933,1.0000000000002933,0.7635000000002239,0.4249326417211391,0.0,0.7635000000002239,0.4249326417211391,0.0
219,19,1.0,[0. 1.],[0. 1.],0.9999999999999999,0.9999999999999999,0.7635,0.42493264172101436,0.0,0.7635,0.42493264172101436,0.0
220,20,0.0,[0.429 0.571],[0.429 0.571],0.7714285714286794,0.7714285714289263,1.2808714285715221,0.8374538444416606,0.32653061224513513,1.2808714285721485,0.8374538444422752,0.32653061224513513
221,20,0.1,[0.409 0.591],[0.409 0.591],0.7522419950521949,0.7522419950539233,1.2533582704993809,0.8200897030118347,0.34947040688876263,1.253358270503767,0.8200897030161457,0.34947040688876263
222,20,0.2,[0.39 0.61],[0.39 0.61],0.7352740997689348,0.7352740998514313,1.2279335608843995,0.8034699507625231,0.37164345576048097,1.2279335610937756,0.8034699509685967,0.37164345576048097
223,20,0.30000000000000004,[0.373 0.627],[0.373 0.627],0.7202287294914719,0.720228730331663,1.2043733414771207,0.7875532876527532,0.3930575330855404,1.2043733436095263,0.7875532897528643,0.3930575330855404
224,20,0.4,[0.357 0.643],[0.357 0.643],0.7068558799832579,0.7068558843699614,1.1824840718197216,0.7723035035162215,0.3818842830486418,1.1824840829531749,0.7723035144805672,0.3818842830486418
225,20,0.5,[0.341 0.659],[0.341 0.659],0.6949434600645119,0.6949434757913422,1.1620976880033118,0.7576880932523959,0.34979174699896504,1.1620977279180076,0.7576881325353105,0.34979174699896504
226,20,0.6000000000000001,[1. 0.],[1. 0.],1.8000000000000043,1.8000000000000043,2.2323000000000053,1.309097670152998,0.0,2.2323000000000053,1.309097670152998,0.0
227,20,0.7000000000000001,[1. 0.],[1. 0.],1.800000000000004,1.800000000000004,2.2323000000000053,1.309097670152998,0.0,2.2323000000000053,1.309097670152998,0.0
228,20,0.8,[1. 0.],[1. 0.],1.8000000000000045,1.8000000000000045,2.2323000000000053,1.309097670152998,0.0,2.2323000000000053,1.309097670152998,0.0
229,20,0.9,[1. 0.],[1. 0.],1.7999999853566795,1.7999999853566795,2.232299981839842,1.3090976595032524,0.0,2.232299981839842,1.3090976595032524,0.0
230,20,1.0,[1. 0.],[1. 0.],1.7999999842915129,1.7999999842915129,2.2322999805188575,1.3090976587285816,0.0,2.2322999805188575,1.3090976587285816,0.0
231,21,0.0,[0. 1.],[0. 1.],0.7999999954506269,0.7999999954506269,0.7634999956581918,0.42493263930454295,0.0,0.7634999956581918,0.42493263930454295,0.0
232,21,0.1,[0. 1.],[0. 1.],0.8000000083221388,0.8000000083221388,0.7635000079424409,0.42493264614144993,0.0,0.7635000079424409,0.42493264614144993,0.0
233,21,0.2,[0. 1.],[0. 1.],0.8000000084413996,0.8000000084413996,0.7635000080562607,0.42493264620479715,0.0,0.7635000080562607,0.42493264620479715,0.0
234,21,0.30000000000000004,[0. 1.],[0. 1.],0.8000000086461589,0.8000000086461589,0.7635000082516782,0.4249326463135584,0.0,0.7635000082516782,0.4249326463135584,0.0
235,21,0.4,[0. 1.],[0. 1.],0.8000000089375268,0.8000000089375268,0.7635000085297518,0.42493264646832285,0.0,0.7635000085297518,0.42493264646832285,0.0
236,21,0.5,[0. 1.],[0. 1.],0.7999999999999038,0.7999999999999038,0.7634999999999079,0.42493264172096334,0.0,0.7634999999999079,0.42493264172096334,0.0
237,21,0.6000000000000001,[0. 1.],[0. 1.],0.7999999960775577,0.7999999960775577,0.7634999962565192,0.4249326396375472,0.0,0.7634999962565192,0.4249326396375472,0.0
238,21,0.7000000000000001,[0. 1.],[0. 1.],0.7999999999999965,0.7999999999999965,0.763499999999997,0.42493264172101247,0.0,0.763499999999997,0.42493264172101247,0.0
239,21,0.8,[0. 1.],[0. 1.],0.7999999998659939,0.7999999998659939,0.7634999998721079,0.4249326416498349,0.0,0.7634999998721079,0.4249326416498349,0.0
240,21,0.9,[0.84 0.16],[0.84 0.16],2.1172881239970307,2.1172881239970316,1.9359360776464765,1.1547788236935066,0.02556901912612239,1.9359360776464776,1.154778823693507,0.02556901912612239
241,21,1.0,[0. 1.],[0. 1.],0.7999999999999999,0.7999999999999999,0.7635,0.42493264172101436,0.0,0.7635,0.42493264172101436,0.0
242,22,0.0,[0.6 0.4],[0.6 0.4],1.4399999999981026,1.4400000000007678,1.5349079999982582,0.9739144888199092,0.16000000000092354,1.5349080000016404,0.9739144888230523,0.16000000000092354
243,22,0.1,[0.541 0.459],[0.541 0.459],1.3249931353801285,1.3249931386736713,1.4440498544941096,0.9291795763670732,0.21091906910313957,1.444049858673615,0.9291795803513279,0.21091906910313957
244,22,0.2,[0.49 0.51],[0.49 0.51],1.2314863258025999,1.231486325802545,1.3683045089179202,0.8887639305033531,0.2604518430439304,1.3683045089178512,0.8887639305032858,0.2604518430439304
245,22,0.30000000000000004,[0. 1.],[0. 1.],0.599999986160271,0.599999986160271,0.7634999823889445,0.42493263191942665,0.0,0.7634999823889445,0.42493263191942665,0.0
246,22,0.4,[1. 0.],[1. 0.],2.3999999447583154,2.3999999447583154,2.2322999486183273,1.309097640021011,0.0,2.2322999486183273,1.309097640021011,0.0
247,22,0.5,[0. 1.],[0. 1.],0.5999999851958144,0.5999999851958144,0.7634999811616736,0.42493263123637826,0.0,0.7634999811616736,0.42493263123637826,0.0
248,22,0.6000000000000001,[1. 0.],[1. 0.],2.3999999883799212,2.3999999883799212,2.232299989191874,1.3090976638147378,0.0,2.232299989191874,1.3090976638147378,0.0
249,22,0.7000000000000001,[0. 1.],[0. 1.],0.5999999837161527,0.5999999837161527,0.7634999792788045,0.4249326301884506,0.0,0.7634999792788045,0.4249326301884506,0.0
250,22,0.8,[0. 1.],[0. 1.],0.5999999827706614,0.5999999827706614,0.7634999780756664,0.42493262951883376,0.0,0.7634999780756664,0.42493262951883376,0.0
251,22,0.9,[0. 1.],[0. 1.],0.5999999816798868,0.5999999816798868,0.7634999766876557,0.4249326287463241,0.0,0.7634999766876557,0.4249326287463241,0.0
252,22,1.0,[1. 0.],[1. 0.],2.3999999999942236,2.3999999999942236,2.232299999994627,1.3090976701498442,0.0,2.232299999994627,1.3090976701498442,0.0
253,23,0.0,[0. 1.],[0. 1.],0.7999999463554921,0.7999999463554921,0.7634999488030225,0.4249326132268863,0.0,0.7634999488030225,0.4249326132268863,0.0
254,23,0.1,[0. 1.],[0. 1.],0.7999999941005648,0.7999999941005648,0.7634999943697267,0.42493263858743613,0.0,0.7634999943697267,0.42493263858743613,0.0
255,23,0.2,[0. 1.],[0. 1.],0.7999999939751951,0.7999999939751951,0.7634999942500768,0.42493263852084406,0.0,0.7634999942500768,0.42493263852084406,0.0
256,23,0.30000000000000004,[0. 1.],[0. 1.],0.7999999937679967,0.7999999937679967,0.763499994052332,0.4249326384107874,0.0,0.763499994052332,0.4249326384107874,0.0
257,23,0.4,[0. 1.],[0. 1.],0.7999999934765615,0.7999999934765615,0.7634999937741932,0.4249326382559869,0.0,0.7634999937741932,0.4249326382559869,0.0
258,23,0.5,[0. 1.],[0. 1.],0.7999999930975783,0.7999999930975783,0.7634999934125012,0.424932638054684,0.0,0.7634999934125012,0.424932638054684,0.0
259,23,0.6000000000000001,[0. 1.],[0. 1.],0.7999999926268611,0.7999999926268611,0.7634999929632605,0.4249326378046551,0.0,0.7634999929632605,0.4249326378046551,0.0
260,23,0.7000000000000001,[0. 1.],[0. 1.],0.7999999920593854,0.7999999920593854,0.7634999924216758,0.42493263750323146,0.0,0.7634999924216758,0.42493263750323146,0.0
261,23,0.8,[0. 1.],[0. 1.],0.7999999702254604,0.7999999702254604,0.7634999715839236,0.4249326259057972,0.0,0.7634999715839236,0.4249326259057972,0.0
262,23,0.9,[0. 1.],[0. 1.],0.7999999675765941,0.7999999675765941,0.7634999690559118,0.42493262449881,0.0,0.7634999690559118,0.42493262449881,0.0
263,23,1.0,[0. 1.],[0. 1.],0.7999999645413535,0.7999999645413535,0.7634999661591543,0.42493262288659395,0.0,0.7634999661591543,0.42493262288659395,0.0
264,24,0.0,[0. 1.],[0. 1.],1.000000008716652,1.000000008716652,0.7635000066551638,0.4249326454250044,0.0,0.7635000066551638,0.4249326454250044,0.0
265,24,0.1,[0. 1.],[0. 1.],1.0000000087890617,1.0000000087890617,0.7635000067104487,0.4249326454557736,0.0,0.7635000067104487,0.4249326454557736,0.0
266,24,0.2,[0. 1.],[0. 1.],1.0000000014991335,1.0000000014991335,0.7635000011445885,0.4249326423580452,0.0,0.7635000011445885,0.4249326423580452,0.0
267,24,0.30000000000000004,[0. 1.],[0. 1.],1.0000000015489434,1.0000000015489434,0.7635000011826184,0.424932642379211,0.0,0.7635000011826184,0.424932642379211,0.0
268,24,0.4,[0. 1.],[0. 1.],1.0000000016186104,1.0000000016186104,0.7635000012358091,0.4249326424088148,0.0,0.7635000012358091,0.4249326424088148,0.0
269,24,0.5,[0. 1.],[0. 1.],1.0000000017081456,1.0000000017081456,0.763500001304169,0.4249326424468613,0.0,0.763500001304169,0.4249326424468613,0.0
270,24,0.6000000000000001,[0. 1.],[0. 1.],1.0000000018175612,1.0000000018175612,0.7635000013877079,0.4249326424933555,0.0,0.7635000013877079,0.4249326424933555,0.0
271,24,0.7000000000000001,[0. 1.],[0. 1.],1.00000000194687,1.00000000194687,0.7635000014864352,0.42493264254830293,0.0,0.7635000014864352,0.42493264254830293,0.0
272,24,0.8,[0. 1.],[0. 1.],1.000000002096086,1.000000002096086,0.7635000016003618,0.42493264261170977,0.0,0.7635000016003618,0.42493264261170977,0.0
273,24,0.9,[0. 1.],[0. 1.],1.0000000022652265,1.0000000022652265,0.7635000017295004,0.424932642683583,0.0,0.7635000017295004,0.424932642683583,0.0
274,24,1.0,[0. 1.],[0. 1.],1.0000000249344072,1.0000000249344072,0.7635000190374198,0.424932652316458,0.0,0.7635000190374198,0.424932652316458,0.0
275,25,0.0,[0. 1.],[0. 1.],1.0000000000000029,1.0000000000000029,0.7635000000000025,0.4249326417210156,0.0,0.7635000000000025,0.4249326417210156,0.0
276,25,0.1,[0. 1.],[0. 1.],1.0000000000000917,1.0000000000000917,0.7635000000000702,0.42493264172105344,0.0,0.7635000000000702,0.42493264172105344,0.0
277,25,0.2,[0. 1.],[0. 1.],1.0000000000000973,1.0000000000000973,0.7635000000000743,0.4249326417210557,0.0,0.7635000000000743,0.4249326417210557,0.0
278,25,0.30000000000000004,[0. 1.],[0. 1.],1.0000000000001068,1.0000000000001068,0.7635000000000814,0.42493264172105977,0.0,0.7635000000000814,0.42493264172105977,0.0
279,25,0.4,[0. 1.],[0. 1.],0.9999999999999999,0.9999999999999999,0.7635,0.42493264172101436,0.0,0.7635,0.42493264172101436,0.0
280,25,0.5,[0. 1.],[0. 1.],1.0,1.0,0.7635,0.42493264172101447,0.0,0.7635,0.42493264172101447,0.0
281,25,0.6000000000000001,[0. 1.],[0. 1.],1.0,1.0,0.7635,0.42493264172101447,0.0,0.7635,0.42493264172101447,0.0
282,25,0.7000000000000001,[0. 1.],[0. 1.],1.0000000000001994,1.0000000000001994,0.7635000000001521,0.4249326417210991,0.0,0.7635000000001521,0.4249326417210991,0.0
283,25,0.8,[0. 1.],[0. 1.],1.000000000000193,1.000000000000193,0.7635000000001475,0.42493264172109635,0.0,0.7635000000001475,0.42493264172109635,0.0
284,25,0.9,[0. 1.],[0. 1.],1.0000000000002933,1.0000000000002933,0.7635000000002239,0.4249326417211391,0.0,0.7635000000002239,0.4249326417211391,0.0
285,25,1.0,[0. 1.],[0. 1.],0.9999999999999999,0.9999999999999999,0.7635,0.42493264172101436,0.0,0.7635,0.42493264172101436,0.0
286,26,0.0,[0. 1.],[0. 1.],1.0000000097113808,1.0000000097113808,0.763500007414639,0.4249326458476971,0.0,0.763500007414639,0.4249326458476971,0.0
287,26,0.1,[0. 1.],[0. 1.],1.0000000097788122,1.0000000097788122,0.7635000074661232,0.424932645876351,0.0,0.7635000074661232,0.424932645876351,0.0
288,26,0.2,[0. 1.],[0. 1.],1.0000000000686502,1.0000000000686502,0.7635000000524146,0.42493264175018614,0.0,0.7635000000524146,0.42493264175018614,0.0
289,26,0.30000000000000004,[0. 1.],[0. 1.],1.0000000106560878,1.0000000106560878,0.763500008135923,0.42493264624913396,0.0,0.763500008135923,0.42493264624913396,0.0
290,26,0.4,[0. 1.],[0. 1.],1.0000000048469742,1.0000000048469742,0.7635000037006648,0.42493264378065193,0.0,0.7635000037006648,0.42493264378065193,0.0
291,26,0.5,[0. 1.],[0. 1.],1.0000000000153384,1.0000000000153384,0.7635000000117111,0.42493264172753215,0.0,0.7635000000117111,0.42493264172753215,0.0
292,26,0.6000000000000001,[0. 1.],[0. 1.],1.0000000000266964,1.0000000000266964,0.763500000020383,0.42493264173235856,0.0,0.763500000020383,0.42493264173235856,0.0
293,26,0.7000000000000001,[0. 1.],[0. 1.],1.0000000000247165,1.0000000000247165,0.763500000018871,0.42493264173151724,0.0,0.763500000018871,0.42493264173151724,0.0
294,26,0.8,[0. 1.],[0. 1.],1.0000000000213858,1.0000000000213858,0.7635000000163279,0.424932641730102,0.0,0.7635000000163279,0.424932641730102,0.0
295,26,0.9,[0. 1.],[0. 1.],1.000000000017569,1.000000000017569,0.7635000000134138,0.42493264172848005,0.0,0.7635000000134138,0.42493264172848005,0.0
296,26,1.0,[0. 1.],[0. 1.],1.0000000166678493,1.0000000166678493,0.7635000127259028,0.4249326488037276,0.0,0.7635000127259028,0.4249326488037276,0.0
297,27,0.0,[0. 1.],[0. 1.],0.7999999954506269,0.7999999954506269,0.7634999956581918,0.42493263930454295,0.0,0.7634999956581918,0.42493263930454295,0.0
298,27,0.1,[0. 1.],[0. 1.],0.8000000083221388,0.8000000083221388,0.7635000079424409,0.42493264614144993,0.0,0.7635000079424409,0.42493264614144993,0.0
299,27,0.2,[0. 1.],[0. 1.],0.8000000084413996,0.8000000084413996,0.7635000080562607,0.42493264620479715,0.0,0.7635000080562607,0.42493264620479715,0.0
300,27,0.30000000000000004,[0. 1.],[0. 1.],0.8000000086461589,0.8000000086461589,0.7635000082516782,0.4249326463135584,0.0,0.7635000082516782,0.4249326463135584,0.0
301,27,0.4,[0. 1.],[0. 1.],0.8000000089375268,0.8000000089375268,0.7635000085297518,0.42493264646832285,0.0,0.7635000085297518,0.42493264646832285,0.0
302,27,0.5,[0. 1.],[0. 1.],0.7999999999999038,0.7999999999999038,0.7634999999999079,0.42493264172096334,0.0,0.7634999999999079,0.42493264172096334,0.0
303,27,0.6000000000000001,[0. 1.],[0. 1.],0.7999999960775577,0.7999999960775577,0.7634999962565192,0.4249326396375472,0.0,0.7634999962565192,0.4249326396375472,0.0
304,27,0.7000000000000001,[0. 1.],[0. 1.],0.7999999999999965,0.7999999999999965,0.763499999999997,0.42493264172101247,0.0,0.763499999999997,0.42493264172101247,0.0
305,27,0.8,[0. 1.],[0. 1.],0.7999999998659939,0.7999999998659939,0.7634999998721079,0.4249326416498349,0.0,0.7634999998721079,0.4249326416498349,0.0
306,27,0.9,[0.84 0.16],[0.84 0.16],2.1172881239970307,2.1172881239970316,1.9359360776464765,1.1547788236935066,0.02556901912612239,1.9359360776464776,1.154778823693507,0.02556901912612239
307,27,1.0,[0. 1.],[0. 1.],0.7999999999999999,0.7999999999999999,0.7635,0.42493264172101436,0.0,0.7635,0.42493264172101436,0.0
308,28,0.0,[0. 1.],[0. 1.],1.000000008716652,1.000000008716652,0.7635000066551638,0.4249326454250044,0.0,0.7635000066551638,0.4249326454250044,0.0
309,28,0.1,[0. 1.],[0. 1.],1.0000000087890617,1.0000000087890617,0.7635000067104487,0.4249326454557736,0.0,0.7635000067104487,0.4249326454557736,0.0
310,28,0.2,[0. 1.],[0. 1.],1.0000000014991335,1.0000000014991335,0.7635000011445885,0.4249326423580452,0.0,0.7635000011445885,0.4249326423580452,0.0
311,28,0.30000000000000004,[0. 1.],[0. 1.],1.0000000015489434,1.0000000015489434,0.7635000011826184,0.424932642379211,0.0,0.7635000011826184,0.424932642379211,0.0
312,28,0.4,[0. 1.],[0. 1.],1.0000000016186104,1.0000000016186104,0.7635000012358091,0.4249326424088148,0.0,0.7635000012358091,0.4249326424088148,0.0
313,28,0.5,[0. 1.],[0. 1.],1.0000000017081456,1.0000000017081456,0.763500001304169,0.4249326424468613,0.0,0.763500001304169,0.4249326424468613,0.0
314,28,0.6000000000000001,[0. 1.],[0. 1.],1.0000000018175612,1.0000000018175612,0.7635000013877079,0.4249326424933555,0.0,0.7635000013877079,0.4249326424933555,0.0
315,28,0.7000000000000001,[0. 1.],[0. 1.],1.00000000194687,1.00000000194687,0.7635000014864352,0.42493264254830293,0.0,0.7635000014864352,0.42493264254830293,0.0
316,28,0.8,[0. 1.],[0. 1.],1.000000002096086,1.000000002096086,0.7635000016003618,0.42493264261170977,0.0,0.7635000016003618,0.42493264261170977,0.0
317,28,0.9,[0. 1.],[0. 1.],1.0000000022652265,1.0000000022652265,0.7635000017295004,0.424932642683583,0.0,0.7635000017295004,0.424932642683583,0.0
318,28,1.0,[0. 1.],[0. 1.],1.0000000249344072,1.0000000249344072,0.7635000190374198,0.424932652316458,0.0,0.7635000190374198,0.424932652316458,0.0
319,29,0.0,[0. 1.],[0. 1.],0.5999999152246802,0.5999999152246802,0.7634998921234057,0.42493258168134673,0.0,0.7634998921234057,0.42493258168134673,0.0
320,29,0.1,[0. 1.],[0. 1.],0.5999999864804908,0.5999999864804908,0.7634999827964247,0.42493263214621324,0.0,0.7634999827964247,0.42493263214621324,0.0
321,29,0.2,[0. 1.],[0. 1.],0.5999999862525599,0.5999999862525599,0.7634999825063824,0.4249326319847877,0.0,0.7634999825063824,0.4249326319847877,0.0
322,29,0.30000000000000004,[0. 1.],[0. 1.],0.5999999858782802,0.5999999858782802,0.7634999820301118,0.4249326317197149,0.0,0.7634999820301118,0.4249326317197149,0.0
323,29,0.4,[0. 1.],[0. 1.],0.5999999853563542,0.5999999853563542,0.7634999813659605,0.42493263135007603,0.0,0.7634999813659605,0.42493263135007603,0.0
324,29,0.5,[0. 1.],[0. 1.],0.5999999846851396,0.5999999846851396,0.7634999805118404,0.4249326308747077,0.0,0.7634999805118404,0.4249326308747077,0.0
325,29,0.6000000000000001,[0. 1.],[0. 1.],0.5999999462916659,0.5999999462916659,0.7634999316561448,0.4249326036836406,0.0,0.7634999316561448,0.4249326036836406,0.0
326,29,0.7000000000000001,[0. 1.],[0. 1.],0.5999999432144785,0.5999999432144785,0.7634999277404241,0.4249326015043117,0.0,0.7634999277404241,0.4249326015043117,0.0
327,29,0.8,[0. 1.],[0. 1.],0.5999999396632482,0.5999999396632482,0.763499923221483,0.4249325989892555,0.0,0.763499923221483,0.4249325989892555,0.0
328,29,0.9,[0. 1.],[0. 1.],0.5999999356370526,0.5999999356370526,0.7634999180981495,0.4249325961378189,0.0,0.7634999180981495,0.4249325961378189,0.0
329,29,1.0,[1. 0.],[1. 0.],3.0000008811325776,3.0000011927570047,2.232300655650751,1.3090980546491966,0.0,2.232300919285017,1.3090982092534342,0.0
330,30,0.0,[0.286 0.714],[0.286 0.714],0.8571428571429467,0.8571428571430578,1.0897285714286722,0.7024708961202151,0.2448979591837267,1.0897285714288134,0.7024708961203529,0.2448979591837267
331,30,0.1,[0.251 0.749],[0.251 0.749],0.7900426088400461,0.7900426090760839,1.0465209382769234,0.6669924505075883,0.18951070930432234,1.0465209385764556,0.6669924507969383,0.18951070930432234
332,30,0.2,[0.221 0.779],[0.221 0.779],0.733769333074437,0.7337693452084176,1.00941844311069,0.6350952824307267,0.1466629549652915,1.0094184585087116,0.6350952970993349,0.1466629549652915
333,30,0.30000000000000004,[0.194 0.806],[0.194 0.806],0.6860358033287722,0.6860358033287388,0.9772356034230794,0.6064749363547716,0.11327238831115276,0.9772356034230374,0.6064749363547322,0.11327238831115276
334,30,0.4,[0. 1.],[0. 1.],0.3999999999999914,0.3999999999999914,0.7634999999999836,0.42493264172100526,0.0,0.7634999999999836,0.42493264172100526,0.0
335,30,0.5,[1. 0.],[1. 0.],3.0000005452246383,3.0000005452246383,2.2323004057016527,1.3090979080704297,0.0,2.2323004057016527,1.3090979080704297,0.0
336,30,0.6000000000000001,[0.13 0.87],[0.13 0.87],0.5789637594457199,0.5789637594457187,0.9021636594603626,0.5375273424382776,0.050353226573323695,0.9021636594603608,0.5375273424382762,0.050353226573323695
337,30,0.7000000000000001,[0.112 0.888],[0.112 0.888],0.5519148492125152,0.5519148492125139,0.8824402483567355,0.5193643266171485,0.03761124610561828,0.8824402483567338,0.519364326617147,0.03761124610561828
338,30,0.8,[1. 0.],[1. 0.],3.00000000000008,3.00000000000008,2.2323000000000595,1.30909767015303,0.0,2.2323000000000595,1.30909767015303,0.0
339,30,0.9,[1. 0.],[1. 0.],3.000000000233637,3.000000000233637,2.2323000001738493,1.3090976702549462,0.0,2.2323000001738493,1.3090976702549462,0.0
340,30,1.0,[0. 1.],[0. 1.],0.3999999999999653,0.3999999999999653,0.7634999999999336,0.4249326417209775,0.0,0.7634999999999336,0.4249326417209775,0.0
341,31,0.0,[0. 1.],[0. 1.],0.7999999954506269,0.7999999954506269,0.7634999956581918,0.42493263930454295,0.0,0.7634999956581918,0.42493263930454295,0.0
342,31,0.1,[0. 1.],[0. 1.],0.8000000083221388,0.8000000083221388,0.7635000079424409,0.42493264614144993,0.0,0.7635000079424409,0.42493264614144993,0.0
343,31,0.2,[0. 1.],[0. 1.],0.8000000084413996,0.8000000084413996,0.7635000080562607,0.42493264620479715,0.0,0.7635000080562607,0.42493264620479715,0.0
344,31,0.30000000000000004,[0. 1.],[0. 1.],0.8000000086461589,0.8000000086461589,0.7635000082516782,0.4249326463135584,0.0,0.7635000082516782,0.4249326463135584,0.0
345,31,0.4,[0. 1.],[0. 1.],0.8000000089375268,0.8000000089375268,0.7635000085297518,0.42493264646832285,0.0,0.7635000085297518,0.42493264646832285,0.0
346,31,0.5,[0. 1.],[0. 1.],0.7999999999999038,0.7999999999999038,0.7634999999999079,0.42493264172096334,0.0,0.7634999999999079,0.42493264172096334,0.0
347,31,0.6000000000000001,[0. 1.],[0. 1.],0.7999999960775577,0.7999999960775577,0.7634999962565192,0.4249326396375472,0.0,0.7634999962565192,0.4249326396375472,0.0
348,31,0.7000000000000001,[0. 1.],[0. 1.],0.7999999999999965,0.7999999999999965,0.763499999999997,0.42493264172101247,0.0,0.763499999999997,0.42493264172101247,0.0
349,31,0.8,[0. 1.],[0. 1.],0.7999999998659939,0.7999999998659939,0.7634999998721079,0.4249326416498349,0.0,0.7634999998721079,0.4249326416498349,0.0
350,31,0.9,[0.84 0.16],[0.84 0.16],2.1172881239970307,2.1172881239970316,1.9359360776464765,1.1547788236935066,0.02556901912612239,1.9359360776464776,1.154778823693507,0.02556901912612239
351,31,1.0,[0. 1.],[0. 1.],0.7999999999999999,0.7999999999999999,0.7635,0.42493264172101436,0.0,0.7635,0.42493264172101436,0.0
352,32,0.0,[0. 1.],[0. 1.],0.7999999463554921,0.7999999463554921,0.7634999488030225,0.4249326132268863,0.0,0.7634999488030225,0.4249326132268863,0.0
353,32,0.1,[0. 1.],[0. 1.],0.7999999941005648,0.7999999941005648,0.7634999943697267,0.42493263858743613,0.0,0.7634999943697267,0.42493263858743613,0.0
354,32,0.2,[0. 1.],[0. 1.],0.7999999939751951,0.7999999939751951,0.7634999942500768,0.42493263852084406,0.0,0.7634999942500768,0.42493263852084406,0.0
355,32,0.30000000000000004,[0. 1.],[0. 1.],0.7999999937679967,0.7999999937679967,0.763499994052332,0.4249326384107874,0.0,0.763499994052332,0.4249326384107874,0.0
356,32,0.4,[0. 1.],[0. 1.],0.7999999934765615,0.7999999934765615,0.7634999937741932,0.4249326382559869,0.0,0.7634999937741932,0.4249326382559869,0.0
357,32,0.5,[0. 1.],[0. 1.],0.7999999930975783,0.7999999930975783,0.7634999934125012,0.424932638054684,0.0,0.7634999934125012,0.424932638054684,0.0
358,32,0.6000000000000001,[0. 1.],[0. 1.],0.7999999926268611,0.7999999926268611,0.7634999929632605,0.4249326378046551,0.0,0.7634999929632605,0.4249326378046551,0.0
359,32,0.7000000000000001,[0. 1.],[0. 1.],0.7999999920593854,0.7999999920593854,0.7634999924216758,0.42493263750323146,0.0,0.7634999924216758,0.42493263750323146,0.0
360,32,0.8,[0. 1.],[0. 1.],0.7999999702254604,0.7999999702254604,0.7634999715839236,0.4249326259057972,0.0,0.7634999715839236,0.4249326259057972,0.0
361,32,0.9,[0. 1.],[0. 1.],0.7999999675765941,0.7999999675765941,0.7634999690559118,0.42493262449881,0.0,0.7634999690559118,0.42493262449881,0.0
362,32,1.0,[0. 1.],[0. 1.],0.7999999645413535,0.7999999645413535,0.7634999661591543,0.42493262288659395,0.0,0.7634999661591543,0.42493262288659395,0.0
363,33,0.0,[0. 1.],[0. 1.],1.000000008716652,1.000000008716652,0.7635000066551638,0.4249326454250044,0.0,0.7635000066551638,0.4249326454250044,0.0
364,33,0.1,[0. 1.],[0. 1.],1.0000000087890617,1.0000000087890617,0.7635000067104487,0.4249326454557736,0.0,0.7635000067104487,0.4249326454557736,0.0
365,33,0.2,[0. 1.],[0. 1.],1.0000000014991335,1.0000000014991335,0.7635000011445885,0.4249326423580452,0.0,0.7635000011445885,0.4249326423580452,0.0
366,33,0.30000000000000004,[0. 1.],[0. 1.],1.0000000015489434,1.0000000015489434,0.7635000011826184,0.424932642379211,0.0,0.7635000011826184,0.424932642379211,0.0
367,33,0.4,[0. 1.],[0. 1.],1.0000000016186104,1.0000000016186104,0.7635000012358091,0.4249326424088148,0.0,0.7635000012358091,0.4249326424088148,0.0
368,33,0.5,[0. 1.],[0. 1.],1.0000000017081456,1.0000000017081456,0.763500001304169,0.4249326424468613,0.0,0.763500001304169,0.4249326424468613,0.0
369,33,0.6000000000000001,[0. 1.],[0. 1.],1.0000000018175612,1.0000000018175612,0.7635000013877079,0.4249326424933555,0.0,0.7635000013877079,0.4249326424933555,0.0
370,33,0.7000000000000001,[0. 1.],[0. 1.],1.00000000194687,1.00000000194687,0.7635000014864352,0.42493264254830293,0.0,0.7635000014864352,0.42493264254830293,0.0
371,33,0.8,[0. 1.],[0. 1.],1.000000002096086,1.000000002096086,0.7635000016003618,0.42493264261170977,0.0,0.7635000016003618,0.42493264261170977,0.0
372,33,0.9,[0. 1.],[0. 1.],1.0000000022652265,1.0000000022652265,0.7635000017295004,0.424932642683583,0.0,0.7635000017295004,0.424932642683583,0.0
373,33,1.0,[0. 1.],[0. 1.],1.0000000249344072,1.0000000249344072,0.7635000190374198,0.424932652316458,0.0,0.7635000190374198,0.424932652316458,0.0
374,34,0.0,[0.571 0.429],[0.571 0.429],0.34285714285727076,0.34285714285727076,1.4907000000006807,0.952580514505098,0.1836734693878143,1.490700000000464,0.952580514504894,0.1836734693878143
375,34,0.1,[1. 0.],[1. 0.],0.599999987620829,0.599999987620829,2.2322999539432944,1.3090976431437549,0.0,2.2322999539432944,1.3090976431437549,0.0
376,34,0.2,[1. 0.],[1. 0.],0.5999999873463361,0.5999999873463361,2.2322999529220433,1.3090976425448582,0.0,2.2322999529220433,1.3090976425448582,0.0
377,34,0.30000000000000004,[1. 0.],[1. 0.],0.5999999868926778,0.5999999868926778,2.232299951234207,1.3090976415550533,0.0,2.232299951234207,1.3090976415550533,0.0
378,34,0.4,[1. 0.],[1. 0.],0.5999999862572614,0.5999999862572614,2.2322999488701405,1.3090976401686831,0.0,2.2322999488701405,1.3090976401686831,0.0
379,34,0.5,[1. 0.],[1. 0.],0.5999999854366541,0.5999999854366541,2.2322999458170716,1.309097638378258,0.0,2.2322999458170716,1.309097638378258,0.0
380,34,0.6000000000000001,[1. 0.],[1. 0.],0.5999999844265665,0.5999999844265665,2.2322999420590404,1.309097636174419,0.0,2.2322999420590404,1.309097636174419,0.0
381,34,0.7000000000000001,[1. 0.],[1. 0.],0.5999999832218381,0.5999999832218381,2.2322999375768484,1.3090976335459068,0.0,2.2322999375768484,1.3090976335459068,0.0
382,34,0.8,[1. 0.],[1. 0.],0.5999999818164328,0.5999999818164328,2.2322999323480377,1.3090976304795523,0.0,2.2322999323480377,1.3090976304795523,0.0
383,34,0.9,[0. 1.],[0. 1.],0.7999999972814043,0.7999999972814043,0.7634999974054401,0.4249326402769893,0.0,0.7634999974054401,0.4249326402769893,0.0
384,34,1.0,[0. 1.],[0. 1.],0.7999999971265849,0.7999999971265849,0.7634999972576845,0.4249326401947546,0.0,0.7634999972576845,0.4249326401947546,0.0
385,35,0.0,[0. 1.],[0. 1.],1.000000008716652,1.000000008716652,0.7635000066551638,0.4249326454250044,0.0,0.7635000066551638,0.4249326454250044,0.0
386,35,0.1,[0. 1.],[0. 1.],1.0000000087890617,1.0000000087890617,0.7635000067104487,0.4249326454557736,0.0,0.7635000067104487,0.4249326454557736,0.0
387,35,0.2,[0. 1.],[0. 1.],1.0000000014991335,1.0000000014991335,0.7635000011445885,0.4249326423580452,0.0,0.7635000011445885,0.4249326423580452,0.0
388,35,0.30000000000000004,[0. 1.],[0. 1.],1.0000000015489434,1.0000000015489434,0.7635000011826184,0.424932642379211,0.0,0.7635000011826184,0.424932642379211,0.0
389,35,0.4,[0. 1.],[0. 1.],1.0000000016186104,1.0000000016186104,0.7635000012358091,0.4249326424088148,0.0,0.7635000012358091,0.4249326424088148,0.0
390,35,0.5,[0. 1.],[0. 1.],1.0000000017081456,1.0000000017081456,0.763500001304169,0.4249326424468613,0.0,0.763500001304169,0.4249326424468613,0.0
391,35,0.6000000000000001,[0. 1.],[0. 1.],1.0000000018175612,1.0000000018175612,0.7635000013877079,0.4249326424933555,0.0,0.7635000013877079,0.4249326424933555,0.0
392,35,0.7000000000000001,[0. 1.],[0. 1.],1.00000000194687,1.00000000194687,0.7635000014864352,0.42493264254830293,0.0,0.7635000014864352,0.42493264254830293,0.0
393,35,0.8,[0. 1.],[0. 1.],1.000000002096086,1.000000002096086,0.7635000016003618,0.42493264261170977,0.0,0.7635000016003618,0.42493264261170977,0.0
394,35,0.9,[0. 1.],[0. 1.],1.0000000022652265,1.0000000022652265,0.7635000017295004,0.424932642683583,0.0,0.7635000017295004,0.424932642683583,0.0
395,35,1.0,[0. 1.],[0. 1.],1.0000000249344072,1.0000000249344072,0.7635000190374198,0.424932652316458,0.0,0.7635000190374198,0.424932652316458,0.0
396,36,0.0,[0. 1.],[0. 1.],0.8000000043211121,0.8000000043211121,0.7635000041239611,0.4249326440162413,0.0,0.7635000041239611,0.4249326440162413,0.0
397,36,0.1,[0. 1.],[0. 1.],0.8000000018817622,0.8000000018817622,0.7635000017959066,0.4249326427205421,0.0,0.7635000017959066,0.4249326427205421,0.0
398,36,0.2,[0. 1.],[0. 1.],0.8000000019080801,0.8000000019080801,0.763500001821024,0.4249326427345213,0.0,0.763500001821024,0.4249326427345213,0.0
399,36,0.30000000000000004,[0. 1.],[0. 1.],0.8000000019596886,0.8000000019596886,0.7635000018702777,0.4249326427619339,0.0,0.7635000018702777,0.4249326427619339,0.0
400,36,0.4,[0. 1.],[0. 1.],0.8000000020358968,0.8000000020358968,0.763500001943009,0.4249326428024132,0.0,0.763500001943009,0.4249326428024132,0.0
401,36,0.5,[0. 1.],[0. 1.],0.8000000021360066,0.8000000021360066,0.7635000020385513,0.424932642855588,0.0,0.7635000020385513,0.424932642855588,0.0
402,36,0.6000000000000001,[0. 1.],[0. 1.],0.8000000022592881,0.8000000022592881,0.7635000021562082,0.42493264292107097,0.0,0.7635000021562082,0.42493264292107097,0.0
403,36,0.7000000000000001,[0. 1.],[0. 1.],0.8000000024049537,0.8000000024049537,0.763500002295228,0.42493264299844363,0.0,0.763500002295228,0.42493264299844363,0.0
404,36,0.8,[0. 1.],[0. 1.],0.8000000025721382,0.8000000025721382,0.7635000024547842,0.4249326430872463,0.0,0.7635000024547842,0.4249326430872463,0.0
405,36,0.9,[0. 1.],[0. 1.],0.800000002759877,0.800000002759877,0.7635000026339578,0.42493264318696683,0.0,0.7635000026339578,0.42493264318696683,0.0
406,36,1.0,[0. 1.],[0. 1.],0.8000000029670897,0.8000000029670897,0.7635000028317165,0.424932643297031,0.0,0.7635000028317165,0.424932643297031,0.0
407,37,0.0,[0.6 0.4],[0.6 0.4],1.4399999999981026,1.4400000000007678,1.5349079999982582,0.9739144888199092,0.16000000000092354,1.5349080000016404,0.9739144888230523,0.16000000000092354
408,37,0.1,[0.541 0.459],[0.541 0.459],1.3249931353801285,1.3249931386736713,1.4440498544941096,0.9291795763670732,0.21091906910313957,1.444049858673615,0.9291795803513279,0.21091906910313957
409,37,0.2,[0.49 0.51],[0.49 0.51],1.2314863258025999,1.231486325802545,1.3683045089179202,0.8887639305033531,0.2604518430439304,1.3683045089178512,0.8887639305032858,0.2604518430439304
410,37,0.30000000000000004,[0. 1.],[0. 1.],0.599999986160271,0.599999986160271,0.7634999823889445,0.42493263191942665,0.0,0.7634999823889445,0.42493263191942665,0.0
411,37,0.4,[1. 0.],[1. 0.],2.3999999447583154,2.3999999447583154,2.2322999486183273,1.309097640021011,0.0,2.2322999486183273,1.309097640021011,0.0
412,37,0.5,[0. 1.],[0. 1.],0.5999999851958144,0.5999999851958144,0.7634999811616736,0.42493263123637826,0.0,0.7634999811616736,0.42493263123637826,0.0
413,37,0.6000000000000001,[1. 0.],[1. 0.],2.3999999883799212,2.3999999883799212,2.232299989191874,1.3090976638147378,0.0,2.232299989191874,1.3090976638147378,0.0
414,37,0.7000000000000001,[0. 1.],[0. 1.],0.5999999837161527,0.5999999837161527,0.7634999792788045,0.4249326301884506,0.0,0.7634999792788045,0.4249326301884506,0.0
415,37,0.8,[0. 1.],[0. 1.],0.5999999827706614,0.5999999827706614,0.7634999780756664,0.42493262951883376,0.0,0.7634999780756664,0.42493262951883376,0.0
416,37,0.9,[0. 1.],[0. 1.],0.5999999816798868,0.5999999816798868,0.7634999766876557,0.4249326287463241,0.0,0.7634999766876557,0.4249326287463241,0.0
417,37,1.0,[1. 0.],[1. 0.],2.3999999999942236,2.3999999999942236,2.232299999994627,1.3090976701498442,0.0,2.232299999994627,1.3090976701498442,0.0
418,38,0.0,[0. 1.],[0. 1.],0.7999999954506269,0.7999999954506269,0.7634999956581918,0.42493263930454295,0.0,0.7634999956581918,0.42493263930454295,0.0
419,38,0.1,[0. 1.],[0. 1.],0.8000000083221388,0.8000000083221388,0.7635000079424409,0.42493264614144993,0.0,0.7635000079424409,0.42493264614144993,0.0
420,38,0.2,[0. 1.],[0. 1.],0.8000000084413996,0.8000000084413996,0.7635000080562607,0.42493264620479715,0.0,0.7635000080562607,0.42493264620479715,0.0
421,38,0.30000000000000004,[0. 1.],[0. 1.],0.8000000086461589,0.8000000086461589,0.7635000082516782,0.4249326463135584,0.0,0.7635000082516782,0.4249326463135584,0.0
422,38,0.4,[0. 1.],[0. 1.],0.8000000089375268,0.8000000089375268,0.7635000085297518,0.42493264646832285,0.0,0.7635000085297518,0.42493264646832285,0.0
423,38,0.5,[0. 1.],[0. 1.],0.7999999999999038,0.7999999999999038,0.7634999999999079,0.42493264172096334,0.0,0.7634999999999079,0.42493264172096334,0.0
424,38,0.6000000000000001,[0. 1.],[0. 1.],0.7999999960775577,0.7999999960775577,0.7634999962565192,0.4249326396375472,0.0,0.7634999962565192,0.4249326396375472,0.0
425,38,0.7000000000000001,[0. 1.],[0. 1.],0.7999999999999965,0.7999999999999965,0.763499999999997,0.42493264172101247,0.0,0.763499999999997,0.42493264172101247,0.0
426,38,0.8,[0. 1.],[0. 1.],0.7999999998659939,0.7999999998659939,0.7634999998721079,0.4249326416498349,0.0,0.7634999998721079,0.4249326416498349,0.0
427,38,0.9,[0.84 0.16],[0.84 0.16],2.1172881239970307,2.1172881239970316,1.9359360776464765,1.1547788236935066,0.02556901912612239,1.9359360776464776,1.154778823693507,0.02556901912612239
428,38,1.0,[0. 1.],[0. 1.],0.7999999999999999,0.7999999999999999,0.7635,0.42493264172101436,0.0,0.7635,0.42493264172101436,0.0
429,39,0.0,[0. 1.],[0. 1.],0.5999999152246802,0.5999999152246802,0.7634998921234057,0.42493258168134673,0.0,0.7634998921234057,0.42493258168134673,0.0
430,39,0.1,[0. 1.],[0. 1.],0.5999999864804908,0.5999999864804908,0.7634999827964247,0.42493263214621324,0.0,0.7634999827964247,0.42493263214621324,0.0
431,39,0.2,[0. 1.],[0. 1.],0.5999999862525599,0.5999999862525599,0.7634999825063824,0.4249326319847877,0.0,0.7634999825063824,0.4249326319847877,0.0
432,39,0.30000000000000004,[0. 1.],[0. 1.],0.5999999858782802,0.5999999858782802,0.7634999820301118,0.4249326317197149,0.0,0.7634999820301118,0.4249326317197149,0.0
433,39,0.4,[0. 1.],[0. 1.],0.5999999853563542,0.5999999853563542,0.7634999813659605,0.42493263135007603,0.0,0.7634999813659605,0.42493263135007603,0.0
434,39,0.5,[0. 1.],[0. 1.],0.5999999846851396,0.5999999846851396,0.7634999805118404,0.4249326308747077,0.0,0.7634999805118404,0.4249326308747077,0.0
435,39,0.6000000000000001,[0. 1.],[0. 1.],0.5999999462916659,0.5999999462916659,0.7634999316561448,0.4249326036836406,0.0,0.7634999316561448,0.4249326036836406,0.0
436,39,0.7000000000000001,[0. 1.],[0. 1.],0.5999999432144785,0.5999999432144785,0.7634999277404241,0.4249326015043117,0.0,0.7634999277404241,0.4249326015043117,0.0
437,39,0.8,[0. 1.],[0. 1.],0.5999999396632482,0.5999999396632482,0.763499923221483,0.4249325989892555,0.0,0.763499923221483,0.4249325989892555,0.0
438,39,0.9,[0. 1.],[0. 1.],0.5999999356370526,0.5999999356370526,0.7634999180981495,0.4249325961378189,0.0,0.7634999180981495,0.4249325961378189,0.0
439,39,1.0,[1. 0.],[1. 0.],3.0000008811325776,3.0000011927570047,2.232300655650751,1.3090980546491966,0.0,2.232300919285017,1.3090982092534342,0.0
440,40,0.0,[0. 1.],[0. 1.],0.7999999954506269,0.7999999954506269,0.7634999956581918,0.42493263930454295,0.0,0.7634999956581918,0.42493263930454295,0.0
441,40,0.1,[0. 1.],[0. 1.],0.8000000083221388,0.8000000083221388,0.7635000079424409,0.42493264614144993,0.0,0.7635000079424409,0.42493264614144993,0.0
442,40,0.2,[0. 1.],[0. 1.],0.8000000084413996,0.8000000084413996,0.7635000080562607,0.42493264620479715,0.0,0.7635000080562607,0.42493264620479715,0.0
443,40,0.30000000000000004,[0. 1.],[0. 1.],0.8000000086461589,0.8000000086461589,0.7635000082516782,0.4249326463135584,0.0,0.7635000082516782,0.4249326463135584,0.0
444,40,0.4,[0. 1.],[0. 1.],0.8000000089375268,0.8000000089375268,0.7635000085297518,0.42493264646832285,0.0,0.7635000085297518,0.42493264646832285,0.0
445,40,0.5,[0. 1.],[0. 1.],0.7999999999999038,0.7999999999999038,0.7634999999999079,0.42493264172096334,0.0,0.7634999999999079,0.42493264172096334,0.0
446,40,0.6000000000000001,[0. 1.],[0. 1.],0.7999999960775577,0.7999999960775577,0.7634999962565192,0.4249326396375472,0.0,0.7634999962565192,0.4249326396375472,0.0
447,40,0.7000000000000001,[0. 1.],[0. 1.],0.7999999999999965,0.7999999999999965,0.763499999999997,0.42493264172101247,0.0,0.763499999999997,0.42493264172101247,0.0
448,40,0.8,[0. 1.],[0. 1.],0.7999999998659939,0.7999999998659939,0.7634999998721079,0.4249326416498349,0.0,0.7634999998721079,0.4249326416498349,0.0
449,40,0.9,[0.84 0.16],[0.84 0.16],2.1172881239970307,2.1172881239970316,1.9359360776464765,1.1547788236935066,0.02556901912612239,1.9359360776464776,1.154778823693507,0.02556901912612239
450,40,1.0,[0. 1.],[0. 1.],0.7999999999999999,0.7999999999999999,0.7635,0.42493264172101436,0.0,0.7635,0.42493264172101436,0.0
451,41,0.0,[0.091 0.909],[0.091 0.909],0.27272727272719144,0.2727272727269592,0.8591925619831656,0.49829825005548406,0.024793388429729356,0.8591925619825761,0.49829825005500467,0.024793388429729356
452,41,0.1,[0.081 0.919],[0.081 0.919],0.26329458477421225,0.26329458477426565,0.8486899162177964,0.48898908347696474,0.019815455305894774,0.8486899162179318,0.48898908347707243,0.019815455305894774
453,41,0.2,[0.072 0.928],[0.072 0.928],0.25475608459425814,0.2547560845982364,0.8388428844637837,0.4804264768652053,0.015623339354089893,0.8388428844738807,0.48042647687303264,0.015623339354089893
454,41,0.30000000000000004,[0.064 0.936],[0.064 0.936],0.24701065977559034,0.24701065982693254,0.8295927371286888,0.4725620613910433,0.012113958438475776,0.8295927372589956,0.47256206148948565,0.012113958438475776
455,41,0.4,[0.055 0.945],[0.055 0.945],0.23997071556408353,0.23997071584718616,0.8208874858910884,0.46535021050430947,0.00919903651065458,0.8208874866096029,0.46535021103262997,0.00919903651065458
456,41,0.5,[1. 0.],[1. 0.],3.000000000000036,3.000000000000036,2.2323000000000266,1.3090976701530106,0.0,2.2323000000000266,1.3090976701530106,0.0
457,41,0.6000000000000001,[0. 1.],[0. 1.],0.19999999999972964,0.19999999999972964,0.7634999999989677,0.42493264172043993,0.0,0.7634999999989677,0.42493264172043993,0.0
458,41,0.7000000000000001,[0. 1.],[0. 1.],0.19999999999970836,0.19999999999970836,0.7634999999988866,0.4249326417203947,0.0,0.7634999999988866,0.4249326417203947,0.0
459,41,0.8,[0. 1.],[0. 1.],0.19999999999968474,0.19999999999968474,0.7634999999987966,0.4249326417203445,0.0,0.7634999999987966,0.4249326417203445,0.0
460,41,0.9,[1. 0.],[1. 0.],3.000000000000047,3.000000000000047,2.232300000000035,1.3090976701530155,0.0,2.232300000000035,1.3090976701530155,0.0
461,41,1.0,[1. 0.],[1. 0.],3.0000000000000515,3.0000000000000515,2.2323000000000373,1.3090976701530173,0.0,2.2323000000000373,1.3090976701530173,0.0
462,42,0.0,[0. 1.],[0. 1.],1.000000008716652,1.000000008716652,0.7635000066551638,0.4249326454250044,0.0,0.7635000066551638,0.4249326454250044,0.0
463,42,0.1,[0. 1.],[0. 1.],1.0000000087890617,1.0000000087890617,0.7635000067104487,0.4249326454557736,0.0,0.7635000067104487,0.4249326454557736,0.0
464,42,0.2,[0. 1.],[0. 1.],1.0000000014991335,1.0000000014991335,0.7635000011445885,0.4249326423580452,0.0,0.7635000011445885,0.4249326423580452,0.0
465,42,0.30000000000000004,[0. 1.],[0. 1.],1.0000000015489434,1.0000000015489434,0.7635000011826184,0.424932642379211,0.0,0.7635000011826184,0.424932642379211,0.0
466,42,0.4,[0. 1.],[0. 1.],1.0000000016186104,1.0000000016186104,0.7635000012358091,0.4249326424088148,0.0,0.7635000012358091,0.4249326424088148,0.0
467,42,0.5,[0. 1.],[0. 1.],1.0000000017081456,1.0000000017081456,0.763500001304169,0.4249326424468613,0.0,0.763500001304169,0.4249326424468613,0.0
468,42,0.6000000000000001,[0. 1.],[0. 1.],1.0000000018175612,1.0000000018175612,0.7635000013877079,0.4249326424933555,0.0,0.7635000013877079,0.4249326424933555,0.0
469,42,0.7000000000000001,[0. 1.],[0. 1.],1.00000000194687,1.00000000194687,0.7635000014864352,0.42493264254830293,0.0,0.7635000014864352,0.42493264254830293,0.0
470,42,0.8,[0. 1.],[0. 1.],1.000000002096086,1.000000002096086,0.7635000016003618,0.42493264261170977,0.0,0.7635000016003618,0.42493264261170977,0.0
471,42,0.9,[0. 1.],[0. 1.],1.0000000022652265,1.0000000022652265,0.7635000017295004,0.424932642683583,0.0,0.7635000017295004,0.424932642683583,0.0
472,42,1.0,[0. 1.],[0. 1.],1.0000000249344072,1.0000000249344072,0.7635000190374198,0.424932652316458,0.0,0.7635000190374198,0.424932652316458,0.0
473,43,0.0,[0. 1.],[0. 1.],0.7999999463554921,0.7999999463554921,0.7634999488030225,0.4249326132268863,0.0,0.7634999488030225,0.4249326132268863,0.0
474,43,0.1,[0. 1.],[0. 1.],0.7999999941005648,0.7999999941005648,0.7634999943697267,0.42493263858743613,0.0,0.7634999943697267,0.42493263858743613,0.0
475,43,0.2,[0. 1.],[0. 1.],0.7999999939751951,0.7999999939751951,0.7634999942500768,0.42493263852084406,0.0,0.7634999942500768,0.42493263852084406,0.0
476,43,0.30000000000000004,[0. 1.],[0. 1.],0.7999999937679967,0.7999999937679967,0.763499994052332,0.4249326384107874,0.0,0.763499994052332,0.4249326384107874,0.0
477,43,0.4,[0. 1.],[0. 1.],0.7999999934765615,0.7999999934765615,0.7634999937741932,0.4249326382559869,0.0,0.7634999937741932,0.4249326382559869,0.0
478,43,0.5,[0. 1.],[0. 1.],0.7999999930975783,0.7999999930975783,0.7634999934125012,0.424932638054684,0.0,0.7634999934125012,0.424932638054684,0.0
479,43,0.6000000000000001,[0. 1.],[0. 1.],0.7999999926268611,0.7999999926268611,0.7634999929632605,0.4249326378046551,0.0,0.7634999929632605,0.4249326378046551,0.0
480,43,0.7000000000000001,[0. 1.],[0. 1.],0.7999999920593854,0.7999999920593854,0.7634999924216758,0.42493263750323146,0.0,0.7634999924216758,0.42493263750323146,0.0
481,43,0.8,[0. 1.],[0. 1.],0.7999999702254604,0.7999999702254604,0.7634999715839236,0.4249326259057972,0.0,0.7634999715839236,0.4249326259057972,0.0
482,43,0.9,[0. 1.],[0. 1.],0.7999999675765941,0.7999999675765941,0.7634999690559118,0.42493262449881,0.0,0.7634999690559118,0.42493262449881,0.0
483,43,1.0,[0. 1.],[0. 1.],0.7999999645413535,0.7999999645413535,0.7634999661591543,0.42493262288659395,0.0,0.7634999661591543,0.42493262288659395,0.0
484,44,0.0,[0. 1.],[0. 1.],0.7999999463554921,0.7999999463554921,0.7634999488030225,0.4249326132268863,0.0,0.7634999488030225,0.4249326132268863,0.0
485,44,0.1,[0. 1.],[0. 1.],0.7999999941005648,0.7999999941005648,0.7634999943697267,0.42493263858743613,0.0,0.7634999943697267,0.42493263858743613,0.0
486,44,0.2,[0. 1.],[0. 1.],0.7999999939751951,0.7999999939751951,0.7634999942500768,0.42493263852084406,0.0,0.7634999942500768,0.42493263852084406,0.0
487,44,0.30000000000000004,[0. 1.],[0. 1.],0.7999999937679967,0.7999999937679967,0.763499994052332,0.4249326384107874,0.0,0.763499994052332,0.4249326384107874,0.0
488,44,0.4,[0. 1.],[0. 1.],0.7999999934765615,0.7999999934765615,0.7634999937741932,0.4249326382559869,0.0,0.7634999937741932,0.4249326382559869,0.0
489,44,0.5,[0. 1.],[0. 1.],0.7999999930975783,0.7999999930975783,0.7634999934125012,0.424932638054684,0.0,0.7634999934125012,0.424932638054684,0.0
490,44,0.6000000000000001,[0. 1.],[0. 1.],0.7999999926268611,0.7999999926268611,0.7634999929632605,0.4249326378046551,0.0,0.7634999929632605,0.4249326378046551,0.0
491,44,0.7000000000000001,[0. 1.],[0. 1.],0.7999999920593854,0.7999999920593854,0.7634999924216758,0.42493263750323146,0.0,0.7634999924216758,0.42493263750323146,0.0
492,44,0.8,[0. 1.],[0. 1.],0.7999999702254604,0.7999999702254604,0.7634999715839236,0.4249326259057972,0.0,0.7634999715839236,0.4249326259057972,0.0
493,44,0.9,[0. 1.],[0. 1.],0.7999999675765941,0.7999999675765941,0.7634999690559118,0.42493262449881,0.0,0.7634999690559118,0.42493262449881,0.0
494,44,1.0,[0. 1.],[0. 1.],0.7999999645413535,0.7999999645413535,0.7634999661591543,0.42493262288659395,0.0,0.7634999661591543,0.42493262288659395,0.0
495,45,0.0,[0.429 0.571],[0.429 0.571],0.7714285714286794,0.7714285714289263,1.2808714285715221,0.8374538444416606,0.32653061224513513,1.2808714285721485,0.8374538444422752,0.32653061224513513
496,45,0.1,[0.409 0.591],[0.409 0.591],0.7522419950521949,0.7522419950539233,1.2533582704993809,0.8200897030118347,0.34947040688876263,1.253358270503767,0.8200897030161457,0.34947040688876263
497,45,0.2,[0.39 0.61],[0.39 0.61],0.7352740997689348,0.7352740998514313,1.2279335608843995,0.8034699507625231,0.37164345576048097,1.2279335610937756,0.8034699509685967,0.37164345576048097
498,45,0.30000000000000004,[0.373 0.627],[0.373 0.627],0.7202287294914719,0.720228730331663,1.2043733414771207,0.7875532876527532,0.3930575330855404,1.2043733436095263,0.7875532897528643,0.3930575330855404
499,45,0.4,[0.357 0.643],[0.357 0.643],0.7068558799832579,0.7068558843699614,1.1824840718197216,0.7723035035162215,0.3818842830486418,1.1824840829531749,0.7723035144805672,0.3818842830486418
500,45,0.5,[0.341 0.659],[0.341 0.659],0.6949434600645119,0.6949434757913422,1.1620976880033118,0.7576880932523959,0.34979174699896504,1.1620977279180076,0.7576881325353105,0.34979174699896504
501,45,0.6000000000000001,[1. 0.],[1. 0.],1.8000000000000043,1.8000000000000043,2.2323000000000053,1.309097670152998,0.0,2.2323000000000053,1.309097670152998,0.0
502,45,0.7000000000000001,[1. 0.],[1. 0.],1.800000000000004,1.800000000000004,2.2323000000000053,1.309097670152998,0.0,2.2323000000000053,1.309097670152998,0.0
503,45,0.8,[1. 0.],[1. 0.],1.8000000000000045,1.8000000000000045,2.2323000000000053,1.309097670152998,0.0,2.2323000000000053,1.309097670152998,0.0
504,45,0.9,[1. 0.],[1. 0.],1.7999999853566795,1.7999999853566795,2.232299981839842,1.3090976595032524,0.0,2.232299981839842,1.3090976595032524,0.0
505,45,1.0,[1. 0.],[1. 0.],1.7999999842915129,1.7999999842915129,2.2322999805188575,1.3090976587285816,0.0,2.2322999805188575,1.3090976587285816,0.0
506,46,0.0,[0. 1.],[0. 1.],1.000000008716652,1.000000008716652,0.7635000066551638,0.4249326454250044,0.0,0.7635000066551638,0.4249326454250044,0.0
507,46,0.1,[0. 1.],[0. 1.],1.0000000087890617,1.0000000087890617,0.7635000067104487,0.4249326454557736,0.0,0.7635000067104487,0.4249326454557736,0.0
508,46,0.2,[0. 1.],[0. 1.],1.0000000014991335,1.0000000014991335,0.7635000011445885,0.4249326423580452,0.0,0.7635000011445885,0.4249326423580452,0.0
509,46,0.30000000000000004,[0. 1.],[0. 1.],1.0000000015489434,1.0000000015489434,0.7635000011826184,0.424932642379211,0.0,0.7635000011826184,0.424932642379211,0.0
510,46,0.4,[0. 1.],[0. 1.],1.0000000016186104,1.0000000016186104,0.7635000012358091,0.4249326424088148,0.0,0.7635000012358091,0.4249326424088148,0.0
511,46,0.5,[0. 1.],[0. 1.],1.0000000017081456,1.0000000017081456,0.763500001304169,0.4249326424468613,0.0,0.763500001304169,0.4249326424468613,0.0
512,46,0.6000000000000001,[0. 1.],[0. 1.],1.0000000018175612,1.0000000018175612,0.7635000013877079,0.4249326424933555,0.0,0.7635000013877079,0.4249326424933555,0.0
513,46,0.7000000000000001,[0. 1.],[0. 1.],1.00000000194687,1.00000000194687,0.7635000014864352,0.42493264254830293,0.0,0.7635000014864352,0.42493264254830293,0.0
514,46,0.8,[0. 1.],[0. 1.],1.000000002096086,1.000000002096086,0.7635000016003618,0.42493264261170977,0.0,0.7635000016003618,0.42493264261170977,0.0
515,46,0.9,[0. 1.],[0. 1.],1.0000000022652265,1.0000000022652265,0.7635000017295004,0.424932642683583,0.0,0.7635000017295004,0.424932642683583,0.0
516,46,1.0,[0. 1.],[0. 1.],1.0000000249344072,1.0000000249344072,0.7635000190374198,0.424932652316458,0.0,0.7635000190374198,0.424932652316458,0.0
517,47,0.0,[0.8 0.2],[0.8 0.2],0.9600000000009843,0.9600000000005151,1.8652920000022875,1.122329075957689,0.04000000000055172,1.8652920000010964,1.1223290759567395,0.04000000000055172
518,47,0.1,[0.812 0.188],[0.812 0.188],0.9721440000010433,0.9721440000007412,1.886279683202106,1.1318590565719835,0.03534400000001676,1.8862796832013384,1.1318590565713802,0.03534400000001676
519,47,0.2,[0.824 0.176],[0.824 0.176],0.9845760000162544,0.9845760000134687,1.9073992128297155,1.1415380780103164,0.030975999996672526,1.9073992128226451,1.141538078004831,0.030975999996672526
520,47,0.30000000000000004,[0.836 0.164],[0.836 0.164],0.9972960000906814,0.9972960000780148,1.9286505889612602,1.151379409863452,0.0268959999807012,1.9286505889291121,1.1513794098388688,0.0268959999807012
521,47,0.4,[0.848 0.152],[0.848 0.152],1.0103040003410961,1.0103040003008843,1.95003381179512,1.1613963822388789,0.02310399993163121,1.9500338116930622,1.1613963821620006,0.02310399993163121
522,47,0.5,[0.86 0.14],[0.86 0.14],1.0236000009988233,1.0236000008998327,1.9715488817141185,1.1716023640262387,0.019599999816551587,1.9715488814628814,1.1716023638399231,0.019599999816551587
523,47,0.6000000000000001,[0.872 0.128],[0.872 0.128],1.037184002498496,1.0371840022940109,1.9931957994226757,1.1820107407101705,0.016383999585754653,1.9931957989036924,1.1820107403315094,0.016383999585754653
524,47,0.7000000000000001,[0.884 0.116],[0.884 0.116],1.0510560056376104,1.0510560052675577,2.014974566191013,1.1926348918387413,0.013455999166557417,2.01497456525182,1.1926348911649858,0.013455999166557417
525,47,0.8,[0.896 0.104],[0.896 0.104],1.0652160118684155,1.0652160112710312,2.03688518429862,1.203488168300637,0.01081599845525407,2.036885182782459,1.203488167231945,0.01081599845525407
526,47,0.9,[0. 1.],[0. 1.],0.7999999896456628,0.7999999896456628,0.7634999901180793,0.4249326362211446,0.0,0.7634999901180793,0.4249326362211446,0.0
527,47,1.0,[0. 1.],[0. 1.],0.7999999884166117,0.7999999884166117,0.7634999889451037,0.4249326355683147,0.0,0.7634999889451037,0.4249326355683147,0.0
528,48,0.0,[0. 1.],[0. 1.],0.7999999463554921,0.7999999463554921,0.7634999488030225,0.4249326132268863,0.0,0.7634999488030225,0.4249326132268863,0.0
529,48,0.1,[0. 1.],[0. 1.],0.7999999941005648,0.7999999941005648,0.7634999943697267,0.42493263858743613,0.0,0.7634999943697267,0.42493263858743613,0.0
530,48,0.2,[0. 1.],[0. 1.],0.7999999939751951,0.7999999939751951,0.7634999942500768,0.42493263852084406,0.0,0.7634999942500768,0.42493263852084406,0.0
531,48,0.30000000000000004,[0. 1.],[0. 1.],0.7999999937679967,0.7999999937679967,0.763499994052332,0.4249326384107874,0.0,0.763499994052332,0.4249326384107874,0.0
532,48,0.4,[0. 1.],[0. 1.],0.7999999934765615,0.7999999934765615,0.7634999937741932,0.4249326382559869,0.0,0.7634999937741932,0.4249326382559869,0.0
533,48,0.5,[0. 1.],[0. 1.],0.7999999930975783,0.7999999930975783,0.7634999934125012,0.424932638054684,0.0,0.7634999934125012,0.424932638054684,0.0
534,48,0.6000000000000001,[0. 1.],[0. 1.],0.7999999926268611,0.7999999926268611,0.7634999929632605,0.4249326378046551,0.0,0.7634999929632605,0.4249326378046551,0.0
535,48,0.7000000000000001,[0. 1.],[0. 1.],0.7999999920593854,0.7999999920593854,0.7634999924216758,0.42493263750323146,0.0,0.7634999924216758,0.42493263750323146,0.0
536,48,0.8,[0. 1.],[0. 1.],0.7999999702254604,0.7999999702254604,0.7634999715839236,0.4249326259057972,0.0,0.7634999715839236,0.4249326259057972,0.0
537,48,0.9,[0. 1.],[0. 1.],0.7999999675765941,0.7999999675765941,0.7634999690559118,0.42493262449881,0.0,0.7634999690559118,0.42493262449881,0.0
538,48,1.0,[0. 1.],[0. 1.],0.7999999645413535,0.7999999645413535,0.7634999661591543,0.42493262288659395,0.0,0.7634999661591543,0.42493262288659395,0.0
539,49,0.0,[0. 1.],[0. 1.],1.0000000097113808,1.0000000097113808,0.763500007414639,0.4249326458476971,0.0,0.763500007414639,0.4249326458476971,0.0
540,49,0.1,[0. 1.],[0. 1.],1.0000000097788122,1.0000000097788122,0.7635000074661232,0.424932645876351,0.0,0.7635000074661232,0.424932645876351,0.0
541,49,0.2,[0. 1.],[0. 1.],1.0000000000686502,1.0000000000686502,0.7635000000524146,0.42493264175018614,0.0,0.7635000000524146,0.42493264175018614,0.0
542,49,0.30000000000000004,[0. 1.],[0. 1.],1.0000000106560878,1.0000000106560878,0.763500008135923,0.42493264624913396,0.0,0.763500008135923,0.42493264624913396,0.0
543,49,0.4,[0. 1.],[0. 1.],1.0000000048469742,1.0000000048469742,0.7635000037006648,0.42493264378065193,0.0,0.7635000037006648,0.42493264378065193,0.0
544,49,0.5,[0. 1.],[0. 1.],1.0000000000153384,1.0000000000153384,0.7635000000117111,0.42493264172753215,0.0,0.7635000000117111,0.42493264172753215,0.0
545,49,0.6000000000000001,[0. 1.],[0. 1.],1.0000000000266964,1.0000000000266964,0.763500000020383,0.42493264173235856,0.0,0.763500000020383,0.42493264173235856,0.0
546,49,0.7000000000000001,[0. 1.],[0. 1.],1.0000000000247165,1.0000000000247165,0.763500000018871,0.42493264173151724,0.0,0.763500000018871,0.42493264173151724,0.0
547,49,0.8,[0. 1.],[0. 1.],1.0000000000213858,1.0000000000213858,0.7635000000163279,0.424932641730102,0.0,0.7635000000163279,0.424932641730102,0.0
548,49,0.9,[0. 1.],[0. 1.],1.000000000017569,1.000000000017569,0.7635000000134138,0.42493264172848005,0.0,0.7635000000134138,0.42493264172848005,0.0
549,49,1.0,[0. 1.],[0. 1.],1.0000000166678493,1.0000000166678493,0.7635000127259028,0.4249326488037276,0.0,0.7635000127259028,0.4249326488037276,0.0
550,50,0.0,[0.571 0.429],[0.571 0.429],0.34285714285727076,0.34285714285727076,1.4907000000006807,0.952580514505098,0.1836734693878143,1.490700000000464,0.952580514504894,0.1836734693878143
551,50,0.1,[1. 0.],[1. 0.],0.599999987620829,0.599999987620829,2.2322999539432944,1.3090976431437549,0.0,2.2322999539432944,1.3090976431437549,0.0
552,50,0.2,[1. 0.],[1. 0.],0.5999999873463361,0.5999999873463361,2.2322999529220433,1.3090976425448582,0.0,2.2322999529220433,1.3090976425448582,0.0
553,50,0.30000000000000004,[1. 0.],[1. 0.],0.5999999868926778,0.5999999868926778,2.232299951234207,1.3090976415550533,0.0,2.232299951234207,1.3090976415550533,0.0
554,50,0.4,[1. 0.],[1. 0.],0.5999999862572614,0.5999999862572614,2.2322999488701405,1.3090976401686831,0.0,2.2322999488701405,1.3090976401686831,0.0
555,50,0.5,[1. 0.],[1. 0.],0.5999999854366541,0.5999999854366541,2.2322999458170716,1.309097638378258,0.0,2.2322999458170716,1.309097638378258,0.0
556,50,0.6000000000000001,[1. 0.],[1. 0.],0.5999999844265665,0.5999999844265665,2.2322999420590404,1.309097636174419,0.0,2.2322999420590404,1.309097636174419,0.0
557,50,0.7000000000000001,[1. 0.],[1. 0.],0.5999999832218381,0.5999999832218381,2.2322999375768484,1.3090976335459068,0.0,2.2322999375768484,1.3090976335459068,0.0
558,50,0.8,[1. 0.],[1. 0.],0.5999999818164328,0.5999999818164328,2.2322999323480377,1.3090976304795523,0.0,2.2322999323480377,1.3090976304795523,0.0
559,50,0.9,[0. 1.],[0. 1.],0.7999999972814043,0.7999999972814043,0.7634999974054401,0.4249326402769893,0.0,0.7634999974054401,0.4249326402769893,0.0
560,50,1.0,[0. 1.],[0. 1.],0.7999999971265849,0.7999999971265849,0.7634999972576845,0.4249326401947546,0.0,0.7634999972576845,0.4249326401947546,0.0
561,51,0.0,[0. 1.],[0. 1.],1.0000000097113808,1.0000000097113808,0.763500007414639,0.4249326458476971,0.0,0.763500007414639,0.4249326458476971,0.0
562,51,0.1,[0. 1.],[0. 1.],1.0000000097788122,1.0000000097788122,0.7635000074661232,0.424932645876351,0.0,0.7635000074661232,0.424932645876351,0.0
563,51,0.2,[0. 1.],[0. 1.],1.0000000000686502,1.0000000000686502,0.7635000000524146,0.42493264175018614,0.0,0.7635000000524146,0.42493264175018614,0.0
564,51,0.30000000000000004,[0. 1.],[0. 1.],1.0000000106560878,1.0000000106560878,0.763500008135923,0.42493264624913396,0.0,0.763500008135923,0.42493264624913396,0.0
565,51,0.4,[0. 1.],[0. 1.],1.0000000048469742,1.0000000048469742,0.7635000037006648,0.42493264378065193,0.0,0.7635000037006648,0.42493264378065193,0.0
566,51,0.5,[0. 1.],[0. 1.],1.0000000000153384,1.0000000000153384,0.7635000000117111,0.42493264172753215,0.0,0.7635000000117111,0.42493264172753215,0.0
567,51,0.6000000000000001,[0. 1.],[0. 1.],1.0000000000266964,1.0000000000266964,0.763500000020383,0.42493264173235856,0.0,0.763500000020383,0.42493264173235856,0.0
568,51,0.7000000000000001,[0. 1.],[0. 1.],1.0000000000247165,1.0000000000247165,0.763500000018871,0.42493264173151724,0.0,0.763500000018871,0.42493264173151724,0.0
569,51,0.8,[0. 1.],[0. 1.],1.0000000000213858,1.0000000000213858,0.7635000000163279,0.424932641730102,0.0,0.7635000000163279,0.424932641730102,0.0
570,51,0.9,[0. 1.],[0. 1.],1.000000000017569,1.000000000017569,0.7635000000134138,0.42493264172848005,0.0,0.7635000000134138,0.42493264172848005,0.0
571,51,1.0,[0. 1.],[0. 1.],1.0000000166678493,1.0000000166678493,0.7635000127259028,0.4249326488037276,0.0,0.7635000127259028,0.4249326488037276,0.0
572,52,0.0,[0.6 0.4],[0.6 0.4],1.4399999999981026,1.4400000000007678,1.5349079999982582,0.9739144888199092,0.16000000000092354,1.5349080000016404,0.9739144888230523,0.16000000000092354
573,52,0.1,[0.541 0.459],[0.541 0.459],1.3249931353801285,1.3249931386736713,1.4440498544941096,0.9291795763670732,0.21091906910313957,1.444049858673615,0.9291795803513279,0.21091906910313957
574,52,0.2,[0.49 0.51],[0.49 0.51],1.2314863258025999,1.231486325802545,1.3683045089179202,0.8887639305033531,0.2604518430439304,1.3683045089178512,0.8887639305032858,0.2604518430439304
575,52,0.30000000000000004,[0. 1.],[0. 1.],0.599999986160271,0.599999986160271,0.7634999823889445,0.42493263191942665,0.0,0.7634999823889445,0.42493263191942665,0.0
576,52,0.4,[1. 0.],[1. 0.],2.3999999447583154,2.3999999447583154,2.2322999486183273,1.309097640021011,0.0,2.2322999486183273,1.309097640021011,0.0
577,52,0.5,[0. 1.],[0. 1.],0.5999999851958144,0.5999999851958144,0.7634999811616736,0.42493263123637826,0.0,0.7634999811616736,0.42493263123637826,0.0
578,52,0.6000000000000001,[1. 0.],[1. 0.],2.3999999883799212,2.3999999883799212,2.232299989191874,1.3090976638147378,0.0,2.232299989191874,1.3090976638147378,0.0
579,52,0.7000000000000001,[0. 1.],[0. 1.],0.5999999837161527,0.5999999837161527,0.7634999792788045,0.4249326301884506,0.0,0.7634999792788045,0.4249326301884506,0.0
580,52,0.8,[0. 1.],[0. 1.],0.5999999827706614,0.5999999827706614,0.7634999780756664,0.42493262951883376,0.0,0.7634999780756664,0.42493262951883376,0.0
581,52,0.9,[0. 1.],[0. 1.],0.5999999816798868,0.5999999816798868,0.7634999766876557,0.4249326287463241,0.0,0.7634999766876557,0.4249326287463241,0.0
582,52,1.0,[1. 0.],[1. 0.],2.3999999999942236,2.3999999999942236,2.232299999994627,1.3090976701498442,0.0,2.232299999994627,1.3090976701498442,0.0
583,53,0.0,[0. 1.],[0. 1.],0.7999999463554921,0.7999999463554921,0.7634999488030225,0.4249326132268863,0.0,0.7634999488030225,0.4249326132268863,0.0
584,53,0.1,[0. 1.],[0. 1.],0.7999999941005648,0.7999999941005648,0.7634999943697267,0.42493263858743613,0.0,0.7634999943697267,0.42493263858743613,0.0
585,53,0.2,[0. 1.],[0. 1.],0.7999999939751951,0.7999999939751951,0.7634999942500768,0.42493263852084406,0.0,0.7634999942500768,0.42493263852084406,0.0
586,53,0.30000000000000004,[0. 1.],[0. 1.],0.7999999937679967,0.7999999937679967,0.763499994052332,0.4249326384107874,0.0,0.763499994052332,0.4249326384107874,0.0
587,53,0.4,[0. 1.],[0. 1.],0.7999999934765615,0.7999999934765615,0.7634999937741932,0.4249326382559869,0.0,0.7634999937741932,0.4249326382559869,0.0
588,53,0.5,[0. 1.],[0. 1.],0.7999999930975783,0.7999999930975783,0.7634999934125012,0.424932638054684,0.0,0.7634999934125012,0.424932638054684,0.0
589,53,0.6000000000000001,[0. 1.],[0. 1.],0.7999999926268611,0.7999999926268611,0.7634999929632605,0.4249326378046551,0.0,0.7634999929632605,0.4249326378046551,0.0
590,53,0.7000000000000001,[0. 1.],[0. 1.],0.7999999920593854,0.7999999920593854,0.7634999924216758,0.42493263750323146,0.0,0.7634999924216758,0.42493263750323146,0.0
591,53,0.8,[0. 1.],[0. 1.],0.7999999702254604,0.7999999702254604,0.7634999715839236,0.4249326259057972,0.0,0.7634999715839236,0.4249326259057972,0.0
592,53,0.9,[0. 1.],[0. 1.],0.7999999675765941,0.7999999675765941,0.7634999690559118,0.42493262449881,0.0,0.7634999690559118,0.42493262449881,0.0
593,53,1.0,[0. 1.],[0. 1.],0.7999999645413535,0.7999999645413535,0.7634999661591543,0.42493262288659395,0.0,0.7634999661591543,0.42493262288659395,0.0
594,54,0.0,[0. 1.],[0. 1.],1.0000000097113808,1.0000000097113808,0.763500007414639,0.4249326458476971,0.0,0.763500007414639,0.4249326458476971,0.0
595,54,0.1,[0. 1.],[0. 1.],1.0000000097788122,1.0000000097788122,0.7635000074661232,0.424932645876351,0.0,0.7635000074661232,0.424932645876351,0.0
596,54,0.2,[0. 1.],[0. 1.],1.0000000000686502,1.0000000000686502,0.7635000000524146,0.42493264175018614,0.0,0.7635000000524146,0.42493264175018614,0.0
597,54,0.30000000000000004,[0. 1.],[0. 1.],1.0000000106560878,1.0000000106560878,0.763500008135923,0.42493264624913396,0.0,0.763500008135923,0.42493264624913396,0.0
598,54,0.4,[0. 1.],[0. 1.],1.0000000048469742,1.0000000048469742,0.7635000037006648,0.42493264378065193,0.0,0.7635000037006648,0.42493264378065193,0.0
599,54,0.5,[0. 1.],[0. 1.],1.0000000000153384,1.0000000000153384,0.7635000000117111,0.42493264172753215,0.0,0.7635000000117111,0.42493264172753215,0.0
600,54,0.6000000000000001,[0. 1.],[0. 1.],1.0000000000266964,1.0000000000266964,0.763500000020383,0.42493264173235856,0.0,0.763500000020383,0.42493264173235856,0.0
601,54,0.7000000000000001,[0. 1.],[0. 1.],1.0000000000247165,1.0000000000247165,0.763500000018871,0.42493264173151724,0.0,0.763500000018871,0.42493264173151724,0.0
602,54,0.8,[0. 1.],[0. 1.],1.0000000000213858,1.0000000000213858,0.7635000000163279,0.424932641730102,0.0,0.7635000000163279,0.424932641730102,0.0
603,54,0.9,[0. 1.],[0. 1.],1.000000000017569,1.000000000017569,0.7635000000134138,0.42493264172848005,0.0,0.7635000000134138,0.42493264172848005,0.0
604,54,1.0,[0. 1.],[0. 1.],1.0000000166678493,1.0000000166678493,0.7635000127259028,0.4249326488037276,0.0,0.7635000127259028,0.4249326488037276,0.0
605,55,0.0,[0.091 0.909],[0.091 0.909],0.27272727272719144,0.2727272727269592,0.8591925619831656,0.49829825005548406,0.024793388429729356,0.8591925619825761,0.49829825005500467,0.024793388429729356
606,55,0.1,[0.081 0.919],[0.081 0.919],0.26329458477421225,0.26329458477426565,0.8486899162177964,0.48898908347696474,0.019815455305894774,0.8486899162179318,0.48898908347707243,0.019815455305894774
607,55,0.2,[0.072 0.928],[0.072 0.928],0.25475608459425814,0.2547560845982364,0.8388428844637837,0.4804264768652053,0.015623339354089893,0.8388428844738807,0.48042647687303264,0.015623339354089893
608,55,0.30000000000000004,[0.064 0.936],[0.064 0.936],0.24701065977559034,0.24701065982693254,0.8295927371286888,0.4725620613910433,0.012113958438475776,0.8295927372589956,0.47256206148948565,0.012113958438475776
609,55,0.4,[0.055 0.945],[0.055 0.945],0.23997071556408353,0.23997071584718616,0.8208874858910884,0.46535021050430947,0.00919903651065458,0.8208874866096029,0.46535021103262997,0.00919903651065458
610,55,0.5,[1. 0.],[1. 0.],3.000000000000036,3.000000000000036,2.2323000000000266,1.3090976701530106,0.0,2.2323000000000266,1.3090976701530106,0.0
611,55,0.6000000000000001,[0. 1.],[0. 1.],0.19999999999972964,0.19999999999972964,0.7634999999989677,0.42493264172043993,0.0,0.7634999999989677,0.42493264172043993,0.0
612,55,0.7000000000000001,[0. 1.],[0. 1.],0.19999999999970836,0.19999999999970836,0.7634999999988866,0.4249326417203947,0.0,0.7634999999988866,0.4249326417203947,0.0
613,55,0.8,[0. 1.],[0. 1.],0.19999999999968474,0.19999999999968474,0.7634999999987966,0.4249326417203445,0.0,0.7634999999987966,0.4249326417203445,0.0
614,55,0.9,[1. 0.],[1. 0.],3.000000000000047,3.000000000000047,2.232300000000035,1.3090976701530155,0.0,2.232300000000035,1.3090976701530155,0.0
615,55,1.0,[1. 0.],[1. 0.],3.0000000000000515,3.0000000000000515,2.2323000000000373,1.3090976701530173,0.0,2.2323000000000373,1.3090976701530173,0.0
616,56,0.0,[0. 1.],[0. 1.],0.7999999463554921,0.7999999463554921,0.7634999488030225,0.4249326132268863,0.0,0.7634999488030225,0.4249326132268863,0.0
617,56,0.1,[0. 1.],[0. 1.],0.7999999941005648,0.7999999941005648,0.7634999943697267,0.42493263858743613,0.0,0.7634999943697267,0.42493263858743613,0.0
618,56,0.2,[0. 1.],[0. 1.],0.7999999939751951,0.7999999939751951,0.7634999942500768,0.42493263852084406,0.0,0.7634999942500768,0.42493263852084406,0.0
619,56,0.30000000000000004,[0. 1.],[0. 1.],0.7999999937679967,0.7999999937679967,0.763499994052332,0.4249326384107874,0.0,0.763499994052332,0.4249326384107874,0.0
620,56,0.4,[0. 1.],[0. 1.],0.7999999934765615,0.7999999934765615,0.7634999937741932,0.4249326382559869,0.0,0.7634999937741932,0.4249326382559869,0.0
621,56,0.5,[0. 1.],[0. 1.],0.7999999930975783,0.7999999930975783,0.7634999934125012,0.424932638054684,0.0,0.7634999934125012,0.424932638054684,0.0
622,56,0.6000000000000001,[0. 1.],[0. 1.],0.7999999926268611,0.7999999926268611,0.7634999929632605,0.4249326378046551,0.0,0.7634999929632605,0.4249326378046551,0.0
623,56,0.7000000000000001,[0. 1.],[0. 1.],0.7999999920593854,0.7999999920593854,0.7634999924216758,0.42493263750323146,0.0,0.7634999924216758,0.42493263750323146,0.0
624,56,0.8,[0. 1.],[0. 1.],0.7999999702254604,0.7999999702254604,0.7634999715839236,0.4249326259057972,0.0,0.7634999715839236,0.4249326259057972,0.0
625,56,0.9,[0. 1.],[0. 1.],0.7999999675765941,0.7999999675765941,0.7634999690559118,0.42493262449881,0.0,0.7634999690559118,0.42493262449881,0.0
626,56,1.0,[0. 1.],[0. 1.],0.7999999645413535,0.7999999645413535,0.7634999661591543,0.42493262288659395,0.0,0.7634999661591543,0.42493262288659395,0.0
627,57,0.0,[0. 1.],[0. 1.],1.000000008716652,1.000000008716652,0.7635000066551638,0.4249326454250044,0.0,0.7635000066551638,0.4249326454250044,0.0
628,57,0.1,[0. 1.],[0. 1.],1.0000000087890617,1.0000000087890617,0.7635000067104487,0.4249326454557736,0.0,0.7635000067104487,0.4249326454557736,0.0
629,57,0.2,[0. 1.],[0. 1.],1.0000000014991335,1.0000000014991335,0.7635000011445885,0.4249326423580452,0.0,0.7635000011445885,0.4249326423580452,0.0
630,57,0.30000000000000004,[0. 1.],[0. 1.],1.0000000015489434,1.0000000015489434,0.7635000011826184,0.424932642379211,0.0,0.7635000011826184,0.424932642379211,0.0
631,57,0.4,[0. 1.],[0. 1.],1.0000000016186104,1.0000000016186104,0.7635000012358091,0.4249326424088148,0.0,0.7635000012358091,0.4249326424088148,0.0
632,57,0.5,[0. 1.],[0. 1.],1.0000000017081456,1.0000000017081456,0.763500001304169,0.4249326424468613,0.0,0.763500001304169,0.4249326424468613,0.0
633,57,0.6000000000000001,[0. 1.],[0. 1.],1.0000000018175612,1.0000000018175612,0.7635000013877079,0.4249326424933555,0.0,0.7635000013877079,0.4249326424933555,0.0
634,57,0.7000000000000001,[0. 1.],[0. 1.],1.00000000194687,1.00000000194687,0.7635000014864352,0.42493264254830293,0.0,0.7635000014864352,0.42493264254830293,0.0
635,57,0.8,[0. 1.],[0. 1.],1.000000002096086,1.000000002096086,0.7635000016003618,0.42493264261170977,0.0,0.7635000016003618,0.42493264261170977,0.0
636,57,0.9,[0. 1.],[0. 1.],1.0000000022652265,1.0000000022652265,0.7635000017295004,0.424932642683583,0.0,0.7635000017295004,0.424932642683583,0.0
637,57,1.0,[0. 1.],[0. 1.],1.0000000249344072,1.0000000249344072,0.7635000190374198,0.424932652316458,0.0,0.7635000190374198,0.424932652316458,0.0
638,58,0.0,[0.6 0.4],[0.6 0.4],1.4399999999981026,1.4400000000007678,1.5349079999982582,0.9739144888199092,0.16000000000092354,1.5349080000016404,0.9739144888230523,0.16000000000092354
639,58,0.1,[0.541 0.459],[0.541 0.459],1.3249931353801285,1.3249931386736713,1.4440498544941096,0.9291795763670732,0.21091906910313957,1.444049858673615,0.9291795803513279,0.21091906910313957
640,58,0.2,[0.49 0.51],[0.49 0.51],1.2314863258025999,1.231486325802545,1.3683045089179202,0.8887639305033531,0.2604518430439304,1.3683045089178512,0.8887639305032858,0.2604518430439304
641,58,0.30000000000000004,[0. 1.],[0. 1.],0.599999986160271,0.599999986160271,0.7634999823889445,0.42493263191942665,0.0,0.7634999823889445,0.42493263191942665,0.0
642,58,0.4,[1. 0.],[1. 0.],2.3999999447583154,2.3999999447583154,2.2322999486183273,1.309097640021011,0.0,2.2322999486183273,1.309097640021011,0.0
643,58,0.5,[0. 1.],[0. 1.],0.5999999851958144,0.5999999851958144,0.7634999811616736,0.42493263123637826,0.0,0.7634999811616736,0.42493263123637826,0.0
644,58,0.6000000000000001,[1. 0.],[1. 0.],2.3999999883799212,2.3999999883799212,2.232299989191874,1.3090976638147378,0.0,2.232299989191874,1.3090976638147378,0.0
645,58,0.7000000000000001,[0. 1.],[0. 1.],0.5999999837161527,0.5999999837161527,0.7634999792788045,0.4249326301884506,0.0,0.7634999792788045,0.4249326301884506,0.0
646,58,0.8,[0. 1.],[0. 1.],0.5999999827706614,0.5999999827706614,0.7634999780756664,0.42493262951883376,0.0,0.7634999780756664,0.42493262951883376,0.0
647,58,0.9,[0. 1.],[0. 1.],0.5999999816798868,0.5999999816798868,0.7634999766876557,0.4249326287463241,0.0,0.7634999766876557,0.4249326287463241,0.0
648,58,1.0,[1. 0.],[1. 0.],2.3999999999942236,2.3999999999942236,2.232299999994627,1.3090976701498442,0.0,2.232299999994627,1.3090976701498442,0.0
649,59,0.0,[0.6 0.4],[0.6 0.4],1.4399999999981026,1.4400000000007678,1.5349079999982582,0.9739144888199092,0.16000000000092354,1.5349080000016404,0.9739144888230523,0.16000000000092354
650,59,0.1,[0.541 0.459],[0.541 0.459],1.3249931353801285,1.3249931386736713,1.4440498544941096,0.9291795763670732,0.21091906910313957,1.444049858673615,0.9291795803513279,0.21091906910313957
651,59,0.2,[0.49 0.51],[0.49 0.51],1.2314863258025999,1.231486325802545,1.3683045089179202,0.8887639305033531,0.2604518430439304,1.3683045089178512,0.8887639305032858,0.2604518430439304
652,59,0.30000000000000004,[0. 1.],[0. 1.],0.599999986160271,0.599999986160271,0.7634999823889445,0.42493263191942665,0.0,0.7634999823889445,0.42493263191942665,0.0
653,59,0.4,[1. 0.],[1. 0.],2.3999999447583154,2.3999999447583154,2.2322999486183273,1.309097640021011,0.0,2.2322999486183273,1.309097640021011,0.0
654,59,0.5,[0. 1.],[0. 1.],0.5999999851958144,0.5999999851958144,0.7634999811616736,0.42493263123637826,0.0,0.7634999811616736,0.42493263123637826,0.0
655,59,0.6000000000000001,[1. 0.],[1. 0.],2.3999999883799212,2.3999999883799212,2.232299989191874,1.3090976638147378,0.0,2.232299989191874,1.3090976638147378,0.0
656,59,0.7000000000000001,[0. 1.],[0. 1.],0.5999999837161527,0.5999999837161527,0.7634999792788045,0.4249326301884506,0.0,0.7634999792788045,0.4249326301884506,0.0
657,59,0.8,[0. 1.],[0. 1.],0.5999999827706614,0.5999999827706614,0.7634999780756664,0.42493262951883376,0.0,0.7634999780756664,0.42493262951883376,0.0
658,59,0.9,[0. 1.],[0. 1.],0.5999999816798868,0.5999999816798868,0.7634999766876557,0.4249326287463241,0.0,0.7634999766876557,0.4249326287463241,0.0
659,59,1.0,[1. 0.],[1. 0.],2.3999999999942236,2.3999999999942236,2.232299999994627,1.3090976701498442,0.0,2.232299999994627,1.3090976701498442,0.0
660,60,0.0,[0. 1.],[0. 1.],0.7999999463554921,0.7999999463554921,0.7634999488030225,0.4249326132268863,0.0,0.7634999488030225,0.4249326132268863,0.0
661,60,0.1,[0. 1.],[0. 1.],0.7999999941005648,0.7999999941005648,0.7634999943697267,0.42493263858743613,0.0,0.7634999943697267,0.42493263858743613,0.0
662,60,0.2,[0. 1.],[0. 1.],0.7999999939751951,0.7999999939751951,0.7634999942500768,0.42493263852084406,0.0,0.7634999942500768,0.42493263852084406,0.0
663,60,0.30000000000000004,[0. 1.],[0. 1.],0.7999999937679967,0.7999999937679967,0.763499994052332,0.4249326384107874,0.0,0.763499994052332,0.4249326384107874,0.0
664,60,0.4,[0. 1.],[0. 1.],0.7999999934765615,0.7999999934765615,0.7634999937741932,0.4249326382559869,0.0,0.7634999937741932,0.4249326382559869,0.0
665,60,0.5,[0. 1.],[0. 1.],0.7999999930975783,0.7999999930975783,0.7634999934125012,0.424932638054684,0.0,0.7634999934125012,0.424932638054684,0.0
666,60,0.6000000000000001,[0. 1.],[0. 1.],0.7999999926268611,0.7999999926268611,0.7634999929632605,0.4249326378046551,0.0,0.7634999929632605,0.4249326378046551,0.0
667,60,0.7000000000000001,[0. 1.],[0. 1.],0.7999999920593854,0.7999999920593854,0.7634999924216758,0.42493263750323146,0.0,0.7634999924216758,0.42493263750323146,0.0
668,60,0.8,[0. 1.],[0. 1.],0.7999999702254604,0.7999999702254604,0.7634999715839236,0.4249326259057972,0.0,0.7634999715839236,0.4249326259057972,0.0
669,60,0.9,[0. 1.],[0. 1.],0.7999999675765941,0.7999999675765941,0.7634999690559118,0.42493262449881,0.0,0.7634999690559118,0.42493262449881,0.0
670,60,1.0,[0. 1.],[0. 1.],0.7999999645413535,0.7999999645413535,0.7634999661591543,0.42493262288659395,0.0,0.7634999661591543,0.42493262288659395,0.0
671,61,0.0,[0. 1.],[0. 1.],0.8000000043211121,0.8000000043211121,0.7635000041239611,0.4249326440162413,0.0,0.7635000041239611,0.4249326440162413,0.0
672,61,0.1,[0. 1.],[0. 1.],0.8000000018817622,0.8000000018817622,0.7635000017959066,0.4249326427205421,0.0,0.7635000017959066,0.4249326427205421,0.0
673,61,0.2,[0. 1.],[0. 1.],0.8000000019080801,0.8000000019080801,0.763500001821024,0.4249326427345213,0.0,0.763500001821024,0.4249326427345213,0.0
674,61,0.30000000000000004,[0. 1.],[0. 1.],0.8000000019596886,0.8000000019596886,0.7635000018702777,0.4249326427619339,0.0,0.7635000018702777,0.4249326427619339,0.0
675,61,0.4,[0. 1.],[0. 1.],0.8000000020358968,0.8000000020358968,0.763500001943009,0.4249326428024132,0.0,0.763500001943009,0.4249326428024132,0.0
676,61,0.5,[0. 1.],[0. 1.],0.8000000021360066,0.8000000021360066,0.7635000020385513,0.424932642855588,0.0,0.7635000020385513,0.424932642855588,0.0
677,61,0.6000000000000001,[0. 1.],[0. 1.],0.8000000022592881,0.8000000022592881,0.7635000021562082,0.42493264292107097,0.0,0.7635000021562082,0.42493264292107097,0.0
678,61,0.7000000000000001,[0. 1.],[0. 1.],0.8000000024049537,0.8000000024049537,0.763500002295228,0.42493264299844363,0.0,0.763500002295228,0.42493264299844363,0.0
679,61,0.8,[0. 1.],[0. 1.],0.8000000025721382,0.8000000025721382,0.7635000024547842,0.4249326430872463,0.0,0.7635000024547842,0.4249326430872463,0.0
680,61,0.9,[0. 1.],[0. 1.],0.800000002759877,0.800000002759877,0.7635000026339578,0.42493264318696683,0.0,0.7635000026339578,0.42493264318696683,0.0
681,61,1.0,[0. 1.],[0. 1.],0.8000000029670897,0.8000000029670897,0.7635000028317165,0.424932643297031,0.0,0.7635000028317165,0.424932643297031,0.0
682,62,0.0,[0. 1.],[0. 1.],1.0000000097113808,1.0000000097113808,0.763500007414639,0.4249326458476971,0.0,0.763500007414639,0.4249326458476971,0.0
683,62,0.1,[0. 1.],[0. 1.],1.0000000097788122,1.0000000097788122,0.7635000074661232,0.424932645876351,0.0,0.7635000074661232,0.424932645876351,0.0
684,62,0.2,[0. 1.],[0. 1.],1.0000000000686502,1.0000000000686502,0.7635000000524146,0.42493264175018614,0.0,0.7635000000524146,0.42493264175018614,0.0
685,62,0.30000000000000004,[0. 1.],[0. 1.],1.0000000106560878,1.0000000106560878,0.763500008135923,0.42493264624913396,0.0,0.763500008135923,0.42493264624913396,0.0
686,62,0.4,[0. 1.],[0. 1.],1.0000000048469742,1.0000000048469742,0.7635000037006648,0.42493264378065193,0.0,0.7635000037006648,0.42493264378065193,0.0
687,62,0.5,[0. 1.],[0. 1.],1.0000000000153384,1.0000000000153384,0.7635000000117111,0.42493264172753215,0.0,0.7635000000117111,0.42493264172753215,0.0
688,62,0.6000000000000001,[0. 1.],[0. 1.],1.0000000000266964,1.0000000000266964,0.763500000020383,0.42493264173235856,0.0,0.763500000020383,0.42493264173235856,0.0
689,62,0.7000000000000001,[0. 1.],[0. 1.],1.0000000000247165,1.0000000000247165,0.763500000018871,0.42493264173151724,0.0,0.763500000018871,0.42493264173151724,0.0
690,62,0.8,[0. 1.],[0. 1.],1.0000000000213858,1.0000000000213858,0.7635000000163279,0.424932641730102,0.0,0.7635000000163279,0.424932641730102,0.0
691,62,0.9,[0. 1.],[0. 1.],1.000000000017569,1.000000000017569,0.7635000000134138,0.42493264172848005,0.0,0.7635000000134138,0.42493264172848005,0.0
692,62,1.0,[0. 1.],[0. 1.],1.0000000166678493,1.0000000166678493,0.7635000127259028,0.4249326488037276,0.0,0.7635000127259028,0.4249326488037276,0.0
693,63,0.0,[0. 1.],[0. 1.],0.7999999954506269,0.7999999954506269,0.7634999956581918,0.42493263930454295,0.0,0.7634999956581918,0.42493263930454295,0.0
694,63,0.1,[0. 1.],[0. 1.],0.8000000083221388,0.8000000083221388,0.7635000079424409,0.42493264614144993,0.0,0.7635000079424409,0.42493264614144993,0.0
695,63,0.2,[0. 1.],[0. 1.],0.8000000084413996,0.8000000084413996,0.7635000080562607,0.42493264620479715,0.0,0.7635000080562607,0.42493264620479715,0.0
696,63,0.30000000000000004,[0. 1.],[0. 1.],0.8000000086461589,0.8000000086461589,0.7635000082516782,0.4249326463135584,0.0,0.7635000082516782,0.4249326463135584,0.0
697,63,0.4,[0. 1.],[0. 1.],0.8000000089375268,0.8000000089375268,0.7635000085297518,0.42493264646832285,0.0,0.7635000085297518,0.42493264646832285,0.0
698,63,0.5,[0. 1.],[0. 1.],0.7999999999999038,0.7999999999999038,0.7634999999999079,0.42493264172096334,0.0,0.7634999999999079,0.42493264172096334,0.0
699,63,0.6000000000000001,[0. 1.],[0. 1.],0.7999999960775577,0.7999999960775577,0.7634999962565192,0.4249326396375472,0.0,0.7634999962565192,0.4249326396375472,0.0
700,63,0.7000000000000001,[0. 1.],[0. 1.],0.7999999999999965,0.7999999999999965,0.763499999999997,0.42493264172101247,0.0,0.763499999999997,0.42493264172101247,0.0
701,63,0.8,[0. 1.],[0. 1.],0.7999999998659939,0.7999999998659939,0.7634999998721079,0.4249326416498349,0.0,0.7634999998721079,0.4249326416498349,0.0
702,63,0.9,[0.84 0.16],[0.84 0.16],2.1172881239970307,2.1172881239970316,1.9359360776464765,1.1547788236935066,0.02556901912612239,1.9359360776464776,1.154778823693507,0.02556901912612239
703,63,1.0,[0. 1.],[0. 1.],0.7999999999999999,0.7999999999999999,0.7635,0.42493264172101436,0.0,0.7635,0.42493264172101436,0.0
704,64,0.0,[0. 1.],[0. 1.],0.7999999954506269,0.7999999954506269,0.7634999956581918,0.42493263930454295,0.0,0.7634999956581918,0.42493263930454295,0.0
705,64,0.1,[0. 1.],[0. 1.],0.8000000083221388,0.8000000083221388,0.7635000079424409,0.42493264614144993,0.0,0.7635000079424409,0.42493264614144993,0.0
706,64,0.2,[0. 1.],[0. 1.],0.8000000084413996,0.8000000084413996,0.7635000080562607,0.42493264620479715,0.0,0.7635000080562607,0.42493264620479715,0.0
707,64,0.30000000000000004,[0. 1.],[0. 1.],0.8000000086461589,0.8000000086461589,0.7635000082516782,0.4249326463135584,0.0,0.7635000082516782,0.4249326463135584,0.0
708,64,0.4,[0. 1.],[0. 1.],0.8000000089375268,0.8000000089375268,0.7635000085297518,0.42493264646832285,0.0,0.7635000085297518,0.42493264646832285,0.0
709,64,0.5,[0. 1.],[0. 1.],0.7999999999999038,0.7999999999999038,0.7634999999999079,0.42493264172096334,0.0,0.7634999999999079,0.42493264172096334,0.0
710,64,0.6000000000000001,[0. 1.],[0. 1.],0.7999999960775577,0.7999999960775577,0.7634999962565192,0.4249326396375472,0.0,0.7634999962565192,0.4249326396375472,0.0
711,64,0.7000000000000001,[0. 1.],[0. 1.],0.7999999999999965,0.7999999999999965,0.763499999999997,0.42493264172101247,0.0,0.763499999999997,0.42493264172101247,0.0
712,64,0.8,[0. 1.],[0. 1.],0.7999999998659939,0.7999999998659939,0.7634999998721079,0.4249326416498349,0.0,0.7634999998721079,0.4249326416498349,0.0
713,64,0.9,[0.84 0.16],[0.84 0.16],2.1172881239970307,2.1172881239970316,1.9359360776464765,1.1547788236935066,0.02556901912612239,1.9359360776464776,1.154778823693507,0.02556901912612239
714,64,1.0,[0. 1.],[0. 1.],0.7999999999999999,0.7999999999999999,0.7635,0.42493264172101436,0.0,0.7635,0.42493264172101436,0.0
715,65,0.0,[0. 1.],[0. 1.],0.7999999954506269,0.7999999954506269,0.7634999956581918,0.42493263930454295,0.0,0.7634999956581918,0.42493263930454295,0.0
716,65,0.1,[0. 1.],[0. 1.],0.8000000083221388,0.8000000083221388,0.7635000079424409,0.42493264614144993,0.0,0.7635000079424409,0.42493264614144993,0.0
717,65,0.2,[0. 1.],[0. 1.],0.8000000084413996,0.8000000084413996,0.7635000080562607,0.42493264620479715,0.0,0.7635000080562607,0.42493264620479715,0.0
718,65,0.30000000000000004,[0. 1.],[0. 1.],0.8000000086461589,0.8000000086461589,0.7635000082516782,0.4249326463135584,0.0,0.7635000082516782,0.4249326463135584,0.0
719,65,0.4,[0. 1.],[0. 1.],0.8000000089375268,0.8000000089375268,0.7635000085297518,0.42493264646832285,0.0,0.7635000085297518,0.42493264646832285,0.0
720,65,0.5,[0. 1.],[0. 1.],0.7999999999999038,0.7999999999999038,0.7634999999999079,0.42493264172096334,0.0,0.7634999999999079,0.42493264172096334,0.0
721,65,0.6000000000000001,[0. 1.],[0. 1.],0.7999999960775577,0.7999999960775577,0.7634999962565192,0.4249326396375472,0.0,0.7634999962565192,0.4249326396375472,0.0
722,65,0.7000000000000001,[0. 1.],[0. 1.],0.7999999999999965,0.7999999999999965,0.763499999999997,0.42493264172101247,0.0,0.763499999999997,0.42493264172101247,0.0
723,65,0.8,[0. 1.],[0. 1.],0.7999999998659939,0.7999999998659939,0.7634999998721079,0.4249326416498349,0.0,0.7634999998721079,0.4249326416498349,0.0
724,65,0.9,[0.84 0.16],[0.84 0.16],2.1172881239970307,2.1172881239970316,1.9359360776464765,1.1547788236935066,0.02556901912612239,1.9359360776464776,1.154778823693507,0.02556901912612239
725,65,1.0,[0. 1.],[0. 1.],0.7999999999999999,0.7999999999999999,0.7635,0.42493264172101436,0.0,0.7635,0.42493264172101436,0.0
726,66,0.0,[0. 1.],[0. 1.],0.7999999463554921,0.7999999463554921,0.7634999488030225,0.4249326132268863,0.0,0.7634999488030225,0.4249326132268863,0.0
727,66,0.1,[0. 1.],[0. 1.],0.7999999941005648,0.7999999941005648,0.7634999943697267,0.42493263858743613,0.0,0.7634999943697267,0.42493263858743613,0.0
728,66,0.2,[0. 1.],[0. 1.],0.7999999939751951,0.7999999939751951,0.7634999942500768,0.42493263852084406,0.0,0.7634999942500768,0.42493263852084406,0.0
729,66,0.30000000000000004,[0. 1.],[0. 1.],0.7999999937679967,0.7999999937679967,0.763499994052332,0.4249326384107874,0.0,0.763499994052332,0.4249326384107874,0.0
730,66,0.4,[0. 1.],[0. 1.],0.7999999934765615,0.7999999934765615,0.7634999937741932,0.4249326382559869,0.0,0.7634999937741932,0.4249326382559869,0.0
731,66,0.5,[0. 1.],[0. 1.],0.7999999930975783,0.7999999930975783,0.7634999934125012,0.424932638054684,0.0,0.7634999934125012,0.424932638054684,0.0
732,66,0.6000000000000001,[0. 1.],[0. 1.],0.7999999926268611,0.7999999926268611,0.7634999929632605,0.4249326378046551,0.0,0.7634999929632605,0.4249326378046551,0.0
733,66,0.7000000000000001,[0. 1.],[0. 1.],0.7999999920593854,0.7999999920593854,0.7634999924216758,0.42493263750323146,0.0,0.7634999924216758,0.42493263750323146,0.0
734,66,0.8,[0. 1.],[0. 1.],0.7999999702254604,0.7999999702254604,0.7634999715839236,0.4249326259057972,0.0,0.7634999715839236,0.4249326259057972,0.0
735,66,0.9,[0. 1.],[0. 1.],0.7999999675765941,0.7999999675765941,0.7634999690559118,0.42493262449881,0.0,0.7634999690559118,0.42493262449881,0.0
736,66,1.0,[0. 1.],[0. 1.],0.7999999645413535,0.7999999645413535,0.7634999661591543,0.42493262288659395,0.0,0.7634999661591543,0.42493262288659395,0.0
737,67,0.0,[0. 1.],[0. 1.],0.7999999954506269,0.7999999954506269,0.7634999956581918,0.42493263930454295,0.0,0.7634999956581918,0.42493263930454295,0.0
738,67,0.1,[0. 1.],[0. 1.],0.8000000083221388,0.8000000083221388,0.7635000079424409,0.42493264614144993,0.0,0.7635000079424409,0.42493264614144993,0.0
739,67,0.2,[0. 1.],[0. 1.],0.8000000084413996,0.8000000084413996,0.7635000080562607,0.42493264620479715,0.0,0.7635000080562607,0.42493264620479715,0.0
740,67,0.30000000000000004,[0. 1.],[0. 1.],0.8000000086461589,0.8000000086461589,0.7635000082516782,0.4249326463135584,0.0,0.7635000082516782,0.4249326463135584,0.0
741,67,0.4,[0. 1.],[0. 1.],0.8000000089375268,0.8000000089375268,0.7635000085297518,0.42493264646832285,0.0,0.7635000085297518,0.42493264646832285,0.0
742,67,0.5,[0. 1.],[0. 1.],0.7999999999999038,0.7999999999999038,0.7634999999999079,0.42493264172096334,0.0,0.7634999999999079,0.42493264172096334,0.0
743,67,0.6000000000000001,[0. 1.],[0. 1.],0.7999999960775577,0.7999999960775577,0.7634999962565192,0.4249326396375472,0.0,0.7634999962565192,0.4249326396375472,0.0
744,67,0.7000000000000001,[0. 1.],[0. 1.],0.7999999999999965,0.7999999999999965,0.763499999999997,0.42493264172101247,0.0,0.763499999999997,0.42493264172101247,0.0
745,67,0.8,[0. 1.],[0. 1.],0.7999999998659939,0.7999999998659939,0.7634999998721079,0.4249326416498349,0.0,0.7634999998721079,0.4249326416498349,0.0
746,67,0.9,[0.84 0.16],[0.84 0.16],2.1172881239970307,2.1172881239970316,1.9359360776464765,1.1547788236935066,0.02556901912612239,1.9359360776464776,1.154778823693507,0.02556901912612239
747,67,1.0,[0. 1.],[0. 1.],0.7999999999999999,0.7999999999999999,0.7635,0.42493264172101436,0.0,0.7635,0.42493264172101436,0.0
748,68,0.0,[0. 1.],[0. 1.],0.7999999954506269,0.7999999954506269,0.7634999956581918,0.42493263930454295,0.0,0.7634999956581918,0.42493263930454295,0.0
749,68,0.1,[0. 1.],[0. 1.],0.8000000083221388,0.8000000083221388,0.7635000079424409,0.42493264614144993,0.0,0.7635000079424409,0.42493264614144993,0.0
750,68,0.2,[0. 1.],[0. 1.],0.8000000084413996,0.8000000084413996,0.7635000080562607,0.42493264620479715,0.0,0.7635000080562607,0.42493264620479715,0.0
751,68,0.30000000000000004,[0. 1.],[0. 1.],0.8000000086461589,0.8000000086461589,0.7635000082516782,0.4249326463135584,0.0,0.7635000082516782,0.4249326463135584,0.0
752,68,0.4,[0. 1.],[0. 1.],0.8000000089375268,0.8000000089375268,0.7635000085297518,0.42493264646832285,0.0,0.7635000085297518,0.42493264646832285,0.0
753,68,0.5,[0. 1.],[0. 1.],0.7999999999999038,0.7999999999999038,0.7634999999999079,0.42493264172096334,0.0,0.7634999999999079,0.42493264172096334,0.0
754,68,0.6000000000000001,[0. 1.],[0. 1.],0.7999999960775577,0.7999999960775577,0.7634999962565192,0.4249326396375472,0.0,0.7634999962565192,0.4249326396375472,0.0
755,68,0.7000000000000001,[0. 1.],[0. 1.],0.7999999999999965,0.7999999999999965,0.763499999999997,0.42493264172101247,0.0,0.763499999999997,0.42493264172101247,0.0
756,68,0.8,[0. 1.],[0. 1.],0.7999999998659939,0.7999999998659939,0.7634999998721079,0.4249326416498349,0.0,0.7634999998721079,0.4249326416498349,0.0
757,68,0.9,[0.84 0.16],[0.84 0.16],2.1172881239970307,2.1172881239970316,1.9359360776464765,1.1547788236935066,0.02556901912612239,1.9359360776464776,1.154778823693507,0.02556901912612239
758,68,1.0,[0. 1.],[0. 1.],0.7999999999999999,0.7999999999999999,0.7635,0.42493264172101436,0.0,0.7635,0.42493264172101436,0.0
759,69,0.0,[0.091 0.909],[0.091 0.909],0.27272727272719144,0.2727272727269592,0.8591925619831656,0.49829825005548406,0.024793388429729356,0.8591925619825761,0.49829825005500467,0.024793388429729356
760,69,0.1,[0.081 0.919],[0.081 0.919],0.26329458477421225,0.26329458477426565,0.8486899162177964,0.48898908347696474,0.019815455305894774,0.8486899162179318,0.48898908347707243,0.019815455305894774
761,69,0.2,[0.072 0.928],[0.072 0.928],0.25475608459425814,0.2547560845982364,0.8388428844637837,0.4804264768652053,0.015623339354089893,0.8388428844738807,0.48042647687303264,0.015623339354089893
762,69,0.30000000000000004,[0.064 0.936],[0.064 0.936],0.24701065977559034,0.24701065982693254,0.8295927371286888,0.4725620613910433,0.012113958438475776,0.8295927372589956,0.47256206148948565,0.012113958438475776
763,69,0.4,[0.055 0.945],[0.055 0.945],0.23997071556408353,0.23997071584718616,0.8208874858910884,0.46535021050430947,0.00919903651065458,0.8208874866096029,0.46535021103262997,0.00919903651065458
764,69,0.5,[1. 0.],[1. 0.],3.000000000000036,3.000000000000036,2.2323000000000266,1.3090976701530106,0.0,2.2323000000000266,1.3090976701530106,0.0
765,69,0.6000000000000001,[0. 1.],[0. 1.],0.19999999999972964,0.19999999999972964,0.7634999999989677,0.42493264172043993,0.0,0.7634999999989677,0.42493264172043993,0.0
766,69,0.7000000000000001,[0. 1.],[0. 1.],0.19999999999970836,0.19999999999970836,0.7634999999988866,0.4249326417203947,0.0,0.7634999999988866,0.4249326417203947,0.0
767,69,0.8,[0. 1.],[0. 1.],0.19999999999968474,0.19999999999968474,0.7634999999987966,0.4249326417203445,0.0,0.7634999999987966,0.4249326417203445,0.0
768,69,0.9,[1. 0.],[1. 0.],3.000000000000047,3.000000000000047,2.232300000000035,1.3090976701530155,0.0,2.232300000000035,1.3090976701530155,0.0
769,69,1.0,[1. 0.],[1. 0.],3.0000000000000515,3.0000000000000515,2.2323000000000373,1.3090976701530173,0.0,2.2323000000000373,1.3090976701530173,0.0
770,70,0.0,[0.6 0.4],[0.6 0.4],1.4399999999981026,1.4400000000007678,1.5349079999982582,0.9739144888199092,0.16000000000092354,1.5349080000016404,0.9739144888230523,0.16000000000092354
771,70,0.1,[0.541 0.459],[0.541 0.459],1.3249931353801285,1.3249931386736713,1.4440498544941096,0.9291795763670732,0.21091906910313957,1.444049858673615,0.9291795803513279,0.21091906910313957
772,70,0.2,[0.49 0.51],[0.49 0.51],1.2314863258025999,1.231486325802545,1.3683045089179202,0.8887639305033531,0.2604518430439304,1.3683045089178512,0.8887639305032858,0.2604518430439304
773,70,0.30000000000000004,[0. 1.],[0. 1.],0.599999986160271,0.599999986160271,0.7634999823889445,0.42493263191942665,0.0,0.7634999823889445,0.42493263191942665,0.0
774,70,0.4,[1. 0.],[1. 0.],2.3999999447583154,2.3999999447583154,2.2322999486183273,1.309097640021011,0.0,2.2322999486183273,1.309097640021011,0.0
775,70,0.5,[0. 1.],[0. 1.],0.5999999851958144,0.5999999851958144,0.7634999811616736,0.42493263123637826,0.0,0.7634999811616736,0.42493263123637826,0.0
776,70,0.6000000000000001,[1. 0.],[1. 0.],2.3999999883799212,2.3999999883799212,2.232299989191874,1.3090976638147378,0.0,2.232299989191874,1.3090976638147378,0.0
777,70,0.7000000000000001,[0. 1.],[0. 1.],0.5999999837161527,0.5999999837161527,0.7634999792788045,0.4249326301884506,0.0,0.7634999792788045,0.4249326301884506,0.0
778,70,0.8,[0. 1.],[0. 1.],0.5999999827706614,0.5999999827706614,0.7634999780756664,0.42493262951883376,0.0,0.7634999780756664,0.42493262951883376,0.0
779,70,0.9,[0. 1.],[0. 1.],0.5999999816798868,0.5999999816798868,0.7634999766876557,0.4249326287463241,0.0,0.7634999766876557,0.4249326287463241,0.0
780,70,1.0,[1. 0.],[1. 0.],2.3999999999942236,2.3999999999942236,2.232299999994627,1.3090976701498442,0.0,2.232299999994627,1.3090976701498442,0.0
781,71,0.0,[0.8 0.2],[0.8 0.2],0.9600000000009843,0.9600000000005151,1.8652920000022875,1.122329075957689,0.04000000000055172,1.8652920000010964,1.1223290759567395,0.04000000000055172
782,71,0.1,[0.812 0.188],[0.812 0.188],0.9721440000010433,0.9721440000007412,1.886279683202106,1.1318590565719835,0.03534400000001676,1.8862796832013384,1.1318590565713802,0.03534400000001676
783,71,0.2,[0.824 0.176],[0.824 0.176],0.9845760000162544,0.9845760000134687,1.9073992128297155,1.1415380780103164,0.030975999996672526,1.9073992128226451,1.141538078004831,0.030975999996672526
784,71,0.30000000000000004,[0.836 0.164],[0.836 0.164],0.9972960000906814,0.9972960000780148,1.9286505889612602,1.151379409863452,0.0268959999807012,1.9286505889291121,1.1513794098388688,0.0268959999807012
785,71,0.4,[0.848 0.152],[0.848 0.152],1.0103040003410961,1.0103040003008843,1.95003381179512,1.1613963822388789,0.02310399993163121,1.9500338116930622,1.1613963821620006,0.02310399993163121
786,71,0.5,[0.86 0.14],[0.86 0.14],1.0236000009988233,1.0236000008998327,1.9715488817141185,1.1716023640262387,0.019599999816551587,1.9715488814628814,1.1716023638399231,0.019599999816551587
787,71,0.6000000000000001,[0.872 0.128],[0.872 0.128],1.037184002498496,1.0371840022940109,1.9931957994226757,1.1820107407101705,0.016383999585754653,1.9931957989036924,1.1820107403315094,0.016383999585754653
788,71,0.7000000000000001,[0.884 0.116],[0.884 0.116],1.0510560056376104,1.0510560052675577,2.014974566191013,1.1926348918387413,0.013455999166557417,2.01497456525182,1.1926348911649858,0.013455999166557417
789,71,0.8,[0.896 0.104],[0.896 0.104],1.0652160118684155,1.0652160112710312,2.03688518429862,1.203488168300637,0.01081599845525407,2.036885182782459,1.203488167231945,0.01081599845525407
790,71,0.9,[0. 1.],[0. 1.],0.7999999896456628,0.7999999896456628,0.7634999901180793,0.4249326362211446,0.0,0.7634999901180793,0.4249326362211446,0.0
791,71,1.0,[0. 1.],[0. 1.],0.7999999884166117,0.7999999884166117,0.7634999889451037,0.4249326355683147,0.0,0.7634999889451037,0.4249326355683147,0.0
792,72,0.0,[0. 1.],[0. 1.],1.000000008716652,1.000000008716652,0.7635000066551638,0.4249326454250044,0.0,0.7635000066551638,0.4249326454250044,0.0
793,72,0.1,[0. 1.],[0. 1.],1.0000000087890617,1.0000000087890617,0.7635000067104487,0.4249326454557736,0.0,0.7635000067104487,0.4249326454557736,0.0
794,72,0.2,[0. 1.],[0. 1.],1.0000000014991335,1.0000000014991335,0.7635000011445885,0.4249326423580452,0.0,0.7635000011445885,0.4249326423580452,0.0
795,72,0.30000000000000004,[0. 1.],[0. 1.],1.0000000015489434,1.0000000015489434,0.7635000011826184,0.424932642379211,0.0,0.7635000011826184,0.424932642379211,0.0
796,72,0.4,[0. 1.],[0. 1.],1.0000000016186104,1.0000000016186104,0.7635000012358091,0.4249326424088148,0.0,0.7635000012358091,0.4249326424088148,0.0
797,72,0.5,[0. 1.],[0. 1.],1.0000000017081456,1.0000000017081456,0.763500001304169,0.4249326424468613,0.0,0.763500001304169,0.4249326424468613,0.0
798,72,0.6000000000000001,[0. 1.],[0. 1.],1.0000000018175612,1.0000000018175612,0.7635000013877079,0.4249326424933555,0.0,0.7635000013877079,0.4249326424933555,0.0
799,72,0.7000000000000001,[0. 1.],[0. 1.],1.00000000194687,1.00000000194687,0.7635000014864352,0.42493264254830293,0.0,0.7635000014864352,0.42493264254830293,0.0
800,72,0.8,[0. 1.],[0. 1.],1.000000002096086,1.000000002096086,0.7635000016003618,0.42493264261170977,0.0,0.7635000016003618,0.42493264261170977,0.0
801,72,0.9,[0. 1.],[0. 1.],1.0000000022652265,1.0000000022652265,0.7635000017295004,0.424932642683583,0.0,0.7635000017295004,0.424932642683583,0.0
802,72,1.0,[0. 1.],[0. 1.],1.0000000249344072,1.0000000249344072,0.7635000190374198,0.424932652316458,0.0,0.7635000190374198,0.424932652316458,0.0
803,73,0.0,[0. 1.],[0. 1.],0.7999999463554921,0.7999999463554921,0.7634999488030225,0.4249326132268863,0.0,0.7634999488030225,0.4249326132268863,0.0
804,73,0.1,[0. 1.],[0. 1.],0.7999999941005648,0.7999999941005648,0.7634999943697267,0.42493263858743613,0.0,0.7634999943697267,0.42493263858743613,0.0
805,73,0.2,[0. 1.],[0. 1.],0.7999999939751951,0.7999999939751951,0.7634999942500768,0.42493263852084406,0.0,0.7634999942500768,0.42493263852084406,0.0
806,73,0.30000000000000004,[0. 1.],[0. 1.],0.7999999937679967,0.7999999937679967,0.763499994052332,0.4249326384107874,0.0,0.763499994052332,0.4249326384107874,0.0
807,73,0.4,[0. 1.],[0. 1.],0.7999999934765615,0.7999999934765615,0.7634999937741932,0.4249326382559869,0.0,0.7634999937741932,0.4249326382559869,0.0
808,73,0.5,[0. 1.],[0. 1.],0.7999999930975783,0.7999999930975783,0.7634999934125012,0.424932638054684,0.0,0.7634999934125012,0.424932638054684,0.0
809,73,0.6000000000000001,[0. 1.],[0. 1.],0.7999999926268611,0.7999999926268611,0.7634999929632605,0.4249326378046551,0.0,0.7634999929632605,0.4249326378046551,0.0
810,73,0.7000000000000001,[0. 1.],[0. 1.],0.7999999920593854,0.7999999920593854,0.7634999924216758,0.42493263750323146,0.0,0.7634999924216758,0.42493263750323146,0.0
811,73,0.8,[0. 1.],[0. 1.],0.7999999702254604,0.7999999702254604,0.7634999715839236,0.4249326259057972,0.0,0.7634999715839236,0.4249326259057972,0.0
812,73,0.9,[0. 1.],[0. 1.],0.7999999675765941,0.7999999675765941,0.7634999690559118,0.42493262449881,0.0,0.7634999690559118,0.42493262449881,0.0
813,73,1.0,[0. 1.],[0. 1.],0.7999999645413535,0.7999999645413535,0.7634999661591543,0.42493262288659395,0.0,0.7634999661591543,0.42493262288659395,0.0
814,74,0.0,[0. 1.],[0. 1.],1.000000008716652,1.000000008716652,0.7635000066551638,0.4249326454250044,0.0,0.7635000066551638,0.4249326454250044,0.0
815,74,0.1,[0. 1.],[0. 1.],1.0000000087890617,1.0000000087890617,0.7635000067104487,0.4249326454557736,0.0,0.7635000067104487,0.4249326454557736,0.0
816,74,0.2,[0. 1.],[0. 1.],1.0000000014991335,1.0000000014991335,0.7635000011445885,0.4249326423580452,0.0,0.7635000011445885,0.4249326423580452,0.0
817,74,0.30000000000000004,[0. 1.],[0. 1.],1.0000000015489434,1.0000000015489434,0.7635000011826184,0.424932642379211,0.0,0.7635000011826184,0.424932642379211,0.0
818,74,0.4,[0. 1.],[0. 1.],1.0000000016186104,1.0000000016186104,0.7635000012358091,0.4249326424088148,0.0,0.7635000012358091,0.4249326424088148,0.0
819,74,0.5,[0. 1.],[0. 1.],1.0000000017081456,1.0000000017081456,0.763500001304169,0.4249326424468613,0.0,0.763500001304169,0.4249326424468613,0.0
820,74,0.6000000000000001,[0. 1.],[0. 1.],1.0000000018175612,1.0000000018175612,0.7635000013877079,0.4249326424933555,0.0,0.7635000013877079,0.4249326424933555,0.0
821,74,0.7000000000000001,[0. 1.],[0. 1.],1.00000000194687,1.00000000194687,0.7635000014864352,0.42493264254830293,0.0,0.7635000014864352,0.42493264254830293,0.0
822,74,0.8,[0. 1.],[0. 1.],1.000000002096086,1.000000002096086,0.7635000016003618,0.42493264261170977,0.0,0.7635000016003618,0.42493264261170977,0.0
823,74,0.9,[0. 1.],[0. 1.],1.0000000022652265,1.0000000022652265,0.7635000017295004,0.424932642683583,0.0,0.7635000017295004,0.424932642683583,0.0
824,74,1.0,[0. 1.],[0. 1.],1.0000000249344072,1.0000000249344072,0.7635000190374198,0.424932652316458,0.0,0.7635000190374198,0.424932652316458,0.0
825,75,0.0,[0. 1.],[0. 1.],0.8000000043211121,0.8000000043211121,0.7635000041239611,0.4249326440162413,0.0,0.7635000041239611,0.4249326440162413,0.0
826,75,0.1,[0. 1.],[0. 1.],0.8000000018817622,0.8000000018817622,0.7635000017959066,0.4249326427205421,0.0,0.7635000017959066,0.4249326427205421,0.0
827,75,0.2,[0. 1.],[0. 1.],0.8000000019080801,0.8000000019080801,0.763500001821024,0.4249326427345213,0.0,0.763500001821024,0.4249326427345213,0.0
828,75,0.30000000000000004,[0. 1.],[0. 1.],0.8000000019596886,0.8000000019596886,0.7635000018702777,0.4249326427619339,0.0,0.7635000018702777,0.4249326427619339,0.0
829,75,0.4,[0. 1.],[0. 1.],0.8000000020358968,0.8000000020358968,0.763500001943009,0.4249326428024132,0.0,0.763500001943009,0.4249326428024132,0.0
830,75,0.5,[0. 1.],[0. 1.],0.8000000021360066,0.8000000021360066,0.7635000020385513,0.424932642855588,0.0,0.7635000020385513,0.424932642855588,0.0
831,75,0.6000000000000001,[0. 1.],[0. 1.],0.8000000022592881,0.8000000022592881,0.7635000021562082,0.42493264292107097,0.0,0.7635000021562082,0.42493264292107097,0.0
832,75,0.7000000000000001,[0. 1.],[0. 1.],0.8000000024049537,0.8000000024049537,0.763500002295228,0.42493264299844363,0.0,0.763500002295228,0.42493264299844363,0.0
833,75,0.8,[0. 1.],[0. 1.],0.8000000025721382,0.8000000025721382,0.7635000024547842,0.4249326430872463,0.0,0.7635000024547842,0.4249326430872463,0.0
834,75,0.9,[0. 1.],[0. 1.],0.800000002759877,0.800000002759877,0.7635000026339578,0.42493264318696683,0.0,0.7635000026339578,0.42493264318696683,0.0
835,75,1.0,[0. 1.],[0. 1.],0.8000000029670897,0.8000000029670897,0.7635000028317165,0.424932643297031,0.0,0.7635000028317165,0.424932643297031,0.0
836,76,0.0,[0. 1.],[0. 1.],0.7999999954506269,0.7999999954506269,0.7634999956581918,0.42493263930454295,0.0,0.7634999956581918,0.42493263930454295,0.0
837,76,0.1,[0. 1.],[0. 1.],0.8000000083221388,0.8000000083221388,0.7635000079424409,0.42493264614144993,0.0,0.7635000079424409,0.42493264614144993,0.0
838,76,0.2,[0. 1.],[0. 1.],0.8000000084413996,0.8000000084413996,0.7635000080562607,0.42493264620479715,0.0,0.7635000080562607,0.42493264620479715,0.0
839,76,0.30000000000000004,[0. 1.],[0. 1.],0.8000000086461589,0.8000000086461589,0.7635000082516782,0.4249326463135584,0.0,0.7635000082516782,0.4249326463135584,0.0
840,76,0.4,[0. 1.],[0. 1.],0.8000000089375268,0.8000000089375268,0.7635000085297518,0.42493264646832285,0.0,0.7635000085297518,0.42493264646832285,0.0
841,76,0.5,[0. 1.],[0. 1.],0.7999999999999038,0.7999999999999038,0.7634999999999079,0.42493264172096334,0.0,0.7634999999999079,0.42493264172096334,0.0
842,76,0.6000000000000001,[0. 1.],[0. 1.],0.7999999960775577,0.7999999960775577,0.7634999962565192,0.4249326396375472,0.0,0.7634999962565192,0.4249326396375472,0.0
843,76,0.7000000000000001,[0. 1.],[0. 1.],0.7999999999999965,0.7999999999999965,0.763499999999997,0.42493264172101247,0.0,0.763499999999997,0.42493264172101247,0.0
844,76,0.8,[0. 1.],[0. 1.],0.7999999998659939,0.7999999998659939,0.7634999998721079,0.4249326416498349,0.0,0.7634999998721079,0.4249326416498349,0.0
845,76,0.9,[0.84 0.16],[0.84 0.16],2.1172881239970307,2.1172881239970316,1.9359360776464765,1.1547788236935066,0.02556901912612239,1.9359360776464776,1.154778823693507,0.02556901912612239
846,76,1.0,[0. 1.],[0. 1.],0.7999999999999999,0.7999999999999999,0.7635,0.42493264172101436,0.0,0.7635,0.42493264172101436,0.0
847,77,0.0,[0. 1.],[0. 1.],0.8000000043211121,0.8000000043211121,0.7635000041239611,0.4249326440162413,0.0,0.7635000041239611,0.4249326440162413,0.0
848,77,0.1,[0. 1.],[0. 1.],0.8000000018817622,0.8000000018817622,0.7635000017959066,0.4249326427205421,0.0,0.7635000017959066,0.4249326427205421,0.0
849,77,0.2,[0. 1.],[0. 1.],0.8000000019080801,0.8000000019080801,0.763500001821024,0.4249326427345213,0.0,0.763500001821024,0.4249326427345213,0.0
850,77,0.30000000000000004,[0. 1.],[0. 1.],0.8000000019596886,0.8000000019596886,0.7635000018702777,0.4249326427619339,0.0,0.7635000018702777,0.4249326427619339,0.0
851,77,0.4,[0. 1.],[0. 1.],0.8000000020358968,0.8000000020358968,0.763500001943009,0.4249326428024132,0.0,0.763500001943009,0.4249326428024132,0.0
852,77,0.5,[0. 1.],[0. 1.],0.8000000021360066,0.8000000021360066,0.7635000020385513,0.424932642855588,0.0,0.7635000020385513,0.424932642855588,0.0
853,77,0.6000000000000001,[0. 1.],[0. 1.],0.8000000022592881,0.8000000022592881,0.7635000021562082,0.42493264292107097,0.0,0.7635000021562082,0.42493264292107097,0.0
854,77,0.7000000000000001,[0. 1.],[0. 1.],0.8000000024049537,0.8000000024049537,0.763500002295228,0.42493264299844363,0.0,0.763500002295228,0.42493264299844363,0.0
855,77,0.8,[0. 1.],[0. 1.],0.8000000025721382,0.8000000025721382,0.7635000024547842,0.4249326430872463,0.0,0.7635000024547842,0.4249326430872463,0.0
856,77,0.9,[0. 1.],[0. 1.],0.800000002759877,0.800000002759877,0.7635000026339578,0.42493264318696683,0.0,0.7635000026339578,0.42493264318696683,0.0
857,77,1.0,[0. 1.],[0. 1.],0.8000000029670897,0.8000000029670897,0.7635000028317165,0.424932643297031,0.0,0.7635000028317165,0.424932643297031,0.0
858,78,0.0,[0.6 0.4],[0.6 0.4],1.4399999999981026,1.4400000000007678,1.5349079999982582,0.9739144888199092,0.16000000000092354,1.5349080000016404,0.9739144888230523,0.16000000000092354
859,78,0.1,[0.541 0.459],[0.541 0.459],1.3249931353801285,1.3249931386736713,1.4440498544941096,0.9291795763670732,0.21091906910313957,1.444049858673615,0.9291795803513279,0.21091906910313957
860,78,0.2,[0.49 0.51],[0.49 0.51],1.2314863258025999,1.231486325802545,1.3683045089179202,0.8887639305033531,0.2604518430439304,1.3683045089178512,0.8887639305032858,0.2604518430439304
861,78,0.30000000000000004,[0. 1.],[0. 1.],0.599999986160271,0.599999986160271,0.7634999823889445,0.42493263191942665,0.0,0.7634999823889445,0.42493263191942665,0.0
862,78,0.4,[1. 0.],[1. 0.],2.3999999447583154,2.3999999447583154,2.2322999486183273,1.309097640021011,0.0,2.2322999486183273,1.309097640021011,0.0
863,78,0.5,[0. 1.],[0. 1.],0.5999999851958144,0.5999999851958144,0.7634999811616736,0.42493263123637826,0.0,0.7634999811616736,0.42493263123637826,0.0
864,78,0.6000000000000001,[1. 0.],[1. 0.],2.3999999883799212,2.3999999883799212,2.232299989191874,1.3090976638147378,0.0,2.232299989191874,1.3090976638147378,0.0
865,78,0.7000000000000001,[0. 1.],[0. 1.],0.5999999837161527,0.5999999837161527,0.7634999792788045,0.4249326301884506,0.0,0.7634999792788045,0.4249326301884506,0.0
866,78,0.8,[0. 1.],[0. 1.],0.5999999827706614,0.5999999827706614,0.7634999780756664,0.42493262951883376,0.0,0.7634999780756664,0.42493262951883376,0.0
867,78,0.9,[0. 1.],[0. 1.],0.5999999816798868,0.5999999816798868,0.7634999766876557,0.4249326287463241,0.0,0.7634999766876557,0.4249326287463241,0.0
868,78,1.0,[1. 0.],[1. 0.],2.3999999999942236,2.3999999999942236,2.232299999994627,1.3090976701498442,0.0,2.232299999994627,1.3090976701498442,0.0
869,79,0.0,[0. 1.],[0. 1.],0.5999999152246802,0.5999999152246802,0.7634998921234057,0.42493258168134673,0.0,0.7634998921234057,0.42493258168134673,0.0
870,79,0.1,[0. 1.],[0. 1.],0.5999999864804908,0.5999999864804908,0.7634999827964247,0.42493263214621324,0.0,0.7634999827964247,0.42493263214621324,0.0
871,79,0.2,[0. 1.],[0. 1.],0.5999999862525599,0.5999999862525599,0.7634999825063824,0.4249326319847877,0.0,0.7634999825063824,0.4249326319847877,0.0
872,79,0.30000000000000004,[0. 1.],[0. 1.],0.5999999858782802,0.5999999858782802,0.7634999820301118,0.4249326317197149,0.0,0.7634999820301118,0.4249326317197149,0.0
873,79,0.4,[0. 1.],[0. 1.],0.5999999853563542,0.5999999853563542,0.7634999813659605,0.42493263135007603,0.0,0.7634999813659605,0.42493263135007603,0.0
874,79,0.5,[0. 1.],[0. 1.],0.5999999846851396,0.5999999846851396,0.7634999805118404,0.4249326308747077,0.0,0.7634999805118404,0.4249326308747077,0.0
875,79,0.6000000000000001,[0. 1.],[0. 1.],0.5999999462916659,0.5999999462916659,0.7634999316561448,0.4249326036836406,0.0,0.7634999316561448,0.4249326036836406,0.0
876,79,0.7000000000000001,[0. 1.],[0. 1.],0.5999999432144785,0.5999999432144785,0.7634999277404241,0.4249326015043117,0.0,0.7634999277404241,0.4249326015043117,0.0
877,79,0.8,[0. 1.],[0. 1.],0.5999999396632482,0.5999999396632482,0.763499923221483,0.4249325989892555,0.0,0.763499923221483,0.4249325989892555,0.0
878,79,0.9,[0. 1.],[0. 1.],0.5999999356370526,0.5999999356370526,0.7634999180981495,0.4249325961378189,0.0,0.7634999180981495,0.4249325961378189,0.0
879,79,1.0,[1. 0.],[1. 0.],3.0000008811325776,3.0000011927570047,2.232300655650751,1.3090980546491966,0.0,2.232300919285017,1.3090982092534342,0.0
880,80,0.0,[0. 1.],[0. 1.],0.9999999842372437,0.9999999842372437,0.7634999879651355,0.4249326350229047,0.0,0.7634999879651355,0.4249326350229047,0.0
881,80,0.1,[0. 1.],[0. 1.],0.9999999924371857,0.9999999924371857,0.7634999942257913,0.42493263850732776,0.0,0.7634999942257913,0.42493263850732776,0.0
882,80,0.2,[0. 1.],[0. 1.],1.0000000001023137,1.0000000001023137,0.7635000000781168,0.4249326417644909,0.0,0.7635000000781168,0.4249326417644909,0.0
883,80,0.30000000000000004,[0. 1.],[0. 1.],0.9999999927138999,0.9999999927138999,0.7634999944370625,0.4249326386249126,0.0,0.7634999944370625,0.4249326386249126,0.0
884,80,0.4,[0. 1.],[0. 1.],0.9999999927400794,0.9999999927400794,0.7634999944570507,0.4249326386360372,0.0,0.7634999944570507,0.4249326386360372,0.0
885,80,0.5,[0. 1.],[0. 1.],1.0000000095446653,1.0000000095446653,0.763500007287352,0.42493264577685425,0.0,0.763500007287352,0.42493264577685425,0.0
886,80,0.6000000000000001,[0. 1.],[0. 1.],1.0000000124516126,1.0000000124516126,0.7635000095068065,0.4249326470121111,0.0,0.7635000095068065,0.4249326470121111,0.0
887,80,0.7000000000000001,[0. 1.],[0. 1.],1.0000000131608555,1.0000000131608555,0.7635000100483132,0.42493264731349156,0.0,0.7635000100483132,0.42493264731349156,0.0
888,80,0.8,[0. 1.],[0. 1.],1.000000000077617,1.000000000077617,0.7635000000592603,0.4249326417539964,0.0,0.7635000000592603,0.4249326417539964,0.0
889,80,0.9,[0. 1.],[0. 1.],1.0000000149067034,1.0000000149067034,0.7635000113812681,0.42493264805535935,0.0,0.7635000113812681,0.42493264805535935,0.0
890,80,1.0,[0. 1.],[0. 1.],1.0000000004099254,1.0000000004099254,0.7635000003129783,0.42493264189520513,0.0,0.7635000003129783,0.42493264189520513,0.0
891,81,0.0,[0. 1.],[0. 1.],0.5999999152246802,0.5999999152246802,0.7634998921234057,0.42493258168134673,0.0,0.7634998921234057,0.42493258168134673,0.0
892,81,0.1,[0. 1.],[0. 1.],0.5999999864804908,0.5999999864804908,0.7634999827964247,0.42493263214621324,0.0,0.7634999827964247,0.42493263214621324,0.0
893,81,0.2,[0. 1.],[0. 1.],0.5999999862525599,0.5999999862525599,0.7634999825063824,0.4249326319847877,0.0,0.7634999825063824,0.4249326319847877,0.0
894,81,0.30000000000000004,[0. 1.],[0. 1.],0.5999999858782802,0.5999999858782802,0.7634999820301118,0.4249326317197149,0.0,0.7634999820301118,0.4249326317197149,0.0
895,81,0.4,[0. 1.],[0. 1.],0.5999999853563542,0.5999999853563542,0.7634999813659605,0.42493263135007603,0.0,0.7634999813659605,0.42493263135007603,0.0
896,81,0.5,[0. 1.],[0. 1.],0.5999999846851396,0.5999999846851396,0.7634999805118404,0.4249326308747077,0.0,0.7634999805118404,0.4249326308747077,0.0
897,81,0.6000000000000001,[0. 1.],[0. 1.],0.5999999462916659,0.5999999462916659,0.7634999316561448,0.4249326036836406,0.0,0.7634999316561448,0.4249326036836406,0.0
898,81,0.7000000000000001,[0. 1.],[0. 1.],0.5999999432144785,0.5999999432144785,0.7634999277404241,0.4249326015043117,0.0,0.7634999277404241,0.4249326015043117,0.0
899,81,0.8,[0. 1.],[0. 1.],0.5999999396632482,0.5999999396632482,0.763499923221483,0.4249325989892555,0.0,0.763499923221483,0.4249325989892555,0.0
900,81,0.9,[0. 1.],[0. 1.],0.5999999356370526,0.5999999356370526,0.7634999180981495,0.4249325961378189,0.0,0.7634999180981495,0.4249325961378189,0.0
901,81,1.0,[1. 0.],[1. 0.],3.0000008811325776,3.0000011927570047,2.232300655650751,1.3090980546491966,0.0,2.232300919285017,1.3090982092534342,0.0
902,82,0.0,[0.429 0.571],[0.429 0.571],0.7714285714286794,0.7714285714289263,1.2808714285715221,0.8374538444416606,0.32653061224513513,1.2808714285721485,0.8374538444422752,0.32653061224513513
903,82,0.1,[0.409 0.591],[0.409 0.591],0.7522419950521949,0.7522419950539233,1.2533582704993809,0.8200897030118347,0.34947040688876263,1.253358270503767,0.8200897030161457,0.34947040688876263
904,82,0.2,[0.39 0.61],[0.39 0.61],0.7352740997689348,0.7352740998514313,1.2279335608843995,0.8034699507625231,0.37164345576048097,1.2279335610937756,0.8034699509685967,0.37164345576048097
905,82,0.30000000000000004,[0.373 0.627],[0.373 0.627],0.7202287294914719,0.720228730331663,1.2043733414771207,0.7875532876527532,0.3930575330855404,1.2043733436095263,0.7875532897528643,0.3930575330855404
906,82,0.4,[0.357 0.643],[0.357 0.643],0.7068558799832579,0.7068558843699614,1.1824840718197216,0.7723035035162215,0.3818842830486418,1.1824840829531749,0.7723035144805672,0.3818842830486418
907,82,0.5,[0.341 0.659],[0.341 0.659],0.6949434600645119,0.6949434757913422,1.1620976880033118,0.7576880932523959,0.34979174699896504,1.1620977279180076,0.7576881325353105,0.34979174699896504
908,82,0.6000000000000001,[1. 0.],[1. 0.],1.8000000000000043,1.8000000000000043,2.2323000000000053,1.309097670152998,0.0,2.2323000000000053,1.309097670152998,0.0
909,82,0.7000000000000001,[1. 0.],[1. 0.],1.800000000000004,1.800000000000004,2.2323000000000053,1.309097670152998,0.0,2.2323000000000053,1.309097670152998,0.0
910,82,0.8,[1. 0.],[1. 0.],1.8000000000000045,1.8000000000000045,2.2323000000000053,1.309097670152998,0.0,2.2323000000000053,1.309097670152998,0.0
911,82,0.9,[1. 0.],[1. 0.],1.7999999853566795,1.7999999853566795,2.232299981839842,1.3090976595032524,0.0,2.232299981839842,1.3090976595032524,0.0
912,82,1.0,[1. 0.],[1. 0.],1.7999999842915129,1.7999999842915129,2.2322999805188575,1.3090976587285816,0.0,2.2322999805188575,1.3090976587285816,0.0
913,83,0.0,[0. 1.],[0. 1.],0.5999999152246802,0.5999999152246802,0.7634998921234057,0.42493258168134673,0.0,0.7634998921234057,0.42493258168134673,0.0
914,83,0.1,[0. 1.],[0. 1.],0.5999999864804908,0.5999999864804908,0.7634999827964247,0.42493263214621324,0.0,0.7634999827964247,0.42493263214621324,0.0
915,83,0.2,[0. 1.],[0. 1.],0.5999999862525599,0.5999999862525599,0.7634999825063824,0.4249326319847877,0.0,0.7634999825063824,0.4249326319847877,0.0
916,83,0.30000000000000004,[0. 1.],[0. 1.],0.5999999858782802,0.5999999858782802,0.7634999820301118,0.4249326317197149,0.0,0.7634999820301118,0.4249326317197149,0.0
917,83,0.4,[0. 1.],[0. 1.],0.5999999853563542,0.5999999853563542,0.7634999813659605,0.42493263135007603,0.0,0.7634999813659605,0.42493263135007603,0.0
918,83,0.5,[0. 1.],[0. 1.],0.5999999846851396,0.5999999846851396,0.7634999805118404,0.4249326308747077,0.0,0.7634999805118404,0.4249326308747077,0.0
919,83,0.6000000000000001,[0. 1.],[0. 1.],0.5999999462916659,0.5999999462916659,0.7634999316561448,0.4249326036836406,0.0,0.7634999316561448,0.4249326036836406,0.0
920,83,0.7000000000000001,[0. 1.],[0. 1.],0.5999999432144785,0.5999999432144785,0.7634999277404241,0.4249326015043117,0.0,0.7634999277404241,0.4249326015043117,0.0
921,83,0.8,[0. 1.],[0. 1.],0.5999999396632482,0.5999999396632482,0.763499923221483,0.4249325989892555,0.0,0.763499923221483,0.4249325989892555,0.0
922,83,0.9,[0. 1.],[0. 1.],0.5999999356370526,0.5999999356370526,0.7634999180981495,0.4249325961378189,0.0,0.7634999180981495,0.4249325961378189,0.0
923,83,1.0,[1. 0.],[1. 0.],3.0000008811325776,3.0000011927570047,2.232300655650751,1.3090980546491966,0.0,2.232300919285017,1.3090982092534342,0.0
924,84,0.0,[0. 1.],[0. 1.],0.7999999954506269,0.7999999954506269,0.7634999956581918,0.42493263930454295,0.0,0.7634999956581918,0.42493263930454295,0.0
925,84,0.1,[0. 1.],[0. 1.],0.8000000083221388,0.8000000083221388,0.7635000079424409,0.42493264614144993,0.0,0.7635000079424409,0.42493264614144993,0.0
926,84,0.2,[0. 1.],[0. 1.],0.8000000084413996,0.8000000084413996,0.7635000080562607,0.42493264620479715,0.0,0.7635000080562607,0.42493264620479715,0.0
927,84,0.30000000000000004,[0. 1.],[0. 1.],0.8000000086461589,0.8000000086461589,0.7635000082516782,0.4249326463135584,0.0,0.7635000082516782,0.4249326463135584,0.0
928,84,0.4,[0. 1.],[0. 1.],0.8000000089375268,0.8000000089375268,0.7635000085297518,0.42493264646832285,0.0,0.7635000085297518,0.42493264646832285,0.0
929,84,0.5,[0. 1.],[0. 1.],0.7999999999999038,0.7999999999999038,0.7634999999999079,0.42493264172096334,0.0,0.7634999999999079,0.42493264172096334,0.0
930,84,0.6000000000000001,[0. 1.],[0. 1.],0.7999999960775577,0.7999999960775577,0.7634999962565192,0.4249326396375472,0.0,0.7634999962565192,0.4249326396375472,0.0
931,84,0.7000000000000001,[0. 1.],[0. 1.],0.7999999999999965,0.7999999999999965,0.763499999999997,0.42493264172101247,0.0,0.763499999999997,0.42493264172101247,0.0
932,84,0.8,[0. 1.],[0. 1.],0.7999999998659939,0.7999999998659939,0.7634999998721079,0.4249326416498349,0.0,0.7634999998721079,0.4249326416498349,0.0
933,84,0.9,[0.84 0.16],[0.84 0.16],2.1172881239970307,2.1172881239970316,1.9359360776464765,1.1547788236935066,0.02556901912612239,1.9359360776464776,1.154778823693507,0.02556901912612239
934,84,1.0,[0. 1.],[0. 1.],0.7999999999999999,0.7999999999999999,0.7635,0.42493264172101436,0.0,0.7635,0.42493264172101436,0.0
935,85,0.0,[0. 1.],[0. 1.],0.7999999954506269,0.7999999954506269,0.7634999956581918,0.42493263930454295,0.0,0.7634999956581918,0.42493263930454295,0.0
936,85,0.1,[0. 1.],[0. 1.],0.8000000083221388,0.8000000083221388,0.7635000079424409,0.42493264614144993,0.0,0.7635000079424409,0.42493264614144993,0.0
937,85,0.2,[0. 1.],[0. 1.],0.8000000084413996,0.8000000084413996,0.7635000080562607,0.42493264620479715,0.0,0.7635000080562607,0.42493264620479715,0.0
938,85,0.30000000000000004,[0. 1.],[0. 1.],0.8000000086461589,0.8000000086461589,0.7635000082516782,0.4249326463135584,0.0,0.7635000082516782,0.4249326463135584,0.0
939,85,0.4,[0. 1.],[0. 1.],0.8000000089375268,0.8000000089375268,0.7635000085297518,0.42493264646832285,0.0,0.7635000085297518,0.42493264646832285,0.0
940,85,0.5,[0. 1.],[0. 1.],0.7999999999999038,0.7999999999999038,0.7634999999999079,0.42493264172096334,0.0,0.7634999999999079,0.42493264172096334,0.0
941,85,0.6000000000000001,[0. 1.],[0. 1.],0.7999999960775577,0.7999999960775577,0.7634999962565192,0.4249326396375472,0.0,0.7634999962565192,0.4249326396375472,0.0
942,85,0.7000000000000001,[0. 1.],[0. 1.],0.7999999999999965,0.7999999999999965,0.763499999999997,0.42493264172101247,0.0,0.763499999999997,0.42493264172101247,0.0
943,85,0.8,[0. 1.],[0. 1.],0.7999999998659939,0.7999999998659939,0.7634999998721079,0.4249326416498349,0.0,0.7634999998721079,0.4249326416498349,0.0
944,85,0.9,[0.84 0.16],[0.84 0.16],2.1172881239970307,2.1172881239970316,1.9359360776464765,1.1547788236935066,0.02556901912612239,1.9359360776464776,1.154778823693507,0.02556901912612239
945,85,1.0,[0. 1.],[0. 1.],0.7999999999999999,0.7999999999999999,0.7635,0.42493264172101436,0.0,0.7635,0.42493264172101436,0.0
946,86,0.0,[0. 1.],[0. 1.],1.000000008716652,1.000000008716652,0.7635000066551638,0.4249326454250044,0.0,0.7635000066551638,0.4249326454250044,0.0
947,86,0.1,[0. 1.],[0. 1.],1.0000000087890617,1.0000000087890617,0.7635000067104487,0.4249326454557736,0.0,0.7635000067104487,0.4249326454557736,0.0
948,86,0.2,[0. 1.],[0. 1.],1.0000000014991335,1.0000000014991335,0.7635000011445885,0.4249326423580452,0.0,0.7635000011445885,0.4249326423580452,0.0
949,86,0.30000000000000004,[0. 1.],[0. 1.],1.0000000015489434,1.0000000015489434,0.7635000011826184,0.424932642379211,0.0,0.7635000011826184,0.424932642379211,0.0
950,86,0.4,[0. 1.],[0. 1.],1.0000000016186104,1.0000000016186104,0.7635000012358091,0.4249326424088148,0.0,0.7635000012358091,0.4249326424088148,0.0
951,86,0.5,[0. 1.],[0. 1.],1.0000000017081456,1.0000000017081456,0.763500001304169,0.4249326424468613,0.0,0.763500001304169,0.4249326424468613,0.0
952,86,0.6000000000000001,[0. 1.],[0. 1.],1.0000000018175612,1.0000000018175612,0.7635000013877079,0.4249326424933555,0.0,0.7635000013877079,0.4249326424933555,0.0
953,86,0.7000000000000001,[0. 1.],[0. 1.],1.00000000194687,1.00000000194687,0.7635000014864352,0.42493264254830293,0.0,0.7635000014864352,0.42493264254830293,0.0
954,86,0.8,[0. 1.],[0. 1.],1.000000002096086,1.000000002096086,0.7635000016003618,0.42493264261170977,0.0,0.7635000016003618,0.42493264261170977,0.0
955,86,0.9,[0. 1.],[0. 1.],1.0000000022652265,1.0000000022652265,0.7635000017295004,0.424932642683583,0.0,0.7635000017295004,0.424932642683583,0.0
956,86,1.0,[0. 1.],[0. 1.],1.0000000249344072,1.0000000249344072,0.7635000190374198,0.424932652316458,0.0,0.7635000190374198,0.424932652316458,0.0
957,87,0.0,[0.222 0.778],[0.222 0.778],0.5333333333333699,0.5333333333332886,1.0107740740741489,0.6362825102238453,0.1481481481481792,1.0107740740739424,0.6362825102236486,0.1481481481481792
958,87,0.1,[0.201 0.799],[0.201 0.799],0.5127876397094355,0.5127876397104949,0.985032949811543,0.6134816773729823,0.12102783256507266,0.9850329498142317,0.613481677375512,0.12102783256507266
959,87,0.2,[0.181 0.819],[0.181 0.819],0.4952293856490948,0.49522938575802844,0.961571310059357,0.5922769920356722,0.09835898988720258,0.9615713103358304,0.592276992291875,0.09835898988720258
960,87,0.30000000000000004,[0.163 0.837],[0.163 0.837],0.48018707368081065,0.48018707486677425,0.9401064131497242,0.5726051737038723,0.07941231949786892,0.9401064161596998,0.5726051764453015,0.07941231949786892
961,87,0.4,[0.146 0.854],[0.146 0.854],0.46727440311710833,0.4672744094304875,0.9203996407012782,0.5544025793090378,0.06359272012415954,0.9203996567246344,0.5544025936208679,0.06359272012415954
962,87,0.5,[0.13 0.87],[0.13 0.87],0.45617283950617055,0.4561728395061691,0.9022483539094602,0.5376056320963829,0.05041152263374692,0.9022483539094567,0.5376056320963798,0.05041152263374692
963,87,0.6000000000000001,[0.115 0.885],[0.115 0.885],0.4466181054269703,0.4466181057936382,0.8854793564938344,0.5221510407941484,0.03946506279987067,0.8854793574244378,0.5221510415880544,0.03946506279987067
964,87,0.7000000000000001,[0. 1.],[0. 1.],0.39999999999998437,0.39999999999998437,0.7634999999999702,0.4249326417209978,0.0,0.7634999999999702,0.4249326417209978,0.0
965,87,0.8,[1. 0.],[1. 0.],2.40000000000387,2.40000000000387,2.2323000000036,1.3090976701551063,0.0,2.2323000000036,1.3090976701551063,0.0
966,87,0.9,[0.075 0.925],[0.075 0.925],0.42520184544390716,0.4252018454439132,0.8420765538892251,0.48321844675687636,0.016948609509155207,0.8420765538892403,0.48321844675688835,0.016948609509155207
967,87,1.0,[0.063 0.937],[0.063 0.937],0.4199546485259075,0.4199546485259221,0.8295359788356375,0.47251441155639334,0.012093726379432401,0.8295359788356745,0.4725144115564212,0.012093726379432401
968,88,0.0,[0. 1.],[0. 1.],1.0000000097113808,1.0000000097113808,0.763500007414639,0.4249326458476971,0.0,0.763500007414639,0.4249326458476971,0.0
969,88,0.1,[0. 1.],[0. 1.],1.0000000097788122,1.0000000097788122,0.7635000074661232,0.424932645876351,0.0,0.7635000074661232,0.424932645876351,0.0
970,88,0.2,[0. 1.],[0. 1.],1.0000000000686502,1.0000000000686502,0.7635000000524146,0.42493264175018614,0.0,0.7635000000524146,0.42493264175018614,0.0
971,88,0.30000000000000004,[0. 1.],[0. 1.],1.0000000106560878,1.0000000106560878,0.763500008135923,0.42493264624913396,0.0,0.763500008135923,0.42493264624913396,0.0
972,88,0.4,[0. 1.],[0. 1.],1.0000000048469742,1.0000000048469742,0.7635000037006648,0.42493264378065193,0.0,0.7635000037006648,0.42493264378065193,0.0
973,88,0.5,[0. 1.],[0. 1.],1.0000000000153384,1.0000000000153384,0.7635000000117111,0.42493264172753215,0.0,0.7635000000117111,0.42493264172753215,0.0
974,88,0.6000000000000001,[0. 1.],[0. 1.],1.0000000000266964,1.0000000000266964,0.763500000020383,0.42493264173235856,0.0,0.763500000020383,0.42493264173235856,0.0
975,88,0.7000000000000001,[0. 1.],[0. 1.],1.0000000000247165,1.0000000000247165,0.763500000018871,0.42493264173151724,0.0,0.763500000018871,0.42493264173151724,0.0
976,88,0.8,[0. 1.],[0. 1.],1.0000000000213858,1.0000000000213858,0.7635000000163279,0.424932641730102,0.0,0.7635000000163279,0.424932641730102,0.0
977,88,0.9,[0. 1.],[0. 1.],1.000000000017569,1.000000000017569,0.7635000000134138,0.42493264172848005,0.0,0.7635000000134138,0.42493264172848005,0.0
978,88,1.0,[0. 1.],[0. 1.],1.0000000166678493,1.0000000166678493,0.7635000127259028,0.4249326488037276,0.0,0.7635000127259028,0.4249326488037276,0.0
979,89,0.0,[0. 1.],[0. 1.],0.7999999463554921,0.7999999463554921,0.7634999488030225,0.4249326132268863,0.0,0.7634999488030225,0.4249326132268863,0.0
980,89,0.1,[0. 1.],[0. 1.],0.7999999941005648,0.7999999941005648,0.7634999943697267,0.42493263858743613,0.0,0.7634999943697267,0.42493263858743613,0.0
981,89,0.2,[0. 1.],[0. 1.],0.7999999939751951,0.7999999939751951,0.7634999942500768,0.42493263852084406,0.0,0.7634999942500768,0.42493263852084406,0.0
982,89,0.30000000000000004,[0. 1.],[0. 1.],0.7999999937679967,0.7999999937679967,0.763499994052332,0.4249326384107874,0.0,0.763499994052332,0.4249326384107874,0.0
983,89,0.4,[0. 1.],[0. 1.],0.7999999934765615,0.7999999934765615,0.7634999937741932,0.4249326382559869,0.0,0.7634999937741932,0.4249326382559869,0.0
984,89,0.5,[0. 1.],[0. 1.],0.7999999930975783,0.7999999930975783,0.7634999934125012,0.424932638054684,0.0,0.7634999934125012,0.424932638054684,0.0
985,89,0.6000000000000001,[0. 1.],[0. 1.],0.7999999926268611,0.7999999926268611,0.7634999929632605,0.4249326378046551,0.0,0.7634999929632605,0.4249326378046551,0.0
986,89,0.7000000000000001,[0. 1.],[0. 1.],0.7999999920593854,0.7999999920593854,0.7634999924216758,0.42493263750323146,0.0,0.7634999924216758,0.42493263750323146,0.0
987,89,0.8,[0. 1.],[0. 1.],0.7999999702254604,0.7999999702254604,0.7634999715839236,0.4249326259057972,0.0,0.7634999715839236,0.4249326259057972,0.0
988,89,0.9,[0. 1.],[0. 1.],0.7999999675765941,0.7999999675765941,0.7634999690559118,0.42493262449881,0.0,0.7634999690559118,0.42493262449881,0.0
989,89,1.0,[0. 1.],[0. 1.],0.7999999645413535,0.7999999645413535,0.7634999661591543,0.42493262288659395,0.0,0.7634999661591543,0.42493262288659395,0.0
990,90,0.0,[0.429 0.571],[0.429 0.571],0.7714285714286794,0.7714285714289263,1.2808714285715221,0.8374538444416606,0.32653061224513513,1.2808714285721485,0.8374538444422752,0.32653061224513513
991,90,0.1,[0.409 0.591],[0.409 0.591],0.7522419950521949,0.7522419950539233,1.2533582704993809,0.8200897030118347,0.34947040688876263,1.253358270503767,0.8200897030161457,0.34947040688876263
992,90,0.2,[0.39 0.61],[0.39 0.61],0.7352740997689348,0.7352740998514313,1.2279335608843995,0.8034699507625231,0.37164345576048097,1.2279335610937756,0.8034699509685967,0.37164345576048097
993,90,0.30000000000000004,[0.373 0.627],[0.373 0.627],0.7202287294914719,0.720228730331663,1.2043733414771207,0.7875532876527532,0.3930575330855404,1.2043733436095263,0.7875532897528643,0.3930575330855404
994,90,0.4,[0.357 0.643],[0.357 0.643],0.7068558799832579,0.7068558843699614,1.1824840718197216,0.7723035035162215,0.3818842830486418,1.1824840829531749,0.7723035144805672,0.3818842830486418
995,90,0.5,[0.341 0.659],[0.341 0.659],0.6949434600645119,0.6949434757913422,1.1620976880033118,0.7576880932523959,0.34979174699896504,1.1620977279180076,0.7576881325353105,0.34979174699896504
996,90,0.6000000000000001,[1. 0.],[1. 0.],1.8000000000000043,1.8000000000000043,2.2323000000000053,1.309097670152998,0.0,2.2323000000000053,1.309097670152998,0.0
997,90,0.7000000000000001,[1. 0.],[1. 0.],1.800000000000004,1.800000000000004,2.2323000000000053,1.309097670152998,0.0,2.2323000000000053,1.309097670152998,0.0
998,90,0.8,[1. 0.],[1. 0.],1.8000000000000045,1.8000000000000045,2.2323000000000053,1.309097670152998,0.0,2.2323000000000053,1.309097670152998,0.0
999,90,0.9,[1. 0.],[1. 0.],1.7999999853566795,1.7999999853566795,2.232299981839842,1.3090976595032524,0.0,2.232299981839842,1.3090976595032524,0.0
1000,90,1.0,[1. 0.],[1. 0.],1.7999999842915129,1.7999999842915129,2.2322999805188575,1.3090976587285816,0.0,2.2322999805188575,1.3090976587285816,0.0
1001,91,0.0,[0. 1.],[0. 1.],0.7999999954506269,0.7999999954506269,0.7634999956581918,0.42493263930454295,0.0,0.7634999956581918,0.42493263930454295,0.0
1002,91,0.1,[0. 1.],[0. 1.],0.8000000083221388,0.8000000083221388,0.7635000079424409,0.42493264614144993,0.0,0.7635000079424409,0.42493264614144993,0.0
1003,91,0.2,[0. 1.],[0. 1.],0.8000000084413996,0.8000000084413996,0.7635000080562607,0.42493264620479715,0.0,0.7635000080562607,0.42493264620479715,0.0
1004,91,0.30000000000000004,[0. 1.],[0. 1.],0.8000000086461589,0.8000000086461589,0.7635000082516782,0.4249326463135584,0.0,0.7635000082516782,0.4249326463135584,0.0
1005,91,0.4,[0. 1.],[0. 1.],0.8000000089375268,0.8000000089375268,0.7635000085297518,0.42493264646832285,0.0,0.7635000085297518,0.42493264646832285,0.0
1006,91,0.5,[0. 1.],[0. 1.],0.7999999999999038,0.7999999999999038,0.7634999999999079,0.42493264172096334,0.0,0.7634999999999079,0.42493264172096334,0.0
1007,91,0.6000000000000001,[0. 1.],[0. 1.],0.7999999960775577,0.7999999960775577,0.7634999962565192,0.4249326396375472,0.0,0.7634999962565192,0.4249326396375472,0.0
1008,91,0.7000000000000001,[0. 1.],[0. 1.],0.7999999999999965,0.7999999999999965,0.763499999999997,0.42493264172101247,0.0,0.763499999999997,0.42493264172101247,0.0
1009,91,0.8,[0. 1.],[0. 1.],0.7999999998659939,0.7999999998659939,0.7634999998721079,0.4249326416498349,0.0,0.7634999998721079,0.4249326416498349,0.0
1010,91,0.9,[0.84 0.16],[0.84 0.16],2.1172881239970307,2.1172881239970316,1.9359360776464765,1.1547788236935066,0.02556901912612239,1.9359360776464776,1.154778823693507,0.02556901912612239
1011,91,1.0,[0. 1.],[0. 1.],0.7999999999999999,0.7999999999999999,0.7635,0.42493264172101436,0.0,0.7635,0.42493264172101436,0.0
1012,92,0.0,[0. 1.],[0. 1.],0.7999999954506269,0.7999999954506269,0.7634999956581918,0.42493263930454295,0.0,0.7634999956581918,0.42493263930454295,0.0
1013,92,0.1,[0. 1.],[0. 1.],0.8000000083221388,0.8000000083221388,0.7635000079424409,0.42493264614144993,0.0,0.7635000079424409,0.42493264614144993,0.0
1014,92,0.2,[0. 1.],[0. 1.],0.8000000084413996,0.8000000084413996,0.7635000080562607,0.42493264620479715,0.0,0.7635000080562607,0.42493264620479715,0.0
1015,92,0.30000000000000004,[0. 1.],[0. 1.],0.8000000086461589,0.8000000086461589,0.7635000082516782,0.4249326463135584,0.0,0.7635000082516782,0.4249326463135584,0.0
1016,92,0.4,[0. 1.],[0. 1.],0.8000000089375268,0.8000000089375268,0.7635000085297518,0.42493264646832285,0.0,0.7635000085297518,0.42493264646832285,0.0
1017,92,0.5,[0. 1.],[0. 1.],0.7999999999999038,0.7999999999999038,0.7634999999999079,0.42493264172096334,0.0,0.7634999999999079,0.42493264172096334,0.0
1018,92,0.6000000000000001,[0. 1.],[0. 1.],0.7999999960775577,0.7999999960775577,0.7634999962565192,0.4249326396375472,0.0,0.7634999962565192,0.4249326396375472,0.0
1019,92,0.7000000000000001,[0. 1.],[0. 1.],0.7999999999999965,0.7999999999999965,0.763499999999997,0.42493264172101247,0.0,0.763499999999997,0.42493264172101247,0.0
1020,92,0.8,[0. 1.],[0. 1.],0.7999999998659939,0.7999999998659939,0.7634999998721079,0.4249326416498349,0.0,0.7634999998721079,0.4249326416498349,0.0
1021,92,0.9,[0.84 0.16],[0.84 0.16],2.1172881239970307,2.1172881239970316,1.9359360776464765,1.1547788236935066,0.02556901912612239,1.9359360776464776,1.154778823693507,0.02556901912612239
1022,92,1.0,[0. 1.],[0. 1.],0.7999999999999999,0.7999999999999999,0.7635,0.42493264172101436,0.0,0.7635,0.42493264172101436,0.0
1023,93,0.0,[0.6 0.4],[0.6 0.4],1.4399999999981026,1.4400000000007678,1.5349079999982582,0.9739144888199092,0.16000000000092354,1.5349080000016404,0.9739144888230523,0.16000000000092354
1024,93,0.1,[0.541 0.459],[0.541 0.459],1.3249931353801285,1.3249931386736713,1.4440498544941096,0.9291795763670732,0.21091906910313957,1.444049858673615,0.9291795803513279,0.21091906910313957
1025,93,0.2,[0.49 0.51],[0.49 0.51],1.2314863258025999,1.231486325802545,1.3683045089179202,0.8887639305033531,0.2604518430439304,1.3683045089178512,0.8887639305032858,0.2604518430439304
1026,93,0.30000000000000004,[0. 1.],[0. 1.],0.599999986160271,0.599999986160271,0.7634999823889445,0.42493263191942665,0.0,0.7634999823889445,0.42493263191942665,0.0
1027,93,0.4,[1. 0.],[1. 0.],2.3999999447583154,2.3999999447583154,2.2322999486183273,1.309097640021011,0.0,2.2322999486183273,1.309097640021011,0.0
1028,93,0.5,[0. 1.],[0. 1.],0.5999999851958144,0.5999999851958144,0.7634999811616736,0.42493263123637826,0.0,0.7634999811616736,0.42493263123637826,0.0
1029,93,0.6000000000000001,[1. 0.],[1. 0.],2.3999999883799212,2.3999999883799212,2.232299989191874,1.3090976638147378,0.0,2.232299989191874,1.3090976638147378,0.0
1030,93,0.7000000000000001,[0. 1.],[0. 1.],0.5999999837161527,0.5999999837161527,0.7634999792788045,0.4249326301884506,0.0,0.7634999792788045,0.4249326301884506,0.0
1031,93,0.8,[0. 1.],[0. 1.],0.5999999827706614,0.5999999827706614,0.7634999780756664,0.42493262951883376,0.0,0.7634999780756664,0.42493262951883376,0.0
1032,93,0.9,[0. 1.],[0. 1.],0.5999999816798868,0.5999999816798868,0.7634999766876557,0.4249326287463241,0.0,0.7634999766876557,0.4249326287463241,0.0
1033,93,1.0,[1. 0.],[1. 0.],2.3999999999942236,2.3999999999942236,2.232299999994627,1.3090976701498442,0.0,2.232299999994627,1.3090976701498442,0.0
1034,94,0.0,[0. 1.],[0. 1.],1.0000000097113808,1.0000000097113808,0.763500007414639,0.4249326458476971,0.0,0.763500007414639,0.4249326458476971,0.0
1035,94,0.1,[0. 1.],[0. 1.],1.0000000097788122,1.0000000097788122,0.7635000074661232,0.424932645876351,0.0,0.7635000074661232,0.424932645876351,0.0
1036,94,0.2,[0. 1.],[0. 1.],1.0000000000686502,1.0000000000686502,0.7635000000524146,0.42493264175018614,0.0,0.7635000000524146,0.42493264175018614,0.0
1037,94,0.30000000000000004,[0. 1.],[0. 1.],1.0000000106560878,1.0000000106560878,0.763500008135923,0.42493264624913396,0.0,0.763500008135923,0.42493264624913396,0.0
1038,94,0.4,[0. 1.],[0. 1.],1.0000000048469742,1.0000000048469742,0.7635000037006648,0.42493264378065193,0.0,0.7635000037006648,0.42493264378065193,0.0
1039,94,0.5,[0. 1.],[0. 1.],1.0000000000153384,1.0000000000153384,0.7635000000117111,0.42493264172753215,0.0,0.7635000000117111,0.42493264172753215,0.0
1040,94,0.6000000000000001,[0. 1.],[0. 1.],1.0000000000266964,1.0000000000266964,0.763500000020383,0.42493264173235856,0.0,0.763500000020383,0.42493264173235856,0.0
1041,94,0.7000000000000001,[0. 1.],[0. 1.],1.0000000000247165,1.0000000000247165,0.763500000018871,0.42493264173151724,0.0,0.763500000018871,0.42493264173151724,0.0
1042,94,0.8,[0. 1.],[0. 1.],1.0000000000213858,1.0000000000213858,0.7635000000163279,0.424932641730102,0.0,0.7635000000163279,0.424932641730102,0.0
1043,94,0.9,[0. 1.],[0. 1.],1.000000000017569,1.000000000017569,0.7635000000134138,0.42493264172848005,0.0,0.7635000000134138,0.42493264172848005,0.0
1044,94,1.0,[0. 1.],[0. 1.],1.0000000166678493,1.0000000166678493,0.7635000127259028,0.4249326488037276,0.0,0.7635000127259028,0.4249326488037276,0.0
1045,95,0.0,[0. 1.],[0. 1.],0.5999999152246802,0.5999999152246802,0.7634998921234057,0.42493258168134673,0.0,0.7634998921234057,0.42493258168134673,0.0
1046,95,0.1,[0. 1.],[0. 1.],0.5999999864804908,0.5999999864804908,0.7634999827964247,0.42493263214621324,0.0,0.7634999827964247,0.42493263214621324,0.0
1047,95,0.2,[0. 1.],[0. 1.],0.5999999862525599,0.5999999862525599,0.7634999825063824,0.4249326319847877,0.0,0.7634999825063824,0.4249326319847877,0.0
1048,95,0.30000000000000004,[0. 1.],[0. 1.],0.5999999858782802,0.5999999858782802,0.7634999820301118,0.4249326317197149,0.0,0.7634999820301118,0.4249326317197149,0.0
1049,95,0.4,[0. 1.],[0. 1.],0.5999999853563542,0.5999999853563542,0.7634999813659605,0.42493263135007603,0.0,0.7634999813659605,0.42493263135007603,0.0
1050,95,0.5,[0. 1.],[0. 1.],0.5999999846851396,0.5999999846851396,0.7634999805118404,0.4249326308747077,0.0,0.7634999805118404,0.4249326308747077,0.0
1051,95,0.6000000000000001,[0. 1.],[0. 1.],0.5999999462916659,0.5999999462916659,0.7634999316561448,0.4249326036836406,0.0,0.7634999316561448,0.4249326036836406,0.0
1052,95,0.7000000000000001,[0. 1.],[0. 1.],0.5999999432144785,0.5999999432144785,0.7634999277404241,0.4249326015043117,0.0,0.7634999277404241,0.4249326015043117,0.0
1053,95,0.8,[0. 1.],[0. 1.],0.5999999396632482,0.5999999396632482,0.763499923221483,0.4249325989892555,0.0,0.763499923221483,0.4249325989892555,0.0
1054,95,0.9,[0. 1.],[0. 1.],0.5999999356370526,0.5999999356370526,0.7634999180981495,0.4249325961378189,0.0,0.7634999180981495,0.4249325961378189,0.0
1055,95,1.0,[1. 0.],[1. 0.],3.0000008811325776,3.0000011927570047,2.232300655650751,1.3090980546491966,0.0,2.232300919285017,1.3090982092534342,0.0
1056,96,0.0,[0. 1.],[0. 1.],0.9999999842372437,0.9999999842372437,0.7634999879651355,0.4249326350229047,0.0,0.7634999879651355,0.4249326350229047,0.0
1057,96,0.1,[0. 1.],[0. 1.],0.9999999924371857,0.9999999924371857,0.7634999942257913,0.42493263850732776,0.0,0.7634999942257913,0.42493263850732776,0.0
1058,96,0.2,[0. 1.],[0. 1.],1.0000000001023137,1.0000000001023137,0.7635000000781168,0.4249326417644909,0.0,0.7635000000781168,0.4249326417644909,0.0
1059,96,0.30000000000000004,[0. 1.],[0. 1.],0.9999999927138999,0.9999999927138999,0.7634999944370625,0.4249326386249126,0.0,0.7634999944370625,0.4249326386249126,0.0
1060,96,0.4,[0. 1.],[0. 1.],0.9999999927400794,0.9999999927400794,0.7634999944570507,0.4249326386360372,0.0,0.7634999944570507,0.4249326386360372,0.0
1061,96,0.5,[0. 1.],[0. 1.],1.0000000095446653,1.0000000095446653,0.763500007287352,0.42493264577685425,0.0,0.763500007287352,0.42493264577685425,0.0
1062,96,0.6000000000000001,[0. 1.],[0. 1.],1.0000000124516126,1.0000000124516126,0.7635000095068065,0.4249326470121111,0.0,0.7635000095068065,0.4249326470121111,0.0
1063,96,0.7000000000000001,[0. 1.],[0. 1.],1.0000000131608555,1.0000000131608555,0.7635000100483132,0.42493264731349156,0.0,0.7635000100483132,0.42493264731349156,0.0
1064,96,0.8,[0. 1.],[0. 1.],1.000000000077617,1.000000000077617,0.7635000000592603,0.4249326417539964,0.0,0.7635000000592603,0.4249326417539964,0.0
1065,96,0.9,[0. 1.],[0. 1.],1.0000000149067034,1.0000000149067034,0.7635000113812681,0.42493264805535935,0.0,0.7635000113812681,0.42493264805535935,0.0
1066,96,1.0,[0. 1.],[0. 1.],1.0000000004099254,1.0000000004099254,0.7635000003129783,0.42493264189520513,0.0,0.7635000003129783,0.42493264189520513,0.0
1067,97,0.0,[0.6 0.4],[0.6 0.4],1.4399999999981026,1.4400000000007678,1.5349079999982582,0.9739144888199092,0.16000000000092354,1.5349080000016404,0.9739144888230523,0.16000000000092354
1068,97,0.1,[0.541 0.459],[0.541 0.459],1.3249931353801285,1.3249931386736713,1.4440498544941096,0.9291795763670732,0.21091906910313957,1.444049858673615,0.9291795803513279,0.21091906910313957
1069,97,0.2,[0.49 0.51],[0.49 0.51],1.2314863258025999,1.231486325802545,1.3683045089179202,0.8887639305033531,0.2604518430439304,1.3683045089178512,0.8887639305032858,0.2604518430439304
1070,97,0.30000000000000004,[0. 1.],[0. 1.],0.599999986160271,0.599999986160271,0.7634999823889445,0.42493263191942665,0.0,0.7634999823889445,0.42493263191942665,0.0
1071,97,0.4,[1. 0.],[1. 0.],2.3999999447583154,2.3999999447583154,2.2322999486183273,1.309097640021011,0.0,2.2322999486183273,1.309097640021011,0.0
1072,97,0.5,[0. 1.],[0. 1.],0.5999999851958144,0.5999999851958144,0.7634999811616736,0.42493263123637826,0.0,0.7634999811616736,0.42493263123637826,0.0
1073,97,0.6000000000000001,[1. 0.],[1. 0.],2.3999999883799212,2.3999999883799212,2.232299989191874,1.3090976638147378,0.0,2.232299989191874,1.3090976638147378,0.0
1074,97,0.7000000000000001,[0. 1.],[0. 1.],0.5999999837161527,0.5999999837161527,0.7634999792788045,0.4249326301884506,0.0,0.7634999792788045,0.4249326301884506,0.0
1075,97,0.8,[0. 1.],[0. 1.],0.5999999827706614,0.5999999827706614,0.7634999780756664,0.42493262951883376,0.0,0.7634999780756664,0.42493262951883376,0.0
1076,97,0.9,[0. 1.],[0. 1.],0.5999999816798868,0.5999999816798868,0.7634999766876557,0.4249326287463241,0.0,0.7634999766876557,0.4249326287463241,0.0
1077,97,1.0,[1. 0.],[1. 0.],2.3999999999942236,2.3999999999942236,2.232299999994627,1.3090976701498442,0.0,2.232299999994627,1.3090976701498442,0.0
1078,98,0.0,[0. 1.],[0. 1.],0.8000000043211121,0.8000000043211121,0.7635000041239611,0.4249326440162413,0.0,0.7635000041239611,0.4249326440162413,0.0
1079,98,0.1,[0. 1.],[0. 1.],0.8000000018817622,0.8000000018817622,0.7635000017959066,0.4249326427205421,0.0,0.7635000017959066,0.4249326427205421,0.0
1080,98,0.2,[0. 1.],[0. 1.],0.8000000019080801,0.8000000019080801,0.763500001821024,0.4249326427345213,0.0,0.763500001821024,0.4249326427345213,0.0
1081,98,0.30000000000000004,[0. 1.],[0. 1.],0.8000000019596886,0.8000000019596886,0.7635000018702777,0.4249326427619339,0.0,0.7635000018702777,0.4249326427619339,0.0
1082,98,0.4,[0. 1.],[0. 1.],0.8000000020358968,0.8000000020358968,0.763500001943009,0.4249326428024132,0.0,0.763500001943009,0.4249326428024132,0.0
1083,98,0.5,[0. 1.],[0. 1.],0.8000000021360066,0.8000000021360066,0.7635000020385513,0.424932642855588,0.0,0.7635000020385513,0.424932642855588,0.0
1084,98,0.6000000000000001,[0. 1.],[0. 1.],0.8000000022592881,0.8000000022592881,0.7635000021562082,0.42493264292107097,0.0,0.7635000021562082,0.42493264292107097,0.0
1085,98,0.7000000000000001,[0. 1.],[0. 1.],0.8000000024049537,0.8000000024049537,0.763500002295228,0.42493264299844363,0.0,0.763500002295228,0.42493264299844363,0.0
1086,98,0.8,[0. 1.],[0. 1.],0.8000000025721382,0.8000000025721382,0.7635000024547842,0.4249326430872463,0.0,0.7635000024547842,0.4249326430872463,0.0
1087,98,0.9,[0. 1.],[0. 1.],0.800000002759877,0.800000002759877,0.7635000026339578,0.42493264318696683,0.0,0.7635000026339578,0.42493264318696683,0.0
1088,98,1.0,[0. 1.],[0. 1.],0.8000000029670897,0.8000000029670897,0.7635000028317165,0.424932643297031,0.0,0.7635000028317165,0.424932643297031,0.0
1089,99,0.0,[0. 1.],[0. 1.],1.0000000097113808,1.0000000097113808,0.763500007414639,0.4249326458476971,0.0,0.763500007414639,0.4249326458476971,0.0
1090,99,0.1,[0. 1.],[0. 1.],1.0000000097788122,1.0000000097788122,0.7635000074661232,0.424932645876351,0.0,0.7635000074661232,0.424932645876351,0.0
1091,99,0.2,[0. 1.],[0. 1.],1.0000000000686502,1.0000000000686502,0.7635000000524146,0.42493264175018614,0.0,0.7635000000524146,0.42493264175018614,0.0
1092,99,0.30000000000000004,[0. 1.],[0. 1.],1.0000000106560878,1.0000000106560878,0.763500008135923,0.42493264624913396,0.0,0.763500008135923,0.42493264624913396,0.0
1093,99,0.4,[0. 1.],[0. 1.],1.0000000048469742,1.0000000048469742,0.7635000037006648,0.42493264378065193,0.0,0.7635000037006648,0.42493264378065193,0.0
1094,99,0.5,[0. 1.],[0. 1.],1.0000000000153384,1.0000000000153384,0.7635000000117111,0.42493264172753215,0.0,0.7635000000117111,0.42493264172753215,0.0
1095,99,0.6000000000000001,[0. 1.],[0. 1.],1.0000000000266964,1.0000000000266964,0.763500000020383,0.42493264173235856,0.0,0.763500000020383,0.42493264173235856,0.0
1096,99,0.7000000000000001,[0. 1.],[0. 1.],1.0000000000247165,1.0000000000247165,0.763500000018871,0.42493264173151724,0.0,0.763500000018871,0.42493264173151724,0.0
1097,99,0.8,[0. 1.],[0. 1.],1.0000000000213858,1.0000000000213858,0.7635000000163279,0.424932641730102,0.0,0.7635000000163279,0.424932641730102,0.0
1098,99,0.9,[0. 1.],[0. 1.],1.000000000017569,1.000000000017569,0.7635000000134138,0.42493264172848005,0.0,0.7635000000134138,0.42493264172848005,0.0
1099,99,1.0,[0. 1.],[0. 1.],1.0000000166678493,1.0000000166678493,0.7635000127259028,0.4249326488037276,0.0,0.7635000127259028,0.4249326488037276,0.0
