risk,K,n,rep,seed,gamma,alpha,epsilon,low,high,profile,uniform_success,uniform_eta,uniform_regret1,uniform_regret2,uniform_rho1,uniform_rho2,uniform_time_s
msd,30,5,0,300623,0.5,nan,0.01,0.0,1.0,uniform,False,0.020214735249008575,0.014533611478410646,0.020214735249008575,0.4596244660475476,0.4919385401267741,0.002321874722838402
msd,30,5,1,300624,0.5,nan,0.01,0.0,1.0,uniform,False,0.020772601329532958,0.013065255189075864,0.020772601329532958,0.49560360895833033,0.4781829496651646,0.0013354169204831123
msd,30,5,2,300625,0.5,nan,0.01,0.0,1.0,uniform,False,0.03159764814937838,0.03159764814937838,0.014283772133631745,0.49660696388578784,0.4931808790881337,0.001218834426254034
msd,30,5,3,300626,0.5,nan,0.01,0.0,1.0,uniform,False,0.013993954917943974,0.013993954917943974,0.013854485096821523,0.4855965640816788,0.49392259739267874,0.001246000174432993
msd,30,5,4,300627,0.5,nan,0.01,0.0,1.0,uniform,False,0.04169491354130522,0.011802891178229913,0.04169491354130522,0.4954176161587546,0.4755043722919438,0.0014649168588221073
msd,30,5,5,300628,0.5,nan,0.01,0.0,1.0,uniform,False,0.020466221387600236,0.020466221387600236,0.005477932682550146,0.48460083494784567,0.47535013223184575,0.0014509167522192001
msd,30,5,6,300629,0.5,nan,0.01,0.0,1.0,uniform,False,0.013103387427424784,0.005000617535252161,0.013103387427424784,0.5089282677163408,0.5089474601751136,0.001209166832268238
msd,30,5,7,300630,0.5,nan,0.01,0.0,1.0,uniform,False,0.022616304172279833,0.01811563499340879,0.022616304172279833,0.48922567532686195,0.4803473305429207,0.0012378748506307602
msd,30,5,8,300631,0.5,nan,0.01,0.0,1.0,uniform,False,0.026360139739930344,0.026360139739930344,0.005318682240137984,0.49702284738062963,0.4841358263708381,0.0011880421079695225
msd,30,5,9,300632,0.5,nan,0.01,0.0,1.0,uniform,False,0.017360498363412857,0.017360498363412857,0.012550313906735444,0.46122268359242824,0.4934961990197547,0.0011796662583947182
msd,30,5,10,300633,0.5,nan,0.01,0.0,1.0,uniform,False,0.026020540045187057,0.026020540045187057,0.004675384080828238,0.5049049614185774,0.47911365747573226,0.0011996249668300152
msd,30,5,11,300634,0.5,nan,0.01,0.0,1.0,uniform,False,0.017005716871180354,0.015209513210724723,0.017005716871180354,0.48300048711335125,0.4769161663541689,0.0014368752017617226
msd,30,5,12,300635,0.5,nan,0.01,0.0,1.0,uniform,False,0.022619182548908268,0.022619182548908268,0.010895728008632866,0.49409973070298363,0.48611969256787785,0.0012905420735478401
msd,30,5,13,300636,0.5,nan,0.01,0.0,1.0,uniform,False,0.033177970363401144,0.007230436955393105,0.033177970363401144,0.4785059012169735,0.48893545246470377,0.0011855419725179672
msd,30,5,14,300637,0.5,nan,0.01,0.0,1.0,uniform,False,0.027764326454911448,0.027764326454911448,0.021946902009160718,0.5041581162547808,0.48369405233852725,0.0012532919645309448
msd,30,5,15,300638,0.5,nan,0.01,0.0,1.0,uniform,False,0.021702056077823217,0.021702056077823217,0.009048782378715148,0.48323209561205277,0.4709964419488842,0.001401915680617094
msd,30,5,16,300639,0.5,nan,0.01,0.0,1.0,uniform,False,0.018916464151707224,0.013439050397930086,0.018916464151707224,0.4813893768028921,0.4886503713804341,0.0013227909803390503
msd,30,5,17,300640,0.5,nan,0.01,0.0,1.0,uniform,False,0.013896611223561672,0.0050837945527685835,0.013896611223561672,0.47916062689840366,0.501428870231839,0.0014147083275020123
msd,30,5,18,300641,0.5,nan,0.01,0.0,1.0,uniform,False,0.012774305447475598,0.012774305447475598,0.002158768344794837,0.4722274960690327,0.48358195928270026,0.001236707903444767
msd,30,5,19,300642,0.5,nan,0.01,0.0,1.0,uniform,False,0.038850130965070395,0.038850130965070395,0.015565957219809523,0.4752208676399924,0.4797189065450971,0.001206125132739544
msd,30,5,20,300643,0.5,nan,0.01,0.0,1.0,uniform,False,0.011356872650000516,0.0097332178210921,0.011356872650000516,0.49561072958706326,0.4832958212060599,0.0011663339100778103
msd,30,5,21,300644,0.5,nan,0.01,0.0,1.0,uniform,False,0.03962489721305401,0.0057291716285964855,0.03962489721305401,0.4847493587686471,0.49447210136136505,0.001190749928355217
msd,30,5,22,300645,0.5,nan,0.01,0.0,1.0,uniform,False,0.027884957902947427,0.027884957902947427,0.014673517474445508,0.5004233381626075,0.49986610641688317,0.001442749984562397
msd,30,5,23,300646,0.5,nan,0.01,0.0,1.0,uniform,False,0.034090968840229885,0.034090968840229885,0.0058826474904098425,0.47598552325352117,0.4874324873420529,0.0012812502682209015
msd,30,5,24,300647,0.5,nan,0.01,0.0,1.0,uniform,False,0.02763675352666417,0.02274624581314799,0.02763675352666417,0.4697865409221441,0.4789061298511895,0.001344291027635336
msd,30,5,25,300648,0.5,nan,0.01,0.0,1.0,uniform,False,0.013613301916579723,0.010793382482092329,0.013613301916579723,0.4977381009169179,0.5022532414992987,0.0013035829178988934
msd,30,5,26,300649,0.5,nan,0.01,0.0,1.0,uniform,False,0.02568082904604574,0.013686616620693648,0.02568082904604574,0.49029840713932643,0.49634670232347644,0.001249500084668398
msd,30,5,27,300650,0.5,nan,0.01,0.0,1.0,uniform,False,0.04032049378004415,0.04032049378004415,0.035368651972953635,0.4732227154358459,0.4736704556059917,0.0011920416727662086
msd,30,5,28,300651,0.5,nan,0.01,0.0,1.0,uniform,False,0.017228781953203043,0.017228781953203043,0.01543266581176067,0.48238961536218317,0.4755433287867046,0.0016020420007407665
msd,30,5,29,300652,0.5,nan,0.01,0.0,1.0,uniform,False,0.016179045034296458,0.016179045034296458,0.009752623538586025,0.5021701905052477,0.49137546548071714,0.0012017907574772835
msd,30,5,30,300653,0.5,nan,0.01,0.0,1.0,uniform,False,0.010526701860101018,0.010526701860101018,0.008482994931384102,0.4983417741614267,0.48704372080210456,0.0012828749604523182
msd,30,5,31,300654,0.5,nan,0.01,0.0,1.0,uniform,False,0.04249211120044488,0.04249211120044488,0.01598397368173432,0.4942847065997736,0.4744598836202234,0.0012041251175105572
msd,30,5,32,300655,0.5,nan,0.01,0.0,1.0,uniform,False,0.01218843686672938,0.01218843686672938,0.00535319241490223,0.49158842258879126,0.47802310771884726,0.0013481671921908855
msd,30,5,33,300656,0.5,nan,0.01,0.0,1.0,uniform,False,0.020002764406784,0.020002764406784,0.009338282896186878,0.47970337319724543,0.46823713402498707,0.0015424583107233047
msd,30,5,34,300657,0.5,nan,0.01,0.0,1.0,uniform,False,0.04615173693671515,0.04615173693671515,0.018995205333426468,0.48511239287148566,0.48823986383016715,0.0016080420464277267
msd,30,5,35,300658,0.5,nan,0.01,0.0,1.0,uniform,False,0.015710070907348106,0.015710070907348106,0.005885046647686465,0.49424272504238986,0.48865701417355334,0.001249165739864111
msd,30,5,36,300659,0.5,nan,0.01,0.0,1.0,uniform,False,0.013868227284744516,0.01029857960426872,0.013868227284744516,0.49686538799449587,0.47113569510700015,0.001235125120729208
msd,30,5,37,300660,0.5,nan,0.01,0.0,1.0,uniform,False,0.01899617154460015,0.01899617154460015,0.007344485906866871,0.4926821773655759,0.48889875013370543,0.0012307912111282349
msd,30,5,38,300661,0.5,nan,0.01,0.0,1.0,uniform,False,0.018596569418234676,0.00805985404261289,0.018596569418234676,0.4828928168076767,0.4821996974893294,0.0011943751014769077
msd,30,5,39,300662,0.5,nan,0.01,0.0,1.0,uniform,False,0.03252675526607607,0.01412717041765571,0.03252675526607607,0.48284485801211635,0.4817433869651867,0.0012722504325211048
msd,30,5,40,300663,0.5,nan,0.01,0.0,1.0,uniform,False,0.01570317709000213,0.01570317709000213,0.015356160192370294,0.502999973219984,0.4965349307899929,0.0014020409435033798
msd,30,5,41,300664,0.5,nan,0.01,0.0,1.0,uniform,False,0.03044755350574968,0.03044755350574968,0.00813792265475577,0.4954277536506084,0.481218002271135,0.001307875383645296
msd,30,5,42,300665,0.5,nan,0.01,0.0,1.0,uniform,False,0.020844392742139006,0.010185560832445983,0.020844392742139006,0.4928182270329003,0.5016516075512815,0.0012447498738765717
msd,30,5,43,300666,0.5,nan,0.01,0.0,1.0,uniform,False,0.020036721066568897,0.020036721066568897,0.01468799890391792,0.4803949217851076,0.4954605478456017,0.0011835000477731228
msd,30,5,44,300667,0.5,nan,0.01,0.0,1.0,uniform,False,0.024560792039717394,0.01668918807619124,0.024560792039717394,0.4809326606927961,0.5005265678042939,0.0012363330461084843
msd,30,5,45,300668,0.5,nan,0.01,0.0,1.0,uniform,False,0.02530824789440833,0.02530824789440833,0.022803662004167002,0.4824235651573613,0.48039209346392236,0.001291582826524973
msd,30,5,46,300669,0.5,nan,0.01,0.0,1.0,uniform,False,0.01002071127500781,0.01002071127500781,0.0058996366479731055,0.4930464295280923,0.4595103441843913,0.0012725419364869595
msd,30,5,47,300670,0.5,nan,0.01,0.0,1.0,uniform,True,0.0071402688378437995,0.0071402688378437995,0.004159803562255315,0.47996660375071215,0.4707005994425761,0.001261542085558176
msd,30,5,48,300671,0.5,nan,0.01,0.0,1.0,uniform,False,0.029547396455266495,0.013271908095044582,0.029547396455266495,0.4936508179878552,0.4979745292145389,0.001255915965884924
msd,30,5,49,300672,0.5,nan,0.01,0.0,1.0,uniform,False,0.025456916124242723,0.006893930448202745,0.025456916124242723,0.503946482043366,0.48409491703575613,0.001195250079035759
msd,30,5,50,300673,0.5,nan,0.01,0.0,1.0,uniform,False,0.01616455838291625,0.009487702644829454,0.01616455838291625,0.4806824326922255,0.48809268677221723,0.0012440001592040062
msd,30,5,51,300674,0.5,nan,0.01,0.0,1.0,uniform,False,0.04452375355425864,0.04452375355425864,0.009976683496310867,0.5032343900044444,0.4917131454485013,0.0013190419413149357
msd,30,5,52,300675,0.5,nan,0.01,0.0,1.0,uniform,False,0.02185921774785421,0.018919116565144667,0.02185921774785421,0.4976042727235771,0.46539316136112013,0.001235999632626772
msd,30,5,53,300676,0.5,nan,0.01,0.0,1.0,uniform,False,0.0288903006867538,0.0288903006867538,0.013928234505466874,0.47837955931941756,0.5087280930277376,0.0012190002016723156
msd,30,5,54,300677,0.5,nan,0.01,0.0,1.0,uniform,False,0.041519135893847925,0.010172708491606453,0.041519135893847925,0.4862980858909145,0.4627294919688111,0.0012235408648848534
msd,30,5,55,300678,0.5,nan,0.01,0.0,1.0,uniform,False,0.0281155037226003,0.018558771742866742,0.0281155037226003,0.4800064400097134,0.4965034101393909,0.0012738751247525215
msd,30,5,56,300679,0.5,nan,0.01,0.0,1.0,uniform,False,0.03683845463037311,0.03683845463037311,0.011007675787443438,0.497094294355857,0.4837355811361993,0.0013514170423150063
msd,30,5,57,300680,0.5,nan,0.01,0.0,1.0,uniform,False,0.020675043748228983,0.020675043748228983,0.019442050506171205,0.499673566455807,0.4750179494219923,0.0012177499011158943
msd,30,5,58,300681,0.5,nan,0.01,0.0,1.0,uniform,False,0.030774267333269267,0.030774267333269267,0.007098010577161307,0.5000169710923891,0.48570762903828485,0.0012361672706902027
msd,30,5,59,300682,0.5,nan,0.01,0.0,1.0,uniform,False,0.037750089704956025,0.037750089704956025,0.01186913716521254,0.4722555049678317,0.4892456745877082,0.0011967080645263195
msd,30,5,60,300683,0.5,nan,0.01,0.0,1.0,uniform,False,0.015565612019343422,0.007243704754434144,0.015565612019343422,0.5046051595549511,0.4736174175096682,0.0012344159185886383
msd,30,5,61,300684,0.5,nan,0.01,0.0,1.0,uniform,True,0.008555912824046108,0.008189647551599455,0.008555912824046108,0.5040828560330411,0.4893218103501202,0.0014061667025089264
msd,30,5,62,300685,0.5,nan,0.01,0.0,1.0,uniform,False,0.02851500879628649,0.011143260190463189,0.02851500879628649,0.4792505839658804,0.49391871957341665,0.0012049577198922634
msd,30,5,63,300686,0.5,nan,0.01,0.0,1.0,uniform,False,0.02175386989076783,0.02175386989076783,0.011568555542380121,0.48164414480998413,0.48035681279323655,0.0011898749507963657
msd,30,5,64,300687,0.5,nan,0.01,0.0,1.0,uniform,False,0.034385818732751317,0.034385818732751317,0.010751869347514653,0.47990182955767485,0.494698368464846,0.0011756252497434616
msd,30,5,65,300688,0.5,nan,0.01,0.0,1.0,uniform,False,0.013973412031080268,0.013973412031080268,0.00758707642822759,0.49331446980646676,0.4911488334840103,0.0012925826013088226
msd,30,5,66,300689,0.5,nan,0.01,0.0,1.0,uniform,False,0.03357320357923649,0.009521157228779942,0.03357320357923649,0.49187876653875046,0.4951019381675125,0.0012962911278009415
msd,30,5,67,300690,0.5,nan,0.01,0.0,1.0,uniform,False,0.03013565776999727,0.03013565776999727,0.02577538762230358,0.4640568795134808,0.48041894053312006,0.0011966251768171787
msd,30,5,68,300691,0.5,nan,0.01,0.0,1.0,uniform,False,0.013644572361223184,0.013644572361223184,0.006405511131297392,0.49833983010958127,0.48109900583459164,0.0011786660179495811
msd,30,5,69,300692,0.5,nan,0.01,0.0,1.0,uniform,False,0.027884226250760313,0.0022337044103157844,0.027884226250760313,0.48459965627878476,0.48335852810037944,0.0011691250838339329
msd,30,5,70,300693,0.5,nan,0.01,0.0,1.0,uniform,False,0.013830120536237556,0.0038794267687848327,0.013830120536237556,0.477137220784057,0.4787236911760286,0.001235125120729208
msd,30,5,71,300694,0.5,nan,0.01,0.0,1.0,uniform,False,0.026191569898508016,0.026191569898508016,0.014615602914924586,0.5012998799105857,0.4828237575441183,0.0013015000149607658
msd,30,5,72,300695,0.5,nan,0.01,0.0,1.0,uniform,False,0.03186231387643523,0.02525608432636589,0.03186231387643523,0.4909520099674714,0.48143299489835545,0.0012971670366823673
msd,30,5,73,300696,0.5,nan,0.01,0.0,1.0,uniform,False,0.015675340955424777,0.015675340955424777,0.008466617883876482,0.48584402391301795,0.478230735142566,0.0012907921336591244
msd,30,5,74,300697,0.5,nan,0.01,0.0,1.0,uniform,False,0.024508962190571082,0.008944584383799248,0.024508962190571082,0.490513104921082,0.48861147451505493,0.0015344168059527874
msd,30,5,75,300698,0.5,nan,0.01,0.0,1.0,uniform,False,0.02877043383490019,0.027340999778922126,0.02877043383490019,0.4916851922013785,0.4720405183832257,0.0013613328337669373
msd,30,5,76,300699,0.5,nan,0.01,0.0,1.0,uniform,False,0.011747160826780623,0.011747160826780623,0.01163289432081438,0.49140968267732443,0.4693978244548745,0.0012366250157356262
msd,30,5,77,300700,0.5,nan,0.01,0.0,1.0,uniform,False,0.023707306867527755,0.023707306867527755,0.01485240898240614,0.5081689382093819,0.5014589055830649,0.0011716247536242008
msd,30,5,78,300701,0.5,nan,0.01,0.0,1.0,uniform,False,0.017858981583729006,0.008224827170612514,0.017858981583729006,0.4709281402302267,0.5017993358801591,0.0011990000493824482
msd,30,5,79,300702,0.5,nan,0.01,0.0,1.0,uniform,False,0.014097030182940506,0.014097030182940506,0.005978212725080256,0.48061913923585153,0.4821149814828536,0.0013069580309092999
msd,30,5,80,300703,0.5,nan,0.01,0.0,1.0,uniform,False,0.02064918317296016,0.0030846354448849644,0.02064918317296016,0.49923453159854453,0.5041985175924131,0.001476583071053028
msd,30,5,81,300704,0.5,nan,0.01,0.0,1.0,uniform,False,0.018418237140894855,0.0043297543498460045,0.018418237140894855,0.4855488631043223,0.48578553146626335,0.0012467908672988415
msd,30,5,82,300705,0.5,nan,0.01,0.0,1.0,uniform,False,0.024171638872436785,0.015738814795467848,0.024171638872436785,0.4838407305608742,0.5049641323732542,0.0021868329495191574
msd,30,5,83,300706,0.5,nan,0.01,0.0,1.0,uniform,False,0.028087450190108776,0.028087450190108776,0.0021894059129169974,0.4838515110695287,0.4938851880518701,0.0013291249051690102
msd,30,5,84,300707,0.5,nan,0.01,0.0,1.0,uniform,False,0.04734048251676193,0.018846827639102115,0.04734048251676193,0.48616213653626966,0.48129378896462294,0.0012415829114615917
msd,30,5,85,300708,0.5,nan,0.01,0.0,1.0,uniform,False,0.013070616292214177,0.010689519928665736,0.013070616292214177,0.4902141365374879,0.4948672617612314,0.001236374955624342
msd,30,5,86,300709,0.5,nan,0.01,0.0,1.0,uniform,False,0.03896063798609378,0.022891340623154344,0.03896063798609378,0.511502273825234,0.48152853858059635,0.0012447093613445759
msd,30,5,87,300710,0.5,nan,0.01,0.0,1.0,uniform,True,0.009265547467691149,0.009265547467691149,0.006942992616804422,0.4963578955381973,0.5009502432209454,0.0015414580702781677
msd,30,5,88,300711,0.5,nan,0.01,0.0,1.0,uniform,False,0.026701073288814714,0.026701073288814714,0.023429887818107287,0.4892031413614773,0.4857058613319779,0.0013296250253915787
msd,30,5,89,300712,0.5,nan,0.01,0.0,1.0,uniform,False,0.030188243880394705,0.004998724389363884,0.030188243880394705,0.49243203865339413,0.479569144759104,0.0017529171891510487
msd,30,5,90,300713,0.5,nan,0.01,0.0,1.0,uniform,False,0.01766162324788434,0.01766162324788434,0.006037007433690789,0.4836029404659976,0.4768940876691024,0.0012521669268608093
msd,30,5,91,300714,0.5,nan,0.01,0.0,1.0,uniform,False,0.04263198992597017,0.006924178345266263,0.04263198992597017,0.4750015823393643,0.4877617714761906,0.0013390840031206608
msd,30,5,92,300715,0.5,nan,0.01,0.0,1.0,uniform,False,0.024740178331756235,0.024740178331756235,0.007038983833457468,0.4864857652960367,0.46293982516370197,0.0012343749403953552
msd,30,5,93,300716,0.5,nan,0.01,0.0,1.0,uniform,False,0.027986676328364046,0.010348621527163537,0.027986676328364046,0.4956650679431266,0.4757193235252781,0.0016643749549984932
msd,30,5,94,300717,0.5,nan,0.01,0.0,1.0,uniform,False,0.017598742615910157,0.009339343123424215,0.017598742615910157,0.4993058651438935,0.49531275961815396,0.0014850413426756859
msd,30,5,95,300718,0.5,nan,0.01,0.0,1.0,uniform,False,0.025029803203058143,0.025029803203058143,0.009152981075727706,0.48670752151603613,0.500192545432237,0.0013937908224761486
msd,30,5,96,300719,0.5,nan,0.01,0.0,1.0,uniform,False,0.027940810308234754,0.020350475750477603,0.027940810308234754,0.47528154281845536,0.4770930016439106,0.0013025826774537563
msd,30,5,97,300720,0.5,nan,0.01,0.0,1.0,uniform,False,0.03868342496124777,0.011109615172952336,0.03868342496124777,0.49162678323012204,0.4844943323198312,0.0012477082200348377
msd,30,5,98,300721,0.5,nan,0.01,0.0,1.0,uniform,False,0.03562534943083867,0.03562534943083867,0.003942942238212177,0.49580283425111,0.47777028762975265,0.0014461250975728035
msd,30,5,99,300722,0.5,nan,0.01,0.0,1.0,uniform,True,0.005791174352360429,0.005791174352360429,0.0030243037089054403,0.49539100461856267,0.4975194009700526,0.0018032500520348549
msd,30,10,0,301123,0.5,nan,0.01,0.0,1.0,uniform,False,0.025577403425317946,0.017155271770045333,0.025577403425317946,0.4997046523481256,0.496015827804313,0.0014192089438438416
msd,30,10,1,301124,0.5,nan,0.01,0.0,1.0,uniform,True,0.008036289449784517,0.007987215505280143,0.008036289449784517,0.499913705644084,0.4959049280318437,0.0018570409156382084
msd,30,10,2,301125,0.5,nan,0.01,0.0,1.0,uniform,False,0.027162865423635607,0.02394846652882171,0.027162865423635607,0.49904909714127405,0.4856417574943723,0.0015035420656204224
msd,30,10,3,301126,0.5,nan,0.01,0.0,1.0,uniform,False,0.015460348183620132,0.012422366497174042,0.015460348183620132,0.49717852709499094,0.4936386117615947,0.0017774580046534538
msd,30,10,4,301127,0.5,nan,0.01,0.0,1.0,uniform,False,0.012549456746422272,0.012549456746422272,0.00906606950146005,0.49405444240391727,0.5012662239857669,0.0016354159452021122
msd,30,10,5,301128,0.5,nan,0.01,0.0,1.0,uniform,False,0.017376124499333345,0.009817703634343533,0.017376124499333345,0.5014011818177936,0.4937332374098957,0.0016058748587965965
msd,30,10,6,301129,0.5,nan,0.01,0.0,1.0,uniform,False,0.030849772924823216,0.030849772924823216,0.01136086292223365,0.49514656093692794,0.49794473811487966,0.0013564592227339745
msd,30,10,7,301130,0.5,nan,0.01,0.0,1.0,uniform,False,0.026140097438424104,0.006330585373993225,0.026140097438424104,0.48550891604877816,0.49352478381310944,0.0017817909829318523
msd,30,10,8,301131,0.5,nan,0.01,0.0,1.0,uniform,False,0.01753468824832738,0.01753468824832738,0.007109939572754742,0.49584900896233675,0.48672588327070954,0.0019829999655485153
msd,30,10,9,301132,0.5,nan,0.01,0.0,1.0,uniform,False,0.022730710095334727,0.021583096233095345,0.022730710095334727,0.4942568518330955,0.4927789058166326,0.0012739156372845173
msd,30,10,10,301133,0.5,nan,0.01,0.0,1.0,uniform,False,0.02794522940946259,0.02794522940946259,0.013962871529606125,0.4887166366845917,0.49452720967300495,0.001499583013355732
msd,30,10,11,301134,0.5,nan,0.01,0.0,1.0,uniform,False,0.01792311846495681,0.01792311846495681,0.013627811159843739,0.4977478669192488,0.49636026699240315,0.0012024999596178532
msd,30,10,12,301135,0.5,nan,0.01,0.0,1.0,uniform,False,0.021594191043405264,0.021594191043405264,0.019010172668742997,0.48664116221480974,0.4946173447276108,0.0013162498362362385
msd,30,10,13,301136,0.5,nan,0.01,0.0,1.0,uniform,True,0.007733111486793953,0.007733111486793953,0.004326518623175013,0.4968501407934394,0.4998303056317347,0.0017934171482920647
msd,30,10,14,301137,0.5,nan,0.01,0.0,1.0,uniform,False,0.027750728073925923,0.027750728073925923,0.014593576416725929,0.48621550071659086,0.4966334275553634,0.0013807909563183784
msd,30,10,15,301138,0.5,nan,0.01,0.0,1.0,uniform,False,0.018437171026890742,0.017423623219748052,0.018437171026890742,0.4832511957224031,0.49143360243056106,0.0012205420061945915
msd,30,10,16,301139,0.5,nan,0.01,0.0,1.0,uniform,False,0.01164725304348796,0.010309755351585514,0.01164725304348796,0.5007347305754798,0.4859250204214722,0.0013544578105211258
msd,30,10,17,301140,0.5,nan,0.01,0.0,1.0,uniform,False,0.027584503008169503,0.027584503008169503,0.013527293844190436,0.4887270391994677,0.494583299264214,0.001730500254780054
msd,30,10,18,301141,0.5,nan,0.01,0.0,1.0,uniform,False,0.028623437457265588,0.028623437457265588,0.01892510721633406,0.5030725221466126,0.4914313506867936,0.0015580002218484879
msd,30,10,19,301142,0.5,nan,0.01,0.0,1.0,uniform,False,0.014764145214411994,0.014764145214411994,0.007677927428753728,0.49438639074495566,0.49348801303044454,0.001310916617512703
msd,30,10,20,301143,0.5,nan,0.01,0.0,1.0,uniform,False,0.024369659680718136,0.024369659680718136,0.008798526520181427,0.4964896902312457,0.5034732402297374,0.0013986658304929733
msd,30,10,21,301144,0.5,nan,0.01,0.0,1.0,uniform,False,0.028701377987090382,0.028701377987090382,0.01659106096115115,0.5024631304218243,0.5030965218801472,0.0012270421721041203
msd,30,10,22,301145,0.5,nan,0.01,0.0,1.0,uniform,False,0.012764894394488857,0.010102098098766221,0.012764894394488857,0.49642198121968245,0.496453190321079,0.0020965407602488995
msd,30,10,23,301146,0.5,nan,0.01,0.0,1.0,uniform,False,0.018049543437757998,0.012256579584051963,0.018049543437757998,0.4906596078542775,0.4849076228441127,0.0013461657799780369
msd,30,10,24,301147,0.5,nan,0.01,0.0,1.0,uniform,False,0.03378168077014876,0.012376099564320342,0.03378168077014876,0.48752772949532786,0.49179830130405233,0.0014136666432023048
msd,30,10,25,301148,0.5,nan,0.01,0.0,1.0,uniform,False,0.02446284990116221,0.017436498607345252,0.02446284990116221,0.4946430758831664,0.49289370176694813,0.0012266249395906925
msd,30,10,26,301149,0.5,nan,0.01,0.0,1.0,uniform,False,0.014397048036811078,0.010367734240511406,0.014397048036811078,0.4931268601390283,0.4926074091954741,0.0014708330854773521
msd,30,10,27,301150,0.5,nan,0.01,0.0,1.0,uniform,False,0.01777968355684373,0.01777968355684373,0.011264786566776597,0.4948370753022317,0.48552663322958894,0.001936167012900114
msd,30,10,28,301151,0.5,nan,0.01,0.0,1.0,uniform,False,0.013330125794763725,0.013330125794763725,0.012072053073167499,0.4968750339379027,0.49644281100276144,0.0015758750960230827
msd,30,10,29,301152,0.5,nan,0.01,0.0,1.0,uniform,False,0.01709850647324218,0.01395461575793383,0.01709850647324218,0.4998230945593543,0.48547377975158634,0.0014944998547434807
msd,30,10,30,301153,0.5,nan,0.01,0.0,1.0,uniform,False,0.031107619907328687,0.02106758164343564,0.031107619907328687,0.49845368677261764,0.4913260799685224,0.001416458748281002
msd,30,10,31,301154,0.5,nan,0.01,0.0,1.0,uniform,False,0.014300744710976698,0.014300744710976698,0.010268153343445219,0.4919477477032607,0.5001641384908307,0.0013194587081670761
msd,30,10,32,301155,0.5,nan,0.01,0.0,1.0,uniform,False,0.01522237863400494,0.012238507763532636,0.01522237863400494,0.49658509136306406,0.49679897309805926,0.0018641669303178787
msd,30,10,33,301156,0.5,nan,0.01,0.0,1.0,uniform,False,0.02978373664656314,0.021874774583639955,0.02978373664656314,0.4938045265447957,0.4897445786218721,0.0014327908866107464
msd,30,10,34,301157,0.5,nan,0.01,0.0,1.0,uniform,False,0.01737561874729765,0.012124617436987839,0.01737561874729765,0.49871387528950356,0.480260100270053,0.0012537501752376556
msd,30,10,35,301158,0.5,nan,0.01,0.0,1.0,uniform,False,0.026479603081261183,0.026479603081261183,0.01158114396214871,0.49129304468895485,0.4985643710361981,0.001268249936401844
msd,30,10,36,301159,0.5,nan,0.01,0.0,1.0,uniform,False,0.016115288744902978,0.016115288744902978,0.008353557972266057,0.4926874891336577,0.49200253801754906,0.0013544163666665554
msd,30,10,37,301160,0.5,nan,0.01,0.0,1.0,uniform,False,0.013410059411308684,0.010779730101746487,0.013410059411308684,0.5013095953079312,0.500993918800988,0.0020087910816073418
msd,30,10,38,301161,0.5,nan,0.01,0.0,1.0,uniform,False,0.022841382992258186,0.022841382992258186,0.019389434667210714,0.4878834045084323,0.49995669680181815,0.0011953329667448997
msd,30,10,39,301162,0.5,nan,0.01,0.0,1.0,uniform,False,0.024041049125631264,0.014318007981268532,0.024041049125631264,0.4951330438980282,0.4982771756017433,0.0012930002994835377
msd,30,10,40,301163,0.5,nan,0.01,0.0,1.0,uniform,False,0.016985450756060172,0.01125090352893976,0.016985450756060172,0.49429712513284363,0.4903244198250488,0.0013836249709129333
msd,30,10,41,301164,0.5,nan,0.01,0.0,1.0,uniform,False,0.034796219753574165,0.010122720490151671,0.034796219753574165,0.49836781446663364,0.5038477574770426,0.0019602500833570957
msd,30,10,42,301165,0.5,nan,0.01,0.0,1.0,uniform,False,0.031776083470511474,0.031776083470511474,0.014777022223750103,0.49541760725719325,0.4878986491770856,0.0014540841802954674
msd,30,10,43,301166,0.5,nan,0.01,0.0,1.0,uniform,False,0.01618245399919882,0.01446201363453703,0.01618245399919882,0.4906441290896145,0.4925169634680129,0.0013120840303599834
msd,30,10,44,301167,0.5,nan,0.01,0.0,1.0,uniform,False,0.01835458965636083,0.01613859402439366,0.01835458965636083,0.5013582628426834,0.49562135262632856,0.0012504998594522476
msd,30,10,45,301168,0.5,nan,0.01,0.0,1.0,uniform,False,0.016342564169598117,0.016342564169598117,0.015330498743695742,0.4946409313525605,0.4844274768388986,0.0013626250438392162
msd,30,10,46,301169,0.5,nan,0.01,0.0,1.0,uniform,False,0.018951362511971603,0.007120789424880036,0.018951362511971603,0.4825721531528645,0.5004802248381685,0.0013199159875512123
msd,30,10,47,301170,0.5,nan,0.01,0.0,1.0,uniform,False,0.0212613644059797,0.0212613644059797,0.0115366825497899,0.5041905753851462,0.4970353797286603,0.0016508749686181545
msd,30,10,48,301171,0.5,nan,0.01,0.0,1.0,uniform,False,0.020296398292404316,0.013714241131157157,0.020296398292404316,0.5030560160321395,0.49517301315740064,0.0014217500574886799
msd,30,10,49,301172,0.5,nan,0.01,0.0,1.0,uniform,False,0.01855888598571237,0.013980678055422968,0.01855888598571237,0.48739216587832385,0.4916001398093747,0.0014208746142685413
msd,30,10,50,301173,0.5,nan,0.01,0.0,1.0,uniform,False,0.019968489688928948,0.012294697647710517,0.019968489688928948,0.48356313392194034,0.5004465527667187,0.0012463340535759926
msd,30,10,51,301174,0.5,nan,0.01,0.0,1.0,uniform,False,0.030991605424513458,0.015323391007411424,0.030991605424513458,0.48697244971614373,0.4885140048760232,0.0012729577720165253
msd,30,10,52,301175,0.5,nan,0.01,0.0,1.0,uniform,False,0.015208008452945676,0.011790023502763258,0.015208008452945676,0.49905105888786117,0.4975583786066602,0.001808708067983389
msd,30,10,53,301176,0.5,nan,0.01,0.0,1.0,uniform,False,0.03445781012975724,0.03445781012975724,0.018312352243763763,0.5022340349573269,0.49428929991266485,0.0014388752169907093
msd,30,10,54,301177,0.5,nan,0.01,0.0,1.0,uniform,False,0.016277531527900457,0.016277531527900457,0.01008623027212402,0.4992676854333439,0.49025583321628,0.0012260829098522663
msd,30,10,55,301178,0.5,nan,0.01,0.0,1.0,uniform,False,0.019795609723902208,0.016269080405402758,0.019795609723902208,0.5002046903840057,0.49561170940117577,0.001299915835261345
msd,30,10,56,301179,0.5,nan,0.01,0.0,1.0,uniform,False,0.024325191970699545,0.012487478272408203,0.024325191970699545,0.4892550128835273,0.499244734788515,0.001294999849051237
msd,30,10,57,301180,0.5,nan,0.01,0.0,1.0,uniform,False,0.020435470317972937,0.018530936824432076,0.020435470317972937,0.49156944035364036,0.4919656712876423,0.0017822501249611378
msd,30,10,58,301181,0.5,nan,0.01,0.0,1.0,uniform,False,0.015940776457627537,0.015940776457627537,0.010966844476015147,0.4995516551088955,0.5016884779417483,0.001351416576653719
msd,30,10,59,301182,0.5,nan,0.01,0.0,1.0,uniform,False,0.028342972580177705,0.028342972580177705,0.026017377278410025,0.49250925088808595,0.5018330055193373,0.0012438748963177204
msd,30,10,60,301183,0.5,nan,0.01,0.0,1.0,uniform,False,0.014008605767181659,0.011646332707249185,0.014008605767181659,0.4840175920876914,0.48789261828186514,0.0013272501528263092
msd,30,10,61,301184,0.5,nan,0.01,0.0,1.0,uniform,False,0.010919444750054408,0.010919444750054408,0.009412297643607792,0.493939785516522,0.4945179863711588,0.0012263329699635506
msd,30,10,62,301185,0.5,nan,0.01,0.0,1.0,uniform,False,0.01915391128013355,0.01915391128013355,0.016324262247424726,0.4901380392407896,0.49081794301467824,0.0020697922445833683
msd,30,10,63,301186,0.5,nan,0.01,0.0,1.0,uniform,False,0.014354067517803104,0.014354067517803104,0.014090721502100834,0.49186135066652115,0.4917195715267663,0.0012681251391768456
msd,30,10,64,301187,0.5,nan,0.01,0.0,1.0,uniform,False,0.010185144945887514,0.007633101926382724,0.010185144945887514,0.4964723350255061,0.5059325829286211,0.0013179169036448002
msd,30,10,65,301188,0.5,nan,0.01,0.0,1.0,uniform,False,0.018597279759718977,0.01436939573904672,0.018597279759718977,0.4924728625111875,0.49311668628145217,0.0013060420751571655
msd,30,10,66,301189,0.5,nan,0.01,0.0,1.0,uniform,False,0.03644409693068262,0.03644409693068262,0.013131855308258444,0.5042041909874252,0.5049678484741783,0.0014044162817299366
msd,30,10,67,301190,0.5,nan,0.01,0.0,1.0,uniform,False,0.014971088008337352,0.014971088008337352,0.014737718855447834,0.496574347227983,0.5005368063817462,0.0015786662697792053
msd,30,10,68,301191,0.5,nan,0.01,0.0,1.0,uniform,False,0.013277846909646285,0.013277846909646285,0.006931377660642446,0.4878881991905055,0.4867005735258225,0.0013287919573485851
msd,30,10,69,301192,0.5,nan,0.01,0.0,1.0,uniform,False,0.020311557132952185,0.008870603043807324,0.020311557132952185,0.4872649952888538,0.49943714422506447,0.001438917126506567
msd,30,10,70,301193,0.5,nan,0.01,0.0,1.0,uniform,False,0.021571048610955657,0.021571048610955657,0.013480877151521353,0.4948913720215214,0.49678609617171465,0.00137645797803998
msd,30,10,71,301194,0.5,nan,0.01,0.0,1.0,uniform,False,0.015201843461968234,0.015201843461968234,0.012697818459208143,0.49836629080132894,0.4911529033781532,0.00122170802205801
msd,30,10,72,301195,0.5,nan,0.01,0.0,1.0,uniform,False,0.020674572750745135,0.020674572750745135,0.00973641695383437,0.5015425956443393,0.4927925508643262,0.0013301251456141472
msd,30,10,73,301196,0.5,nan,0.01,0.0,1.0,uniform,False,0.028776705520535018,0.028776705520535018,0.019019879506471604,0.4935554450550972,0.4904230162067022,0.0016707917675375938
msd,30,10,74,301197,0.5,nan,0.01,0.0,1.0,uniform,False,0.035950185403219315,0.012405512131889396,0.035950185403219315,0.48628710232514843,0.49664563494436004,0.0013564587570726871
msd,30,10,75,301198,0.5,nan,0.01,0.0,1.0,uniform,False,0.02370372107304708,0.02370372107304708,0.022381032978389837,0.4942729342011881,0.4903932619794678,0.0013476661406457424
msd,30,10,76,301199,0.5,nan,0.01,0.0,1.0,uniform,False,0.021560134969213884,0.01619182365956212,0.021560134969213884,0.49499987275339224,0.49560721920231326,0.001268582884222269
msd,30,10,77,301200,0.5,nan,0.01,0.0,1.0,uniform,False,0.027445982933136992,0.02111930927503891,0.027445982933136992,0.4994355472842271,0.49712877302155195,0.0016901670023798943
msd,30,10,78,301201,0.5,nan,0.01,0.0,1.0,uniform,False,0.014515577264736845,0.014515577264736845,0.01143280992820389,0.4942488017019131,0.4975441042090089,0.0013584173284471035
msd,30,10,79,301202,0.5,nan,0.01,0.0,1.0,uniform,False,0.01814354831647058,0.009230793526829706,0.01814354831647058,0.4918251261898828,0.49100688091537903,0.0012781661935150623
msd,30,10,80,301203,0.5,nan,0.01,0.0,1.0,uniform,False,0.024078104321829663,0.024078104321829663,0.022514631668348994,0.5030071174378933,0.490065331923191,0.001201957929879427
msd,30,10,81,301204,0.5,nan,0.01,0.0,1.0,uniform,False,0.029638497544845155,0.029638497544845155,0.016427108923485978,0.5030507215420189,0.4983230833762471,0.0013049999251961708
msd,30,10,82,301205,0.5,nan,0.01,0.0,1.0,uniform,False,0.03352748368394043,0.03352748368394043,0.008923996299793346,0.49731597439024466,0.5019461833436989,0.001794041134417057
msd,30,10,83,301206,0.5,nan,0.01,0.0,1.0,uniform,False,0.024759957259081755,0.014017717077819514,0.024759957259081755,0.4900632415664,0.5010883442395551,0.0012895409017801285
msd,30,10,84,301207,0.5,nan,0.01,0.0,1.0,uniform,False,0.024615097958626153,0.024615097958626153,0.016503354855325336,0.49004242623176153,0.4979035985147385,0.0012105419300496578
msd,30,10,85,301208,0.5,nan,0.01,0.0,1.0,uniform,False,0.0117798537710182,0.009283711923395943,0.0117798537710182,0.4945939690397997,0.492717724272257,0.0020228750072419643
msd,30,10,86,301209,0.5,nan,0.01,0.0,1.0,uniform,False,0.03700410321644876,0.03700410321644876,0.018478408701723625,0.5049742294086605,0.49335632997007467,0.00130137475207448
msd,30,10,87,301210,0.5,nan,0.01,0.0,1.0,uniform,False,0.01888012227796637,0.01888012227796637,0.01748011174558095,0.4887906448215687,0.5053256638925695,0.0014139576815068722
msd,30,10,88,301211,0.5,nan,0.01,0.0,1.0,uniform,False,0.0159210415643809,0.0122990963893162,0.0159210415643809,0.49886711756683094,0.49509974905679166,0.0015349159948527813
msd,30,10,89,301212,0.5,nan,0.01,0.0,1.0,uniform,False,0.02409632074584034,0.02409632074584034,0.009875464765733144,0.5001723022959101,0.4875709124864778,0.0013489159755408764
msd,30,10,90,301213,0.5,nan,0.01,0.0,1.0,uniform,False,0.011545479994877317,0.011545479994877317,0.008978941256043593,0.4964425636521068,0.4859719511215165,0.0013319170102477074
msd,30,10,91,301214,0.5,nan,0.01,0.0,1.0,uniform,False,0.031171941975379314,0.031171941975379314,0.019189421602283763,0.49440693349916354,0.4874935153079246,0.0012725829146802425
msd,30,10,92,301215,0.5,nan,0.01,0.0,1.0,uniform,False,0.014030617669361423,0.014030617669361423,0.01324178257476416,0.4969809172070766,0.4989484972607827,0.0013116667978465557
msd,30,10,93,301216,0.5,nan,0.01,0.0,1.0,uniform,False,0.029102681423949117,0.00879628083879802,0.029102681423949117,0.5001235175133635,0.48931819526987586,0.001869875006377697
msd,30,10,94,301217,0.5,nan,0.01,0.0,1.0,uniform,False,0.017537401468461278,0.017537401468461278,0.017159215954998364,0.5034596896113644,0.5046409913421398,0.0014839167706668377
msd,30,10,95,301218,0.5,nan,0.01,0.0,1.0,uniform,False,0.020602429325787985,0.011074375699680339,0.020602429325787985,0.49373517911840586,0.4996725269937285,0.0013634581118822098
msd,30,10,96,301219,0.5,nan,0.01,0.0,1.0,uniform,True,0.00991351390337153,0.005320706881819792,0.00991351390337153,0.49908410516279605,0.49761278282575677,0.0012962911278009415
msd,30,10,97,301220,0.5,nan,0.01,0.0,1.0,uniform,False,0.012929872614440008,0.012122185468899094,0.012929872614440008,0.4846093428881951,0.5003296555785388,0.0020610420033335686
msd,30,10,98,301221,0.5,nan,0.01,0.0,1.0,uniform,False,0.014099516255054012,0.013330803946700054,0.014099516255054012,0.4960801104582876,0.48857856164592384,0.0014309999532997608
msd,30,10,99,301222,0.5,nan,0.01,0.0,1.0,uniform,False,0.011951641484664988,0.007519430806271099,0.011951641484664988,0.49799505259723426,0.500799259317428,0.0012474581599235535
msd,30,20,0,302123,0.5,nan,0.01,0.0,1.0,uniform,False,0.014194061668509617,0.013391379516060287,0.014194061668509617,0.4973966488745538,0.4938482569274993,0.001522208098322153
msd,30,20,1,302124,0.5,nan,0.01,0.0,1.0,uniform,False,0.011967791929881288,0.011967791929881288,0.011087787376619529,0.4941628851649613,0.4966872213227952,0.0014735832810401917
msd,30,20,2,302125,0.5,nan,0.01,0.0,1.0,uniform,False,0.02043072023371184,0.012056670989044227,0.02043072023371184,0.49532028977296877,0.4963957704051484,0.002300749998539686
msd,30,20,3,302126,0.5,nan,0.01,0.0,1.0,uniform,False,0.018931718329491087,0.011992891195758748,0.018931718329491087,0.4954245310471883,0.4954885390471268,0.0014629168435931206
msd,30,20,4,302127,0.5,nan,0.01,0.0,1.0,uniform,False,0.011488848869041057,0.0058058708047469265,0.011488848869041057,0.500700124525946,0.49632348264811693,0.0015283329412341118
msd,30,20,5,302128,0.5,nan,0.01,0.0,1.0,uniform,False,0.012579160711844506,0.012579160711844506,0.00933951853891457,0.4962434805127237,0.5023483874713089,0.0015412499196827412
msd,30,20,6,302129,0.5,nan,0.01,0.0,1.0,uniform,False,0.016944289842438565,0.016944289842438565,0.013112771585445993,0.4959737248252456,0.5014933729179787,0.00140420813113451
msd,30,20,7,302130,0.5,nan,0.01,0.0,1.0,uniform,False,0.01681238605743962,0.01681238605743962,0.01661860260469189,0.4936181360682784,0.49750049124904644,0.0013402081094682217
msd,30,20,8,302131,0.5,nan,0.01,0.0,1.0,uniform,False,0.01809114251243682,0.01809114251243682,0.015916315683388804,0.49780055669015144,0.5008100191528237,0.0014850418083369732
msd,30,20,9,302132,0.5,nan,0.01,0.0,1.0,uniform,False,0.012468331698711088,0.008963210350723894,0.012468331698711088,0.49579827374642704,0.4953097605097133,0.0015438748523592949
msd,30,20,10,302133,0.5,nan,0.01,0.0,1.0,uniform,False,0.018964207141510647,0.007741834113899504,0.018964207141510647,0.5011261727826168,0.49739200829873204,0.0014190827496349812
msd,30,20,11,302134,0.5,nan,0.01,0.0,1.0,uniform,False,0.016673760305910723,0.014448588999966372,0.016673760305910723,0.5015566095801434,0.49881378919974295,0.001557833980768919
msd,30,20,12,302135,0.5,nan,0.01,0.0,1.0,uniform,False,0.012690683227918498,0.008683104952954435,0.012690683227918498,0.4968759089008825,0.4980575160579927,0.0017598746344447136
msd,30,20,13,302136,0.5,nan,0.01,0.0,1.0,uniform,False,0.024017570200092764,0.024017570200092764,0.008644085433196835,0.49374929560279557,0.5000320404529052,0.0014531249180436134
msd,30,20,14,302137,0.5,nan,0.01,0.0,1.0,uniform,False,0.014547089574656613,0.01170404027249844,0.014547089574656613,0.4919689018176488,0.49363374229986273,0.0014068749733269215
msd,30,20,15,302138,0.5,nan,0.01,0.0,1.0,uniform,False,0.01445794963149849,0.012488044084764394,0.01445794963149849,0.4969658012380042,0.4969951681138237,0.001370375044643879
msd,30,20,16,302139,0.5,nan,0.01,0.0,1.0,uniform,False,0.012911212027852281,0.012911212027852281,0.009317407030877578,0.49759884941604404,0.5002806486811184,0.001368541270494461
msd,30,20,17,302140,0.5,nan,0.01,0.0,1.0,uniform,False,0.014889699231063203,0.014210646018620987,0.014889699231063203,0.5003954888317457,0.5010054539952132,0.0014478331431746483
msd,30,20,18,302141,0.5,nan,0.01,0.0,1.0,uniform,False,0.014939856989376166,0.014939856989376166,0.00984551329359784,0.4975913669614238,0.49671100870072626,0.0013561672531068325
msd,30,20,19,302142,0.5,nan,0.01,0.0,1.0,uniform,False,0.016390219025867014,0.01361915125900759,0.016390219025867014,0.49625767068343984,0.4971527722861845,0.0013720840215682983
msd,30,20,20,302143,0.5,nan,0.01,0.0,1.0,uniform,False,0.016550047027612702,0.016550047027612702,0.012230409802066966,0.4994043746803761,0.49525447486296686,0.0016273753717541695
msd,30,20,21,302144,0.5,nan,0.01,0.0,1.0,uniform,False,0.021797074888341095,0.01591910353357534,0.021797074888341095,0.49984165239912776,0.4938411478773383,0.0016662501730024815
msd,30,20,22,302145,0.5,nan,0.01,0.0,1.0,uniform,False,0.011421462630810564,0.010677583951629377,0.011421462630810564,0.49542631542186305,0.5001812649427735,0.0013452498242259026
msd,30,20,23,302146,0.5,nan,0.01,0.0,1.0,uniform,False,0.02698039510294392,0.02698039510294392,0.012878231154649367,0.49930475324004375,0.5006750590181851,0.00133583415299654
msd,30,20,24,302147,0.5,nan,0.01,0.0,1.0,uniform,False,0.01410270189035312,0.01410270189035312,0.008607431913951913,0.4958728611971437,0.4984683882497048,0.0014537079259753227
msd,30,20,25,302148,0.5,nan,0.01,0.0,1.0,uniform,False,0.016928674065477933,0.013127463461958366,0.016928674065477933,0.49853249659091814,0.5009154359478192,0.0013599172234535217
msd,30,20,26,302149,0.5,nan,0.01,0.0,1.0,uniform,False,0.025087142175769128,0.01996851881436712,0.025087142175769128,0.4952699503207073,0.5000125938498727,0.0014132922515273094
msd,30,20,27,302150,0.5,nan,0.01,0.0,1.0,uniform,False,0.019110825628111172,0.013881170741863902,0.019110825628111172,0.5010241925408592,0.4996362863728533,0.0013982923701405525
msd,30,20,28,302151,0.5,nan,0.01,0.0,1.0,uniform,False,0.01755422289039754,0.015055497384632799,0.01755422289039754,0.4934551697616734,0.4982342392243758,0.0014720000326633453
msd,30,20,29,302152,0.5,nan,0.01,0.0,1.0,uniform,False,0.02023216490216978,0.02023216490216978,0.020009079548378383,0.495124680480807,0.5002111776138021,0.0013760421425104141
msd,30,20,30,302153,0.5,nan,0.01,0.0,1.0,uniform,False,0.015842089951665084,0.012344711609562242,0.015842089951665084,0.49678548884255364,0.49582725477553974,0.0013352087698876858
msd,30,20,31,302154,0.5,nan,0.01,0.0,1.0,uniform,False,0.015586768228993242,0.008127945316463991,0.015586768228993242,0.49175409582300833,0.4988243736596974,0.0013939589262008667
msd,30,20,32,302155,0.5,nan,0.01,0.0,1.0,uniform,False,0.012935508524338335,0.012150125745343576,0.012935508524338335,0.49523580715586646,0.5038074840226333,0.0014849579893052578
msd,30,20,33,302156,0.5,nan,0.01,0.0,1.0,uniform,False,0.013791597607803852,0.013791597607803852,0.013616542870488524,0.49304456081379994,0.49706740806730565,0.0013653752394020557
msd,30,20,34,302157,0.5,nan,0.01,0.0,1.0,uniform,False,0.02112239882375061,0.016174301659367785,0.02112239882375061,0.496247748438933,0.4997073947659136,0.0013466249220073223
msd,30,20,35,302158,0.5,nan,0.01,0.0,1.0,uniform,False,0.011991680792657666,0.011991680792657666,0.010409215291544538,0.5010044225884042,0.4972377889779001,0.0013910839334130287
msd,30,20,36,302159,0.5,nan,0.01,0.0,1.0,uniform,False,0.01257677336485924,0.01257677336485924,0.01241246110801697,0.4951708553509185,0.49654208449366843,0.0014590420760214329
msd,30,20,37,302160,0.5,nan,0.01,0.0,1.0,uniform,False,0.025840911166062297,0.01353566601936601,0.025840911166062297,0.4972296931545937,0.4933418541825965,0.0013434169813990593
msd,30,20,38,302161,0.5,nan,0.01,0.0,1.0,uniform,False,0.018690964963619883,0.008232713663268165,0.018690964963619883,0.49484321691636646,0.4942693497262166,0.0013390840031206608
msd,30,20,39,302162,0.5,nan,0.01,0.0,1.0,uniform,False,0.014897353170701677,0.014897353170701677,0.011008183008146377,0.496497131531289,0.4988621154081136,0.00139999995008111
msd,30,20,40,302163,0.5,nan,0.01,0.0,1.0,uniform,False,0.022976858388477406,0.022976858388477406,0.01575065855315355,0.49943079111438116,0.4939900728142696,0.0014252075925469398
msd,30,20,41,302164,0.5,nan,0.01,0.0,1.0,uniform,False,0.01304669373750661,0.012629138022950515,0.01304669373750661,0.4979069049437036,0.49704135275444167,0.0013620001263916492
msd,30,20,42,302165,0.5,nan,0.01,0.0,1.0,uniform,False,0.01845325986375862,0.01845325986375862,0.014410710475976085,0.49917672147742237,0.4942429002963358,0.0013267500326037407
msd,30,20,43,302166,0.5,nan,0.01,0.0,1.0,uniform,False,0.02235561929044777,0.010465501721695525,0.02235561929044777,0.4975571774740886,0.49260433204029636,0.0013831248506903648
msd,30,20,44,302167,0.5,nan,0.01,0.0,1.0,uniform,False,0.027544546160932215,0.016582163765318403,0.027544546160932215,0.49629488407978484,0.49853286037195915,0.0014239577576518059
msd,30,20,45,302168,0.5,nan,0.01,0.0,1.0,uniform,False,0.014718970827592104,0.014718970827592104,0.011500379044158626,0.5004483545412926,0.49993000287797823,0.0013512922450900078
msd,30,20,46,302169,0.5,nan,0.01,0.0,1.0,uniform,False,0.020764798270804463,0.020764798270804463,0.007725584662408913,0.5002333149024866,0.4985505286659778,0.0013597081415355206
msd,30,20,47,302170,0.5,nan,0.01,0.0,1.0,uniform,False,0.015312943011471625,0.015312943011471625,0.011831652618631838,0.49889443502399294,0.4922089927261958,0.0013757501728832722
msd,30,20,48,302171,0.5,nan,0.01,0.0,1.0,uniform,False,0.017426514680485616,0.01613727337017895,0.017426514680485616,0.4941992070187799,0.5014582278355036,0.0014130831696093082
msd,30,20,49,302172,0.5,nan,0.01,0.0,1.0,uniform,False,0.014922376297347384,0.014922376297347384,0.014111349436760068,0.500173528980653,0.49932597260552913,0.0013601668179035187
msd,30,20,50,302173,0.5,nan,0.01,0.0,1.0,uniform,False,0.021298826755273836,0.021298826755273836,0.011511220810312028,0.4946069512950346,0.49369053680051317,0.0013326248154044151
msd,30,20,51,302174,0.5,nan,0.01,0.0,1.0,uniform,False,0.019738088790413277,0.019738088790413277,0.013240722718546982,0.500611993614421,0.4962533328036141,0.001365874893963337
msd,30,20,52,302175,0.5,nan,0.01,0.0,1.0,uniform,True,0.009932542745182904,0.007161173557425793,0.009932542745182904,0.4974668716138529,0.49720050163679214,0.0014734594151377678
msd,30,20,53,302176,0.5,nan,0.01,0.0,1.0,uniform,False,0.018795919652559445,0.018795919652559445,0.01171074572889147,0.49737360619030935,0.4928946809842453,0.0013821669854223728
msd,30,20,54,302177,0.5,nan,0.01,0.0,1.0,uniform,False,0.017357559331972472,0.017357559331972472,0.00885125403910697,0.49874934952732086,0.4937195047075859,0.0013705003075301647
msd,30,20,55,302178,0.5,nan,0.01,0.0,1.0,uniform,False,0.017969038765323353,0.013982174522868762,0.017969038765323353,0.49643416295292153,0.4942240616530283,0.0013440828770399094
msd,30,20,56,302179,0.5,nan,0.01,0.0,1.0,uniform,False,0.03109095244877602,0.014419469643230931,0.03109095244877602,0.4930749452276979,0.500994261841247,0.0014262502081692219
msd,30,20,57,302180,0.5,nan,0.01,0.0,1.0,uniform,False,0.018000917474889966,0.018000917474889966,0.01449937820857633,0.5008492536322335,0.49609828010705054,0.0013592499308288097
msd,30,20,58,302181,0.5,nan,0.01,0.0,1.0,uniform,False,0.01710398810166558,0.01710398810166558,0.011158448107377816,0.4974347843684439,0.49924915779127604,0.001352790743112564
msd,30,20,59,302182,0.5,nan,0.01,0.0,1.0,uniform,False,0.019369648755157565,0.01377159440556891,0.019369648755157565,0.4970766569834975,0.49716327924456705,0.001344500109553337
msd,30,20,60,302183,0.5,nan,0.01,0.0,1.0,uniform,True,0.009057014084552117,0.007328584710291852,0.009057014084552117,0.50091144943406,0.4986372317711894,0.0014420412480831146
msd,30,20,61,302184,0.5,nan,0.01,0.0,1.0,uniform,False,0.03030208060241879,0.012551929265472161,0.03030208060241879,0.4976071081004431,0.49837031069446025,0.0013510421849787235
msd,30,20,62,302185,0.5,nan,0.01,0.0,1.0,uniform,False,0.01665892820410103,0.0141391601150343,0.01665892820410103,0.49969795008327617,0.497793407785387,0.0013350420631468296
msd,30,20,63,302186,0.5,nan,0.01,0.0,1.0,uniform,False,0.01893005555002547,0.014513648501493503,0.01893005555002547,0.4950958242212431,0.4983025162183714,0.0013165422715246677
msd,30,20,64,302187,0.5,nan,0.01,0.0,1.0,uniform,False,0.02329495627397904,0.02329495627397904,0.013595433260475964,0.4969939636111387,0.5000357514588651,0.0013634171336889267
msd,30,20,65,302188,0.5,nan,0.01,0.0,1.0,uniform,False,0.015449401011554231,0.015449401011554231,0.014328129218631358,0.501681167511379,0.49532831189654103,0.001462582964450121
msd,30,20,66,302189,0.5,nan,0.01,0.0,1.0,uniform,False,0.012587383939051178,0.012587383939051178,0.00761550126552768,0.4979326910401474,0.49884908234526437,0.0014323750510811806
msd,30,20,67,302190,0.5,nan,0.01,0.0,1.0,uniform,False,0.015106988157857437,0.013690751503474319,0.015106988157857437,0.4946701301683464,0.4972230837073606,0.0013807499781250954
msd,30,20,68,302191,0.5,nan,0.01,0.0,1.0,uniform,False,0.011510115699431667,0.010112808302958465,0.011510115699431667,0.4946654453270861,0.498302537123889,0.0014226669445633888
msd,30,20,69,302192,0.5,nan,0.01,0.0,1.0,uniform,False,0.01928119505731951,0.01360758644864657,0.01928119505731951,0.4945360645495901,0.495742953964338,0.0014314576983451843
msd,30,20,70,302193,0.5,nan,0.01,0.0,1.0,uniform,False,0.015814982664523525,0.015814982664523525,0.01194424735728239,0.49847421225140187,0.4967213056133428,0.0013635843060910702
msd,30,20,71,302194,0.5,nan,0.01,0.0,1.0,uniform,False,0.01604501184490803,0.01604501184490803,0.006660847613317811,0.4955541745130805,0.4982692587893051,0.0013612499460577965
msd,30,20,72,302195,0.5,nan,0.01,0.0,1.0,uniform,False,0.013913642796868075,0.013913642796868075,0.01125919451749019,0.49896847156998064,0.49751481346174625,0.001398041844367981
msd,30,20,73,302196,0.5,nan,0.01,0.0,1.0,uniform,False,0.025984758607130398,0.01775526196922189,0.025984758607130398,0.49481277042488375,0.4971935948944491,0.0016209580935537815
msd,30,20,74,302197,0.5,nan,0.01,0.0,1.0,uniform,False,0.027300207962751066,0.027300207962751066,0.019064502513770176,0.4922728284115518,0.49628748323888533,0.0014065410941839218
msd,30,20,75,302198,0.5,nan,0.01,0.0,1.0,uniform,False,0.015778562691956988,0.014436405101182714,0.015778562691956988,0.4960857522026817,0.4959788493907632,0.001369374804198742
msd,30,20,76,302199,0.5,nan,0.01,0.0,1.0,uniform,False,0.023162364163299032,0.023162364163299032,0.013810818304661021,0.49796362188684035,0.5036251240253273,0.001370999962091446
msd,30,20,77,302200,0.5,nan,0.01,0.0,1.0,uniform,False,0.016499269806050598,0.01585397281885259,0.016499269806050598,0.5007171115209308,0.496877815652706,0.0014780410565435886
msd,30,20,78,302201,0.5,nan,0.01,0.0,1.0,uniform,False,0.023572392346973614,0.023572392346973614,0.016450750078448317,0.4922495694200625,0.4988955384771656,0.0013810000382363796
msd,30,20,79,302202,0.5,nan,0.01,0.0,1.0,uniform,False,0.021497153229959487,0.021497153229959487,0.01812054479960784,0.49230681012419386,0.499205312852886,0.001303291879594326
msd,30,20,80,302203,0.5,nan,0.01,0.0,1.0,uniform,False,0.017326512792776638,0.017326512792776638,0.009994044491722809,0.499711063772839,0.49470819234721,0.001367167104035616
msd,30,20,81,302204,0.5,nan,0.01,0.0,1.0,uniform,False,0.013278468214316552,0.013278468214316552,0.010267876559536204,0.5000198359477893,0.49763809493750744,0.0014703753404319286
msd,30,20,82,302205,0.5,nan,0.01,0.0,1.0,uniform,False,0.017093406399447175,0.017093406399447175,0.012718936007762083,0.4986959906575274,0.5026564458543153,0.0013660411350429058
msd,30,20,83,302206,0.5,nan,0.01,0.0,1.0,uniform,False,0.01530435105214234,0.01264481695733688,0.01530435105214234,0.4969354939577523,0.4976853027664959,0.0013346667401492596
msd,30,20,84,302207,0.5,nan,0.01,0.0,1.0,uniform,False,0.01795272443124607,0.01795272443124607,0.014085584395977735,0.4949850521653826,0.49812720755636986,0.0013772500678896904
msd,30,20,85,302208,0.5,nan,0.01,0.0,1.0,uniform,False,0.01352943910953619,0.01352943910953619,0.011257953966733902,0.4994379811955656,0.5002148555234425,0.0015123751945793629
msd,30,20,86,302209,0.5,nan,0.01,0.0,1.0,uniform,False,0.012960590967124375,0.008714439716604627,0.012960590967124375,0.49545947681747476,0.49495316328139566,0.0014535421505570412
msd,30,20,87,302210,0.5,nan,0.01,0.0,1.0,uniform,False,0.019619575598345484,0.015040487605356867,0.019619575598345484,0.49653867843804195,0.5001287775156563,0.001342250034213066
msd,30,20,88,302211,0.5,nan,0.01,0.0,1.0,uniform,False,0.015100279636943714,0.015100279636943714,0.014517043894737125,0.5001859792565544,0.49194569375400005,0.0013986658304929733
msd,30,20,89,302212,0.5,nan,0.01,0.0,1.0,uniform,False,0.011712021337811462,0.009771754967386304,0.011712021337811462,0.4929999557295112,0.5003366753080621,0.0014315000735223293
msd,30,20,90,302213,0.5,nan,0.01,0.0,1.0,uniform,False,0.0191133654922786,0.009679668586600632,0.0191133654922786,0.49733219528809836,0.4943700719655235,0.0013688751496374607
msd,30,20,91,302214,0.5,nan,0.01,0.0,1.0,uniform,False,0.013913122388026666,0.011653981220074272,0.013913122388026666,0.4995839980641266,0.4979053933962696,0.0013912501744925976
msd,30,20,92,302215,0.5,nan,0.01,0.0,1.0,uniform,False,0.014083847400549687,0.013967964423118984,0.014083847400549687,0.49502994841403314,0.498606509904435,0.0013890420086681843
msd,30,20,93,302216,0.5,nan,0.01,0.0,1.0,uniform,False,0.013409999827142416,0.011914953527756234,0.013409999827142416,0.4978398787570088,0.49812918079887014,0.0014264578931033611
msd,30,20,94,302217,0.5,nan,0.01,0.0,1.0,uniform,False,0.016275137686777408,0.011055626436905608,0.016275137686777408,0.49663159791820144,0.49582960293564,0.001353750005364418
msd,30,20,95,302218,0.5,nan,0.01,0.0,1.0,uniform,False,0.01688954900827394,0.01688954900827394,0.01518929120464435,0.4980322690958044,0.49699617339113505,0.0013527078554034233
msd,30,20,96,302219,0.5,nan,0.01,0.0,1.0,uniform,False,0.028084488552756748,0.028084488552756748,0.01936700340395653,0.4968781642154441,0.49565375346402046,0.001365041360259056
msd,30,20,97,302220,0.5,nan,0.01,0.0,1.0,uniform,False,0.01986067842420791,0.01986067842420791,0.018597102571482282,0.4970744797930726,0.5050244550417009,0.0014305408112704754
msd,30,20,98,302221,0.5,nan,0.01,0.0,1.0,uniform,False,0.019259297903996164,0.019259297903996164,0.01484898706742166,0.49983744465845925,0.4957508304985807,0.0013568750582635403
msd,30,20,99,302222,0.5,nan,0.01,0.0,1.0,uniform,False,0.013941859457827666,0.011828248294583621,0.013941859457827666,0.49661628188977336,0.5002968679578316,0.00136524997651577
msd,30,50,0,305123,0.5,nan,0.01,0.0,1.0,uniform,False,0.014974185692711472,0.012807405457049337,0.014974185692711472,0.4988168211132969,0.4987998374185517,0.004387708846479654
msd,30,50,1,305124,0.5,nan,0.01,0.0,1.0,uniform,False,0.012753635926105678,0.012753635926105678,0.009304743410914584,0.4998095069834114,0.49874196342986776,0.0020271670073270798
msd,30,50,2,305125,0.5,nan,0.01,0.0,1.0,uniform,False,0.013508098797432755,0.01118458698057112,0.013508098797432755,0.4990953941491182,0.49819376800811477,0.002075665630400181
msd,30,50,3,305126,0.5,nan,0.01,0.0,1.0,uniform,False,0.01353823420389666,0.012801044244727555,0.01353823420389666,0.4993018884023261,0.4976682273786882,0.001920000184327364
msd,30,50,4,305127,0.5,nan,0.01,0.0,1.0,uniform,False,0.014071642350813651,0.010912482389346001,0.014071642350813651,0.4988516366657298,0.4981528092632979,0.002053208649158478
msd,30,50,5,305128,0.5,nan,0.01,0.0,1.0,uniform,False,0.010061584775273136,0.009364659975999667,0.010061584775273136,0.498762352041647,0.4980413336947184,0.0026092086918652058
msd,30,50,6,305129,0.5,nan,0.01,0.0,1.0,uniform,False,0.013240320336757927,0.008853463275922846,0.013240320336757927,0.5003253761233574,0.5006011168827865,0.002783374860882759
msd,30,50,7,305130,0.5,nan,0.01,0.0,1.0,uniform,False,0.013432929547150196,0.011031291438171886,0.013432929547150196,0.4991197356733325,0.4979053579172617,0.002221125178039074
msd,30,50,8,305131,0.5,nan,0.01,0.0,1.0,uniform,False,0.014433722854250541,0.013105347023478042,0.014433722854250541,0.49874313191318215,0.49839123543219804,0.00206120777875185
msd,30,50,9,305132,0.5,nan,0.01,0.0,1.0,uniform,False,0.015301719450926177,0.015301719450926177,0.008002620831739582,0.4982537859920787,0.49842577188324316,0.0021587093360722065
msd,30,50,10,305133,0.5,nan,0.01,0.0,1.0,uniform,False,0.015288790727187473,0.012684768291520598,0.015288790727187473,0.49953029082950934,0.5001296666784958,0.0019838749431073666
msd,30,50,11,305134,0.5,nan,0.01,0.0,1.0,uniform,False,0.017818394731615672,0.017818394731615672,0.01350893794208341,0.49766178232755237,0.4983166336200987,0.0019836672581732273
msd,30,50,12,305135,0.5,nan,0.01,0.0,1.0,uniform,False,0.01096143334404448,0.01096143334404448,0.008266593999594618,0.49849685971324936,0.500011244651973,0.001939958892762661
msd,30,50,13,305136,0.5,nan,0.01,0.0,1.0,uniform,False,0.011694116876568239,0.011694116876568239,0.011385109205694854,0.49967861179981016,0.4980211637628215,0.0021345829591155052
msd,30,50,14,305137,0.5,nan,0.01,0.0,1.0,uniform,False,0.012106813999156085,0.012106813999156085,0.01207256391094691,0.49770030273897076,0.4983668862346574,0.00198787497356534
msd,30,50,15,305138,0.5,nan,0.01,0.0,1.0,uniform,False,0.012983243305881187,0.009532443882225128,0.012983243305881187,0.49915765769011916,0.4995549180494586,0.0019533750601112843
msd,30,50,16,305139,0.5,nan,0.01,0.0,1.0,uniform,False,0.014620101631312887,0.014620101631312887,0.011647526607212577,0.49920731503498483,0.4984996816586613,0.0022451248951256275
msd,30,50,17,305140,0.5,nan,0.01,0.0,1.0,uniform,False,0.012369519931294037,0.008868228850586746,0.012369519931294037,0.49954020059155807,0.49763064431184195,0.002023667097091675
msd,30,50,18,305141,0.5,nan,0.01,0.0,1.0,uniform,False,0.012989760878327983,0.012989760878327983,0.009163029703379899,0.49907882229373673,0.5010249104059274,0.002009000163525343
msd,30,50,19,305142,0.5,nan,0.01,0.0,1.0,uniform,False,0.019143401953460648,0.019143401953460648,0.016110491359182133,0.49910511977481153,0.4978850758331908,0.0018849167972803116
msd,30,50,20,305143,0.5,nan,0.01,0.0,1.0,uniform,False,0.012917306002773188,0.010025150562770091,0.012917306002773188,0.49931123408161215,0.5002983946114226,0.002112874761223793
msd,30,50,21,305144,0.5,nan,0.01,0.0,1.0,uniform,False,0.011297787168332074,0.011297787168332074,0.011190890954892452,0.5001293546801592,0.49914553068265577,0.0020036250352859497
msd,30,50,22,305145,0.5,nan,0.01,0.0,1.0,uniform,False,0.011563694811407343,0.011563694811407343,0.009545809223909352,0.4978958214407841,0.498901641828872,0.0020451671443879604
msd,30,50,23,305146,0.5,nan,0.01,0.0,1.0,uniform,False,0.013697564584387756,0.013697564584387756,0.013443083827617608,0.5000270621823985,0.49849687900452977,0.0019157500937581062
msd,30,50,24,305147,0.5,nan,0.01,0.0,1.0,uniform,False,0.012307713795156938,0.009023118168771549,0.012307713795156938,0.49790812050668176,0.4986368427306316,0.001978625077754259
msd,30,50,25,305148,0.5,nan,0.01,0.0,1.0,uniform,False,0.012056526411075297,0.012056526411075297,0.011388243775528772,0.4984475442786059,0.49841409681568655,0.002022041939198971
msd,30,50,26,305149,0.5,nan,0.01,0.0,1.0,uniform,False,0.011540337007721446,0.00789527834003334,0.011540337007721446,0.49840714510810535,0.49758033043497923,0.0019968748092651367
msd,30,50,27,305150,0.5,nan,0.01,0.0,1.0,uniform,False,0.012061668757608557,0.008027825555308787,0.012061668757608557,0.4988395835408095,0.4988587864864919,0.0020017498172819614
msd,30,50,28,305151,0.5,nan,0.01,0.0,1.0,uniform,False,0.014669581712799196,0.014669581712799196,0.009677387399737947,0.5003954680688282,0.49887725504421593,0.00196116603910923
msd,30,50,29,305152,0.5,nan,0.01,0.0,1.0,uniform,False,0.011544926909741515,0.009484608966451369,0.011544926909741515,0.49839154920438283,0.49830794888435614,0.0020014173351228237
msd,30,50,30,305153,0.5,nan,0.01,0.0,1.0,uniform,False,0.014320454951696149,0.008256490343735656,0.014320454951696149,0.4973998007179642,0.498001011758424,0.001971917226910591
msd,30,50,31,305154,0.5,nan,0.01,0.0,1.0,uniform,False,0.012410253062298648,0.009634009244081143,0.012410253062298648,0.4994402853104373,0.4994180915640927,0.0019509168341755867
msd,30,50,32,305155,0.5,nan,0.01,0.0,1.0,uniform,False,0.012931434420667631,0.012707192258113453,0.012931434420667631,0.5003598831267464,0.4977751030120012,0.0019807922653853893
msd,30,50,33,305156,0.5,nan,0.01,0.0,1.0,uniform,False,0.014383610390883761,0.010716125525059739,0.014383610390883761,0.4995611466907045,0.4980025627659411,0.0019782916642725468
msd,30,50,34,305157,0.5,nan,0.01,0.0,1.0,uniform,False,0.015427288040724685,0.015427288040724685,0.010232771175827049,0.49821621267996674,0.4995403684435445,0.0019673327915370464
msd,30,50,35,305158,0.5,nan,0.01,0.0,1.0,uniform,False,0.012339511701518147,0.009441431043713588,0.012339511701518147,0.4990525313649265,0.49862146391252826,0.0019418331794440746
msd,30,50,36,305159,0.5,nan,0.01,0.0,1.0,uniform,False,0.014247593005727255,0.011443744330661032,0.014247593005727255,0.49888221144282546,0.49719575071907934,0.0019017918966710567
msd,30,50,37,305160,0.5,nan,0.01,0.0,1.0,uniform,False,0.010655945998704175,0.010655945998704175,0.01046285807483538,0.4978394995062428,0.4986452348025048,0.0020452081225812435
msd,30,50,38,305161,0.5,nan,0.01,0.0,1.0,uniform,False,0.016279065657940517,0.016279065657940517,0.010367004631151366,0.49722829435611454,0.4988861200222866,0.0018986249342560768
msd,30,50,39,305162,0.5,nan,0.01,0.0,1.0,uniform,False,0.01524423403579489,0.009886380674516748,0.01524423403579489,0.4998079673866691,0.49710735145857143,0.0019580419175326824
msd,30,50,40,305163,0.5,nan,0.01,0.0,1.0,uniform,True,0.009212316105609741,0.009212316105609741,0.009169483365919884,0.4981645343821443,0.499840529705537,0.0019232910126447678
msd,30,50,41,305164,0.5,nan,0.01,0.0,1.0,uniform,False,0.012917426540118182,0.012917426540118182,0.010944725357855511,0.4999815848179131,0.4998838822468029,0.0018987911753356457
msd,30,50,42,305165,0.5,nan,0.01,0.0,1.0,uniform,False,0.015180402024701778,0.009623376694700037,0.015180402024701778,0.49999512479315955,0.4980284443851735,0.001939958892762661
msd,30,50,43,305166,0.5,nan,0.01,0.0,1.0,uniform,False,0.01097976901432407,0.01097976901432407,0.009924345126099465,0.49780603674500423,0.4992680499826712,0.0019392920657992363
msd,30,50,44,305167,0.5,nan,0.01,0.0,1.0,uniform,False,0.010275446718676418,0.0074799852203008554,0.010275446718676418,0.4985972538008761,0.498496869626448,0.0019341250881552696
msd,30,50,45,305168,0.5,nan,0.01,0.0,1.0,uniform,False,0.018114737104095502,0.012129339176543963,0.018114737104095502,0.49867772649915304,0.49929461954281473,0.0018342910334467888
msd,30,50,46,305169,0.5,nan,0.01,0.0,1.0,uniform,False,0.011206718038692443,0.009209972763924212,0.011206718038692443,0.4977930683108004,0.4988929285496706,0.0018610837869346142
msd,30,50,47,305170,0.5,nan,0.01,0.0,1.0,uniform,False,0.010573427735601382,0.010573427735601382,0.009435843456341297,0.4988516122355287,0.49979404494801993,0.0019050836563110352
msd,30,50,48,305171,0.5,nan,0.01,0.0,1.0,uniform,False,0.014377621305622312,0.010018834724095371,0.014377621305622312,0.4999974227548192,0.4978130588186957,0.0018488327041268349
msd,30,50,49,305172,0.5,nan,0.01,0.0,1.0,uniform,False,0.013429503436470425,0.00878090934887893,0.013429503436470425,0.4998481493724219,0.4986662874403557,0.001888125203549862
msd,30,50,50,305173,0.5,nan,0.01,0.0,1.0,uniform,False,0.013210841147029084,0.00894535268336577,0.013210841147029084,0.49954040559250273,0.4996090916839149,0.0018845838494598866
msd,30,50,51,305174,0.5,nan,0.01,0.0,1.0,uniform,False,0.014866362709069436,0.010609937296508165,0.014866362709069436,0.4988272216025684,0.49674046259273247,0.0018985411152243614
msd,30,50,52,305175,0.5,nan,0.01,0.0,1.0,uniform,False,0.012759308351352083,0.012759308351352083,0.010484804880843135,0.5002048789733031,0.49938871800294815,0.0019364580512046814
msd,30,50,53,305176,0.5,nan,0.01,0.0,1.0,uniform,False,0.010737254186262812,0.010134296671666099,0.010737254186262812,0.4996480834899074,0.49671987213425717,0.0019502919167280197
msd,30,50,54,305177,0.5,nan,0.01,0.0,1.0,uniform,False,0.013122589270979756,0.012280021403466734,0.013122589270979756,0.4984769762568638,0.49835353184033426,0.001868917141109705
msd,30,50,55,305178,0.5,nan,0.01,0.0,1.0,uniform,False,0.01483783139004241,0.01483783139004241,0.013772129362182362,0.49899210357873475,0.49866181419020833,0.0018844576552510262
msd,30,50,56,305179,0.5,nan,0.01,0.0,1.0,uniform,False,0.013017811404603286,0.013017811404603286,0.011298851927129316,0.4994093595027292,0.5000332857736168,0.0018690000288188457
msd,30,50,57,305180,0.5,nan,0.01,0.0,1.0,uniform,False,0.01133535048808243,0.01133535048808243,0.010955861527709942,0.49926736987735987,0.49844577360439807,0.0018972083926200867
msd,30,50,58,305181,0.5,nan,0.01,0.0,1.0,uniform,False,0.013165116312589209,0.013165116312589209,0.01035374862688676,0.500690652633186,0.500189526494257,0.0018724165856838226
msd,30,50,59,305182,0.5,nan,0.01,0.0,1.0,uniform,False,0.01378283071311015,0.01378283071311015,0.011648889550065378,0.49961480029558136,0.49856179688608604,0.0019050841219723225
msd,30,50,60,305183,0.5,nan,0.01,0.0,1.0,uniform,False,0.012442889097272203,0.012442889097272203,0.010271705169230594,0.49779391234620796,0.4993530395525362,0.0019024591892957687
msd,30,50,61,305184,0.5,nan,0.01,0.0,1.0,uniform,True,0.009930467560903267,0.008180458751885722,0.009930467560903267,0.4986126567909647,0.4991254348290404,0.0021357922814786434
msd,30,50,62,305185,0.5,nan,0.01,0.0,1.0,uniform,False,0.013183649559451283,0.010833725282095752,0.013183649559451283,0.4986582366830041,0.5009997086115032,0.0019512907601892948
msd,30,50,63,305186,0.5,nan,0.01,0.0,1.0,uniform,False,0.01269993994529045,0.01269993994529045,0.009457998293634917,0.4990162487060466,0.49818278144541184,0.001971582882106304
msd,30,50,64,305187,0.5,nan,0.01,0.0,1.0,uniform,False,0.011917555778036881,0.011917555778036881,0.009045260698303859,0.49949986153546266,0.49863940667175505,0.001967750024050474
msd,30,50,65,305188,0.5,nan,0.01,0.0,1.0,uniform,False,0.020099585965909994,0.010093579670238939,0.020099585965909994,0.49772333570743177,0.49940382130009564,0.0019593341276049614
msd,30,50,66,305189,0.5,nan,0.01,0.0,1.0,uniform,False,0.012217942294906359,0.010856609285569585,0.012217942294906359,0.49905077823469896,0.4989989945971769,0.0020313342101871967
msd,30,50,67,305190,0.5,nan,0.01,0.0,1.0,uniform,False,0.013488974576530754,0.013488974576530754,0.010926576098134633,0.49973035253534126,0.5002156273400885,0.0019912500865757465
msd,30,50,68,305191,0.5,nan,0.01,0.0,1.0,uniform,False,0.010789398138216888,0.010789398138216888,0.009935940010717292,0.49787734183346766,0.497421116307331,0.0019228747114539146
msd,30,50,69,305192,0.5,nan,0.01,0.0,1.0,uniform,False,0.016167310141515512,0.013013630402028409,0.016167310141515512,0.4996866313831767,0.4993376634969524,0.0018613329157233238
msd,30,50,70,305193,0.5,nan,0.01,0.0,1.0,uniform,False,0.017203258806138766,0.00916894922330469,0.017203258806138766,0.49911645954467676,0.49908075698245685,0.0018877503462135792
msd,30,50,71,305194,0.5,nan,0.01,0.0,1.0,uniform,False,0.02044364105342733,0.02044364105342733,0.015423336827331657,0.49892813083735355,0.4994560804873376,0.001825250219553709
msd,30,50,72,305195,0.5,nan,0.01,0.0,1.0,uniform,False,0.013318872930960901,0.013318872930960901,0.011162170758575174,0.4989414879639219,0.4980042508365191,0.0018929997459053993
msd,30,50,73,305196,0.5,nan,0.01,0.0,1.0,uniform,False,0.010734418626645814,0.010734418626645814,0.009981076470647554,0.4989403041788638,0.49924932587728826,0.0018730424344539642
msd,30,50,74,305197,0.5,nan,0.01,0.0,1.0,uniform,False,0.01602128040179729,0.01602128040179729,0.007396899220642739,0.49850014735388815,0.4977671973791246,0.0018973327241837978
msd,30,50,75,305198,0.5,nan,0.01,0.0,1.0,uniform,False,0.013744176526291951,0.013744176526291951,0.012969001741778341,0.49997861219667034,0.49775897178081546,0.0018382081761956215
msd,30,50,76,305199,0.5,nan,0.01,0.0,1.0,uniform,False,0.01441480661594341,0.01441480661594341,0.013236220912341279,0.49971274893853357,0.49928802309374326,0.0018129171803593636
msd,30,50,77,305200,0.5,nan,0.01,0.0,1.0,uniform,False,0.012394733456328355,0.012394733456328355,0.011280984840301489,0.49854004278685715,0.5005812656400328,0.0018451251089572906
msd,30,50,78,305201,0.5,nan,0.01,0.0,1.0,uniform,False,0.017569582765706027,0.017569582765706027,0.013018883003031112,0.49811833507354136,0.49892468915820576,0.0018237922340631485
msd,30,50,79,305202,0.5,nan,0.01,0.0,1.0,uniform,False,0.013966961378193976,0.013966961378193976,0.011034562178573681,0.4983126530149137,0.49985261545065784,0.0018525421619415283
msd,30,50,80,305203,0.5,nan,0.01,0.0,1.0,uniform,False,0.013041540975626598,0.013041540975626598,0.009845713908215425,0.497919034798165,0.4971247806520782,0.0018483749590814114
msd,30,50,81,305204,0.5,nan,0.01,0.0,1.0,uniform,False,0.013034129346652268,0.008538438016433725,0.013034129346652268,0.49957302619667787,0.4975851075104727,0.0018624579533934593
msd,30,50,82,305205,0.5,nan,0.01,0.0,1.0,uniform,False,0.014490702688625956,0.01249672875148583,0.014490702688625956,0.49935952177782056,0.4979851292567896,0.0019004172645509243
msd,30,50,83,305206,0.5,nan,0.01,0.0,1.0,uniform,False,0.012859503402341821,0.01240084283722459,0.012859503402341821,0.49795640717704076,0.49754393797800506,0.0018275831826031208
msd,30,50,84,305207,0.5,nan,0.01,0.0,1.0,uniform,False,0.01759893563686471,0.007894486968474335,0.01759893563686471,0.4996992502400864,0.49935589413764675,0.0018905834294855595
msd,30,50,85,305208,0.5,nan,0.01,0.0,1.0,uniform,False,0.011658668930646654,0.009903988498277727,0.011658668930646654,0.4975068155355071,0.4982888145937298,0.001885583158582449
msd,30,50,86,305209,0.5,nan,0.01,0.0,1.0,uniform,False,0.011194082015281881,0.009902056596478304,0.011194082015281881,0.4998586862931224,0.4998208027927515,0.0018472918309271336
msd,30,50,87,305210,0.5,nan,0.01,0.0,1.0,uniform,False,0.01583150880496259,0.010537936989854835,0.01583150880496259,0.49765488172498296,0.49957965602895743,0.0018874588422477245
msd,30,50,88,305211,0.5,nan,0.01,0.0,1.0,uniform,False,0.013238055576427377,0.008868221482324079,0.013238055576427377,0.49842308598545987,0.4998405548259583,0.001870207954198122
msd,30,50,89,305212,0.5,nan,0.01,0.0,1.0,uniform,False,0.012569195637360253,0.012569195637360253,0.011313421208343832,0.4998703460728009,0.4976236140807581,0.0019031250849366188
msd,30,50,90,305213,0.5,nan,0.01,0.0,1.0,uniform,False,0.011728493409606522,0.008799642154372844,0.011728493409606522,0.498915350627033,0.49812462277354813,0.0019048340618610382
msd,30,50,91,305214,0.5,nan,0.01,0.0,1.0,uniform,False,0.010497569189911848,0.010122911945471602,0.010497569189911848,0.49772355671473884,0.49889724634470567,0.0018739169463515282
msd,30,50,92,305215,0.5,nan,0.01,0.0,1.0,uniform,False,0.012783222298431152,0.008481409001074969,0.012783222298431152,0.499073335072163,0.49994111195922036,0.0019125412218272686
msd,30,50,93,305216,0.5,nan,0.01,0.0,1.0,uniform,False,0.013687508760990397,0.013687508760990397,0.01271506816081619,0.49787142490038866,0.49845236692696365,0.001876582857221365
msd,30,50,94,305217,0.5,nan,0.01,0.0,1.0,uniform,True,0.009948655181939103,0.009948655181939103,0.008074952302982219,0.49796099308090724,0.4990013459219888,0.0018713329918682575
msd,30,50,95,305218,0.5,nan,0.01,0.0,1.0,uniform,False,0.013517366422208688,0.013183911644109148,0.013517366422208688,0.49972340986258823,0.5001812783723504,0.001856500282883644
msd,30,50,96,305219,0.5,nan,0.01,0.0,1.0,uniform,False,0.011673289901440287,0.007396708231260818,0.011673289901440287,0.5001159735806947,0.49937540187038926,0.0018795840442180634
msd,30,50,97,305220,0.5,nan,0.01,0.0,1.0,uniform,False,0.010744606962396208,0.010744606962396208,0.010073229266488792,0.4980413645393976,0.5004247730429291,0.0018970002420246601
msd,30,50,98,305221,0.5,nan,0.01,0.0,1.0,uniform,False,0.010693366038190932,0.010693366038190932,0.010359055305607545,0.49916125677106016,0.5013538445119314,0.0018399576656520367
msd,30,50,99,305222,0.5,nan,0.01,0.0,1.0,uniform,False,0.012661531687218619,0.01257661467997856,0.012661531687218619,0.49921216871246404,0.500673364123749,0.0018421667627990246
msd,100,5,0,1000623,0.5,nan,0.01,0.0,1.0,uniform,True,0.005810862533883798,0.00273487458066185,0.005810862533883798,0.480937859861117,0.49096830968723254,0.002119916956871748
msd,100,5,1,1000624,0.5,nan,0.01,0.0,1.0,uniform,True,0.006538519119307751,0.006538519119307751,0.004236753180056063,0.49045046520265795,0.4888473200066875,0.002005374990403652
msd,100,5,2,1000625,0.5,nan,0.01,0.0,1.0,uniform,True,0.005950342484309701,0.00524159069480673,0.005950342484309701,0.48079630110770916,0.5012742734010474,0.0019517908804118633
msd,100,5,3,1000626,0.5,nan,0.01,0.0,1.0,uniform,True,0.007676072754172147,0.0031544972378912406,0.007676072754172147,0.49046990124710543,0.4828975340818636,0.0019882498309016228
msd,100,5,4,1000627,0.5,nan,0.01,0.0,1.0,uniform,True,0.005418393238154795,0.003289000360791161,0.005418393238154795,0.4909384506248089,0.4900734098291362,0.0020886659622192383
msd,100,5,5,1000628,0.5,nan,0.01,0.0,1.0,uniform,True,0.006887909075972143,0.006887909075972143,0.005213162867402976,0.48648202229692883,0.48937284336253106,0.0020527909509837627
msd,100,5,6,1000629,0.5,nan,0.01,0.0,1.0,uniform,True,0.004571067295528752,0.004571067295528752,0.003978782151056903,0.4987888387829938,0.48734822027179714,0.002069166861474514
msd,100,5,7,1000630,0.5,nan,0.01,0.0,1.0,uniform,True,0.00570650872817291,0.003046252097639812,0.00570650872817291,0.494325375784651,0.4930282808647277,0.0020604575984179974
msd,100,5,8,1000631,0.5,nan,0.01,0.0,1.0,uniform,True,0.009674799497991882,0.006095244169601499,0.009674799497991882,0.48069251213318426,0.4804371913689165,0.0019197501242160797
msd,100,5,9,1000632,0.5,nan,0.01,0.0,1.0,uniform,True,0.008055055313072157,0.008055055313072157,0.001514349761838285,0.49236390036218214,0.4892451974861051,0.0019899168983101845
msd,100,5,10,1000633,0.5,nan,0.01,0.0,1.0,uniform,True,0.008266357078298647,0.008266357078298647,0.005883892188933759,0.4834207838360557,0.49064043089679144,0.0019465838558971882
msd,100,5,11,1000634,0.5,nan,0.01,0.0,1.0,uniform,False,0.011785841910619821,0.009537267301470642,0.011785841910619821,0.4857091459735732,0.4972832704935548,0.0019701248966157436
msd,100,5,12,1000635,0.5,nan,0.01,0.0,1.0,uniform,True,0.007718652194660114,0.007718652194660114,0.005679711481012317,0.4917372073501521,0.4837000107505885,0.002013084013015032
msd,100,5,13,1000636,0.5,nan,0.01,0.0,1.0,uniform,False,0.01088793485487577,0.009213622329110771,0.01088793485487577,0.4864071383474526,0.48394578916314807,0.0019451254047453403
msd,100,5,14,1000637,0.5,nan,0.01,0.0,1.0,uniform,True,0.0027441798308066034,0.0011901168440527354,0.0027441798308066034,0.4864171906923218,0.49674821310317274,0.0020883330143988132
msd,100,5,15,1000638,0.5,nan,0.01,0.0,1.0,uniform,True,0.005371493360218749,0.005371493360218749,0.0026563987596587846,0.48854621452111885,0.48247350984005904,0.002039124723523855
msd,100,5,16,1000639,0.5,nan,0.01,0.0,1.0,uniform,True,0.004615110753143359,0.004615110753143359,0.0027997343138457254,0.4783809067106707,0.48960372283447545,0.0020039998926222324
msd,100,5,17,1000640,0.5,nan,0.01,0.0,1.0,uniform,True,0.007534843621046672,0.00619172004316032,0.007534843621046672,0.4797763119260601,0.48549054682941245,0.002040540799498558
msd,100,5,18,1000641,0.5,nan,0.01,0.0,1.0,uniform,False,0.011720009671619347,0.001429785419113594,0.011720009671619347,0.48859116012524667,0.49125099011571627,0.002036833204329014
msd,100,5,19,1000642,0.5,nan,0.01,0.0,1.0,uniform,False,0.011714226558618146,0.011714226558618146,0.002234738872059605,0.4895584556576343,0.49430525683433346,0.002002874854952097
msd,100,5,20,1000643,0.5,nan,0.01,0.0,1.0,uniform,True,0.004630709991139237,0.00409647661294843,0.004630709991139237,0.48501112638539917,0.4824325412782501,0.001982124987989664
msd,100,5,21,1000644,0.5,nan,0.01,0.0,1.0,uniform,False,0.012701239767430372,0.012701239767430372,0.0065202870690204695,0.49305199517031256,0.49502220789461765,0.002007625065743923
msd,100,5,22,1000645,0.5,nan,0.01,0.0,1.0,uniform,True,0.007245073412436798,0.007245073412436798,0.0035695506879162564,0.49547493353338173,0.48655076030659683,0.002027458045631647
msd,100,5,23,1000646,0.5,nan,0.01,0.0,1.0,uniform,True,0.00475247980990251,0.00475247980990251,0.0009801394175286693,0.4906116446390075,0.4926443122743512,0.0020719170570373535
msd,100,5,24,1000647,0.5,nan,0.01,0.0,1.0,uniform,True,0.006474534520807318,0.003235365488858999,0.006474534520807318,0.48589535482808033,0.4857142130206873,0.0020336671732366085
msd,100,5,25,1000648,0.5,nan,0.01,0.0,1.0,uniform,False,0.010150796136478124,0.0046906117334220565,0.010150796136478124,0.48506744182656614,0.4930641431575931,0.0019644582644104958
msd,100,5,26,1000649,0.5,nan,0.01,0.0,1.0,uniform,True,0.007086527723308533,0.007086527723308533,0.0025217594776245633,0.4909657439754497,0.501078429567573,0.002106958068907261
msd,100,5,27,1000650,0.5,nan,0.01,0.0,1.0,uniform,False,0.011323367062003098,0.011323367062003098,0.003699785352192675,0.4945333098524378,0.4849890167154103,0.0020002080127596855
msd,100,5,28,1000651,0.5,nan,0.01,0.0,1.0,uniform,False,0.013883128522695298,0.013883128522695298,0.006451536831432181,0.4900524753228747,0.48581505050306645,0.0019993330352008343
msd,100,5,29,1000652,0.5,nan,0.01,0.0,1.0,uniform,False,0.025672823635716324,0.025672823635716324,0.008077706778795601,0.4849091803115456,0.4874894220585923,0.001878291368484497
msd,100,5,30,1000653,0.5,nan,0.01,0.0,1.0,uniform,False,0.011765421056103842,0.011765421056103842,0.0015221849279480892,0.4952385653560781,0.48472224814254866,0.001985665876418352
msd,100,5,31,1000654,0.5,nan,0.01,0.0,1.0,uniform,True,0.00392462232143076,0.0023881788038404017,0.00392462232143076,0.48544847872294034,0.48715846886039327,0.002062583342194557
msd,100,5,32,1000655,0.5,nan,0.01,0.0,1.0,uniform,True,0.008246805338066765,0.005091155067636244,0.008246805338066765,0.47823402970974815,0.4902913943822243,0.0019185841083526611
msd,100,5,33,1000656,0.5,nan,0.01,0.0,1.0,uniform,True,0.005229315245717903,0.005229315245717903,0.0023717788031368814,0.501933289343667,0.4854040453275955,0.002020458225160837
msd,100,5,34,1000657,0.5,nan,0.01,0.0,1.0,uniform,False,0.011887683574843544,0.011887683574843544,0.0067600587047561,0.4869628605849986,0.48993108166126614,0.001967832911759615
msd,100,5,35,1000658,0.5,nan,0.01,0.0,1.0,uniform,True,0.0064032162587635,0.0064032162587635,0.005629101292757566,0.48547179739292756,0.4920212659164843,0.001995665952563286
msd,100,5,36,1000659,0.5,nan,0.01,0.0,1.0,uniform,True,0.0050394501954279525,0.0028878749482147414,0.0050394501954279525,0.4973728565350515,0.4827621262760936,0.0020624580793082714
msd,100,5,37,1000660,0.5,nan,0.01,0.0,1.0,uniform,True,0.008778054108881495,0.008778054108881495,0.004593526388885605,0.47883337049721353,0.4888071345791147,0.0019173333421349525
msd,100,5,38,1000661,0.5,nan,0.01,0.0,1.0,uniform,False,0.018877403166662976,0.00378282434930699,0.018877403166662976,0.4829074473776539,0.4862409001703518,0.0019572079181671143
msd,100,5,39,1000662,0.5,nan,0.01,0.0,1.0,uniform,True,0.0034204810186194146,0.002768389760167911,0.0034204810186194146,0.49690059832597133,0.48950190509592206,0.00203204108402133
msd,100,5,40,1000663,0.5,nan,0.01,0.0,1.0,uniform,True,0.009194594424572766,0.009194594424572766,0.003800554052918792,0.49238523560173547,0.4842248548871671,0.0019974159076809883
msd,100,5,41,1000664,0.5,nan,0.01,0.0,1.0,uniform,True,0.009819231178682775,0.009819231178682775,0.0022367817031521686,0.4788391491061166,0.4919732271078397,0.001961334142833948
msd,100,5,42,1000665,0.5,nan,0.01,0.0,1.0,uniform,True,0.003575102882773351,0.003575102882773351,0.0027146176057378235,0.4859344777828701,0.4876301203309767,0.0019849170930683613
msd,100,5,43,1000666,0.5,nan,0.01,0.0,1.0,uniform,True,0.006575312866163863,0.0035467890575903716,0.006575312866163863,0.48414358927915135,0.4951147790308744,0.0020202500745654106
msd,100,5,44,1000667,0.5,nan,0.01,0.0,1.0,uniform,True,0.004416529065104813,0.001231549290353684,0.004416529065104813,0.48990491957475396,0.48296207750613496,0.002062333282083273
msd,100,5,45,1000668,0.5,nan,0.01,0.0,1.0,uniform,False,0.011339457437418932,0.006232666203571879,0.011339457437418932,0.5010987892294867,0.4863962160336582,0.0020377500914037228
msd,100,5,46,1000669,0.5,nan,0.01,0.0,1.0,uniform,True,0.006460164053843531,0.0007826895586077187,0.006460164053843531,0.48660530320102846,0.4862728375691011,0.002050082664936781
msd,100,5,47,1000670,0.5,nan,0.01,0.0,1.0,uniform,False,0.01034378402974806,0.01034378402974806,0.003780938587111371,0.48297506763526943,0.5012169102120874,0.0019403747282922268
msd,100,5,48,1000671,0.5,nan,0.01,0.0,1.0,uniform,False,0.013765994556937333,0.008824525116589377,0.013765994556937333,0.4886406628818389,0.47639943127820245,0.0019550840370357037
msd,100,5,49,1000672,0.5,nan,0.01,0.0,1.0,uniform,False,0.011374442957813036,0.010733782068243325,0.011374442957813036,0.48512782369470153,0.48104006521500714,0.001940375193953514
msd,100,5,50,1000673,0.5,nan,0.01,0.0,1.0,uniform,True,0.009890257042045936,0.008062712551503537,0.009890257042045936,0.49280316015252074,0.48312179674582645,0.0018995827995240688
msd,100,5,51,1000674,0.5,nan,0.01,0.0,1.0,uniform,False,0.01160643611230533,0.01160643611230533,0.0008872839720812098,0.47940544945447877,0.48814989218109256,0.001980583183467388
msd,100,5,52,1000675,0.5,nan,0.01,0.0,1.0,uniform,False,0.01242211390444492,0.005794111894265208,0.01242211390444492,0.4875783922688945,0.4864984795917099,0.001997333951294422
msd,100,5,53,1000676,0.5,nan,0.01,0.0,1.0,uniform,True,0.004508617102331192,0.00014677203667962102,0.004508617102331192,0.48967192532254133,0.5018566704764506,0.0020843748934566975
msd,100,5,54,1000677,0.5,nan,0.01,0.0,1.0,uniform,True,0.004476734525396764,0.001588580119116001,0.004476734525396764,0.4895463008276815,0.48043635473934415,0.0020529162138700485
msd,100,5,55,1000678,0.5,nan,0.01,0.0,1.0,uniform,True,0.009159968802287977,0.009159968802287977,0.00620702192641559,0.4907813504009912,0.49274450045015566,0.0019632079638540745
msd,100,5,56,1000679,0.5,nan,0.01,0.0,1.0,uniform,False,0.01871833043519555,0.01871833043519555,0.004191141517747299,0.48429972052734405,0.47782285066056357,0.0019711670465767384
msd,100,5,57,1000680,0.5,nan,0.01,0.0,1.0,uniform,True,0.005115471204635069,0.005115471204635069,0.004891625935637189,0.47778673720163,0.48695865003832833,0.002025832887738943
msd,100,5,58,1000681,0.5,nan,0.01,0.0,1.0,uniform,True,0.00814334397010813,0.003422798515592962,0.00814334397010813,0.48886322850019104,0.49627855613618826,0.0019957502372562885
msd,100,5,59,1000682,0.5,nan,0.01,0.0,1.0,uniform,False,0.012943550226030887,0.012943550226030887,0.006802049728329762,0.4909134112808683,0.4830323009082836,0.0019219592213630676
msd,100,5,60,1000683,0.5,nan,0.01,0.0,1.0,uniform,True,0.004981144659783554,0.004981144659783554,0.004974697462074518,0.48978869914996404,0.49168997515935725,0.001990457996726036
msd,100,5,61,1000684,0.5,nan,0.01,0.0,1.0,uniform,True,0.007341368597757303,0.005527657462855495,0.007341368597757303,0.4842351492847937,0.48282248406063116,0.0019301250576972961
msd,100,5,62,1000685,0.5,nan,0.01,0.0,1.0,uniform,False,0.01471715171365473,0.01471715171365473,0.010019883556499465,0.494531864007012,0.485700525973166,0.001979625318199396
msd,100,5,63,1000686,0.5,nan,0.01,0.0,1.0,uniform,False,0.012738140465558379,0.012738140465558379,0.012016593089469063,0.49351909511974973,0.49594127118538384,0.0019482499919831753
msd,100,5,64,1000687,0.5,nan,0.01,0.0,1.0,uniform,True,0.004153659110044561,0.004153659110044561,0.0034178075152378473,0.4900421339964629,0.4861063225228073,0.0019794590771198273
msd,100,5,65,1000688,0.5,nan,0.01,0.0,1.0,uniform,True,0.005949469519175021,0.005425690255823401,0.005949469519175021,0.4802324475073528,0.4973669646327667,0.001999999862164259
msd,100,5,66,1000689,0.5,nan,0.01,0.0,1.0,uniform,False,0.016122437204667606,0.0066036495033856,0.016122437204667606,0.4901647039766869,0.49034870987108975,0.0019618337973952293
msd,100,5,67,1000690,0.5,nan,0.01,0.0,1.0,uniform,True,0.006704262058054189,0.006704262058054189,0.006113111744508515,0.4869239918539845,0.47114522157804506,0.0019623753614723682
msd,100,5,68,1000691,0.5,nan,0.01,0.0,1.0,uniform,False,0.016406369992957803,0.012693137946380662,0.016406369992957803,0.4795834831760947,0.4883293837944757,0.0019838749431073666
msd,100,5,69,1000692,0.5,nan,0.01,0.0,1.0,uniform,False,0.010217131190868645,0.010217131190868645,0.003102632327943722,0.48312430626432895,0.48423440287579506,0.002018291037529707
msd,100,5,70,1000693,0.5,nan,0.01,0.0,1.0,uniform,True,0.0008451923885161583,0.0008451923885161583,0.00038833339418276047,0.4828751061183374,0.49692070177789355,0.00201562512665987
msd,100,5,71,1000694,0.5,nan,0.01,0.0,1.0,uniform,True,0.00757192956953423,0.00757192956953423,0.002046353599245987,0.47862034769319806,0.4924352831951386,0.0019813752733170986
msd,100,5,72,1000695,0.5,nan,0.01,0.0,1.0,uniform,True,0.007790768848938978,0.007790768848938978,0.007479678474803297,0.49191291952648447,0.4898600258818496,0.0020037908107042313
msd,100,5,73,1000696,0.5,nan,0.01,0.0,1.0,uniform,False,0.010875391897809283,0.01066879285005179,0.010875391897809283,0.4956229277678003,0.48532376671108746,0.0019620410166680813
msd,100,5,74,1000697,0.5,nan,0.01,0.0,1.0,uniform,True,0.0036164036871026983,0.0036164036871026983,0.0034394315808461973,0.502210775003312,0.48332495604914666,0.0019286670722067356
msd,100,5,75,1000698,0.5,nan,0.01,0.0,1.0,uniform,True,0.005978963456958031,0.0016343234356618885,0.005978963456958031,0.49325144545149757,0.4948322341388778,0.0020288340747356415
msd,100,5,76,1000699,0.5,nan,0.01,0.0,1.0,uniform,True,0.002540168669056486,0.000965185877210506,0.002540168669056486,0.4797125372396974,0.49099503691755075,0.002066957764327526
msd,100,5,77,1000700,0.5,nan,0.01,0.0,1.0,uniform,False,0.014485535646595826,0.014485535646595826,0.00023035988553876674,0.48242467802334854,0.47862253385460546,0.002032499760389328
msd,100,5,78,1000701,0.5,nan,0.01,0.0,1.0,uniform,False,0.011474447935631571,0.006964582376308037,0.011474447935631571,0.49381367441158075,0.48433625687148063,0.001920249778777361
msd,100,5,79,1000702,0.5,nan,0.01,0.0,1.0,uniform,True,0.00794900530612852,0.006606053616744045,0.00794900530612852,0.4883832006057917,0.4988843906193198,0.001986958086490631
msd,100,5,80,1000703,0.5,nan,0.01,0.0,1.0,uniform,False,0.019534912813853333,0.0140807965351184,0.019534912813853333,0.4938526167425995,0.4886475266232868,0.001857999712228775
msd,100,5,81,1000704,0.5,nan,0.01,0.0,1.0,uniform,True,0.009992634078859308,0.009992634078859308,0.007261825987091908,0.4912136632533832,0.485789344552662,0.0019517908804118633
msd,100,5,82,1000705,0.5,nan,0.01,0.0,1.0,uniform,True,0.003057578411477413,0.003057578411477413,0.0009755850536848354,0.49603915689819367,0.47732695198046526,0.00200787466019392
msd,100,5,83,1000706,0.5,nan,0.01,0.0,1.0,uniform,True,0.004804568893683803,0.0013913495167026113,0.004804568893683803,0.4842354297996907,0.49029732339948656,0.0020044995471835136
msd,100,5,84,1000707,0.5,nan,0.01,0.0,1.0,uniform,True,0.008723043998349,0.008723043998349,0.00496374121915738,0.49760157853432463,0.4848232172385677,0.0019983751699328423
msd,100,5,85,1000708,0.5,nan,0.01,0.0,1.0,uniform,True,0.009929222756194789,0.009929222756194789,0.004605160897505289,0.4985894333949499,0.4828424057395673,0.001965958159416914
msd,100,5,86,1000709,0.5,nan,0.01,0.0,1.0,uniform,True,0.007527768931630485,0.007527768931630485,0.003140513167755876,0.49056395719044016,0.49529911487454353,0.0020263749174773693
msd,100,5,87,1000710,0.5,nan,0.01,0.0,1.0,uniform,True,0.009712898963242678,0.0034689810392076192,0.009712898963242678,0.49111296479669786,0.48116268041235033,0.0019677910022437572
msd,100,5,88,1000711,0.5,nan,0.01,0.0,1.0,uniform,True,0.0067170676290114195,0.004050463013323458,0.0067170676290114195,0.4903086642437749,0.48546989834951354,0.0019951253198087215
msd,100,5,89,1000712,0.5,nan,0.01,0.0,1.0,uniform,True,0.0030272708065606224,0.002669328197260179,0.0030272708065606224,0.4951020732329624,0.4854808557116094,0.001996458973735571
msd,100,5,90,1000713,0.5,nan,0.01,0.0,1.0,uniform,True,0.005797910990958832,0.005797910990958832,0.005600769943059913,0.48394340995695573,0.4866906921794491,0.001964499708265066
msd,100,5,91,1000714,0.5,nan,0.01,0.0,1.0,uniform,True,0.008368501913494364,0.007683932849000985,0.008368501913494364,0.4787353740668412,0.49329168738404505,0.001970916986465454
msd,100,5,92,1000715,0.5,nan,0.01,0.0,1.0,uniform,True,0.007435454603183844,0.007435454603183844,0.006094137373321595,0.4865241098231315,0.4844947313795292,0.0019639581441879272
msd,100,5,93,1000716,0.5,nan,0.01,0.0,1.0,uniform,True,0.008401415717435967,0.008401415717435967,0.005082497579097123,0.48063649382605794,0.4835437100132361,0.0019849580712616444
msd,100,5,94,1000717,0.5,nan,0.01,0.0,1.0,uniform,True,0.003975144316950785,0.003975144316950785,0.0018658010642333966,0.4867178237264783,0.4847909524704216,0.002040333114564419
msd,100,5,95,1000718,0.5,nan,0.01,0.0,1.0,uniform,False,0.01680010577936697,0.01680010577936697,0.007455643263417189,0.47873391418992106,0.4846450092429072,0.002116082701832056
msd,100,5,96,1000719,0.5,nan,0.01,0.0,1.0,uniform,False,0.012118509197224625,0.012118509197224625,0.00047160816889163515,0.4847070529048515,0.4945959183612841,0.002044416032731533
msd,100,5,97,1000720,0.5,nan,0.01,0.0,1.0,uniform,False,0.01204463069996875,0.01204463069996875,0.0045356396202740346,0.48109835929547395,0.48478851459359457,0.0019979169592261314
msd,100,5,98,1000721,0.5,nan,0.01,0.0,1.0,uniform,True,0.006643696491230311,0.004469205682891553,0.006643696491230311,0.49402019263296815,0.48680717866083,0.002004666719585657
msd,100,5,99,1000722,0.5,nan,0.01,0.0,1.0,uniform,True,0.007853600144684503,0.007853600144684503,0.0026015093805868417,0.4897143384251927,0.47932106795006607,0.0020046671852469444
msd,100,10,0,1001123,0.5,nan,0.01,0.0,1.0,uniform,True,0.005504244014980009,0.005504244014980009,0.0043155078387069334,0.48730644296948655,0.49297084400884345,0.0022677909582853317
msd,100,10,1,1001124,0.5,nan,0.01,0.0,1.0,uniform,True,0.006514436588558659,0.0033994183335174233,0.006514436588558659,0.49787013065955577,0.49628821631748066,0.0022310838103294373
msd,100,10,2,1001125,0.5,nan,0.01,0.0,1.0,uniform,True,0.005524254960097341,0.005524254960097341,0.004941096947072621,0.4919377739133466,0.49716208379838606,0.002186582889407873
msd,100,10,3,1001126,0.5,nan,0.01,0.0,1.0,uniform,True,0.007809017509075478,0.007809017509075478,0.007783818235752249,0.4941748549799614,0.4923853801908459,0.002064832951873541
msd,100,10,4,1001127,0.5,nan,0.01,0.0,1.0,uniform,False,0.016710934199557825,0.016710934199557825,0.006465732522280054,0.4968116135726466,0.49375036459600613,0.002083124592900276
msd,100,10,5,1001128,0.5,nan,0.01,0.0,1.0,uniform,False,0.01020785229517146,0.01020785229517146,0.00856546311815859,0.48941967700593236,0.4936532963769606,0.0021310001611709595
msd,100,10,6,1001129,0.5,nan,0.01,0.0,1.0,uniform,True,0.009024056534724934,0.009024056534724934,0.005324247096855583,0.49381050551369254,0.49124935760626265,0.0021595838479697704
msd,100,10,7,1001130,0.5,nan,0.01,0.0,1.0,uniform,True,0.004415746635572593,0.0030691327536638835,0.004415746635572593,0.489889871004012,0.49165418765676283,0.0023072906769812107
msd,100,10,8,1001131,0.5,nan,0.01,0.0,1.0,uniform,False,0.018884112282985976,0.018884112282985976,0.006697564444634985,0.48998967395682286,0.48763515293827187,0.0021053748205304146
msd,100,10,9,1001132,0.5,nan,0.01,0.0,1.0,uniform,True,0.00598182961485616,0.004088926696936335,0.00598182961485616,0.4939598240409005,0.49302409537436154,0.0021345000714063644
msd,100,10,10,1001133,0.5,nan,0.01,0.0,1.0,uniform,True,0.007984040047444574,0.007984040047444574,0.004776082017420136,0.49610454637361845,0.49202232076903846,0.002295041922479868
msd,100,10,11,1001134,0.5,nan,0.01,0.0,1.0,uniform,True,0.006851135062735547,0.0025960611100660502,0.006851135062735547,0.49351570465336403,0.4918743916307229,0.0023274580016732216
msd,100,10,12,1001135,0.5,nan,0.01,0.0,1.0,uniform,True,0.007565945437133348,0.007565945437133348,0.004827093575128838,0.489003120470243,0.4942219290837484,0.002511624712496996
msd,100,10,13,1001136,0.5,nan,0.01,0.0,1.0,uniform,True,0.007737986743422076,0.007737986743422076,0.007735062223413081,0.4943353432807823,0.4915600293985324,0.0021491250954568386
msd,100,10,14,1001137,0.5,nan,0.01,0.0,1.0,uniform,False,0.010373471732096073,0.007511531722598386,0.010373471732096073,0.49416101179317257,0.4924501955930886,0.002097375225275755
msd,100,10,15,1001138,0.5,nan,0.01,0.0,1.0,uniform,True,0.008074486673234849,0.008074486673234849,0.004432500287242291,0.4937377359218007,0.4949272110645162,0.0025771670043468475
msd,100,10,16,1001139,0.5,nan,0.01,0.0,1.0,uniform,False,0.011002158386358374,0.011002158386358374,0.006738910444051394,0.4917021197512856,0.49809547958232103,0.00214300025254488
msd,100,10,17,1001140,0.5,nan,0.01,0.0,1.0,uniform,True,0.008046321058434724,0.0038959036879328557,0.008046321058434724,0.49491588229616207,0.49661742540490694,0.002161583863198757
msd,100,10,18,1001141,0.5,nan,0.01,0.0,1.0,uniform,True,0.0068101219808143765,0.0068101219808143765,0.005571339795929331,0.4971680636362396,0.4942357523098609,0.0022588749416172504
msd,100,10,19,1001142,0.5,nan,0.01,0.0,1.0,uniform,False,0.012483072853229915,0.012483072853229915,0.0025730294675708754,0.4898616561874576,0.4894105457298048,0.0021302090026438236
msd,100,10,20,1001143,0.5,nan,0.01,0.0,1.0,uniform,True,0.004667992570726198,0.004667992570726198,0.003302647872920006,0.4978034259183472,0.4935628090236899,0.0022422499023377895
msd,100,10,21,1001144,0.5,nan,0.01,0.0,1.0,uniform,True,0.007607037120495153,0.0025704555718961686,0.007607037120495153,0.5005431895473035,0.4920475952882314,0.002297291997820139
msd,100,10,22,1001145,0.5,nan,0.01,0.0,1.0,uniform,True,0.007945531838684905,0.007945531838684905,0.004152849066513142,0.4900753772995764,0.4973660256573681,0.0022076666355133057
msd,100,10,23,1001146,0.5,nan,0.01,0.0,1.0,uniform,True,0.007837800332922196,0.00597002195325419,0.007837800332922196,0.49596551900035496,0.4951925536264313,0.002237667329609394
msd,100,10,24,1001147,0.5,nan,0.01,0.0,1.0,uniform,True,0.00466913586233908,0.002193675835033493,0.00466913586233908,0.49322378232269753,0.49412482469381763,0.0023963325656950474
msd,100,10,25,1001148,0.5,nan,0.01,0.0,1.0,uniform,True,0.009946620054270605,0.009946620054270605,0.004265500274504619,0.4915942099937114,0.4994964666634126,0.0026692920364439487
msd,100,10,26,1001149,0.5,nan,0.01,0.0,1.0,uniform,True,0.004972099485095638,0.004972099485095638,0.0037658144977196772,0.4934909125499599,0.49271973736990826,0.0024043330922722816
msd,100,10,27,1001150,0.5,nan,0.01,0.0,1.0,uniform,True,0.005325215118586801,0.005325215118586801,0.004349271482666006,0.4901726590906307,0.4964917384278606,0.0024696248583495617
msd,100,10,28,1001151,0.5,nan,0.01,0.0,1.0,uniform,True,0.008166414854192061,0.005552187509032747,0.008166414854192061,0.48978285403669164,0.4954639025088275,0.002286416944116354
msd,100,10,29,1001152,0.5,nan,0.01,0.0,1.0,uniform,True,0.008925596605239394,0.006303419033538926,0.008925596605239394,0.4944550414050095,0.49662732450276215,0.0020872498862445354
msd,100,10,30,1001153,0.5,nan,0.01,0.0,1.0,uniform,True,0.006407735897919542,0.006407735897919542,0.004922152263600543,0.49190474212487123,0.49484761521589404,0.002280124928802252
msd,100,10,31,1001154,0.5,nan,0.01,0.0,1.0,uniform,True,0.0054827223323710705,0.005316396880179042,0.0054827223323710705,0.4948274840295691,0.4936978263680455,0.0021150000393390656
msd,100,10,32,1001155,0.5,nan,0.01,0.0,1.0,uniform,True,0.006126182978080541,0.006126182978080541,0.004719741531050259,0.4965606067613597,0.5005538343473641,0.0022788341157138348
msd,100,10,33,1001156,0.5,nan,0.01,0.0,1.0,uniform,True,0.009188284096035448,0.009188284096035448,0.007906820977731932,0.49315553880417307,0.49590988075062575,0.0022200830280780792
msd,100,10,34,1001157,0.5,nan,0.01,0.0,1.0,uniform,True,0.009435265726453201,0.009435265726453201,0.008032172666590787,0.49656747761363657,0.49144434244986906,0.002087957691401243
msd,100,10,35,1001158,0.5,nan,0.01,0.0,1.0,uniform,True,0.007837814438486468,0.007837814438486468,0.006666213693572176,0.49289029154985325,0.4923273350397233,0.002288416028022766
msd,100,10,36,1001159,0.5,nan,0.01,0.0,1.0,uniform,False,0.01328607903777429,0.005533333683364006,0.01328607903777429,0.4915016026935281,0.4890347799379076,0.002137499861419201
msd,100,10,37,1001160,0.5,nan,0.01,0.0,1.0,uniform,True,0.006882786153819931,0.005938340516753793,0.006882786153819931,0.49762378487864767,0.494749807095953,0.002243584021925926
msd,100,10,38,1001161,0.5,nan,0.01,0.0,1.0,uniform,True,0.008477093169608152,0.008477093169608152,0.006533173069184772,0.4921748442635521,0.4950079154731478,0.0024817921221256256
msd,100,10,39,1001162,0.5,nan,0.01,0.0,1.0,uniform,False,0.010721262601720905,0.009111153550676931,0.010721262601720905,0.49080367143154724,0.4953263620638182,0.0021366667933762074
msd,100,10,40,1001163,0.5,nan,0.01,0.0,1.0,uniform,True,0.00749998081685882,0.006499193321336472,0.00749998081685882,0.4965841602422532,0.49232841690742396,0.0023085828870534897
msd,100,10,41,1001164,0.5,nan,0.01,0.0,1.0,uniform,False,0.011190761188061282,0.011190761188061282,0.004448894980281726,0.49212658513582797,0.49608226036636865,0.0022032922133803368
msd,100,10,42,1001165,0.5,nan,0.01,0.0,1.0,uniform,True,0.008525931047877466,0.005290338214550605,0.008525931047877466,0.4932451233047771,0.49384772938242594,0.0022848746739327908
msd,100,10,43,1001166,0.5,nan,0.01,0.0,1.0,uniform,True,0.004514661463046465,0.0043007816691854606,0.004514661463046465,0.49237484881054816,0.49767527575343107,0.002341541927307844
msd,100,10,44,1001167,0.5,nan,0.01,0.0,1.0,uniform,True,0.009223945847598225,0.009223945847598225,0.002805889659477312,0.4949586123160927,0.4897662944743477,0.0021445415914058685
msd,100,10,45,1001168,0.5,nan,0.01,0.0,1.0,uniform,True,0.004843250962627221,0.0026860822201814627,0.004843250962627221,0.4990525007417305,0.4970957790355995,0.0023698341101408005
msd,100,10,46,1001169,0.5,nan,0.01,0.0,1.0,uniform,False,0.011203711097679148,0.011203711097679148,0.004775589772166078,0.49510719720511787,0.4931929320213479,0.0021670409478247166
msd,100,10,47,1001170,0.5,nan,0.01,0.0,1.0,uniform,True,0.0059887048817687805,0.0059887048817687805,0.003067481321724186,0.49110917317314134,0.4914305320456966,0.0022730003111064434
msd,100,10,48,1001171,0.5,nan,0.01,0.0,1.0,uniform,True,0.009769726782662413,0.004738620134612348,0.009769726782662413,0.4928746203942989,0.49739283453143646,0.002476791851222515
msd,100,10,49,1001172,0.5,nan,0.01,0.0,1.0,uniform,True,0.0037796402124848916,0.0037796402124848916,0.0030545502647537637,0.49650502199647784,0.49239520109255736,0.0022669583559036255
msd,100,10,50,1001173,0.5,nan,0.01,0.0,1.0,uniform,True,0.009241334016662162,0.009241334016662162,0.002915213909400638,0.4946007128064087,0.4968197311839307,0.002353459130972624
msd,100,10,51,1001174,0.5,nan,0.01,0.0,1.0,uniform,True,0.00922786662431957,0.006444424374492996,0.00922786662431957,0.49874178542084746,0.4963726626299401,0.002073375042527914
msd,100,10,52,1001175,0.5,nan,0.01,0.0,1.0,uniform,True,0.00927033370781849,0.00927033370781849,0.003151882899013192,0.49207608881032217,0.4966599942784881,0.0021186666563153267
msd,100,10,53,1001176,0.5,nan,0.01,0.0,1.0,uniform,True,0.003636789187719758,0.0018275329248449435,0.003636789187719758,0.49817015555590943,0.4917673803007086,0.002402583137154579
msd,100,10,54,1001177,0.5,nan,0.01,0.0,1.0,uniform,False,0.010361451716966952,0.006580482896741513,0.010361451716966952,0.49561022990038817,0.4878186403240796,0.0020630829967558384
msd,100,10,55,1001178,0.5,nan,0.01,0.0,1.0,uniform,True,0.0064780863576065495,0.0036849236736656854,0.0064780863576065495,0.49129231379854305,0.4941488786135266,0.002406707964837551
msd,100,10,56,1001179,0.5,nan,0.01,0.0,1.0,uniform,True,0.006753461153307827,0.006753461153307827,0.004148326148408654,0.49537379066206183,0.4931133339366893,0.002227500081062317
msd,100,10,57,1001180,0.5,nan,0.01,0.0,1.0,uniform,False,0.011153413690141445,0.0023918306073997253,0.011153413690141445,0.4921239776903925,0.49474763674178246,0.002217582892626524
msd,100,10,58,1001181,0.5,nan,0.01,0.0,1.0,uniform,True,0.006787574385226036,0.006787574385226036,0.004593957360251311,0.4956504708986522,0.49858028913950353,0.002246249932795763
msd,100,10,59,1001182,0.5,nan,0.01,0.0,1.0,uniform,True,0.008755235362801594,0.006912392007371704,0.008755235362801594,0.49699692336891144,0.4901813192858783,0.002202459145337343
msd,100,10,60,1001183,0.5,nan,0.01,0.0,1.0,uniform,False,0.010509935037666562,0.010509935037666562,0.01044981613607282,0.49537836734334234,0.489087228909245,0.002061625011265278
msd,100,10,61,1001184,0.5,nan,0.01,0.0,1.0,uniform,True,0.006971940002225452,0.006971940002225452,0.004027980985323143,0.49887623108273216,0.4947849945606172,0.002248459029942751
msd,100,10,62,1001185,0.5,nan,0.01,0.0,1.0,uniform,True,0.007994436378049807,0.003950250576691627,0.007994436378049807,0.4973860309055099,0.4934250578769916,0.0021915831603109837
msd,100,10,63,1001186,0.5,nan,0.01,0.0,1.0,uniform,False,0.013190183596942018,0.005754096013622978,0.013190183596942018,0.49501889027676516,0.49875718942907354,0.002353208139538765
msd,100,10,64,1001187,0.5,nan,0.01,0.0,1.0,uniform,True,0.007047267777297694,0.0069837929013187305,0.007047267777297694,0.4948884203130723,0.49492847779693605,0.0023795003071427345
msd,100,10,65,1001188,0.5,nan,0.01,0.0,1.0,uniform,True,0.0043829635858992355,0.004032575004488392,0.0043829635858992355,0.4983254307105204,0.4955443514544887,0.002396583091467619
msd,100,10,66,1001189,0.5,nan,0.01,0.0,1.0,uniform,True,0.008178907737936059,0.008178907737936059,0.006375536900999623,0.49408155444128354,0.4887152198387403,0.0022328332997858524
msd,100,10,67,1001190,0.5,nan,0.01,0.0,1.0,uniform,True,0.006310384265822866,0.006310384265822866,0.002659147981952714,0.49946340989890337,0.49263496085250935,0.002197875175625086
msd,100,10,68,1001191,0.5,nan,0.01,0.0,1.0,uniform,True,0.0057319380221947935,0.0029093948467167063,0.0057319380221947935,0.4920807967781266,0.49388249897940734,0.002301374915987253
msd,100,10,69,1001192,0.5,nan,0.01,0.0,1.0,uniform,True,0.005516490075263836,0.004044600605981941,0.005516490075263836,0.49237734232563185,0.48609424235620674,0.0027435417287051678
msd,100,10,70,1001193,0.5,nan,0.01,0.0,1.0,uniform,True,0.004981494424922628,0.0046424635479634935,0.004981494424922628,0.4959724170954236,0.48798641393088676,0.0027562500908970833
msd,100,10,71,1001194,0.5,nan,0.01,0.0,1.0,uniform,True,0.008061791804743701,0.004231326145052672,0.008061791804743701,0.4987795002691792,0.49394854995520626,0.0023033330217003822
msd,100,10,72,1001195,0.5,nan,0.01,0.0,1.0,uniform,True,0.007541755168482711,0.006486528795239865,0.007541755168482711,0.490330162026251,0.4938537232992128,0.0023460001684725285
msd,100,10,73,1001196,0.5,nan,0.01,0.0,1.0,uniform,True,0.009663383425229655,0.009663383425229655,0.007003411331497789,0.49519458885230816,0.49055829523747907,0.002782125025987625
msd,100,10,74,1001197,0.5,nan,0.01,0.0,1.0,uniform,False,0.011780012131250017,0.00309336127919152,0.011780012131250017,0.49485817695251655,0.4962018732487281,0.0029831668362021446
msd,100,10,75,1001198,0.5,nan,0.01,0.0,1.0,uniform,True,0.005025755392447373,0.005025755392447373,0.0027320835575411206,0.4903051134100909,0.4916783888417577,0.0024094171822071075
msd,100,10,76,1001199,0.5,nan,0.01,0.0,1.0,uniform,True,0.00944689616992983,0.00944689616992983,0.005693539274914783,0.49336124820662847,0.4925659551728688,0.00248549971729517
msd,100,10,77,1001200,0.5,nan,0.01,0.0,1.0,uniform,True,0.00796926419304761,0.003686062055499817,0.00796926419304761,0.4949256939794029,0.49747138903046145,0.002768374979496002
msd,100,10,78,1001201,0.5,nan,0.01,0.0,1.0,uniform,False,0.013954260540037122,0.013954260540037122,0.003996118631542422,0.4974981006343935,0.49612274658383687,0.0022651669569313526
msd,100,10,79,1001202,0.5,nan,0.01,0.0,1.0,uniform,True,0.009543028660536856,0.009543028660536856,0.008661734073654004,0.4928925434198606,0.4959059425650114,0.002411582972854376
msd,100,10,80,1001203,0.5,nan,0.01,0.0,1.0,uniform,False,0.012608910069732915,0.012608910069732915,0.005365526500834494,0.4962841051069789,0.49167364561079085,0.002713249996304512
msd,100,10,81,1001204,0.5,nan,0.01,0.0,1.0,uniform,True,0.006072162512889889,0.006072162512889889,0.004960594317099165,0.49630588453278013,0.4940801515578445,0.0023605842143297195
msd,100,10,82,1001205,0.5,nan,0.01,0.0,1.0,uniform,False,0.010783735990949506,0.010783735990949506,0.008858687563229384,0.4941424852909385,0.4919281935133747,0.0022176671773195267
msd,100,10,83,1001206,0.5,nan,0.01,0.0,1.0,uniform,True,0.00938136719074023,0.00938136719074023,0.006606528291549396,0.5000725632873204,0.4922879697373399,0.0026203333400189877
msd,100,10,84,1001207,0.5,nan,0.01,0.0,1.0,uniform,True,0.007263721529873923,0.002941180142178923,0.007263721529873923,0.49615701053320715,0.49621612941751175,0.0031802919693291187
msd,100,10,85,1001208,0.5,nan,0.01,0.0,1.0,uniform,True,0.004811934638811022,0.0028616098018314218,0.004811934638811022,0.49662337173418286,0.49698987419915963,0.002301833126693964
msd,100,10,86,1001209,0.5,nan,0.01,0.0,1.0,uniform,True,0.008482152549855737,0.008482152549855737,0.008208121750754138,0.49536190792338664,0.4950664667944762,0.003052209038287401
msd,100,10,87,1001210,0.5,nan,0.01,0.0,1.0,uniform,True,0.004763403167611313,0.004763403167611313,0.002911140020113945,0.49459238262587146,0.4951019514088005,0.0024261251091957092
msd,100,10,88,1001211,0.5,nan,0.01,0.0,1.0,uniform,True,0.0054538807338057604,0.0054538807338057604,0.005175042920717521,0.49824290873533567,0.49933826816714383,0.003187333233654499
msd,100,10,89,1001212,0.5,nan,0.01,0.0,1.0,uniform,False,0.012532986051556949,0.004395623493248291,0.012532986051556949,0.49295130851667557,0.49334755053809287,0.0024634161964058876
msd,100,10,90,1001213,0.5,nan,0.01,0.0,1.0,uniform,True,0.008159825082437955,0.006346438040382152,0.008159825082437955,0.495690666190174,0.4961479647128735,0.002800583839416504
msd,100,10,91,1001214,0.5,nan,0.01,0.0,1.0,uniform,False,0.014792381572051538,0.014792381572051538,0.00756182997861643,0.4961156389818192,0.4936235569500168,0.0025969590060412884
msd,100,10,92,1001215,0.5,nan,0.01,0.0,1.0,uniform,True,0.006911958237365179,0.006911958237365179,0.0047324365050828154,0.4930017847608148,0.4967327556866564,0.0024368749000132084
msd,100,10,93,1001216,0.5,nan,0.01,0.0,1.0,uniform,False,0.010510476491864595,0.0018402882620877081,0.010510476491864595,0.4938095869083464,0.49090498337759675,0.0023803338408470154
msd,100,10,94,1001217,0.5,nan,0.01,0.0,1.0,uniform,False,0.012874742558386276,0.0027406938391372204,0.012874742558386276,0.49799495417245243,0.4931499451372402,0.0029009170830249786
msd,100,10,95,1001218,0.5,nan,0.01,0.0,1.0,uniform,True,0.00932284354475138,0.00932284354475138,0.0030864916124996866,0.4875349330223998,0.4917349027038411,0.00247466703876853
msd,100,10,96,1001219,0.5,nan,0.01,0.0,1.0,uniform,True,0.005166414268065855,0.005166414268065855,0.0036027716401184073,0.49513606474052996,0.4949475839645689,0.0029870830476284027
msd,100,10,97,1001220,0.5,nan,0.01,0.0,1.0,uniform,True,0.007448975449092177,0.004932263182942265,0.007448975449092177,0.49883170769183227,0.49892746758791295,0.0027733747847378254
msd,100,10,98,1001221,0.5,nan,0.01,0.0,1.0,uniform,True,0.009149387967595513,0.009149387967595513,0.006676520670883868,0.49158004518753057,0.4946273716869056,0.0023088338784873486
msd,100,10,99,1001222,0.5,nan,0.01,0.0,1.0,uniform,True,0.005297009566174016,0.004136987347761412,0.005297009566174016,0.4951275331711494,0.4936541532316265,0.003297707997262478
msd,100,20,0,1002123,0.5,nan,0.01,0.0,1.0,uniform,True,0.009400342266825679,0.009400342266825679,0.003913588771301324,0.49638601105140007,0.5007198557804721,0.003205833025276661
msd,100,20,1,1002124,0.5,nan,0.01,0.0,1.0,uniform,True,0.005036118438292769,0.005036118438292769,0.002965383543057587,0.4950501057217802,0.4943050846088974,0.0036834576167166233
msd,100,20,2,1002125,0.5,nan,0.01,0.0,1.0,uniform,True,0.00624212762186005,0.00624212762186005,0.0032817650147902167,0.5003075700219944,0.4971957960958882,0.0031974581070244312
msd,100,20,3,1002126,0.5,nan,0.01,0.0,1.0,uniform,True,0.006843868131825359,0.006843868131825359,0.004463179931263439,0.49656236179325786,0.4964987509418517,0.0038477908819913864
msd,100,20,4,1002127,0.5,nan,0.01,0.0,1.0,uniform,True,0.00693933086834414,0.00693933086834414,0.004301388657145522,0.49692942102911236,0.49692544615456463,0.0031647905707359314
msd,100,20,5,1002128,0.5,nan,0.01,0.0,1.0,uniform,True,0.009963406677407749,0.0044538287509353625,0.009963406677407749,0.49771433901014606,0.4980085858120144,0.004218666348606348
msd,100,20,6,1002129,0.5,nan,0.01,0.0,1.0,uniform,True,0.008879922174738375,0.004704686148842063,0.008879922174738375,0.49638798448661997,0.4966792986304573,0.0028746668249368668
msd,100,20,7,1002130,0.5,nan,0.01,0.0,1.0,uniform,True,0.006222487700685675,0.004098210609683017,0.006222487700685675,0.49798598650960696,0.4959913959601584,0.0032601249404251575
msd,100,20,8,1002131,0.5,nan,0.01,0.0,1.0,uniform,True,0.0065773580402147536,0.0065773580402147536,0.004414671844314544,0.4954464209539514,0.49573722705171797,0.002917042002081871
msd,100,20,9,1002132,0.5,nan,0.01,0.0,1.0,uniform,True,0.008011023751557433,0.005582602913892787,0.008011023751557433,0.4951243009506099,0.4997054112041183,0.0033650826662778854
msd,100,20,10,1002133,0.5,nan,0.01,0.0,1.0,uniform,True,0.004667537740384697,0.004347131641087798,0.004667537740384697,0.49698878504530475,0.49531027592687504,0.0030538751743733883
msd,100,20,11,1002134,0.5,nan,0.01,0.0,1.0,uniform,True,0.008699265054895211,0.006288608958503805,0.008699265054895211,0.49555277907385864,0.4977859754995512,0.002994624897837639
msd,100,20,12,1002135,0.5,nan,0.01,0.0,1.0,uniform,True,0.006642590218172484,0.005569778389023394,0.006642590218172484,0.4986576688269244,0.49666946777529275,0.0029402500949800014
msd,100,20,13,1002136,0.5,nan,0.01,0.0,1.0,uniform,True,0.005913215616882017,0.005913215616882017,0.005524082995263746,0.4971959440333375,0.4970458675612526,0.0028315000236034393
msd,100,20,14,1002137,0.5,nan,0.01,0.0,1.0,uniform,True,0.0069236544573227365,0.00541214948989982,0.0069236544573227365,0.4973080010497442,0.4961053062937602,0.0034633753821253777
msd,100,20,15,1002138,0.5,nan,0.01,0.0,1.0,uniform,True,0.005913390501792182,0.005590742531042414,0.005913390501792182,0.4986314219487511,0.5000002960588101,0.0029375413432717323
msd,100,20,16,1002139,0.5,nan,0.01,0.0,1.0,uniform,True,0.0053602593073792115,0.0053602593073792115,0.0053153531158555145,0.4989743354038391,0.49727827826641924,0.00288562523201108
msd,100,20,17,1002140,0.5,nan,0.01,0.0,1.0,uniform,True,0.005338213882522869,0.004814090098117896,0.005338213882522869,0.49569121954702305,0.4988818561808567,0.0028685838915407658
msd,100,20,18,1002141,0.5,nan,0.01,0.0,1.0,uniform,False,0.01016097951734285,0.003598120552021855,0.01016097951734285,0.49757346947854103,0.4972206130139263,0.003322250209748745
msd,100,20,19,1002142,0.5,nan,0.01,0.0,1.0,uniform,True,0.005984807899189815,0.005984807899189815,0.00505779058200484,0.49684716571302384,0.498245808484993,0.0027971668168902397
msd,100,20,20,1002143,0.5,nan,0.01,0.0,1.0,uniform,True,0.006189169740387357,0.005543882741770145,0.006189169740387357,0.4964494771417422,0.49795629574575645,0.0031746672466397285
msd,100,20,21,1002144,0.5,nan,0.01,0.0,1.0,uniform,True,0.007355345786868472,0.007355345786868472,0.0035066097498923088,0.4942855872002505,0.4997150179149798,0.0029738331213593483
msd,100,20,22,1002145,0.5,nan,0.01,0.0,1.0,uniform,True,0.006412675546190738,0.004324565967233296,0.006412675546190738,0.4974527800962395,0.49625760617552417,0.002801625058054924
msd,100,20,23,1002146,0.5,nan,0.01,0.0,1.0,uniform,True,0.008286199886691215,0.006565879924083695,0.008286199886691215,0.49769445554351927,0.49627193570668937,0.003201209008693695
msd,100,20,24,1002147,0.5,nan,0.01,0.0,1.0,uniform,True,0.009283351295977404,0.008900658820644503,0.009283351295977404,0.49347528504077054,0.49802214830386055,0.002726334147155285
msd,100,20,25,1002148,0.5,nan,0.01,0.0,1.0,uniform,True,0.00597711418352842,0.00597711418352842,0.0033072958543303166,0.4980892702629959,0.49722210334568695,0.0029672919772565365
msd,100,20,26,1002149,0.5,nan,0.01,0.0,1.0,uniform,True,0.006065621495855711,0.006065621495855711,0.005760503037311071,0.49878979867803447,0.49733114873432976,0.002810250036418438
msd,100,20,27,1002150,0.5,nan,0.01,0.0,1.0,uniform,True,0.009832795239080261,0.009832795239080261,0.006609847837663996,0.49820386094088603,0.4933803687872925,0.003004208207130432
msd,100,20,28,1002151,0.5,nan,0.01,0.0,1.0,uniform,True,0.005453828298021823,0.005453828298021823,0.004710625947720537,0.49525319823176156,0.4975401245549006,0.0029644593596458435
msd,100,20,29,1002152,0.5,nan,0.01,0.0,1.0,uniform,True,0.008348154637535243,0.008348154637535243,0.005531341000773737,0.49617712208074893,0.49484291382949214,0.00340020889416337
msd,100,20,30,1002153,0.5,nan,0.01,0.0,1.0,uniform,True,0.00559131111476191,0.004767256132820807,0.00559131111476191,0.49688545827026154,0.4955163368646443,0.0030964165925979614
msd,100,20,31,1002154,0.5,nan,0.01,0.0,1.0,uniform,True,0.00555498697275586,0.00555498697275586,0.005400133780305627,0.49803592579474504,0.49390705485090963,0.0034895003773272038
msd,100,20,32,1002155,0.5,nan,0.01,0.0,1.0,uniform,True,0.00479729814814206,0.00479729814814206,0.004431608883113725,0.4988848844094292,0.49834922638788987,0.0031818747520446777
msd,100,20,33,1002156,0.5,nan,0.01,0.0,1.0,uniform,True,0.007364992180903529,0.0045796250865378085,0.007364992180903529,0.49591101480940086,0.4984021836199238,0.003579499665647745
msd,100,20,34,1002157,0.5,nan,0.01,0.0,1.0,uniform,True,0.007296406522006638,0.007296406522006638,0.004307536111161636,0.4961462466134831,0.5010503734012263,0.0030178753659129143
msd,100,20,35,1002158,0.5,nan,0.01,0.0,1.0,uniform,True,0.005819378120550223,0.005245332996787477,0.005819378120550223,0.4963073823505519,0.4954553481916454,0.003562415950000286
msd,100,20,36,1002159,0.5,nan,0.01,0.0,1.0,uniform,True,0.00543804657268554,0.00543804657268554,0.003634433871182008,0.4958128939212827,0.4955374675375556,0.003125667106360197
msd,100,20,37,1002160,0.5,nan,0.01,0.0,1.0,uniform,True,0.006506669956875655,0.005786103253745567,0.006506669956875655,0.4955053408142072,0.49526471024919894,0.0029057497158646584
msd,100,20,38,1002161,0.5,nan,0.01,0.0,1.0,uniform,True,0.004981584260422722,0.004981584260422722,0.004684371544157351,0.49739043455483434,0.49751208157513904,0.0034219170920550823
msd,100,20,39,1002162,0.5,nan,0.01,0.0,1.0,uniform,True,0.004911727889154782,0.004911727889154782,0.0036202051056661855,0.4984537538324408,0.49736537865129127,0.0029714577831327915
msd,100,20,40,1002163,0.5,nan,0.01,0.0,1.0,uniform,True,0.008603924545758812,0.008603924545758812,0.00608603997102003,0.4972332440002611,0.499048842213251,0.0030852919444441795
msd,100,20,41,1002164,0.5,nan,0.01,0.0,1.0,uniform,True,0.008880442684788215,0.008880442684788215,0.005192779056412966,0.4974925952830153,0.49881221958978145,0.0028009158559143543
msd,100,20,42,1002165,0.5,nan,0.01,0.0,1.0,uniform,True,0.0062201472893372856,0.0062201472893372856,0.005869345524021463,0.49415257852259276,0.49572642079310286,0.00356366578489542
msd,100,20,43,1002166,0.5,nan,0.01,0.0,1.0,uniform,True,0.004844936858753479,0.0032133597414285564,0.004844936858753479,0.4972429359915832,0.49679831254329304,0.003074042033404112
msd,100,20,44,1002167,0.5,nan,0.01,0.0,1.0,uniform,True,0.007675297799895009,0.007675297799895009,0.00682014476905668,0.4954548719105663,0.4973568021336827,0.0030211657285690308
msd,100,20,45,1002168,0.5,nan,0.01,0.0,1.0,uniform,True,0.005023630055783934,0.004785433036001985,0.005023630055783934,0.497765228066695,0.4955780999100053,0.0029784170910716057
msd,100,20,46,1002169,0.5,nan,0.01,0.0,1.0,uniform,True,0.007858544430731473,0.005389252757572349,0.007858544430731473,0.49750867346286215,0.49797358186399127,0.0028687501326203346
msd,100,20,47,1002170,0.5,nan,0.01,0.0,1.0,uniform,True,0.005633670177759453,0.005633670177759453,0.004908700038452285,0.4957460122273248,0.4989671714504998,0.003120000008493662
msd,100,20,48,1002171,0.5,nan,0.01,0.0,1.0,uniform,False,0.0102292586831923,0.0102292586831923,0.006544579738370748,0.49673686154115654,0.4959946369222168,0.0028001670725643635
msd,100,20,49,1002172,0.5,nan,0.01,0.0,1.0,uniform,True,0.006294847742351228,0.006294847742351228,0.003309374562141476,0.49893510765933136,0.494744531710837,0.002871209289878607
msd,100,20,50,1002173,0.5,nan,0.01,0.0,1.0,uniform,True,0.006459641882110734,0.006459641882110734,0.0044869275640935236,0.49470352541150714,0.4999230237916412,0.0031342091970145702
msd,100,20,51,1002174,0.5,nan,0.01,0.0,1.0,uniform,False,0.01096435332212553,0.006490005393483933,0.01096435332212553,0.4978015443115233,0.4976293074424477,0.0032408330589532852
msd,100,20,52,1002175,0.5,nan,0.01,0.0,1.0,uniform,True,0.008345747540575654,0.0030176337856198665,0.008345747540575654,0.4955058661286376,0.49441545816617444,0.0032050833106040955
msd,100,20,53,1002176,0.5,nan,0.01,0.0,1.0,uniform,True,0.007109363409482761,0.007109363409482761,0.004876359608041336,0.4988326328808719,0.49595003130017834,0.0030152499675750732
msd,100,20,54,1002177,0.5,nan,0.01,0.0,1.0,uniform,True,0.006778562379967545,0.006778562379967545,0.0033764768171451465,0.49723956191867325,0.4969687675224056,0.0030169999226927757
msd,100,20,55,1002178,0.5,nan,0.01,0.0,1.0,uniform,True,0.008300863060961894,0.008300863060961894,0.005467751514573516,0.49611666226502127,0.49712777985845097,0.003327209036797285
msd,100,20,56,1002179,0.5,nan,0.01,0.0,1.0,uniform,True,0.008850946004614335,0.005335161782657805,0.008850946004614335,0.4989004870228687,0.4974938848455438,0.0029873750172555447
msd,100,20,57,1002180,0.5,nan,0.01,0.0,1.0,uniform,True,0.006435134025132738,0.004996104648590571,0.006435134025132738,0.49521474265840093,0.4969968350475876,0.0034684576094150543
msd,100,20,58,1002181,0.5,nan,0.01,0.0,1.0,uniform,True,0.0064969022367717955,0.0064969022367717955,0.005355599972163061,0.49845553831133527,0.49500854287298846,0.0030611660331487656
msd,100,20,59,1002182,0.5,nan,0.01,0.0,1.0,uniform,True,0.006483707418626639,0.006483707418626639,0.0033592573671028525,0.4957576426462999,0.4977250278990474,0.002932707779109478
msd,100,20,60,1002183,0.5,nan,0.01,0.0,1.0,uniform,True,0.009146135742117756,0.009146135742117756,0.007747494325494986,0.4955418434160499,0.49816066071237025,0.003010000102221966
msd,100,20,61,1002184,0.5,nan,0.01,0.0,1.0,uniform,True,0.008002819873997202,0.004449005302791298,0.008002819873997202,0.4968871809876399,0.4979588532117971,0.002946500200778246
msd,100,20,62,1002185,0.5,nan,0.01,0.0,1.0,uniform,True,0.009720904857436374,0.005649634385373026,0.009720904857436374,0.49856192318234405,0.4953456810046005,0.003143124748021364
msd,100,20,63,1002186,0.5,nan,0.01,0.0,1.0,uniform,True,0.009556553398522127,0.006252984128517047,0.009556553398522127,0.4961054021009528,0.49719438731229293,0.0028268746100366116
msd,100,20,64,1002187,0.5,nan,0.01,0.0,1.0,uniform,False,0.012159572524415019,0.012159572524415019,0.004257226651241397,0.4932202703117944,0.49524463402006214,0.0034260842949151993
msd,100,20,65,1002188,0.5,nan,0.01,0.0,1.0,uniform,True,0.008923443507108386,0.006488668206199644,0.008923443507108386,0.49903051203564397,0.49956618490548066,0.0031060422770678997
msd,100,20,66,1002189,0.5,nan,0.01,0.0,1.0,uniform,True,0.006191119884037977,0.006191119884037977,0.005377373992941137,0.49589913530154617,0.4966212446951378,0.0033599580638110638
msd,100,20,67,1002190,0.5,nan,0.01,0.0,1.0,uniform,True,0.0064878618928960186,0.006291898197326007,0.0064878618928960186,0.49787693161386815,0.4977035977442021,0.0029076249338686466
msd,100,20,68,1002191,0.5,nan,0.01,0.0,1.0,uniform,False,0.010254719239186194,0.010254719239186194,0.0034092303037048244,0.49480295570310584,0.4971150703320008,0.0029448331333696842
msd,100,20,69,1002192,0.5,nan,0.01,0.0,1.0,uniform,True,0.006606232359468889,0.006606232359468889,0.006467492093421123,0.49682794423560106,0.4979823588261897,0.0030046249739825726
msd,100,20,70,1002193,0.5,nan,0.01,0.0,1.0,uniform,True,0.00802380308121553,0.00802380308121553,0.006233465293188412,0.4988265193419361,0.4961488567115164,0.0034275418147444725
msd,100,20,71,1002194,0.5,nan,0.01,0.0,1.0,uniform,True,0.007234578408012837,0.006665515879523909,0.007234578408012837,0.4969940817197467,0.49765284856116737,0.002862541936337948
msd,100,20,72,1002195,0.5,nan,0.01,0.0,1.0,uniform,True,0.008065865402937189,0.008065865402937189,0.006520025880299152,0.4970404560619077,0.49781381910225636,0.0029187919571995735
msd,100,20,73,1002196,0.5,nan,0.01,0.0,1.0,uniform,True,0.006590585744666533,0.005674130242187936,0.006590585744666533,0.4964385142262176,0.4967878861199827,0.0028288750909268856
msd,100,20,74,1002197,0.5,nan,0.01,0.0,1.0,uniform,True,0.006642639458385946,0.006642639458385946,0.0036809511210663115,0.4964749869895423,0.49630237933648813,0.0034399167634546757
msd,100,20,75,1002198,0.5,nan,0.01,0.0,1.0,uniform,True,0.0043030073039490024,0.0032824901900686543,0.0043030073039490024,0.49632959930847625,0.498618921888294,0.00349004240706563
msd,100,20,76,1002199,0.5,nan,0.01,0.0,1.0,uniform,True,0.0072995824086583005,0.0072995824086583005,0.003948625940819184,0.49564032535809394,0.4976760032889563,0.0037303748540580273
msd,100,20,77,1002200,0.5,nan,0.01,0.0,1.0,uniform,True,0.006092372406709123,0.006092372406709123,0.005393706892410088,0.4962516568580633,0.4977654179916123,0.0036697080358862877
msd,100,20,78,1002201,0.5,nan,0.01,0.0,1.0,uniform,True,0.007281285847019314,0.005746483129889957,0.007281285847019314,0.4961646360081435,0.49611487438512697,0.0027192500419914722
msd,100,20,79,1002202,0.5,nan,0.01,0.0,1.0,uniform,True,0.007070241315093595,0.006827862043015387,0.007070241315093595,0.49594454487679324,0.49691163519914616,0.0033565829508006573
msd,100,20,80,1002203,0.5,nan,0.01,0.0,1.0,uniform,True,0.007119715867268173,0.007119715867268173,0.005373612242099868,0.4985451503916069,0.4981779832529768,0.002917790785431862
msd,100,20,81,1002204,0.5,nan,0.01,0.0,1.0,uniform,True,0.007783098270290167,0.0033782058010579097,0.007783098270290167,0.49925897521395785,0.49755064868434024,0.0035397917963564396
msd,100,20,82,1002205,0.5,nan,0.01,0.0,1.0,uniform,True,0.006238415333470637,0.004991877062398231,0.006238415333470637,0.49571052588605735,0.49512133337832215,0.003141583874821663
msd,100,20,83,1002206,0.5,nan,0.01,0.0,1.0,uniform,True,0.006995704078245402,0.006995704078245402,0.005184357254627292,0.4982729181630781,0.4952452725918348,0.0032785828225314617
msd,100,20,84,1002207,0.5,nan,0.01,0.0,1.0,uniform,True,0.006240480559558503,0.006240480559558503,0.004872300387859185,0.4965357162188294,0.49637703588844245,0.0032290839590132236
msd,100,20,85,1002208,0.5,nan,0.01,0.0,1.0,uniform,True,0.0076375652176278175,0.0076375652176278175,0.003847589803172402,0.49853925726426696,0.496919969070932,0.003575291018933058
msd,100,20,86,1002209,0.5,nan,0.01,0.0,1.0,uniform,True,0.0063970183959994875,0.0063970183959994875,0.004653968649056872,0.4969794397562822,0.4977354154469429,0.002924500033259392
msd,100,20,87,1002210,0.5,nan,0.01,0.0,1.0,uniform,True,0.007315875313489539,0.005153279440705094,0.007315875313489539,0.49662295227579534,0.4957891052903606,0.0039156656712293625
msd,100,20,88,1002211,0.5,nan,0.01,0.0,1.0,uniform,False,0.010982622100790262,0.0058147036890728865,0.010982622100790262,0.49842366101560653,0.4957632532661004,0.002932583447545767
msd,100,20,89,1002212,0.5,nan,0.01,0.0,1.0,uniform,True,0.007182471059647699,0.007182471059647699,0.005594808844174404,0.4973706906953759,0.4983196629516474,0.0035706250928342342
msd,100,20,90,1002213,0.5,nan,0.01,0.0,1.0,uniform,True,0.009581791612902402,0.004199690557986302,0.009581791612902402,0.4955341579415771,0.4977291852568818,0.0028305831365287304
msd,100,20,91,1002214,0.5,nan,0.01,0.0,1.0,uniform,True,0.006554255087911964,0.006554255087911964,0.004749927792700004,0.49621016084318315,0.49617480992568574,0.003549874760210514
msd,100,20,92,1002215,0.5,nan,0.01,0.0,1.0,uniform,True,0.004973110656964597,0.004973110656964597,0.004141447294146117,0.4947962919831823,0.4970977047390426,0.0034774169325828552
msd,100,20,93,1002216,0.5,nan,0.01,0.0,1.0,uniform,True,0.007070860552841507,0.007070860552841507,0.006967199664059731,0.49912933832527656,0.4976314750163056,0.003626083955168724
msd,100,20,94,1002217,0.5,nan,0.01,0.0,1.0,uniform,True,0.006385491887841099,0.0044566979312054,0.006385491887841099,0.4958885939305526,0.49822938121205185,0.004371666815131903
msd,100,20,95,1002218,0.5,nan,0.01,0.0,1.0,uniform,True,0.004849267300536697,0.004297345804047448,0.004849267300536697,0.49742413846143,0.4958133981907453,0.0043135411106050014
msd,100,20,96,1002219,0.5,nan,0.01,0.0,1.0,uniform,True,0.004670814249176758,0.0028552788260356454,0.004670814249176758,0.49653465195673424,0.4996320229287858,0.00568345794454217
msd,100,20,97,1002220,0.5,nan,0.01,0.0,1.0,uniform,True,0.006713001385941497,0.006713001385941497,0.0060460726343805615,0.49563062074258074,0.49673461861221474,0.0034763338044285774
msd,100,20,98,1002221,0.5,nan,0.01,0.0,1.0,uniform,True,0.008844318511916693,0.008844318511916693,0.0055036698140726314,0.495943068126961,0.4982357857145337,0.0040430002845823765
msd,100,20,99,1002222,0.5,nan,0.01,0.0,1.0,uniform,True,0.00603262659423387,0.0058389532253673715,0.00603262659423387,0.4955546307008127,0.49739108147686584,0.004654958378523588
msd,100,50,0,1005123,0.5,nan,0.01,0.0,1.0,uniform,True,0.006520227656888977,0.006520227656888977,0.0054525092470778525,0.498008374134674,0.49983555074060526,0.006100249942392111
msd,100,50,1,1005124,0.5,nan,0.01,0.0,1.0,uniform,True,0.0047232460393770714,0.0047232460393770714,0.0028275582282273337,0.49787925803143335,0.4981884009003966,0.005973584018647671
msd,100,50,2,1005125,0.5,nan,0.01,0.0,1.0,uniform,True,0.004753315685424475,0.003407041558809998,0.004753315685424475,0.49968897047111027,0.4990185421390946,0.005988792050629854
msd,100,50,3,1005126,0.5,nan,0.01,0.0,1.0,uniform,True,0.006343811873142202,0.00466738578879855,0.006343811873142202,0.4991061466514317,0.49759949099453454,0.005644917022436857
msd,100,50,4,1005127,0.5,nan,0.01,0.0,1.0,uniform,True,0.005127303274694794,0.005127303274694794,0.004656240464258221,0.49798643056832426,0.4991659596997449,0.005224999971687794
msd,100,50,5,1005128,0.5,nan,0.01,0.0,1.0,uniform,True,0.005904553955710601,0.005904553955710601,0.0037084475359891456,0.49875346461765885,0.4994680913366693,0.005549333058297634
msd,100,50,6,1005129,0.5,nan,0.01,0.0,1.0,uniform,True,0.004503480623684442,0.0038463704261173515,0.004503480623684442,0.499722115702265,0.49778437727884195,0.005774333141744137
msd,100,50,7,1005130,0.5,nan,0.01,0.0,1.0,uniform,True,0.005265297049526607,0.005265297049526607,0.0040889771661835606,0.4990759540787413,0.4991712763760579,0.005667333956807852
msd,100,50,8,1005131,0.5,nan,0.01,0.0,1.0,uniform,True,0.004645665606476668,0.003620146661285406,0.004645665606476668,0.4987831862896933,0.49860368762157664,0.005725749768316746
msd,100,50,9,1005132,0.5,nan,0.01,0.0,1.0,uniform,True,0.005029100399285835,0.005029100399285835,0.004328202053952457,0.49884456182970616,0.4990992839654501,0.005644750315696001
msd,100,50,10,1005133,0.5,nan,0.01,0.0,1.0,uniform,True,0.004867124029636405,0.004563844675401496,0.004867124029636405,0.4988862097083109,0.49845417459875296,0.005516250152140856
msd,100,50,11,1005134,0.5,nan,0.01,0.0,1.0,uniform,True,0.005527372582690038,0.005280552961064944,0.005527372582690038,0.4992280875273066,0.4989631919852037,0.005351749714463949
msd,100,50,12,1005135,0.5,nan,0.01,0.0,1.0,uniform,True,0.007183452537530721,0.007183452537530721,0.0036784359584066673,0.4995668754058228,0.4992337875703501,0.0054292078129947186
msd,100,50,13,1005136,0.5,nan,0.01,0.0,1.0,uniform,True,0.0053702358822140805,0.004151373581445905,0.0053702358822140805,0.49970924150358365,0.5001667795018181,0.005058334209024906
msd,100,50,14,1005137,0.5,nan,0.01,0.0,1.0,uniform,True,0.004435156103482052,0.004177200907322154,0.004435156103482052,0.4991028687733336,0.49905067377073703,0.005511666648089886
msd,100,50,15,1005138,0.5,nan,0.01,0.0,1.0,uniform,True,0.0057935569574567025,0.004240355010934671,0.0057935569574567025,0.4988189121065183,0.49896303934783054,0.004834083374589682
msd,100,50,16,1005139,0.5,nan,0.01,0.0,1.0,uniform,True,0.009011367013516514,0.004240295170739317,0.009011367013516514,0.49857296867058054,0.49863615209076567,0.004956624936312437
msd,100,50,17,1005140,0.5,nan,0.01,0.0,1.0,uniform,True,0.00616321818661042,0.00616321818661042,0.005721718584703661,0.49899552352788884,0.49906410261103756,0.004896041005849838
msd,100,50,18,1005141,0.5,nan,0.01,0.0,1.0,uniform,True,0.005501592707189584,0.005501592707189584,0.004202922044865276,0.4982815217517073,0.4988012294228231,0.004838166758418083
msd,100,50,19,1005142,0.5,nan,0.01,0.0,1.0,uniform,True,0.005851736228540683,0.004308268402955395,0.005851736228540683,0.49984304439578386,0.49968346419100546,0.005223209038376808
msd,100,50,20,1005143,0.5,nan,0.01,0.0,1.0,uniform,True,0.005928913582646633,0.0048854884272996335,0.005928913582646633,0.49818437468345134,0.4992912113004055,0.004826791118830442
msd,100,50,21,1005144,0.5,nan,0.01,0.0,1.0,uniform,True,0.004712747153529373,0.004712747153529373,0.0036501181493869828,0.4988405893624894,0.49799088299126926,0.004997583106160164
msd,100,50,22,1005145,0.5,nan,0.01,0.0,1.0,uniform,True,0.004593988924586345,0.004593988924586345,0.0038776250359211506,0.49822394361692884,0.49897185930594146,0.004856416955590248
msd,100,50,23,1005146,0.5,nan,0.01,0.0,1.0,uniform,True,0.004078776282570751,0.004078776282570751,0.004011625435404842,0.49891229103322526,0.49844960914227704,0.0051334998570382595
msd,100,50,24,1005147,0.5,nan,0.01,0.0,1.0,uniform,True,0.006245963115392383,0.00464373190004852,0.006245963115392383,0.49952252880922454,0.4984698638209947,0.00470783282071352
msd,100,50,25,1005148,0.5,nan,0.01,0.0,1.0,uniform,True,0.006190049502127759,0.006190049502127759,0.005832192681370696,0.49905132346052394,0.4987069772442234,0.0049072918482124805
msd,100,50,26,1005149,0.5,nan,0.01,0.0,1.0,uniform,True,0.004404390088344701,0.0038243269241646227,0.004404390088344701,0.49881061567108104,0.4990205053717873,0.005061750300228596
msd,100,50,27,1005150,0.5,nan,0.01,0.0,1.0,uniform,True,0.005699574312671818,0.005699574312671818,0.005066983801086056,0.49918743965657625,0.49845489496581896,0.0050441669300198555
msd,100,50,28,1005151,0.5,nan,0.01,0.0,1.0,uniform,True,0.006134159783288073,0.004196624433386753,0.006134159783288073,0.4986562210758293,0.4992590373148293,0.004908499773591757
msd,100,50,29,1005152,0.5,nan,0.01,0.0,1.0,uniform,True,0.006203698331459784,0.006203698331459784,0.004129165520708633,0.49788067572687916,0.49815580446047836,0.005011082626879215
msd,100,50,30,1005153,0.5,nan,0.01,0.0,1.0,uniform,True,0.005376418075371869,0.0035979830927941325,0.005376418075371869,0.4986093030365346,0.4986041740661525,0.005588958039879799
msd,100,50,31,1005154,0.5,nan,0.01,0.0,1.0,uniform,True,0.004478348318478376,0.004478348318478376,0.0033900194783132998,0.49858873233837786,0.4983378153891199,0.0050183748826384544
msd,100,50,32,1005155,0.5,nan,0.01,0.0,1.0,uniform,True,0.006883528263080307,0.006883528263080307,0.006628312591525798,0.4988475911594746,0.49807301548511035,0.004976124968379736
msd,100,50,33,1005156,0.5,nan,0.01,0.0,1.0,uniform,True,0.00418110773718311,0.00418110773718311,0.003803078814052452,0.4980923300907239,0.4990652500963538,0.005382750183343887
msd,100,50,34,1005157,0.5,nan,0.01,0.0,1.0,uniform,True,0.005527432522403397,0.0032315265685737837,0.005527432522403397,0.49936507793815593,0.49815344721713395,0.005206041969358921
msd,100,50,35,1005158,0.5,nan,0.01,0.0,1.0,uniform,True,0.005687729580844458,0.004568182153659339,0.005687729580844458,0.4978572618818076,0.49890155988477364,0.005031874869018793
msd,100,50,36,1005159,0.5,nan,0.01,0.0,1.0,uniform,True,0.005370409792996966,0.005123903177187028,0.005370409792996966,0.49931093179216945,0.4990822415085362,0.005068291909992695
msd,100,50,37,1005160,0.5,nan,0.01,0.0,1.0,uniform,True,0.006205824386027237,0.006205824386027237,0.005807130963430884,0.49828504816080765,0.4989878856316692,0.004597249906510115
msd,100,50,38,1005161,0.5,nan,0.01,0.0,1.0,uniform,True,0.004701318679835864,0.003731386446428453,0.004701318679835864,0.4990460725328748,0.49879308124835714,0.004871000070124865
msd,100,50,39,1005162,0.5,nan,0.01,0.0,1.0,uniform,True,0.005587237849537963,0.005587237849537963,0.005291942532392291,0.49926389213467126,0.4999209074896853,0.004360332619398832
msd,100,50,40,1005163,0.5,nan,0.01,0.0,1.0,uniform,True,0.005556511269884323,0.003644384097502007,0.005556511269884323,0.49922820765862985,0.4985855466842857,0.004312874749302864
msd,100,50,41,1005164,0.5,nan,0.01,0.0,1.0,uniform,True,0.005503559467981034,0.0041662889132516034,0.005503559467981034,0.4994779104879488,0.49801248822744343,0.0047478750348091125
msd,100,50,42,1005165,0.5,nan,0.01,0.0,1.0,uniform,True,0.005698449202917399,0.004890244081745654,0.005698449202917399,0.4976109035358788,0.4997203140636144,0.004692250397056341
msd,100,50,43,1005166,0.5,nan,0.01,0.0,1.0,uniform,True,0.005422597037466448,0.004502769002530327,0.005422597037466448,0.5000206548576513,0.49862142815163907,0.004387208726257086
msd,100,50,44,1005167,0.5,nan,0.01,0.0,1.0,uniform,True,0.005733885447106402,0.005733885447106402,0.005385493750101222,0.49860023280578214,0.49840465467538453,0.004313250072300434
msd,100,50,45,1005168,0.5,nan,0.01,0.0,1.0,uniform,True,0.007010340337004706,0.004400684441295044,0.007010340337004706,0.49955204939850395,0.49843027712320703,0.00429933425039053
msd,100,50,46,1005169,0.5,nan,0.01,0.0,1.0,uniform,True,0.005666240010825774,0.005666240010825774,0.005504355909093317,0.49867438935935055,0.4989291560698193,0.004125374834984541
msd,100,50,47,1005170,0.5,nan,0.01,0.0,1.0,uniform,True,0.004262238352057579,0.004262238352057579,0.0042126552066173995,0.49817213581569947,0.4982639416352539,0.004496541805565357
msd,100,50,48,1005171,0.5,nan,0.01,0.0,1.0,uniform,True,0.005500053591892984,0.005226174571041964,0.005500053591892984,0.49792419504898827,0.49918858037989544,0.004244584124535322
msd,100,50,49,1005172,0.5,nan,0.01,0.0,1.0,uniform,True,0.006652773794637357,0.005355104604394756,0.006652773794637357,0.49761373817912274,0.4989302609625277,0.004183124750852585
msd,100,50,50,1005173,0.5,nan,0.01,0.0,1.0,uniform,True,0.005549349913883672,0.005549349913883672,0.005157042127448441,0.49918531233834584,0.4981103956497363,0.004137833137065172
msd,100,50,51,1005174,0.5,nan,0.01,0.0,1.0,uniform,True,0.004315059762281803,0.004315059762281803,0.0036783260211639135,0.49936389654688157,0.49813911801802335,0.00452887499704957
msd,100,50,52,1005175,0.5,nan,0.01,0.0,1.0,uniform,True,0.0043457631024717,0.004175892800522107,0.0043457631024717,0.49906869573500867,0.49886231524832647,0.0044141667895019054
msd,100,50,53,1005176,0.5,nan,0.01,0.0,1.0,uniform,True,0.006008787907928692,0.006008787907928692,0.0055701964630799905,0.4986489021488433,0.49827593837388096,0.004384417086839676
msd,100,50,54,1005177,0.5,nan,0.01,0.0,1.0,uniform,True,0.00940153980703573,0.00940153980703573,0.004080181456195542,0.49930752689845115,0.4981298263517692,0.0044923326931893826
msd,100,50,55,1005178,0.5,nan,0.01,0.0,1.0,uniform,True,0.006298333956431035,0.005726599259303078,0.006298333956431035,0.49936630855937303,0.4982334082773587,0.004411250352859497
msd,100,50,56,1005179,0.5,nan,0.01,0.0,1.0,uniform,True,0.006170332677689794,0.004551690700459077,0.006170332677689794,0.4978469956636919,0.4996548145661313,0.004626666195690632
msd,100,50,57,1005180,0.5,nan,0.01,0.0,1.0,uniform,True,0.005289907031408414,0.005289907031408414,0.003719383883955818,0.5002359735756661,0.49918419959373855,0.004693875089287758
msd,100,50,58,1005181,0.5,nan,0.01,0.0,1.0,uniform,True,0.0048870828724242865,0.0048870828724242865,0.004036747419279396,0.49966154871864193,0.4992118076704086,0.004744083154946566
msd,100,50,59,1005182,0.5,nan,0.01,0.0,1.0,uniform,True,0.005414562170889592,0.005414562170889592,0.004943470675374262,0.498565952483731,0.4987767069504382,0.004583084024488926
msd,100,50,60,1005183,0.5,nan,0.01,0.0,1.0,uniform,True,0.006314298723453571,0.006314298723453571,0.005187553334168427,0.498669847355923,0.4983065136122893,0.004777832888066769
msd,100,50,61,1005184,0.5,nan,0.01,0.0,1.0,uniform,True,0.005643982688423699,0.005280433753821423,0.005643982688423699,0.49978555468948455,0.49726315116154773,0.0043483334593474865
msd,100,50,62,1005185,0.5,nan,0.01,0.0,1.0,uniform,True,0.004527009102428536,0.004527009102428536,0.004225777788484986,0.4986986164741922,0.4990425931236738,0.004932959098368883
msd,100,50,63,1005186,0.5,nan,0.01,0.0,1.0,uniform,True,0.005923870356491445,0.005923870356491445,0.005024838083360128,0.4973433275542143,0.49837035279443315,0.004736499860882759
msd,100,50,64,1005187,0.5,nan,0.01,0.0,1.0,uniform,True,0.00569672411352018,0.00569672411352018,0.0042106893890468955,0.49927789888202534,0.49954027581088145,0.004934042226523161
msd,100,50,65,1005188,0.5,nan,0.01,0.0,1.0,uniform,True,0.006619798387461129,0.0049481908438580025,0.006619798387461129,0.49892189236502427,0.4979042525426785,0.004604208283126354
msd,100,50,66,1005189,0.5,nan,0.01,0.0,1.0,uniform,True,0.005931249693460983,0.005931249693460983,0.005507622637050902,0.49863657268446854,0.49898633047505675,0.005152832716703415
msd,100,50,67,1005190,0.5,nan,0.01,0.0,1.0,uniform,True,0.006888761920682274,0.006888761920682274,0.004989715147581786,0.4995709060293712,0.4979188568976152,0.005005375016480684
msd,100,50,68,1005191,0.5,nan,0.01,0.0,1.0,uniform,True,0.006062393653889664,0.006062393653889664,0.004546374316106716,0.49914308964993964,0.49839178760092573,0.004753207787871361
msd,100,50,69,1005192,0.5,nan,0.01,0.0,1.0,uniform,True,0.00495484696511278,0.004533088720772682,0.00495484696511278,0.4982572167853124,0.49863044744344037,0.0047471667639911175
msd,100,50,70,1005193,0.5,nan,0.01,0.0,1.0,uniform,True,0.005030885129101714,0.005030885129101714,0.00464845300772615,0.4982056019416747,0.4993158501840143,0.0050280410796403885
msd,100,50,71,1005194,0.5,nan,0.01,0.0,1.0,uniform,True,0.005036997263702325,0.005036997263702325,0.0049797685373603184,0.4983760601949274,0.4994746065434142,0.004924457985907793
msd,100,50,72,1005195,0.5,nan,0.01,0.0,1.0,uniform,True,0.005030713922099694,0.004612289313596474,0.005030713922099694,0.4985874695448358,0.49966571288234335,0.00459308410063386
msd,100,50,73,1005196,0.5,nan,0.01,0.0,1.0,uniform,True,0.005810333994566763,0.0043121197535432865,0.005810333994566763,0.49947128517690964,0.4979545540522169,0.0045951250940561295
msd,100,50,74,1005197,0.5,nan,0.01,0.0,1.0,uniform,True,0.006349922414572162,0.006349922414572162,0.004315247165456282,0.49810168550451656,0.49914042556307336,0.005175958853214979
msd,100,50,75,1005198,0.5,nan,0.01,0.0,1.0,uniform,True,0.006663195569355962,0.006663195569355962,0.005993592127235936,0.4999914627804331,0.4981525926042728,0.0047388747334480286
msd,100,50,76,1005199,0.5,nan,0.01,0.0,1.0,uniform,True,0.005487278259176054,0.00427909313484387,0.005487278259176054,0.4988338875657998,0.4991173568678895,0.004843082744628191
msd,100,50,77,1005200,0.5,nan,0.01,0.0,1.0,uniform,True,0.004826952901350101,0.004330417379100837,0.004826952901350101,0.4985994125173168,0.4983687238652143,0.004985250066965818
msd,100,50,78,1005201,0.5,nan,0.01,0.0,1.0,uniform,True,0.006972819289769505,0.006972819289769505,0.0036159865939762725,0.4981802952278654,0.4998533043416556,0.004755124915391207
msd,100,50,79,1005202,0.5,nan,0.01,0.0,1.0,uniform,True,0.004373258101690869,0.004373258101690869,0.003276259224662903,0.5001602754947309,0.49816247935787383,0.004742375109344721
msd,100,50,80,1005203,0.5,nan,0.01,0.0,1.0,uniform,True,0.005245629930617279,0.005005958889520157,0.005245629930617279,0.4982038569373394,0.4986769783874331,0.004328500013798475
msd,100,50,81,1005204,0.5,nan,0.01,0.0,1.0,uniform,True,0.007335413745616026,0.004456364768844645,0.007335413745616026,0.49803505610563154,0.4986798671337334,0.00433299969881773
msd,100,50,82,1005205,0.5,nan,0.01,0.0,1.0,uniform,True,0.005130279635940205,0.005130279635940205,0.003787008431422101,0.49890825487820606,0.4984695548629615,0.004496291745454073
msd,100,50,83,1005206,0.5,nan,0.01,0.0,1.0,uniform,True,0.007005859510456347,0.004916483677038452,0.007005859510456347,0.49902894658305086,0.49934622977183046,0.004168207757174969
msd,100,50,84,1005207,0.5,nan,0.01,0.0,1.0,uniform,True,0.0053744459265281375,0.005102836479134287,0.0053744459265281375,0.49856710200745885,0.4992856085187154,0.004446290899068117
msd,100,50,85,1005208,0.5,nan,0.01,0.0,1.0,uniform,True,0.00572902419472382,0.00572902419472382,0.004801126818309409,0.4988796600903697,0.49895584476514004,0.004566249903291464
msd,100,50,86,1005209,0.5,nan,0.01,0.0,1.0,uniform,True,0.004852602045604559,0.0037542597114718634,0.004852602045604559,0.49884255221227886,0.49948308990219337,0.0045822081156075
msd,100,50,87,1005210,0.5,nan,0.01,0.0,1.0,uniform,True,0.005456252231910819,0.0046749712139320665,0.005456252231910819,0.498501443157155,0.5002811507198063,0.004402958322316408
msd,100,50,88,1005211,0.5,nan,0.01,0.0,1.0,uniform,True,0.00660365298225063,0.00660365298225063,0.006327746615650054,0.4988291441400857,0.4986384753583999,0.0041943746618926525
msd,100,50,89,1005212,0.5,nan,0.01,0.0,1.0,uniform,True,0.006145969316284694,0.004485652088813796,0.006145969316284694,0.4986012660028969,0.49865544018922875,0.004280374851077795
msd,100,50,90,1005213,0.5,nan,0.01,0.0,1.0,uniform,True,0.004990454455572557,0.0031360897585525627,0.004990454455572557,0.49859225433921167,0.4998258106233239,0.004512375220656395
msd,100,50,91,1005214,0.5,nan,0.01,0.0,1.0,uniform,True,0.005638503038968401,0.005029412471254768,0.005638503038968401,0.49894559567616814,0.5000643042083157,0.004416666924953461
msd,100,50,92,1005215,0.5,nan,0.01,0.0,1.0,uniform,True,0.004763600545328539,0.004763600545328539,0.003966619445775255,0.49914613321150936,0.49789095809479644,0.004437332972884178
msd,100,50,93,1005216,0.5,nan,0.01,0.0,1.0,uniform,True,0.00552951016158959,0.00552951016158959,0.0045288556616184805,0.49950875126487676,0.4991503617350804,0.0043792081996798515
msd,100,50,94,1005217,0.5,nan,0.01,0.0,1.0,uniform,True,0.005834393374782643,0.0049577869875161995,0.005834393374782643,0.4984748535922214,0.49870085648379625,0.00428604194894433
msd,100,50,95,1005218,0.5,nan,0.01,0.0,1.0,uniform,True,0.005373361719211045,0.005373361719211045,0.004485475026482111,0.49896267171817693,0.4983638114220277,0.004444292280822992
msd,100,50,96,1005219,0.5,nan,0.01,0.0,1.0,uniform,True,0.008076106021433216,0.008076106021433216,0.00473287672598488,0.49873654682973806,0.49899587141557,0.004247333388775587
msd,100,50,97,1005220,0.5,nan,0.01,0.0,1.0,uniform,True,0.004043013593228395,0.004043013593228395,0.0038645120448683734,0.49915831762699486,0.49861975534452585,0.00449629221111536
msd,100,50,98,1005221,0.5,nan,0.01,0.0,1.0,uniform,True,0.005682121581582766,0.005064133671819515,0.005682121581582766,0.4995201419446586,0.4985541645582987,0.004233083222061396
msd,100,50,99,1005222,0.5,nan,0.01,0.0,1.0,uniform,True,0.006732354414164976,0.006732354414164976,0.00590499523746274,0.49908031911402684,0.4980826501337184,0.00421574991196394
msd,250,5,0,2500623,0.5,nan,0.01,0.0,1.0,uniform,True,0.002270178081568097,0.0006911063690148711,0.002270178081568097,0.4900412287269741,0.4859936902651053,0.004789167083799839
msd,250,5,1,2500624,0.5,nan,0.01,0.0,1.0,uniform,True,0.00495488332694044,0.002349334780100798,0.00495488332694044,0.48555583770059285,0.48924420923459044,0.004599541891366243
msd,250,5,2,2500625,0.5,nan,0.01,0.0,1.0,uniform,True,0.0009737306277803337,0.0009737306277803337,0.0008307247701667686,0.48716188973926244,0.48580649235890716,0.004722249694168568
msd,250,5,3,2500626,0.5,nan,0.01,0.0,1.0,uniform,True,0.005512046753924249,0.001302074214807436,0.005512046753924249,0.4818461422436043,0.48448640567656487,0.004308000206947327
msd,250,5,4,2500627,0.5,nan,0.01,0.0,1.0,uniform,True,0.002603503890651948,0.002603503890651948,0.0021108623742960297,0.49129593552272316,0.4861068674825799,0.004385957960039377
msd,250,5,5,2500628,0.5,nan,0.01,0.0,1.0,uniform,True,0.003281659180304708,0.003281659180304708,0.0009278253599104835,0.4974383473794293,0.4944690813908732,0.004511374980211258
msd,250,5,6,2500629,0.5,nan,0.01,0.0,1.0,uniform,True,0.003128103790925263,0.003128103790925263,0.002983075551676262,0.486747649005341,0.48748007073746813,0.004270415753126144
msd,250,5,7,2500630,0.5,nan,0.01,0.0,1.0,uniform,True,0.0034068351458597657,0.0034068351458597657,0.0009294418993810449,0.4891350726286196,0.4940423360490053,0.004433957859873772
msd,250,5,8,2500631,0.5,nan,0.01,0.0,1.0,uniform,True,0.005386573005076056,0.001039143587382163,0.005386573005076056,0.48890944862736135,0.4836663384206994,0.004348417278379202
msd,250,5,9,2500632,0.5,nan,0.01,0.0,1.0,uniform,True,0.004565534482622868,0.0007544120441114743,0.004565534482622868,0.4866028935138991,0.49055521529485663,0.004214499611407518
msd,250,5,10,2500633,0.5,nan,0.01,0.0,1.0,uniform,True,0.0044630468389939,0.0044630468389939,0.002849111703305096,0.4907224437741368,0.48641617420532846,0.004217542242258787
msd,250,5,11,2500634,0.5,nan,0.01,0.0,1.0,uniform,True,0.00586771699966937,0.00586771699966937,0.0030422612030944762,0.4816487263967127,0.48992554402399596,0.0041959998197853565
msd,250,5,12,2500635,0.5,nan,0.01,0.0,1.0,uniform,True,0.0031288648476562875,0.0031288648476562875,0.0015427517572967342,0.4850211194088593,0.48595359333830823,0.004383792169392109
msd,250,5,13,2500636,0.5,nan,0.01,0.0,1.0,uniform,True,0.001623378671107678,0.0011863721401531024,0.001623378671107678,0.49176876893602145,0.48555669918368094,0.00462291669100523
msd,250,5,14,2500637,0.5,nan,0.01,0.0,1.0,uniform,True,0.0069853269046424304,0.0005068599896477233,0.0069853269046424304,0.4902328450862014,0.4905314377404691,0.02041708305478096
msd,250,5,15,2500638,0.5,nan,0.01,0.0,1.0,uniform,True,0.004355443218380051,0.0007597900926138434,0.004355443218380051,0.4863559958965728,0.48563928359262065,0.016410583164542913
msd,250,5,16,2500639,0.5,nan,0.01,0.0,1.0,uniform,True,0.005247966551142791,0.002366306732195511,0.005247966551142791,0.48992517894490134,0.4852276834226233,0.0051423329859972
msd,250,5,17,2500640,0.5,nan,0.01,0.0,1.0,uniform,True,0.0025456087245215864,0.0014031416756454251,0.0025456087245215864,0.4868814677257175,0.48564206161913787,0.004616416059434414
msd,250,5,18,2500641,0.5,nan,0.01,0.0,1.0,uniform,True,0.005153159310382571,0.0005366417453563366,0.005153159310382571,0.48686499418212403,0.48809539591374196,0.005387833807617426
msd,250,5,19,2500642,0.5,nan,0.01,0.0,1.0,uniform,True,0.0029306795454530077,0.0011802633972231025,0.0029306795454530077,0.4872400578264169,0.48662299370100487,0.005663665942847729
msd,250,5,20,2500643,0.5,nan,0.01,0.0,1.0,uniform,True,0.0064098499286611155,0.0021227255210876095,0.0064098499286611155,0.48546516545329,0.488957666191774,0.007190666161477566
msd,250,5,21,2500644,0.5,nan,0.01,0.0,1.0,uniform,True,0.004578138000427279,0.004578138000427279,0.001965969989803862,0.4858775813461919,0.4845412877863223,0.009872124996036291
msd,250,5,22,2500645,0.5,nan,0.01,0.0,1.0,uniform,True,0.002048526406435991,0.0003994676342931047,0.002048526406435991,0.49175095534809343,0.4889981859427302,0.00657466659322381
msd,250,5,23,2500646,0.5,nan,0.01,0.0,1.0,uniform,True,0.001831303942403495,0.001500311112271946,0.001831303942403495,0.493591662655916,0.49243414411458575,0.008555916137993336
msd,250,5,24,2500647,0.5,nan,0.01,0.0,1.0,uniform,True,0.0009968802371278507,0.0009968802371278507,0.0005261554371705501,0.4827449895934049,0.4885146598583564,0.006751916836947203
msd,250,5,25,2500648,0.5,nan,0.01,0.0,1.0,uniform,True,0.0026542458178522854,0.0026542458178522854,0.001392443117331943,0.4890630754764742,0.4864685908845917,0.00554383359849453
msd,250,5,26,2500649,0.5,nan,0.01,0.0,1.0,uniform,True,0.0039983004572111125,0.002880272976115539,0.0039983004572111125,0.4895923080648647,0.49042315702507905,0.0048413751646876335
msd,250,5,27,2500650,0.5,nan,0.01,0.0,1.0,uniform,True,0.008126377272274499,0.008126377272274499,0.006149468199037611,0.4887699393607749,0.4938530270114936,0.00502620916813612
msd,250,5,28,2500651,0.5,nan,0.01,0.0,1.0,uniform,True,0.003331897650735105,0.003331897650735105,0.0032268828044933473,0.48767963206754006,0.4834454063088262,0.006254707928746939
msd,250,5,29,2500652,0.5,nan,0.01,0.0,1.0,uniform,False,0.010132494328863206,0.010132494328863206,0.004935167427664089,0.4905128383050583,0.48953735163286166,0.005123041104525328
msd,250,5,30,2500653,0.5,nan,0.01,0.0,1.0,uniform,True,0.0030429031813251073,0.00164639998700844,0.0030429031813251073,0.4835336967011644,0.4864773496446743,0.005226625129580498
msd,250,5,31,2500654,0.5,nan,0.01,0.0,1.0,uniform,True,0.0009193738889865521,0.0009193738889865521,0.0004096312917577505,0.48499254777508766,0.48884450357111764,0.021453042048960924
msd,250,5,32,2500655,0.5,nan,0.01,0.0,1.0,uniform,True,0.0023184192430572015,0.0023184192430572015,0.00043140088093668316,0.48957133531836045,0.46974592769563706,0.014318542089313269
msd,250,5,33,2500656,0.5,nan,0.01,0.0,1.0,uniform,True,0.0034862586108933558,0.0034862586108933558,0.00041055042023485644,0.48935945628753075,0.486043692961164,0.010285499971359968
msd,250,5,34,2500657,0.5,nan,0.01,0.0,1.0,uniform,True,0.003709537277635011,0.0026222745979090356,0.003709537277635011,0.484406139184997,0.48761304942726463,0.01062733307480812
msd,250,5,35,2500658,0.5,nan,0.01,0.0,1.0,uniform,True,0.004475626954465017,0.0016151024338511566,0.004475626954465017,0.49037293824534517,0.4903689926215449,0.0061349160969257355
msd,250,5,36,2500659,0.5,nan,0.01,0.0,1.0,uniform,True,0.003697715501755461,0.001890434315684919,0.003697715501755461,0.49100357647465465,0.4923705681516217,0.005610915832221508
msd,250,5,37,2500660,0.5,nan,0.01,0.0,1.0,uniform,True,0.0029579321519938584,0.0002994867102722454,0.0029579321519938584,0.49012261585683137,0.48710110116980254,0.006278875283896923
msd,250,5,38,2500661,0.5,nan,0.01,0.0,1.0,uniform,True,0.0009802081386248718,0.0009802081386248718,0.0006589808659728802,0.49001415444881014,0.48567546645649057,0.006038083229213953
msd,250,5,39,2500662,0.5,nan,0.01,0.0,1.0,uniform,True,0.002687974205316357,0.0015543846980529685,0.002687974205316357,0.4905076844999903,0.4926327004759833,0.004753166809678078
msd,250,5,40,2500663,0.5,nan,0.01,0.0,1.0,uniform,True,0.00410219251565791,0.00410219251565791,0.003277969944239123,0.4850152938156192,0.48785089553677574,0.0047705830074846745
msd,250,5,41,2500664,0.5,nan,0.01,0.0,1.0,uniform,True,0.0032841970859520675,0.0032841970859520675,0.000649883316845068,0.48702431278741676,0.4847960156077425,0.005189291201531887
msd,250,5,42,2500665,0.5,nan,0.01,0.0,1.0,uniform,True,0.001853589724563065,0.0006735440732035247,0.001853589724563065,0.49117378190204825,0.4852564575100646,0.005194500088691711
msd,250,5,43,2500666,0.5,nan,0.01,0.0,1.0,uniform,True,0.004254126050730056,0.002990314794932003,0.004254126050730056,0.48779442910970683,0.48503278098293284,0.005470625124871731
msd,250,5,44,2500667,0.5,nan,0.01,0.0,1.0,uniform,True,0.0011899308819608434,0.0008486478851405521,0.0011899308819608434,0.4932965073797596,0.48529769428197167,0.005418417043983936
msd,250,5,45,2500668,0.5,nan,0.01,0.0,1.0,uniform,True,0.00155214266921605,0.0011624118083500834,0.00155214266921605,0.49371589221557255,0.4919193942950564,0.005089042242616415
msd,250,5,46,2500669,0.5,nan,0.01,0.0,1.0,uniform,True,0.0037759155138584743,0.002848340286686235,0.0037759155138584743,0.48897328233741133,0.48621260751827694,0.005036875139921904
msd,250,5,47,2500670,0.5,nan,0.01,0.0,1.0,uniform,True,0.0026990994939974366,0.002171692913983392,0.0026990994939974366,0.49270576280305195,0.48434109370762807,0.0046774582006037235
msd,250,5,48,2500671,0.5,nan,0.01,0.0,1.0,uniform,True,0.0022455851335120847,0.0022455851335120847,0.0010859305612149761,0.49357651247024986,0.48912393577318725,0.004423417150974274
msd,250,5,49,2500672,0.5,nan,0.01,0.0,1.0,uniform,True,0.0016385385523369211,0.0002792605180098051,0.0016385385523369211,0.48553802831099757,0.48619021234795523,0.004985916893929243
msd,250,5,50,2500673,0.5,nan,0.01,0.0,1.0,uniform,True,0.0022334720762808846,0.0022334720762808846,0.0016324926291054198,0.49135973916274883,0.48820020131452113,0.004614999983459711
msd,250,5,51,2500674,0.5,nan,0.01,0.0,1.0,uniform,True,0.0006654653247302189,0.0006654653247302189,0.00015429401736993809,0.4893004938391811,0.4906585520010236,0.005623083095997572
msd,250,5,52,2500675,0.5,nan,0.01,0.0,1.0,uniform,True,0.003542789985284789,0.003542789985284789,0.0018144067974830147,0.4873614877747726,0.4945769472588576,0.004678833298385143
msd,250,5,53,2500676,0.5,nan,0.01,0.0,1.0,uniform,True,0.005924918350574293,0.005924918350574293,0.0012861518966632568,0.4787613910151634,0.48230547056715456,0.004655791912227869
msd,250,5,54,2500677,0.5,nan,0.01,0.0,1.0,uniform,True,0.005615559575411211,0.005099705115470421,0.005615559575411211,0.49230160459356254,0.4898351113424028,0.004990791901946068
msd,250,5,55,2500678,0.5,nan,0.01,0.0,1.0,uniform,True,0.002336681960233178,0.0015658444978773889,0.002336681960233178,0.49132444889606336,0.48546807625642135,0.004811999853700399
msd,250,5,56,2500679,0.5,nan,0.01,0.0,1.0,uniform,True,0.0018437614158490212,0.0018437614158490212,0.00010989730627525285,0.4843943519139345,0.48860506732358355,0.00450012506917119
msd,250,5,57,2500680,0.5,nan,0.01,0.0,1.0,uniform,True,0.004023389971674007,0.000273256775459807,0.004023389971674007,0.49390461496583116,0.4879477050202058,0.004480875097215176
msd,250,5,58,2500681,0.5,nan,0.01,0.0,1.0,uniform,True,0.0035839866229771533,0.0020385367414003652,0.0035839866229771533,0.48902099870585203,0.4875096399268376,0.004876249935477972
msd,250,5,59,2500682,0.5,nan,0.01,0.0,1.0,uniform,True,0.0029108963964259993,0.0018667281721113094,0.0029108963964259993,0.4885550154444121,0.4929418756170013,0.004313209094107151
msd,250,5,60,2500683,0.5,nan,0.01,0.0,1.0,uniform,True,0.005519219958256882,0.005519219958256882,0.0018027820405609463,0.4902740775247993,0.49046768270619806,0.004825250245630741
msd,250,5,61,2500684,0.5,nan,0.01,0.0,1.0,uniform,True,0.0014128655949632862,0.0014128655949632862,0.0007025804190567975,0.489285785386251,0.49002546749778814,0.005101625341922045
msd,250,5,62,2500685,0.5,nan,0.01,0.0,1.0,uniform,True,0.0016080641648373861,0.0016080641648373861,0.0008251054484015308,0.4854132222593814,0.48839127095122487,0.004639499820768833
msd,250,5,63,2500686,0.5,nan,0.01,0.0,1.0,uniform,True,0.005123620211218982,0.0011949125177554976,0.005123620211218982,0.484945735772923,0.4923896730132632,0.005119000095874071
msd,250,5,64,2500687,0.5,nan,0.01,0.0,1.0,uniform,True,0.003369275495672508,0.0006295240052167639,0.003369275495672508,0.49017097930322484,0.48567464432828744,0.0048110829666256905
msd,250,5,65,2500688,0.5,nan,0.01,0.0,1.0,uniform,True,0.003775830019703663,0.0019027599533943396,0.003775830019703663,0.4846914320679582,0.48656191216315525,0.004779582843184471
msd,250,5,66,2500689,0.5,nan,0.01,0.0,1.0,uniform,True,0.004107945619393649,0.004107945619393649,0.00252903245200109,0.48941225549505724,0.4869435170538325,0.004685583058744669
msd,250,5,67,2500690,0.5,nan,0.01,0.0,1.0,uniform,True,0.004054461780978236,0.0014134623419758685,0.004054461780978236,0.48579256509424246,0.49199402285008803,0.00449129194021225
msd,250,5,68,2500691,0.5,nan,0.01,0.0,1.0,uniform,True,0.003514247520206404,0.003424730552286648,0.003514247520206404,0.4861448287505587,0.4838537085141851,0.004694749601185322
msd,250,5,69,2500692,0.5,nan,0.01,0.0,1.0,uniform,True,0.004088618603562688,0.0012330745865118953,0.004088618603562688,0.491167840957235,0.4836242078380971,0.005021790973842144
msd,250,5,70,2500693,0.5,nan,0.01,0.0,1.0,uniform,True,0.00342391750967469,0.0006915980273515809,0.00342391750967469,0.48645895882667045,0.4897680624334685,0.004879791289567947
msd,250,5,71,2500694,0.5,nan,0.01,0.0,1.0,uniform,False,0.012477591153302603,0.012477591153302603,0.00041273094881205674,0.4812656962218346,0.4901991347551744,0.005049709230661392
msd,250,5,72,2500695,0.5,nan,0.01,0.0,1.0,uniform,True,0.0012845879939052396,0.0012845879939052396,0.00015281929040533715,0.49345471270714336,0.48874039327610175,0.006723625119775534
msd,250,5,73,2500696,0.5,nan,0.01,0.0,1.0,uniform,True,0.004512419217419739,0.00442340578537892,0.004512419217419739,0.48261277538696695,0.4904207989987253,0.004640582948923111
msd,250,5,74,2500697,0.5,nan,0.01,0.0,1.0,uniform,True,0.0047501046611778674,0.0024715471967064473,0.0047501046611778674,0.48993366835019797,0.49556421456591904,0.005334541667252779
msd,250,5,75,2500698,0.5,nan,0.01,0.0,1.0,uniform,True,0.004365053891262016,0.004365053891262016,0.0010775805064579536,0.4883625723598127,0.49293136503457236,0.005221083294600248
msd,250,5,76,2500699,0.5,nan,0.01,0.0,1.0,uniform,True,0.0022182926687847604,0.0015548449382197238,0.0022182926687847604,0.4943855639418488,0.4862596848831826,0.0046941665932536125
msd,250,5,77,2500700,0.5,nan,0.01,0.0,1.0,uniform,True,0.002443729451355514,0.002443729451355514,0.0009129711194287848,0.49214608712916547,0.4852499925016643,0.005681624636054039
msd,250,5,78,2500701,0.5,nan,0.01,0.0,1.0,uniform,True,0.0034169739451986314,0.001397333572156656,0.0034169739451986314,0.48140191192854154,0.4915934595910399,0.0050964998081326485
msd,250,5,79,2500702,0.5,nan,0.01,0.0,1.0,uniform,True,0.004357217104887456,0.004357217104887456,0.0022526492893046313,0.48630112040481005,0.48760621962762885,0.0052148341201245785
msd,250,5,80,2500703,0.5,nan,0.01,0.0,1.0,uniform,True,0.0033360108834378788,0.002585618982482052,0.0033360108834378788,0.4942856147472209,0.490728936304387,0.005319166928529739
msd,250,5,81,2500704,0.5,nan,0.01,0.0,1.0,uniform,True,0.007378208875153003,0.007378208875153003,0.0019919886694631517,0.48597938416572845,0.48900292900118325,0.004899249877780676
msd,250,5,82,2500705,0.5,nan,0.01,0.0,1.0,uniform,True,0.0021080700466519775,0.0007761687318655897,0.0021080700466519775,0.4922551205102623,0.4932060404175283,0.00519116735085845
msd,250,5,83,2500706,0.5,nan,0.01,0.0,1.0,uniform,True,0.0031085840574122114,0.000733835092653734,0.0031085840574122114,0.4950380777351558,0.4887882729736064,0.005066040903329849
msd,250,5,84,2500707,0.5,nan,0.01,0.0,1.0,uniform,True,0.0027886771493916274,0.0011662325789008054,0.0027886771493916274,0.484966609018744,0.4832666480569697,0.004636208061128855
msd,250,5,85,2500708,0.5,nan,0.01,0.0,1.0,uniform,True,0.002812737280487254,0.0025594262993661743,0.002812737280487254,0.4866711535428018,0.48819454109083216,0.004929416347295046
msd,250,5,86,2500709,0.5,nan,0.01,0.0,1.0,uniform,True,0.0028423887892463084,0.0028423887892463084,0.0020511237235575352,0.4939823023550776,0.49057481036880163,0.004782750271260738
msd,250,5,87,2500710,0.5,nan,0.01,0.0,1.0,uniform,True,0.0022400720426347664,0.0006038897735111681,0.0022400720426347664,0.49285001994452055,0.4883271218156763,0.004778957925736904
msd,250,5,88,2500711,0.5,nan,0.01,0.0,1.0,uniform,True,0.003889481382310933,0.003889481382310933,0.0012894398473195512,0.48981827601272077,0.4843642701027047,0.004967084154486656
msd,250,5,89,2500712,0.5,nan,0.01,0.0,1.0,uniform,True,0.003187679314273717,0.00047387956665528863,0.003187679314273717,0.49224057765760304,0.48439344559079195,0.004682208877056837
msd,250,5,90,2500713,0.5,nan,0.01,0.0,1.0,uniform,True,0.0044267669483522565,0.0044267669483522565,0.0024677828363831034,0.4916730547859093,0.48911934388863176,0.004685332998633385
msd,250,5,91,2500714,0.5,nan,0.01,0.0,1.0,uniform,True,0.003034834583826973,0.003034834583826973,0.0006194963177376112,0.49085254479175106,0.492752575923357,0.0050953752361238
msd,250,5,92,2500715,0.5,nan,0.01,0.0,1.0,uniform,True,0.006318188170901962,0.006318188170901962,0.0044060795931362695,0.4840723915803724,0.4910544669860694,0.004497000016272068
msd,250,5,93,2500716,0.5,nan,0.01,0.0,1.0,uniform,True,0.004293391660344648,0.004293391660344648,0.000777066504050461,0.4904888893486153,0.48747669099938923,0.004908749833703041
msd,250,5,94,2500717,0.5,nan,0.01,0.0,1.0,uniform,True,0.0024878866407305744,0.0015693533997421794,0.0024878866407305744,0.48478870027386495,0.49015403902572874,0.004796540830284357
msd,250,5,95,2500718,0.5,nan,0.01,0.0,1.0,uniform,True,0.004008499911072383,0.004008499911072383,0.0010904639467762545,0.4885526169351998,0.48822417002458873,0.004519499838352203
msd,250,5,96,2500719,0.5,nan,0.01,0.0,1.0,uniform,True,0.004774047593145259,0.003936810709211147,0.004774047593145259,0.487620951020489,0.4838532891339115,0.004926374647766352
msd,250,5,97,2500720,0.5,nan,0.01,0.0,1.0,uniform,True,0.002927851954290739,0.002927851954290739,0.0012808861933396587,0.4917865862135449,0.49063423675426004,0.005272124893963337
msd,250,5,98,2500721,0.5,nan,0.01,0.0,1.0,uniform,True,0.004302706675825996,0.0028397701897075467,0.004302706675825996,0.48473473033425707,0.48542982716188043,0.004668875131756067
msd,250,5,99,2500722,0.5,nan,0.01,0.0,1.0,uniform,True,0.00748304920548204,0.00748304920548204,0.0003700690629890868,0.48642450312315555,0.4924438534535646,0.0045630838721990585
msd,250,10,0,2501123,0.5,nan,0.01,0.0,1.0,uniform,True,0.002891399994205679,0.002891399994205679,0.002533801494660537,0.49315910131720997,0.49149956792102684,0.005912624765187502
msd,250,10,1,2501124,0.5,nan,0.01,0.0,1.0,uniform,True,0.0024310184920834366,0.0018080967092226063,0.0024310184920834366,0.4916194648126769,0.49384198531374307,0.005930041894316673
msd,250,10,2,2501125,0.5,nan,0.01,0.0,1.0,uniform,True,0.004604727696827293,0.004604727696827293,0.0028221698951381158,0.49279286569621183,0.4976711672976429,0.005997334141284227
msd,250,10,3,2501126,0.5,nan,0.01,0.0,1.0,uniform,True,0.002550640203015875,0.002550640203015875,0.0017135584505658663,0.4994458323814801,0.49188287311887824,0.005803165957331657
msd,250,10,4,2501127,0.5,nan,0.01,0.0,1.0,uniform,True,0.0048231949305175825,0.003218679911344502,0.0048231949305175825,0.49811223291049567,0.4943027416030162,0.005574209149926901
msd,250,10,5,2501128,0.5,nan,0.01,0.0,1.0,uniform,True,0.005071941227321963,0.0011017223638364326,0.005071941227321963,0.4962241582027567,0.4940495907327861,0.006045958027243614
msd,250,10,6,2501129,0.5,nan,0.01,0.0,1.0,uniform,True,0.004116537299591827,0.004116537299591827,0.0022534045161814453,0.49087317416485005,0.4943564929056651,0.005342333111912012
msd,250,10,7,2501130,0.5,nan,0.01,0.0,1.0,uniform,True,0.002430039714479082,0.002430039714479082,0.0021373159286338095,0.49400583066271314,0.4941976423990985,0.005743042100220919
msd,250,10,8,2501131,0.5,nan,0.01,0.0,1.0,uniform,True,0.0026963818296809605,0.0026963818296809605,0.0006385529510206656,0.4929432816078519,0.4902567422222394,0.005843583028763533
msd,250,10,9,2501132,0.5,nan,0.01,0.0,1.0,uniform,True,0.004067685235646323,0.004067685235646323,0.0032941686864311204,0.4948520495439716,0.49617857114585706,0.005421916954219341
msd,250,10,10,2501133,0.5,nan,0.01,0.0,1.0,uniform,True,0.004209475937989426,0.004209475937989426,0.003373243609042287,0.4949253262223247,0.4950184559131542,0.005636958871036768
msd,250,10,11,2501134,0.5,nan,0.01,0.0,1.0,uniform,True,0.0037162287477032763,0.0023295287168069168,0.0037162287477032763,0.49515744666758266,0.49176745814267425,0.005105915945023298
msd,250,10,12,2501135,0.5,nan,0.01,0.0,1.0,uniform,True,0.003902820050592115,0.0017553380833549292,0.003902820050592115,0.4916870606222784,0.4938574713817256,0.005405875388532877
msd,250,10,13,2501136,0.5,nan,0.01,0.0,1.0,uniform,True,0.004086931112569581,0.00311726290811587,0.004086931112569581,0.4949594661890056,0.496670946006914,0.005086167249828577
msd,250,10,14,2501137,0.5,nan,0.01,0.0,1.0,uniform,True,0.002047978509938486,0.0009807644585054787,0.002047978509938486,0.4962858640276848,0.4963058221915885,0.005813790950924158
msd,250,10,15,2501138,0.5,nan,0.01,0.0,1.0,uniform,True,0.002922148913857392,0.0018835258777716857,0.002922148913857392,0.4934807229146871,0.4945982093052896,0.005706083960831165
msd,250,10,16,2501139,0.5,nan,0.01,0.0,1.0,uniform,True,0.004461773471507557,0.004461773471507557,0.002895348395065722,0.4952269624936559,0.49286630954299754,0.005298582836985588
msd,250,10,17,2501140,0.5,nan,0.01,0.0,1.0,uniform,True,0.0041815378489560295,0.0017940139324390536,0.0041815378489560295,0.49536841311718366,0.49405352574785083,0.0055654169991612434
msd,250,10,18,2501141,0.5,nan,0.01,0.0,1.0,uniform,True,0.0031704294927881738,0.0011846684135715102,0.0031704294927881738,0.4937573276233441,0.49828019379206595,0.005486874841153622
msd,250,10,19,2501142,0.5,nan,0.01,0.0,1.0,uniform,True,0.003794294050535829,0.0022845846746002985,0.003794294050535829,0.4967291553865225,0.4950074981802587,0.0055175828747451305
msd,250,10,20,2501143,0.5,nan,0.01,0.0,1.0,uniform,True,0.001590905915074936,0.0012676274690933687,0.001590905915074936,0.4956184887038497,0.49412247212723004,0.005994958337396383
msd,250,10,21,2501144,0.5,nan,0.01,0.0,1.0,uniform,True,0.00252892101706903,0.0024860073714003117,0.00252892101706903,0.4919658035743863,0.4934382536273676,0.005458374973386526
msd,250,10,22,2501145,0.5,nan,0.01,0.0,1.0,uniform,True,0.0020178218218081523,0.0020178218218081523,0.0012566656131348108,0.4951963464626039,0.4952801542412407,0.00552487513050437
msd,250,10,23,2501146,0.5,nan,0.01,0.0,1.0,uniform,True,0.003363439692092407,0.003027673046878121,0.003363439692092407,0.4942621707461522,0.49740117379023985,0.005186584312468767
msd,250,10,24,2501147,0.5,nan,0.01,0.0,1.0,uniform,True,0.0028100140831772147,0.0024191045554652346,0.0028100140831772147,0.4932821223649339,0.4962391574377303,0.005598583724349737
msd,250,10,25,2501148,0.5,nan,0.01,0.0,1.0,uniform,True,0.003449556807239018,0.003449556807239018,0.0011787858673307783,0.49572641620131264,0.4949418482719146,0.0056953332386910915
msd,250,10,26,2501149,0.5,nan,0.01,0.0,1.0,uniform,True,0.0029788938250358554,0.0029788938250358554,0.0009029320400864571,0.4955849855521122,0.49441951289733016,0.005558290984481573
msd,250,10,27,2501150,0.5,nan,0.01,0.0,1.0,uniform,True,0.0028142027858113483,0.0028142027858113483,0.0011943273754863037,0.4952126887408461,0.49334620129924717,0.005570666864514351
msd,250,10,28,2501151,0.5,nan,0.01,0.0,1.0,uniform,True,0.003217587324841953,0.0017428555446373228,0.003217587324841953,0.4955622935676783,0.4924407204096226,0.005636125337332487
msd,250,10,29,2501152,0.5,nan,0.01,0.0,1.0,uniform,True,0.003671989223094918,0.003671989223094918,0.00029531906564411736,0.4936706335473604,0.4925361799192878,0.005859083030372858
msd,250,10,30,2501153,0.5,nan,0.01,0.0,1.0,uniform,True,0.006092927389141856,0.006092927389141856,0.002885692306449361,0.493992804808108,0.4941443975174832,0.005001958459615707
msd,250,10,31,2501154,0.5,nan,0.01,0.0,1.0,uniform,True,0.0026791354410087287,0.0026409031785991632,0.0026791354410087287,0.4949177270001984,0.49459084323734914,0.005545207764953375
msd,250,10,32,2501155,0.5,nan,0.01,0.0,1.0,uniform,True,0.004077372219726816,0.004077372219726816,0.002235129765410071,0.4983672140190072,0.48884421771160924,0.005431542173027992
msd,250,10,33,2501156,0.5,nan,0.01,0.0,1.0,uniform,True,0.0038561401958412955,0.0038561401958412955,0.0029364721855734133,0.4949891286745665,0.4976134127007909,0.005331417080014944
msd,250,10,34,2501157,0.5,nan,0.01,0.0,1.0,uniform,True,0.005754471646290504,0.0023841837398145826,0.005754471646290504,0.4944977100068458,0.4927602321783751,0.005299500189721584
msd,250,10,35,2501158,0.5,nan,0.01,0.0,1.0,uniform,True,0.0038144555138445724,0.0038144555138445724,0.003250504565948553,0.4946177050314115,0.49495662664404155,0.005155291873961687
msd,250,10,36,2501159,0.5,nan,0.01,0.0,1.0,uniform,True,0.005661356368399761,0.0012602254431201554,0.005661356368399761,0.4927543932030173,0.49670421072230025,0.005374250002205372
msd,250,10,37,2501160,0.5,nan,0.01,0.0,1.0,uniform,True,0.0022005241038346446,0.0022005241038346446,0.0014981699004787408,0.4929795368605144,0.49290352042407826,0.005383792333304882
msd,250,10,38,2501161,0.5,nan,0.01,0.0,1.0,uniform,True,0.004224723308147327,0.0025860759183138904,0.004224723308147327,0.4959258643896578,0.4937313670269451,0.005521832965314388
msd,250,10,39,2501162,0.5,nan,0.01,0.0,1.0,uniform,True,0.003952399253604022,0.003952399253604022,0.0028669855908207142,0.49419662452182583,0.49372669106937034,0.005472457967698574
msd,250,10,40,2501163,0.5,nan,0.01,0.0,1.0,uniform,True,0.0025178807590163776,0.0025178807590163776,0.00149376964800374,0.4901271286742062,0.4939098968077879,0.005639249924570322
msd,250,10,41,2501164,0.5,nan,0.01,0.0,1.0,uniform,True,0.004734957781934335,0.003423211061792164,0.004734957781934335,0.4925746212361073,0.4945299170864455,0.00526383426040411
msd,250,10,42,2501165,0.5,nan,0.01,0.0,1.0,uniform,True,0.003341245831994466,0.0010700873320111937,0.003341245831994466,0.4930955513114458,0.4935205010543423,0.005681999959051609
msd,250,10,43,2501166,0.5,nan,0.01,0.0,1.0,uniform,True,0.0027394693419633964,0.0012999412723800896,0.0027394693419633964,0.49743488211497566,0.4941474324630993,0.005572916939854622
msd,250,10,44,2501167,0.5,nan,0.01,0.0,1.0,uniform,True,0.0036787795102382614,0.0036787795102382614,0.003081222816475715,0.4934309839237057,0.49302815448014964,0.004898292012512684
msd,250,10,45,2501168,0.5,nan,0.01,0.0,1.0,uniform,True,0.0035324724180506584,0.0016579563224160543,0.0035324724180506584,0.4937098102656911,0.4936083856720328,0.005444957874715328
msd,250,10,46,2501169,0.5,nan,0.01,0.0,1.0,uniform,True,0.004521818510449027,0.001919751758439725,0.004521818510449027,0.49667444419116863,0.4915910170027784,0.005097957793623209
msd,250,10,47,2501170,0.5,nan,0.01,0.0,1.0,uniform,True,0.0033141608927749755,0.0026664169795826975,0.0033141608927749755,0.4979555609582942,0.49386423050017364,0.0053080003708601
msd,250,10,48,2501171,0.5,nan,0.01,0.0,1.0,uniform,True,0.002198519569454216,0.002198519569454216,0.0021837765972164136,0.4937899844292146,0.4955172809484406,0.0054250420071184635
msd,250,10,49,2501172,0.5,nan,0.01,0.0,1.0,uniform,True,0.0015170284067246853,0.0011066779600820698,0.0015170284067246853,0.498148417495719,0.4950884441872736,0.005630957894027233
msd,250,10,50,2501173,0.5,nan,0.01,0.0,1.0,uniform,True,0.002102087306585343,0.0020968456813721947,0.002102087306585343,0.4932355011344578,0.49357633606125134,0.005541790742427111
msd,250,10,51,2501174,0.5,nan,0.01,0.0,1.0,uniform,True,0.00883769063446671,0.0014606236235374381,0.00883769063446671,0.49488846759433425,0.4941453830086756,0.00514516606926918
msd,250,10,52,2501175,0.5,nan,0.01,0.0,1.0,uniform,True,0.004078344469575501,0.003902253607083961,0.004078344469575501,0.49334354025280086,0.4917955765189501,0.005018416792154312
msd,250,10,53,2501176,0.5,nan,0.01,0.0,1.0,uniform,True,0.0024689349793003412,0.0024689349793003412,0.0019797824248138363,0.4970537494353987,0.4946837429748232,0.0054870001040399075
msd,250,10,54,2501177,0.5,nan,0.01,0.0,1.0,uniform,True,0.0028384179443793345,0.0028384179443793345,0.0022633129426385956,0.49518169444445764,0.4923517058224113,0.0054790000431239605
msd,250,10,55,2501178,0.5,nan,0.01,0.0,1.0,uniform,True,0.0021198859742228016,0.0012256304326807577,0.0021198859742228016,0.49674128401251566,0.49248523170781217,0.005423041060566902
msd,250,10,56,2501179,0.5,nan,0.01,0.0,1.0,uniform,True,0.004015672165798956,0.004015672165798956,0.003194803974712279,0.4964533037627425,0.4970833240231186,0.005208916962146759
msd,250,10,57,2501180,0.5,nan,0.01,0.0,1.0,uniform,True,0.001562340492882952,0.0012434460545406867,0.001562340492882952,0.48938222809459575,0.4911394440893399,0.005558083765208721
msd,250,10,58,2501181,0.5,nan,0.01,0.0,1.0,uniform,True,0.004527355095580443,0.004527355095580443,0.0016250402798339003,0.49575122212530054,0.49455560651263625,0.005201749969273806
msd,250,10,59,2501182,0.5,nan,0.01,0.0,1.0,uniform,True,0.005714347900918015,0.005714347900918015,0.004865197585669889,0.4944297059647346,0.49225276832966186,0.005263499915599823
msd,250,10,60,2501183,0.5,nan,0.01,0.0,1.0,uniform,True,0.004347998957129173,0.0037968361905519332,0.004347998957129173,0.4961459988676416,0.49626274152751443,0.005332500208169222
msd,250,10,61,2501184,0.5,nan,0.01,0.0,1.0,uniform,True,0.003637638422746836,0.003637638422746836,0.0022817667266160635,0.493077734844845,0.49352321768653823,0.0056802076287567616
msd,250,10,62,2501185,0.5,nan,0.01,0.0,1.0,uniform,True,0.004231190040700994,0.004231190040700994,0.003246984469191805,0.49476574603881496,0.4936145232225054,0.005501125007867813
msd,250,10,63,2501186,0.5,nan,0.01,0.0,1.0,uniform,True,0.004234238121461786,0.0033659744632756894,0.004234238121461786,0.494214519555146,0.49572584146975607,0.005731665994971991
msd,250,10,64,2501187,0.5,nan,0.01,0.0,1.0,uniform,True,0.007277369062073713,0.007277369062073713,0.0009610182101800757,0.49274074562056763,0.49326693206957317,0.005712542217224836
msd,250,10,65,2501188,0.5,nan,0.01,0.0,1.0,uniform,True,0.004278103052959947,0.004278103052959947,0.003043643256199491,0.4953629178424211,0.49270218003210015,0.005258582998067141
msd,250,10,66,2501189,0.5,nan,0.01,0.0,1.0,uniform,True,0.003066852845257373,0.003066852845257373,0.0022190866007607,0.4926271725095546,0.49430430545667065,0.005619917064905167
msd,250,10,67,2501190,0.5,nan,0.01,0.0,1.0,uniform,True,0.006444498198499848,0.002911669877850298,0.006444498198499848,0.4947371655177708,0.4954334898970055,0.005246791988611221
msd,250,10,68,2501191,0.5,nan,0.01,0.0,1.0,uniform,True,0.0013565073338862588,0.0013565073338862588,0.001013151406217383,0.49339938022426977,0.4954596335817832,0.006119458936154842
msd,250,10,69,2501192,0.5,nan,0.01,0.0,1.0,uniform,True,0.0037667801444356552,0.0037667801444356552,0.0022968626709768403,0.4956158524595736,0.49379015683705024,0.005335083231329918
msd,250,10,70,2501193,0.5,nan,0.01,0.0,1.0,uniform,True,0.0037353922171145526,0.0037353922171145526,0.002734054593124813,0.49588191039957946,0.49193148544345083,0.009134958032518625
msd,250,10,71,2501194,0.5,nan,0.01,0.0,1.0,uniform,True,0.004624348034882597,0.003316264344555786,0.004624348034882597,0.49515238290823804,0.49352034911318493,0.006944041699171066
msd,250,10,72,2501195,0.5,nan,0.01,0.0,1.0,uniform,True,0.0032182075561325574,0.001077586669290087,0.0032182075561325574,0.4976311367148905,0.49729679978348107,0.008139041718095541
msd,250,10,73,2501196,0.5,nan,0.01,0.0,1.0,uniform,True,0.003972040042290681,0.00326350782490209,0.003972040042290681,0.49840089155066886,0.4940351886926928,0.008098292164504528
msd,250,10,74,2501197,0.5,nan,0.01,0.0,1.0,uniform,True,0.004477497683357812,0.004477497683357812,0.001201732387819121,0.49178160681252325,0.49063448924328834,0.006527000106871128
msd,250,10,75,2501198,0.5,nan,0.01,0.0,1.0,uniform,True,0.00392561812833736,0.00392561812833736,0.003328140210684727,0.4947193334600578,0.4922795322907093,0.00669641699641943
msd,250,10,76,2501199,0.5,nan,0.01,0.0,1.0,uniform,True,0.0033811107450127387,0.0033811107450127387,0.002842485173249809,0.49314299747871415,0.494646531398388,0.006208458915352821
msd,250,10,77,2501200,0.5,nan,0.01,0.0,1.0,uniform,True,0.0023080762278420708,0.0018989942215471012,0.0023080762278420708,0.497649415654354,0.49230637756534407,0.006215416826307774
msd,250,10,78,2501201,0.5,nan,0.01,0.0,1.0,uniform,True,0.0014840631076421529,0.0011573181543775846,0.0014840631076421529,0.4915313729330901,0.4953189526036917,0.005829709116369486
msd,250,10,79,2501202,0.5,nan,0.01,0.0,1.0,uniform,True,0.003708904890393161,0.003285212098167567,0.003708904890393161,0.49348287066543456,0.49437272124447906,0.005575499963015318
msd,250,10,80,2501203,0.5,nan,0.01,0.0,1.0,uniform,True,0.0025602003850769273,0.0025602003850769273,0.0022995367703240732,0.49383213902829703,0.49249504774773584,0.006321500055491924
msd,250,10,81,2501204,0.5,nan,0.01,0.0,1.0,uniform,True,0.008616020961464743,0.008616020961464743,0.002432613813275031,0.490560442963871,0.49479452789680206,0.00559270940721035
msd,250,10,82,2501205,0.5,nan,0.01,0.0,1.0,uniform,True,0.003163866352576372,0.003163866352576372,0.002590802665793146,0.49590082969265714,0.4943308270802939,0.005909374915063381
msd,250,10,83,2501206,0.5,nan,0.01,0.0,1.0,uniform,True,0.004181169663179607,0.004181169663179607,0.0030402742653390935,0.49266788507168496,0.4939189264878914,0.006229165941476822
msd,250,10,84,2501207,0.5,nan,0.01,0.0,1.0,uniform,True,0.003324595769606087,0.002434831258815162,0.003324595769606087,0.49357551440904485,0.4962430298147917,0.006386666093021631
msd,250,10,85,2501208,0.5,nan,0.01,0.0,1.0,uniform,True,0.004266171947175101,0.004266171947175101,0.0024690728662412065,0.4954704455765326,0.4975351160556928,0.006393959280103445
msd,250,10,86,2501209,0.5,nan,0.01,0.0,1.0,uniform,True,0.002198618276729458,0.002198618276729458,0.0014065729555558515,0.49237061489922496,0.49669053438828603,0.006142667029052973
msd,250,10,87,2501210,0.5,nan,0.01,0.0,1.0,uniform,True,0.004041543898996802,0.004041543898996802,0.002621029537847208,0.4932304364808343,0.4919903648801636,0.005939750000834465
msd,250,10,88,2501211,0.5,nan,0.01,0.0,1.0,uniform,True,0.002238814144044865,0.0020847979993562915,0.002238814144044865,0.49456172248154345,0.49808269453711224,0.006836208049207926
msd,250,10,89,2501212,0.5,nan,0.01,0.0,1.0,uniform,True,0.0026156446998892857,0.0025496189752304277,0.0026156446998892857,0.4925180687997971,0.49411312630354554,0.006944042164832354
msd,250,10,90,2501213,0.5,nan,0.01,0.0,1.0,uniform,True,0.00467281048968321,0.0028995085374577956,0.00467281048968321,0.49366476905895323,0.49263213484080615,0.006238499656319618
msd,250,10,91,2501214,0.5,nan,0.01,0.0,1.0,uniform,True,0.0031177849182031925,0.0031177849182031925,0.0029834005364864913,0.49500634514597236,0.4958323171337063,0.006784665863960981
msd,250,10,92,2501215,0.5,nan,0.01,0.0,1.0,uniform,True,0.003187418117086005,0.002029707777919887,0.003187418117086005,0.4938908593197315,0.4938376764332692,0.007039541844278574
msd,250,10,93,2501216,0.5,nan,0.01,0.0,1.0,uniform,True,0.0037208781031159988,0.0011608253843697902,0.0037208781031159988,0.4946033083004466,0.49509586786984106,0.006187167018651962
msd,250,10,94,2501217,0.5,nan,0.01,0.0,1.0,uniform,True,0.003959414808455519,0.003959414808455519,0.0027142724562416176,0.4928799422003151,0.49248800033509993,0.005856500007212162
msd,250,10,95,2501218,0.5,nan,0.01,0.0,1.0,uniform,True,0.0035228022659468117,0.003483849206794065,0.0035228022659468117,0.4943569995106065,0.49285281690423227,0.005877791903913021
msd,250,10,96,2501219,0.5,nan,0.01,0.0,1.0,uniform,True,0.0024882645777847268,0.0024882645777847268,0.00149415488055471,0.4915553356979668,0.4932572810973076,0.006384124979376793
msd,250,10,97,2501220,0.5,nan,0.01,0.0,1.0,uniform,True,0.003514612623729485,0.001760342343179122,0.003514612623729485,0.49460178971049595,0.490627717516731,0.006365957669913769
msd,250,10,98,2501221,0.5,nan,0.01,0.0,1.0,uniform,True,0.004578663095531399,0.004578663095531399,0.0022770956873362502,0.49712761888003804,0.49708851776666013,0.005928917322307825
msd,250,10,99,2501222,0.5,nan,0.01,0.0,1.0,uniform,True,0.0026557991966430494,0.0022246385877240926,0.0026557991966430494,0.492049618883411,0.4945785620770696,0.006088332738727331
msd,250,20,0,2502123,0.5,nan,0.01,0.0,1.0,uniform,True,0.0024034851016535574,0.0024034851016535574,0.0023549476851484896,0.4980577125197976,0.4983346242810908,0.008661875035613775
msd,250,20,1,2502124,0.5,nan,0.01,0.0,1.0,uniform,True,0.004366735011059664,0.0030896843547664754,0.004366735011059664,0.4980337740346475,0.49758365109933467,0.008512040600180626
msd,250,20,2,2502125,0.5,nan,0.01,0.0,1.0,uniform,True,0.003035050692175134,0.002437488847483571,0.003035050692175134,0.49727190671528454,0.4961554101580933,0.012563708238303661
msd,250,20,3,2502126,0.5,nan,0.01,0.0,1.0,uniform,True,0.003920773153285317,0.003920773153285317,0.001844170941879164,0.49659739363637534,0.4968666337815938,0.00923287495970726
msd,250,20,4,2502127,0.5,nan,0.01,0.0,1.0,uniform,True,0.0034484679176705058,0.0031000023189320935,0.0034484679176705058,0.49825995099838677,0.49643891518683386,0.00885850004851818
msd,250,20,5,2502128,0.5,nan,0.01,0.0,1.0,uniform,True,0.002534119806150703,0.002534119806150703,0.0022573066948478604,0.49849425386001733,0.4978933225941284,0.009587666019797325
msd,250,20,6,2502129,0.5,nan,0.01,0.0,1.0,uniform,True,0.0031429452332146224,0.0031429452332146224,0.0029310933717589527,0.4954698268117893,0.49688803894582645,0.007880416698753834
msd,250,20,7,2502130,0.5,nan,0.01,0.0,1.0,uniform,True,0.0024084593348537298,0.0024084593348537298,0.002115394531111481,0.4991320265357246,0.4968312021463619,0.007771000266075134
msd,250,20,8,2502131,0.5,nan,0.01,0.0,1.0,uniform,True,0.002802910095499267,0.002802910095499267,0.0022365503449374158,0.49574269416243993,0.49730580241836403,0.0074877082370221615
msd,250,20,9,2502132,0.5,nan,0.01,0.0,1.0,uniform,True,0.003935251966359854,0.003935251966359854,0.0022185468886415927,0.4958190005933507,0.4962783849129447,0.0073331668972969055
msd,250,20,10,2502133,0.5,nan,0.01,0.0,1.0,uniform,True,0.00463234490173392,0.00463234490173392,0.0026797663440814024,0.4958521334486228,0.4981204481089182,0.006774500012397766
msd,250,20,11,2502134,0.5,nan,0.01,0.0,1.0,uniform,True,0.003110745391529446,0.0021238818413629734,0.003110745391529446,0.4964415859636718,0.49775043016111176,0.007554207928478718
msd,250,20,12,2502135,0.5,nan,0.01,0.0,1.0,uniform,True,0.0026106093067321257,0.001136458003480445,0.0026106093067321257,0.49865538242126356,0.4975117170768179,0.007772999815642834
msd,250,20,13,2502136,0.5,nan,0.01,0.0,1.0,uniform,True,0.0029488264301898437,0.0022221402716795513,0.0029488264301898437,0.4970384938708755,0.49800370802735433,0.007651790976524353
msd,250,20,14,2502137,0.5,nan,0.01,0.0,1.0,uniform,True,0.0029683638145369118,0.0027507900582322553,0.0029683638145369118,0.49766831792643734,0.4970796132541918,0.00723583297803998
msd,250,20,15,2502138,0.5,nan,0.01,0.0,1.0,uniform,True,0.0029913218992596025,0.0029913218992596025,0.0028310909982194876,0.4977795753143494,0.4981906314117401,0.007539332844316959
msd,250,20,16,2502139,0.5,nan,0.01,0.0,1.0,uniform,True,0.0040435591260917225,0.0022906594298234273,0.0040435591260917225,0.49857985538326943,0.4990786114948829,0.007566709071397781
msd,250,20,17,2502140,0.5,nan,0.01,0.0,1.0,uniform,True,0.003908651243456185,0.0020022878926679866,0.003908651243456185,0.4966676495158466,0.4981097885753981,0.007345709018409252
msd,250,20,18,2502141,0.5,nan,0.01,0.0,1.0,uniform,True,0.0030559325798370507,0.002536070082764963,0.0030559325798370507,0.497347825678193,0.49694563477091047,0.007822500076144934
msd,250,20,19,2502142,0.5,nan,0.01,0.0,1.0,uniform,True,0.004704887986208217,0.004704887986208217,0.0020475960701212825,0.49780638625079016,0.4955341828001508,0.007184332702308893
msd,250,20,20,2502143,0.5,nan,0.01,0.0,1.0,uniform,True,0.001720646278297877,0.0012725552346865565,0.001720646278297877,0.49606188925913364,0.4973753214736816,0.008098458871245384
msd,250,20,21,2502144,0.5,nan,0.01,0.0,1.0,uniform,True,0.004612602155897982,0.0023652964904341545,0.004612602155897982,0.49707022188198186,0.4967259962018804,0.007292000111192465
msd,250,20,22,2502145,0.5,nan,0.01,0.0,1.0,uniform,True,0.00237305711200958,0.002041658116060885,0.00237305711200958,0.4970470228634541,0.4976925141042145,0.007963207550346851
msd,250,20,23,2502146,0.5,nan,0.01,0.0,1.0,uniform,True,0.004395211496313722,0.0021280739424663353,0.004395211496313722,0.4966845494906267,0.49721299890728143,0.0073183332569897175
msd,250,20,24,2502147,0.5,nan,0.01,0.0,1.0,uniform,True,0.0025697619062426402,0.0025697619062426402,0.002367307163880672,0.4974577793500277,0.49588316539697447,0.007778375409543514
msd,250,20,25,2502148,0.5,nan,0.01,0.0,1.0,uniform,True,0.0033355595555586426,0.0033355595555586426,0.002680693547471691,0.49789019351263497,0.49774605938473304,0.006933374796062708
msd,250,20,26,2502149,0.5,nan,0.01,0.0,1.0,uniform,True,0.0035064452990303807,0.002447974367337624,0.0035064452990303807,0.49837855695053707,0.4963921119692441,0.007569792214781046
msd,250,20,27,2502150,0.5,nan,0.01,0.0,1.0,uniform,True,0.004627136940756227,0.002751746903707719,0.004627136940756227,0.49617714134856716,0.49594948962555063,0.007051708176732063
msd,250,20,28,2502151,0.5,nan,0.01,0.0,1.0,uniform,True,0.0033865545781068263,0.0033865545781068263,0.002741355331904949,0.49415101290468144,0.49773801296419545,0.007769417017698288
msd,250,20,29,2502152,0.5,nan,0.01,0.0,1.0,uniform,True,0.004243975015190082,0.0032569708375907447,0.004243975015190082,0.49536513171032087,0.49623464501952214,0.007480124942958355
msd,250,20,30,2502153,0.5,nan,0.01,0.0,1.0,uniform,True,0.0031741593909402344,0.0031741593909402344,0.0018843037036732624,0.4984616767339287,0.4972225812321191,0.007548457942903042
msd,250,20,31,2502154,0.5,nan,0.01,0.0,1.0,uniform,True,0.003531843141702351,0.0024997362472248263,0.003531843141702351,0.4967355750515344,0.49720237566896136,0.00698500033468008
msd,250,20,32,2502155,0.5,nan,0.01,0.0,1.0,uniform,True,0.0037262356994960943,0.0027538389591415524,0.0037262356994960943,0.4987557792322614,0.49645659770473033,0.006643499713391066
msd,250,20,33,2502156,0.5,nan,0.01,0.0,1.0,uniform,True,0.0035995217402209345,0.0030586801364062,0.0035995217402209345,0.4981705401455392,0.4983166066424073,0.0069708749651908875
msd,250,20,34,2502157,0.5,nan,0.01,0.0,1.0,uniform,True,0.0027065339079060946,0.0024669432201575026,0.0027065339079060946,0.49584320405032356,0.4968917681273011,0.006763875018805265
msd,250,20,35,2502158,0.5,nan,0.01,0.0,1.0,uniform,True,0.002207849582456678,0.002207849582456678,0.0017023590228122387,0.4976702417047405,0.49698533234216297,0.007030082866549492
msd,250,20,36,2502159,0.5,nan,0.01,0.0,1.0,uniform,True,0.002825100932985769,0.002825100932985769,0.002557868685209519,0.49617011735059297,0.49634421826172054,0.0067938752472400665
msd,250,20,37,2502160,0.5,nan,0.01,0.0,1.0,uniform,True,0.0025781589613669276,0.0021457013134515424,0.0025781589613669276,0.4955247612507603,0.49835491560949996,0.006949916947633028
msd,250,20,38,2502161,0.5,nan,0.01,0.0,1.0,uniform,True,0.0029125766318760515,0.0029125766318760515,0.002132496387702465,0.4971526675181822,0.4968646581126076,0.007133375387638807
msd,250,20,39,2502162,0.5,nan,0.01,0.0,1.0,uniform,True,0.0027722936345745963,0.0017629144392717344,0.0027722936345745963,0.4957857964305378,0.49879367662320334,0.007642040960490704
msd,250,20,40,2502163,0.5,nan,0.01,0.0,1.0,uniform,True,0.0035493100696898927,0.0020636369162267965,0.0035493100696898927,0.497565235427798,0.4971571615541352,0.0071329581551253796
msd,250,20,41,2502164,0.5,nan,0.01,0.0,1.0,uniform,True,0.004014993773415743,0.003540539882473881,0.004014993773415743,0.49699978444831977,0.4969747342094748,0.006753874942660332
msd,250,20,42,2502165,0.5,nan,0.01,0.0,1.0,uniform,True,0.004289256280250231,0.004289256280250231,0.002379903540188022,0.497928027225758,0.49555031212079076,0.006949333939701319
msd,250,20,43,2502166,0.5,nan,0.01,0.0,1.0,uniform,True,0.003987517580895605,0.0014567128539520469,0.003987517580895605,0.4971619070193945,0.4961613368966273,0.007339500356465578
msd,250,20,44,2502167,0.5,nan,0.01,0.0,1.0,uniform,True,0.0029794144361037223,0.0024313257834523982,0.0029794144361037223,0.497426990676061,0.49750974369937384,0.007106500212103128
msd,250,20,45,2502168,0.5,nan,0.01,0.0,1.0,uniform,True,0.003953195539415588,0.001999412546379087,0.003953195539415588,0.4970966719095893,0.49946869286164636,0.006538708228617907
msd,250,20,46,2502169,0.5,nan,0.01,0.0,1.0,uniform,True,0.0021078577802556286,0.0017449269948336954,0.0021078577802556286,0.49693151418543746,0.49764449274051176,0.007156291976571083
msd,250,20,47,2502170,0.5,nan,0.01,0.0,1.0,uniform,True,0.0029225258210193727,0.0029225258210193727,0.002007169295529576,0.49755261044008425,0.49608563990745813,0.00688533391803503
msd,250,20,48,2502171,0.5,nan,0.01,0.0,1.0,uniform,True,0.0026753561821371563,0.0026753561821371563,0.0026270315775336894,0.49708397083149575,0.4943298758187133,0.006963707972317934
msd,250,20,49,2502172,0.5,nan,0.01,0.0,1.0,uniform,True,0.002798095521596544,0.002798095521596544,0.0019095180524611455,0.49731945929426463,0.49691818455371395,0.006954791024327278
msd,250,20,50,2502173,0.5,nan,0.01,0.0,1.0,uniform,True,0.003047782110089936,0.003047782110089936,0.0027214881405210334,0.49737025648108346,0.4975670182772986,0.006859790999442339
msd,250,20,51,2502174,0.5,nan,0.01,0.0,1.0,uniform,True,0.0024924769356226006,0.0024924769356226006,0.0017533121944412478,0.49705220997082683,0.4963836250780482,0.007282999809831381
msd,250,20,52,2502175,0.5,nan,0.01,0.0,1.0,uniform,True,0.0022406450196600924,0.0022406450196600924,0.00192486015981308,0.4970928743002528,0.4974673256996498,0.007226333022117615
msd,250,20,53,2502176,0.5,nan,0.01,0.0,1.0,uniform,True,0.003989188757483109,0.003989188757483109,0.002726773504756308,0.49742155598258453,0.49751656749108836,0.006435167044401169
msd,250,20,54,2502177,0.5,nan,0.01,0.0,1.0,uniform,True,0.0040985602039206315,0.0040985602039206315,0.001996468457913736,0.49828575453611545,0.4970791996551883,0.007275499869138002
msd,250,20,55,2502178,0.5,nan,0.01,0.0,1.0,uniform,True,0.0028698590071045693,0.0026670620527461386,0.0028698590071045693,0.49760842480201384,0.49640631782014016,0.006986082997173071
msd,250,20,56,2502179,0.5,nan,0.01,0.0,1.0,uniform,True,0.0030005015268434465,0.0030005015268434465,0.0028490085782151287,0.49791876266616136,0.4965898500032259,0.00681687518954277
msd,250,20,57,2502180,0.5,nan,0.01,0.0,1.0,uniform,True,0.003494341707095061,0.003494341707095061,0.0016474794746151322,0.49466225271201186,0.4957347449587892,0.006963958032429218
msd,250,20,58,2502181,0.5,nan,0.01,0.0,1.0,uniform,True,0.0028943075161174114,0.002445603415068942,0.0028943075161174114,0.49638369527108456,0.49721914787073174,0.0068012080155313015
msd,250,20,59,2502182,0.5,nan,0.01,0.0,1.0,uniform,True,0.0037602489275617157,0.00150433927164223,0.0037602489275617157,0.49674906544377084,0.4971204290195162,0.007027000188827515
msd,250,20,60,2502183,0.5,nan,0.01,0.0,1.0,uniform,True,0.002260443969776871,0.002260443969776871,0.002017692781413283,0.49740297686942736,0.4976426198111391,0.006958790589123964
msd,250,20,61,2502184,0.5,nan,0.01,0.0,1.0,uniform,True,0.002662039700685348,0.002485272371118452,0.002662039700685348,0.4957259318693636,0.4968093653211444,0.006915958132594824
msd,250,20,62,2502185,0.5,nan,0.01,0.0,1.0,uniform,True,0.0022526515864728647,0.0012854646257949298,0.0022526515864728647,0.4975816751227328,0.4972348590861029,0.00712500000372529
msd,250,20,63,2502186,0.5,nan,0.01,0.0,1.0,uniform,True,0.003815164432477036,0.003815164432477036,0.001911791323885359,0.4983611812297016,0.49767921126997533,0.006761875003576279
msd,250,20,64,2502187,0.5,nan,0.01,0.0,1.0,uniform,True,0.004925783690650887,0.004925783690650887,0.002105089369696833,0.4970990002689797,0.4968116634732757,0.006584541872143745
msd,250,20,65,2502188,0.5,nan,0.01,0.0,1.0,uniform,True,0.0036721504268093508,0.0036721504268093508,0.0024186222438232763,0.4980946835205661,0.49787021406666476,0.006728459149599075
msd,250,20,66,2502189,0.5,nan,0.01,0.0,1.0,uniform,True,0.0031483647143926707,0.0023225133319768054,0.0031483647143926707,0.49875403905810084,0.4962855750548738,0.006924124900251627
msd,250,20,67,2502190,0.5,nan,0.01,0.0,1.0,uniform,True,0.004586880214280442,0.004586880214280442,0.0016428217171891024,0.49653139650864364,0.4970884256238318,0.006767916958779097
msd,250,20,68,2502191,0.5,nan,0.01,0.0,1.0,uniform,True,0.0034158585247235362,0.001747358054464354,0.0034158585247235362,0.4974172842968489,0.49665570604694914,0.006980499718338251
msd,250,20,69,2502192,0.5,nan,0.01,0.0,1.0,uniform,True,0.0041924463118619415,0.0035606599618742685,0.0041924463118619415,0.4968672986326913,0.49691948941880343,0.006509082857519388
msd,250,20,70,2502193,0.5,nan,0.01,0.0,1.0,uniform,True,0.0035250040852410347,0.0035250040852410347,0.0028399091570918134,0.4965777393284333,0.498200895940277,0.006950750015676022
msd,250,20,71,2502194,0.5,nan,0.01,0.0,1.0,uniform,True,0.003281914085254911,0.0031442278242095334,0.003281914085254911,0.4952777728641031,0.4992945061018472,0.006718749646097422
msd,250,20,72,2502195,0.5,nan,0.01,0.0,1.0,uniform,True,0.005156672836786336,0.005156672836786336,0.003148871597506653,0.4966014243179864,0.49864443404845815,0.006342416629195213
msd,250,20,73,2502196,0.5,nan,0.01,0.0,1.0,uniform,True,0.0029711343834965542,0.002271077072114158,0.0029711343834965542,0.4979169195664872,0.49742533330147226,0.006718874908983707
msd,250,20,74,2502197,0.5,nan,0.01,0.0,1.0,uniform,True,0.0036001287755866307,0.0036001287755866307,0.0028387662136668546,0.4951744695483656,0.4984310728631851,0.006867667194455862
msd,250,20,75,2502198,0.5,nan,0.01,0.0,1.0,uniform,True,0.0025793552363601036,0.0017431645863790202,0.0025793552363601036,0.49640664835370985,0.49652878530065575,0.007392959203571081
msd,250,20,76,2502199,0.5,nan,0.01,0.0,1.0,uniform,True,0.002945299380520461,0.0017384545702973098,0.002945299380520461,0.49679986988924785,0.49848310510766547,0.006917834281921387
msd,250,20,77,2502200,0.5,nan,0.01,0.0,1.0,uniform,True,0.004517865342839933,0.002443144844222367,0.004517865342839933,0.49817525877668856,0.4959856392299242,0.0070052496157586575
msd,250,20,78,2502201,0.5,nan,0.01,0.0,1.0,uniform,True,0.004441939924098526,0.004441939924098526,0.001849137111889998,0.497306135237606,0.49796191926980693,0.007158457767218351
msd,250,20,79,2502202,0.5,nan,0.01,0.0,1.0,uniform,True,0.002483053036625882,0.002483053036625882,0.0019048130541713393,0.4971868433587142,0.49607313620875504,0.007537582889199257
msd,250,20,80,2502203,0.5,nan,0.01,0.0,1.0,uniform,True,0.004494342108101124,0.004494342108101124,0.003312633160509726,0.496932839666326,0.49775914497514046,0.006865957751870155
msd,250,20,81,2502204,0.5,nan,0.01,0.0,1.0,uniform,True,0.0034979129589953195,0.0034979129589953195,0.0029084832763218715,0.49740891691419714,0.4978871612400212,0.006693333853036165
msd,250,20,82,2502205,0.5,nan,0.01,0.0,1.0,uniform,True,0.005353475226486382,0.005353475226486382,0.002593399786119277,0.49775963279155117,0.49971267462262503,0.006493083201348782
msd,250,20,83,2502206,0.5,nan,0.01,0.0,1.0,uniform,True,0.004847687352406482,0.0029591694889253284,0.004847687352406482,0.4975092484507981,0.4980365801697898,0.006511167157441378
msd,250,20,84,2502207,0.5,nan,0.01,0.0,1.0,uniform,True,0.0018972820623149866,0.0018972820623149866,0.0016542211072315682,0.4970476085172544,0.4978399067600049,0.007548333145678043
msd,250,20,85,2502208,0.5,nan,0.01,0.0,1.0,uniform,True,0.004240130202795289,0.003816406581956755,0.004240130202795289,0.49656201204799705,0.4962900804717358,0.006376209203153849
msd,250,20,86,2502209,0.5,nan,0.01,0.0,1.0,uniform,True,0.002194019405308334,0.0018860170017561129,0.002194019405308334,0.49729856197320604,0.4960091470513976,0.0073189581744372845
msd,250,20,87,2502210,0.5,nan,0.01,0.0,1.0,uniform,True,0.004345554246705796,0.002791829067277596,0.004345554246705796,0.4959892207470503,0.4981940368342188,0.007067333906888962
msd,250,20,88,2502211,0.5,nan,0.01,0.0,1.0,uniform,True,0.0038236321388651073,0.0017746160655521814,0.0038236321388651073,0.49856205057858816,0.49612827965935413,0.006872124969959259
msd,250,20,89,2502212,0.5,nan,0.01,0.0,1.0,uniform,True,0.0041566307015387105,0.0027193503290575127,0.0041566307015387105,0.4979281475560858,0.49708602414655656,0.0067694587633013725
msd,250,20,90,2502213,0.5,nan,0.01,0.0,1.0,uniform,True,0.002427211707708321,0.0012050973066113913,0.002427211707708321,0.4978559517911205,0.4962916008632526,0.007683166768401861
msd,250,20,91,2502214,0.5,nan,0.01,0.0,1.0,uniform,True,0.003438209335747233,0.003438209335747233,0.0017123763298738104,0.49644260346155,0.49608761799911766,0.007298958953469992
msd,250,20,92,2502215,0.5,nan,0.01,0.0,1.0,uniform,True,0.0052991578494746006,0.0026180780327507702,0.0052991578494746006,0.49645172412630606,0.4975334276584566,0.006425292231142521
msd,250,20,93,2502216,0.5,nan,0.01,0.0,1.0,uniform,True,0.0030042869656384252,0.002864172819093569,0.0030042869656384252,0.4960791628170971,0.49782574400748264,0.006841625086963177
msd,250,20,94,2502217,0.5,nan,0.01,0.0,1.0,uniform,True,0.003325071003242419,0.002859969650234162,0.003325071003242419,0.4980544361213869,0.4977488075333064,0.006834666710346937
msd,250,20,95,2502218,0.5,nan,0.01,0.0,1.0,uniform,True,0.00442294147699368,0.0023158702619868188,0.00442294147699368,0.4979818400163028,0.4977625202552754,0.006700290832668543
msd,250,20,96,2502219,0.5,nan,0.01,0.0,1.0,uniform,True,0.0034370830447791323,0.0018775346310763719,0.0034370830447791323,0.4986931765617924,0.49739733333324126,0.007268209010362625
msd,250,20,97,2502220,0.5,nan,0.01,0.0,1.0,uniform,True,0.003205859006418732,0.002996238900866255,0.003205859006418732,0.4978474170294855,0.49779130872366323,0.006464875303208828
msd,250,20,98,2502221,0.5,nan,0.01,0.0,1.0,uniform,True,0.003996606424100935,0.003996606424100935,0.003190201985335317,0.49864200882605814,0.4973187529548205,0.006479833275079727
msd,250,20,99,2502222,0.5,nan,0.01,0.0,1.0,uniform,True,0.0035134286901846723,0.0035134286901846723,0.0024508742180148757,0.4982180992573859,0.4974905657936481,0.007216541096568108
msd,250,50,0,2505123,0.5,nan,0.01,0.0,1.0,uniform,True,0.002673449035174913,0.0026486790054243148,0.002673449035174913,0.4983806382157354,0.4981677611874877,0.012506625149399042
msd,250,50,1,2505124,0.5,nan,0.01,0.0,1.0,uniform,True,0.00397979354918826,0.002731256888018785,0.00397979354918826,0.4985882190122224,0.49888173831117283,0.0113518750295043
msd,250,50,2,2505125,0.5,nan,0.01,0.0,1.0,uniform,True,0.002799504650047302,0.002212410766972872,0.002799504650047302,0.4990920884461457,0.4987844268756506,0.012256000190973282
msd,250,50,3,2505126,0.5,nan,0.01,0.0,1.0,uniform,True,0.002933753785977433,0.002488279086076073,0.002933753785977433,0.4981667876786787,0.4987058339185278,0.012227791827172041
msd,250,50,4,2505127,0.5,nan,0.01,0.0,1.0,uniform,True,0.0024917624329033883,0.0024917624329033883,0.002095404787112176,0.4986865933496497,0.4995140209469357,0.013152000028640032
msd,250,50,5,2505128,0.5,nan,0.01,0.0,1.0,uniform,True,0.0034196486013033933,0.0030776858686198394,0.0034196486013033933,0.49883234756452405,0.49871430285722584,0.011915499810129404
msd,250,50,6,2505129,0.5,nan,0.01,0.0,1.0,uniform,True,0.0032079461253865516,0.0032079461253865516,0.0024497427167861074,0.49796687755079627,0.49823849422345323,0.01074154069647193
msd,250,50,7,2505130,0.5,nan,0.01,0.0,1.0,uniform,True,0.0029951605089696964,0.002807022196107012,0.0029951605089696964,0.4992795536979518,0.4985972933911061,0.011086499784141779
msd,250,50,8,2505131,0.5,nan,0.01,0.0,1.0,uniform,True,0.0030525120114395787,0.0015048179011713514,0.0030525120114395787,0.49872289675532316,0.4985427752558373,0.011858957819640636
msd,250,50,9,2505132,0.5,nan,0.01,0.0,1.0,uniform,True,0.002771056220916779,0.002771056220916779,0.0019133485126513472,0.499093314256852,0.49841666071319646,0.01252170791849494
msd,250,50,10,2505133,0.5,nan,0.01,0.0,1.0,uniform,True,0.00235133108620722,0.002326382165729446,0.00235133108620722,0.49887223947924153,0.49868492281228294,0.011603333055973053
msd,250,50,11,2505134,0.5,nan,0.01,0.0,1.0,uniform,True,0.0023970702962375356,0.0023970702962375356,0.001870460313445732,0.49867850739346925,0.4982882619554666,0.012292040977627039
msd,250,50,12,2505135,0.5,nan,0.01,0.0,1.0,uniform,True,0.0026704746671014634,0.0026704746671014634,0.0022217245744661773,0.4989037821891352,0.49917913001498965,0.011507415678352118
msd,250,50,13,2505136,0.5,nan,0.01,0.0,1.0,uniform,True,0.0034059586261862007,0.002474198163724961,0.0034059586261862007,0.4986271876381837,0.4990141565666876,0.011379166971892118
msd,250,50,14,2505137,0.5,nan,0.01,0.0,1.0,uniform,True,0.002773364595804406,0.002773364595804406,0.0018282306470762677,0.4990094482607726,0.49907029882412046,0.012084375135600567
msd,250,50,15,2505138,0.5,nan,0.01,0.0,1.0,uniform,True,0.0030784699103046376,0.002672338444608402,0.0030784699103046376,0.49918749882315855,0.4991812050452384,0.01144995866343379
msd,250,50,16,2505139,0.5,nan,0.01,0.0,1.0,uniform,True,0.0033343664961879016,0.0033343664961879016,0.002550030547720128,0.4992424268840985,0.49862860762654154,0.011338042095303535
msd,250,50,17,2505140,0.5,nan,0.01,0.0,1.0,uniform,True,0.0037612112245856144,0.0037612112245856144,0.0026435257777609467,0.4988867191824897,0.499043614481826,0.011279374826699495
msd,250,50,18,2505141,0.5,nan,0.01,0.0,1.0,uniform,True,0.0034942836623536033,0.0034942836623536033,0.002590336270058169,0.49943452900659446,0.4989419128963544,0.011843082960695028
msd,250,50,19,2505142,0.5,nan,0.01,0.0,1.0,uniform,True,0.002531483386116473,0.002295012150958342,0.002531483386116473,0.49902309501367065,0.4988630463044496,0.011541750282049179
msd,250,50,20,2505143,0.5,nan,0.01,0.0,1.0,uniform,True,0.002492762241460278,0.002492762241460278,0.0021001327234497214,0.4987273409659408,0.4989954849228186,0.012134625110775232
msd,250,50,21,2505144,0.5,nan,0.01,0.0,1.0,uniform,True,0.0029910409758679424,0.002909972856347698,0.0029910409758679424,0.49879984425549057,0.49822976122339585,0.011849416885524988
msd,250,50,22,2505145,0.5,nan,0.01,0.0,1.0,uniform,True,0.0026556124122446567,0.0026556124122446567,0.002550624502853316,0.4983618034272991,0.49882206484408625,0.011622208170592785
msd,250,50,23,2505146,0.5,nan,0.01,0.0,1.0,uniform,True,0.0034001132448899796,0.0027385253658681608,0.0034001132448899796,0.49911131217879967,0.4983128581392199,0.011322124861180782
msd,250,50,24,2505147,0.5,nan,0.01,0.0,1.0,uniform,True,0.004735231460930245,0.004735231460930245,0.0028205006459756654,0.4985769023984613,0.4985739007343472,0.010448415763676167
msd,250,50,25,2505148,0.5,nan,0.01,0.0,1.0,uniform,True,0.0022909001410691965,0.0022909001410691965,0.0020964421507628783,0.4996314263389629,0.49931982534191577,0.012969582807272673
msd,250,50,26,2505149,0.5,nan,0.01,0.0,1.0,uniform,True,0.003605894889210648,0.003605894889210648,0.0026315047135696545,0.4986801181964979,0.49900531115954505,0.01086554117500782
msd,250,50,27,2505150,0.5,nan,0.01,0.0,1.0,uniform,True,0.0026269786707660003,0.002539513569505547,0.0026269786707660003,0.4990326404781176,0.4990761904814299,0.012094332836568356
msd,250,50,28,2505151,0.5,nan,0.01,0.0,1.0,uniform,True,0.0025121874034102487,0.0025121874034102487,0.002297460836960974,0.49851189294036274,0.49901843462617085,0.012331374920904636
msd,250,50,29,2505152,0.5,nan,0.01,0.0,1.0,uniform,True,0.0027415941982964487,0.0025300758252116973,0.0027415941982964487,0.49880485477092995,0.498288298712354,0.011987917125225067
msd,250,50,30,2505153,0.5,nan,0.01,0.0,1.0,uniform,True,0.002046252886427735,0.002046252886427735,0.0018492799733013654,0.4985282278575745,0.4985329343811052,0.012867665849626064
msd,250,50,31,2505154,0.5,nan,0.01,0.0,1.0,uniform,True,0.002858083891876695,0.002858083891876695,0.0017686115462742236,0.499379738973753,0.4992738390525043,0.012479499913752079
msd,250,50,32,2505155,0.5,nan,0.01,0.0,1.0,uniform,True,0.003150766301644903,0.003150766301644903,0.002717649813252787,0.4987174667201658,0.498528955334736,0.012069791089743376
msd,250,50,33,2505156,0.5,nan,0.01,0.0,1.0,uniform,True,0.0026498487375055113,0.0026498487375055113,0.0025833154207370868,0.49875293184823477,0.498790484511329,0.012472332920879126
msd,250,50,34,2505157,0.5,nan,0.01,0.0,1.0,uniform,True,0.0027344015157780843,0.0024238298535615987,0.0027344015157780843,0.4992822690790544,0.4987594278771684,0.01168879121541977
msd,250,50,35,2505158,0.5,nan,0.01,0.0,1.0,uniform,True,0.003132413757666541,0.0018936791718712764,0.003132413757666541,0.49844490713552053,0.4991114496608529,0.012362250126898289
msd,250,50,36,2505159,0.5,nan,0.01,0.0,1.0,uniform,True,0.003319450926988543,0.0027838810129103275,0.003319450926988543,0.4987934066030733,0.4984761855909518,0.013137666042894125
msd,250,50,37,2505160,0.5,nan,0.01,0.0,1.0,uniform,True,0.0021691475552116923,0.0018661615575931156,0.0021691475552116923,0.498849524265487,0.4987539994540906,0.013853541109710932
msd,250,50,38,2505161,0.5,nan,0.01,0.0,1.0,uniform,True,0.0034807744452153844,0.0019704122471566055,0.0034807744452153844,0.49815744407843526,0.49889297594266196,0.012652790639549494
msd,250,50,39,2505162,0.5,nan,0.01,0.0,1.0,uniform,True,0.0028690806073050634,0.0028690806073050634,0.00239895799249229,0.49852664553891135,0.4986839350052084,0.013596207834780216
msd,250,50,40,2505163,0.5,nan,0.01,0.0,1.0,uniform,True,0.0029086020640063937,0.0029086020640063937,0.002257026556596764,0.49859310018163777,0.49882987198974293,0.012423207983374596
msd,250,50,41,2505164,0.5,nan,0.01,0.0,1.0,uniform,True,0.0030241296826680752,0.0021461563702587227,0.0030241296826680752,0.49842298561571663,0.49908096354853426,0.018139625433832407
msd,250,50,42,2505165,0.5,nan,0.01,0.0,1.0,uniform,True,0.002494067616293061,0.002494067616293061,0.0023400846991265545,0.4985729495168791,0.4986532740668153,0.01264804182574153
msd,250,50,43,2505166,0.5,nan,0.01,0.0,1.0,uniform,True,0.002954197625195276,0.002263440182369403,0.002954197625195276,0.4992342135175854,0.4991370685607485,0.012566125020384789
msd,250,50,44,2505167,0.5,nan,0.01,0.0,1.0,uniform,True,0.0037631613634369065,0.0016304222995455198,0.0037631613634369065,0.4986582243071664,0.49845202552944745,0.011948542203754187
msd,250,50,45,2505168,0.5,nan,0.01,0.0,1.0,uniform,True,0.002850568502432038,0.0020715172916445646,0.002850568502432038,0.4986151929738095,0.4988832123738348,0.014867125079035759
msd,250,50,46,2505169,0.5,nan,0.01,0.0,1.0,uniform,True,0.0029713905719573885,0.0029713905719573885,0.002097438137924179,0.4986626788420794,0.4988209483145486,0.015334708150476217
msd,250,50,47,2505170,0.5,nan,0.01,0.0,1.0,uniform,True,0.0035246736526372557,0.0021882236742671868,0.0035246736526372557,0.49856644493543023,0.4988903438438827,0.012615666259080172
msd,250,50,48,2505171,0.5,nan,0.01,0.0,1.0,uniform,True,0.0031438013997522885,0.0031438013997522885,0.0023039923205601665,0.4991869987618018,0.4990277896863647,0.011562999803572893
msd,250,50,49,2505172,0.5,nan,0.01,0.0,1.0,uniform,True,0.0022869570290491303,0.0022869570290491303,0.00223475401041362,0.498553729396659,0.4988083296325434,0.01254704175516963
msd,250,50,50,2505173,0.5,nan,0.01,0.0,1.0,uniform,True,0.00291378431896544,0.002214604188038871,0.00291378431896544,0.4991161304237238,0.49925504564528206,0.011362290941178799
msd,250,50,51,2505174,0.5,nan,0.01,0.0,1.0,uniform,True,0.002644916166865019,0.002644916166865019,0.002643099231463275,0.49847519124258555,0.49918027856836805,0.011959666851907969
msd,250,50,52,2505175,0.5,nan,0.01,0.0,1.0,uniform,True,0.0026471684600661294,0.0026471684600661294,0.0023817213367094414,0.49835976221924866,0.4991217162498923,0.011789457872509956
msd,250,50,53,2505176,0.5,nan,0.01,0.0,1.0,uniform,True,0.0029910488460139217,0.0029910488460139217,0.002018977751596762,0.49835253630065673,0.4979495578861324,0.012274750042706728
msd,250,50,54,2505177,0.5,nan,0.01,0.0,1.0,uniform,True,0.003064427751706067,0.003064427751706067,0.0026590726921330576,0.4980318454125235,0.4992820402571655,0.012848792131990194
msd,250,50,55,2505178,0.5,nan,0.01,0.0,1.0,uniform,True,0.002655785680161671,0.002655785680161671,0.0021827027309460623,0.49779067073184946,0.49891897305809835,0.011681000236421824
msd,250,50,56,2505179,0.5,nan,0.01,0.0,1.0,uniform,True,0.0024079748339246865,0.0024079748339246865,0.002282584445193081,0.49881206987744714,0.49867693817511355,0.012568249832838774
msd,250,50,57,2505180,0.5,nan,0.01,0.0,1.0,uniform,True,0.0035940542063494507,0.0035940542063494507,0.0017778690465647395,0.4986795997558992,0.49895475199968264,0.011958834249526262
msd,250,50,58,2505181,0.5,nan,0.01,0.0,1.0,uniform,True,0.0028344393049997696,0.0028344393049997696,0.002243761913512776,0.4984059591645154,0.49841171711547433,0.012303791008889675
msd,250,50,59,2505182,0.5,nan,0.01,0.0,1.0,uniform,True,0.002855133284595357,0.002855133284595357,0.0027036740310938945,0.4988963308863294,0.49867397388603035,0.012285999953746796
msd,250,50,60,2505183,0.5,nan,0.01,0.0,1.0,uniform,True,0.003256615027651011,0.003256615027651011,0.0021161934011543204,0.49856776582040524,0.49854881151236496,0.012255957815796137
msd,250,50,61,2505184,0.5,nan,0.01,0.0,1.0,uniform,True,0.0027509708443025915,0.0027509708443025915,0.002423799154775974,0.4997264809703588,0.49920273667759274,0.013437749817967415
msd,250,50,62,2505185,0.5,nan,0.01,0.0,1.0,uniform,True,0.003108755561130605,0.00256759535217177,0.003108755561130605,0.49876780513915064,0.49877340824222877,0.012027292046695948
msd,250,50,63,2505186,0.5,nan,0.01,0.0,1.0,uniform,True,0.002562523724966681,0.0023229050529555706,0.002562523724966681,0.497964326331687,0.49880422748535824,0.012035083957016468
msd,250,50,64,2505187,0.5,nan,0.01,0.0,1.0,uniform,True,0.003479955839271631,0.003479955839271631,0.003354826894251761,0.4989957670126264,0.4990847048968368,0.011523958295583725
msd,250,50,65,2505188,0.5,nan,0.01,0.0,1.0,uniform,True,0.0031268422030179543,0.0031268422030179543,0.002476705624492148,0.49823884529828244,0.4987701645910528,0.011971833184361458
msd,250,50,66,2505189,0.5,nan,0.01,0.0,1.0,uniform,True,0.0024625371660677575,0.0024625371660677575,0.0020739155772072637,0.4989364761422747,0.49883916003985107,0.014276790898293257
msd,250,50,67,2505190,0.5,nan,0.01,0.0,1.0,uniform,True,0.002453640440363003,0.002237834541275685,0.002453640440363003,0.49868200574500465,0.4989276483878058,0.015039290767163038
msd,250,50,68,2505191,0.5,nan,0.01,0.0,1.0,uniform,True,0.0027043605901420076,0.0027043605901420076,0.00242087427034815,0.49873106540975054,0.4990815006350539,0.014394042082130909
msd,250,50,69,2505192,0.5,nan,0.01,0.0,1.0,uniform,True,0.003105038560779816,0.003105038560779816,0.001935853725142267,0.4984744694789178,0.49924964367799385,0.014593333937227726
msd,250,50,70,2505193,0.5,nan,0.01,0.0,1.0,uniform,True,0.0034133008875831816,0.0034133008875831816,0.0028880972370958213,0.49884335662512336,0.4987388833743638,0.015890334267169237
msd,250,50,71,2505194,0.5,nan,0.01,0.0,1.0,uniform,True,0.002513472466590394,0.002513472466590394,0.00240223673116996,0.4982471283789722,0.49948091949257906,0.014222082681953907
msd,250,50,72,2505195,0.5,nan,0.01,0.0,1.0,uniform,True,0.0024854796620933373,0.0024854796620933373,0.0022119485666756145,0.49845372887349904,0.4984074646332832,0.014461874961853027
msd,250,50,73,2505196,0.5,nan,0.01,0.0,1.0,uniform,True,0.002449134058154223,0.0024285123643864037,0.002449134058154223,0.49931343394329547,0.49870355175112263,0.01480483403429389
msd,250,50,74,2505197,0.5,nan,0.01,0.0,1.0,uniform,True,0.0030364477584404193,0.0030364477584404193,0.002370191625465201,0.49900897491296975,0.49891407224516576,0.014549875166267157
msd,250,50,75,2505198,0.5,nan,0.01,0.0,1.0,uniform,True,0.002771224460089705,0.002771224460089705,0.0024720015280094154,0.4988242193289443,0.4994795866802727,0.01428216602653265
msd,250,50,76,2505199,0.5,nan,0.01,0.0,1.0,uniform,True,0.002313493445873671,0.002111225766318503,0.002313493445873671,0.4991789080953126,0.49906261910924204,0.014571709092706442
msd,250,50,77,2505200,0.5,nan,0.01,0.0,1.0,uniform,True,0.0027567559175532552,0.002484659206108797,0.0027567559175532552,0.4986130340675932,0.49841934942484906,0.012770332861691713
msd,250,50,78,2505201,0.5,nan,0.01,0.0,1.0,uniform,True,0.002690796227465264,0.002690796227465264,0.00182268743868369,0.4987493434669402,0.49849500335012137,0.012720250058919191
msd,250,50,79,2505202,0.5,nan,0.01,0.0,1.0,uniform,True,0.0030707961750671142,0.0030707961750671142,0.0023728559743866895,0.4985663921394591,0.4991169860328724,0.012437125202268362
msd,250,50,80,2505203,0.5,nan,0.01,0.0,1.0,uniform,True,0.002883606761402313,0.0025029791605078455,0.002883606761402313,0.499293466202446,0.4984972233017515,0.01175091601908207
msd,250,50,81,2505204,0.5,nan,0.01,0.0,1.0,uniform,True,0.003913224087057854,0.0023101973742495896,0.003913224087057854,0.4991551185714547,0.4991296284485389,0.01241008285433054
msd,250,50,82,2505205,0.5,nan,0.01,0.0,1.0,uniform,True,0.0026135933571160286,0.0026135933571160286,0.002233919050725619,0.49940301334412,0.4992163223465487,0.012736042030155659
msd,250,50,83,2505206,0.5,nan,0.01,0.0,1.0,uniform,True,0.0029642163827774404,0.0029642163827774404,0.0026805695393082307,0.49862619798556806,0.4990740353058987,0.012628208845853806
msd,250,50,84,2505207,0.5,nan,0.01,0.0,1.0,uniform,True,0.002541779742597894,0.0022959389968520427,0.002541779742597894,0.4989676532293939,0.4982642666523877,0.012934375088661909
msd,250,50,85,2505208,0.5,nan,0.01,0.0,1.0,uniform,True,0.0026719719492868665,0.0014194012477110607,0.0026719719492868665,0.4985055350444743,0.4990408338930468,0.014588125050067902
msd,250,50,86,2505209,0.5,nan,0.01,0.0,1.0,uniform,True,0.0025217063810860085,0.0025217063810860085,0.002094939289558284,0.498567071910717,0.4995144564042081,0.01444608299061656
msd,250,50,87,2505210,0.5,nan,0.01,0.0,1.0,uniform,True,0.0028317434456704427,0.0028317434456704427,0.00281649763798808,0.4989996620860589,0.498850029095288,0.013404749799519777
msd,250,50,88,2505211,0.5,nan,0.01,0.0,1.0,uniform,True,0.0032037838333602853,0.002867601261413555,0.0032037838333602853,0.49888011976119123,0.4989067389185252,0.011695957742631435
msd,250,50,89,2505212,0.5,nan,0.01,0.0,1.0,uniform,True,0.002414276152804151,0.0016929930488572276,0.002414276152804151,0.49888376610598223,0.4991567077823927,0.014373375102877617
msd,250,50,90,2505213,0.5,nan,0.01,0.0,1.0,uniform,True,0.003204310352796169,0.0024313045715110837,0.003204310352796169,0.4990583064779909,0.49848663189308734,0.013947667088359594
msd,250,50,91,2505214,0.5,nan,0.01,0.0,1.0,uniform,True,0.0027405198042293466,0.0027405198042293466,0.002230362071252767,0.4983899843228176,0.49919815803260287,0.014509750064462423
msd,250,50,92,2505215,0.5,nan,0.01,0.0,1.0,uniform,True,0.0025964167737020927,0.0022793490024520247,0.0025964167737020927,0.4990327770642751,0.4987967113857536,0.014239999931305647
msd,250,50,93,2505216,0.5,nan,0.01,0.0,1.0,uniform,True,0.0026307568349357435,0.0026307568349357435,0.0022947934225446276,0.49893684680182704,0.4990301362737288,0.013039249926805496
msd,250,50,94,2505217,0.5,nan,0.01,0.0,1.0,uniform,True,0.0035984205249794954,0.0017306375048907752,0.0035984205249794954,0.49875832938153786,0.4994118200100831,0.013573499862104654
msd,250,50,95,2505218,0.5,nan,0.01,0.0,1.0,uniform,True,0.0031463750753558117,0.0031463750753558117,0.002642993817698891,0.4984539108553587,0.49900397546598924,0.017194957938045263
msd,250,50,96,2505219,0.5,nan,0.01,0.0,1.0,uniform,True,0.002348632975161191,0.002348632975161191,0.002059345292086734,0.49886336163881184,0.4989795651124529,0.013808458112180233
msd,250,50,97,2505220,0.5,nan,0.01,0.0,1.0,uniform,True,0.0027874980798534565,0.0022195807004485313,0.0027874980798534565,0.49856270514929873,0.4984970422430556,0.013345208019018173
msd,250,50,98,2505221,0.5,nan,0.01,0.0,1.0,uniform,True,0.00277155457612982,0.00209839824414082,0.00277155457612982,0.49899576550415314,0.4986290973833703,0.013178166933357716
msd,250,50,99,2505222,0.5,nan,0.01,0.0,1.0,uniform,True,0.002811467122038336,0.0013502586559494545,0.002811467122038336,0.49862007554017895,0.49846740173795784,0.013724499847739935
msd,500,5,0,5000623,0.5,nan,0.01,0.0,1.0,uniform,True,0.0016454655188334333,0.0013951754779020775,0.0016454655188334333,0.4914527529489596,0.48213780943063317,0.012460208032280207
msd,500,5,1,5000624,0.5,nan,0.01,0.0,1.0,uniform,True,0.002528100727094418,0.0020359127387549747,0.002528100727094418,0.4903486713854087,0.49109970622595495,0.01133929193019867
msd,500,5,2,5000625,0.5,nan,0.01,0.0,1.0,uniform,True,0.0012377084270286942,0.0012377084270286942,0.0009805972371723648,0.4863779315511626,0.48807315472562623,0.011588792316615582
msd,500,5,3,5000626,0.5,nan,0.01,0.0,1.0,uniform,True,0.0035758863768616256,0.0035758863768616256,0.0015907623854566344,0.4905364230236696,0.49651128957684026,0.01245812512934208
msd,500,5,4,5000627,0.5,nan,0.01,0.0,1.0,uniform,True,0.001356770267682661,0.001356770267682661,2.664723114564893e-05,0.48890133746626224,0.4909530799024114,0.012203250080347061
msd,500,5,5,5000628,0.5,nan,0.01,0.0,1.0,uniform,True,0.0030763265969361298,0.0030763265969361298,0.00039376613766017865,0.4860409854677242,0.4889805836920839,0.011754166334867477
msd,500,5,6,5000629,0.5,nan,0.01,0.0,1.0,uniform,True,0.0008234561446832656,0.0008234561446832656,0.0005293729418490156,0.4899812499404897,0.4845929403241647,0.011676083318889141
msd,500,5,7,5000630,0.5,nan,0.01,0.0,1.0,uniform,True,0.0009086192627617007,0.0009086192627617007,0.0006755196420344389,0.4916586483627383,0.49073643596585137,0.01165033271536231
msd,500,5,8,5000631,0.5,nan,0.01,0.0,1.0,uniform,True,0.0017695162289131927,0.0008072711168492508,0.0017695162289131927,0.48900435317432356,0.49276925883524064,0.011632250156253576
msd,500,5,9,5000632,0.5,nan,0.01,0.0,1.0,uniform,True,0.0025586413186911017,0.0015654108019729218,0.0025586413186911017,0.4884085788158794,0.4886427395194851,0.010946833062916994
msd,500,5,10,5000633,0.5,nan,0.01,0.0,1.0,uniform,True,0.001463386113768228,0.0014629696976887208,0.001463386113768228,0.4885916775521206,0.4893983004760645,0.011018292047083378
msd,500,5,11,5000634,0.5,nan,0.01,0.0,1.0,uniform,True,0.0010748044242741006,0.0009170967053597767,0.0010748044242741006,0.49028279551431797,0.48824629870952707,0.011367459315806627
msd,500,5,12,5000635,0.5,nan,0.01,0.0,1.0,uniform,True,0.002598125015230379,0.0008760038995824782,0.002598125015230379,0.4873809219730564,0.4908174079000087,0.011205417104065418
msd,500,5,13,5000636,0.5,nan,0.01,0.0,1.0,uniform,True,0.0009528066014610204,0.0009528066014610204,0.0007482257067201736,0.49208132835513535,0.4908826773231732,0.011097792070358992
msd,500,5,14,5000637,0.5,nan,0.01,0.0,1.0,uniform,True,0.002028162835909564,0.0008068070189303778,0.002028162835909564,0.4895923378664429,0.48989376747564717,0.011076833587139845
msd,500,5,15,5000638,0.5,nan,0.01,0.0,1.0,uniform,True,0.002195563787360244,0.002195563787360244,0.002057671607171352,0.48958324894330124,0.48313661745233966,0.010929499752819538
msd,500,5,16,5000639,0.5,nan,0.01,0.0,1.0,uniform,True,0.0008584549254128659,0.0008584549254128659,0.0003254203264233535,0.4915824894400003,0.48630624952925866,0.011572792194783688
msd,500,5,17,5000640,0.5,nan,0.01,0.0,1.0,uniform,True,0.0008685331704629262,0.00022981385178511005,0.0008685331704629262,0.4845021301927874,0.4960259406352707,0.011902790982276201
msd,500,5,18,5000641,0.5,nan,0.01,0.0,1.0,uniform,True,0.003630766832217691,0.0028658136616852015,0.003630766832217691,0.4875068484607507,0.4900421102287951,0.010264500044286251
msd,500,5,19,5000642,0.5,nan,0.01,0.0,1.0,uniform,True,0.0024936401830493726,0.0024936401830493726,0.0016184455235383477,0.48565906278496507,0.49172837103240036,0.01054537482559681
msd,500,5,20,5000643,0.5,nan,0.01,0.0,1.0,uniform,True,0.0011326166849973673,4.237488184327676e-05,0.0011326166849973673,0.48641505775876165,0.4880115068146302,0.010987999849021435
msd,500,5,21,5000644,0.5,nan,0.01,0.0,1.0,uniform,True,0.0013179894477505782,0.0013179894477505782,0.0005932925217045915,0.4918614762460518,0.48773017927824514,0.010571707971394062
msd,500,5,22,5000645,0.5,nan,0.01,0.0,1.0,uniform,True,0.001569546814461642,9.513516357473328e-05,0.001569546814461642,0.4926476816284636,0.48955989697813573,0.010770916938781738
msd,500,5,23,5000646,0.5,nan,0.01,0.0,1.0,uniform,True,0.0010812229081411662,0.0010812229081411662,0.00027449287042285997,0.4878884315850132,0.489989981834484,0.011079125106334686
msd,500,5,24,5000647,0.5,nan,0.01,0.0,1.0,uniform,True,0.0006912971956269387,0.00034052961525654624,0.0006912971956269387,0.4897984500557185,0.49042332813543466,0.011071499902755022
msd,500,5,25,5000648,0.5,nan,0.01,0.0,1.0,uniform,True,0.0016589265020446886,0.0016589265020446886,0.0011409379554260801,0.48490856443212066,0.48931525907260376,0.010697375051677227
msd,500,5,26,5000649,0.5,nan,0.01,0.0,1.0,uniform,True,0.0013866068354297378,0.0013866068354297378,0.0005860210191763748,0.4924253608701224,0.48705743543953806,0.010826291982084513
msd,500,5,27,5000650,0.5,nan,0.01,0.0,1.0,uniform,True,0.0012119238882886685,0.0012119238882886685,0.0008763948983557812,0.4884098513225606,0.48940984231761425,0.010981624945998192
msd,500,5,28,5000651,0.5,nan,0.01,0.0,1.0,uniform,True,0.00237399503440483,0.00237399503440483,0.00012403115699627376,0.4868422067995175,0.4864745275294744,0.01083354139700532
msd,500,5,29,5000652,0.5,nan,0.01,0.0,1.0,uniform,True,0.0008034592317537892,0.0008034592317537892,0.0007878014646991449,0.49000002548285493,0.4865416727426021,0.0109803332015872
msd,500,5,30,5000653,0.5,nan,0.01,0.0,1.0,uniform,True,0.0019306207032146472,0.0005396793356250984,0.0019306207032146472,0.48780636839241814,0.48444660917379617,0.01057450007647276
msd,500,5,31,5000654,0.5,nan,0.01,0.0,1.0,uniform,True,0.000542927115274594,0.000542927115274594,0.0005378736460318057,0.48970353110950554,0.4845783786416451,0.011180666740983725
msd,500,5,32,5000655,0.5,nan,0.01,0.0,1.0,uniform,True,0.000488763959984817,0.00029314699590188287,0.000488763959984817,0.4913406466366907,0.48896065798053256,0.010891166981309652
msd,500,5,33,5000656,0.5,nan,0.01,0.0,1.0,uniform,True,0.0016779390076900325,0.001611950483370761,0.0016779390076900325,0.4880637257187979,0.4956214566249488,0.011356041766703129
msd,500,5,34,5000657,0.5,nan,0.01,0.0,1.0,uniform,True,0.0008264207611372587,0.0006019394963795444,0.0008264207611372587,0.4935956945397336,0.48658167113624484,0.011218249797821045
msd,500,5,35,5000658,0.5,nan,0.01,0.0,1.0,uniform,True,0.0005925438481664824,0.0005925438481664824,0.00028815628827405515,0.48606654073105593,0.48888144194909366,0.011123874690383673
msd,500,5,36,5000659,0.5,nan,0.01,0.0,1.0,uniform,True,0.0008686081049709138,0.00028349184631959456,0.0008686081049709138,0.4914404801550468,0.4847100459713176,0.011296499986201525
msd,500,5,37,5000660,0.5,nan,0.01,0.0,1.0,uniform,True,0.0014234198750281424,0.0004557385509417755,0.0014234198750281424,0.4852162765978258,0.4901551933377429,0.011283708270639181
msd,500,5,38,5000661,0.5,nan,0.01,0.0,1.0,uniform,True,0.0005067312380898636,0.0005067312380898636,0.00022410079502099833,0.4823762933619503,0.4923105118157749,0.011790667194873095
msd,500,5,39,5000662,0.5,nan,0.01,0.0,1.0,uniform,True,0.001507604764131809,0.0012561563495551153,0.001507604764131809,0.49055651042757165,0.48785196708083,0.010592250153422356
msd,500,5,40,5000663,0.5,nan,0.01,0.0,1.0,uniform,True,0.004426645496192982,0.004426645496192982,0.001207632191726482,0.489213788471143,0.49289167803884265,0.010732625145465136
msd,500,5,41,5000664,0.5,nan,0.01,0.0,1.0,uniform,True,0.003693949615431291,0.003693949615431291,0.0018987683623263307,0.4885120372593738,0.48572261656824406,0.010936416685581207
msd,500,5,42,5000665,0.5,nan,0.01,0.0,1.0,uniform,True,0.0014508417150231323,0.0014508417150231323,0.0003607849189557477,0.4896378560493192,0.4916439854223868,0.011468666605651379
msd,500,5,43,5000666,0.5,nan,0.01,0.0,1.0,uniform,True,0.002328271466318532,0.002328271466318532,0.0002905709447187932,0.48901698408783484,0.48671520709481986,0.011106709018349648
msd,500,5,44,5000667,0.5,nan,0.01,0.0,1.0,uniform,True,0.002085508159502647,0.0013998154176731448,0.002085508159502647,0.4885624609544589,0.486254925471559,0.0108282919973135
msd,500,5,45,5000668,0.5,nan,0.01,0.0,1.0,uniform,True,0.0015750773343536362,0.0008831173292511707,0.0015750773343536362,0.4864555674537352,0.4880699973944718,0.011136000044643879
msd,500,5,46,5000669,0.5,nan,0.01,0.0,1.0,uniform,True,0.0025669269262288408,0.0025669269262288408,0.0007850255021396579,0.4869413373173546,0.4891057958873208,0.010793874971568584
msd,500,5,47,5000670,0.5,nan,0.01,0.0,1.0,uniform,True,0.0006554125161112312,0.0006554125161112312,0.0005748640562731611,0.4928716513793435,0.48542721693990554,0.011065333150327206
msd,500,5,48,5000671,0.5,nan,0.01,0.0,1.0,uniform,True,0.003019799477694096,0.003019799477694096,0.0005424208782046636,0.48644697581547636,0.4845256410808512,0.011083916760981083
msd,500,5,49,5000672,0.5,nan,0.01,0.0,1.0,uniform,True,0.001882636467052612,0.001882636467052612,0.0008326547356583003,0.48548155178776137,0.4894177101450021,0.010754666291177273
msd,500,5,50,5000673,0.5,nan,0.01,0.0,1.0,uniform,True,0.0015225518607784316,0.0007558228935249378,0.0015225518607784316,0.49111025908193756,0.4852747900071972,0.011084291152656078
msd,500,5,51,5000674,0.5,nan,0.01,0.0,1.0,uniform,True,0.0030509602873334263,0.0030509602873334263,0.0019138908563733348,0.4884042164440208,0.4882713828175242,0.01043462473899126
msd,500,5,52,5000675,0.5,nan,0.01,0.0,1.0,uniform,True,0.0021652148373535463,0.0021652148373535463,0.0008312534833777585,0.48856720207298504,0.49243449092981373,0.010904042050242424
msd,500,5,53,5000676,0.5,nan,0.01,0.0,1.0,uniform,True,0.001255039119804957,0.0011555607752123387,0.001255039119804957,0.49029639272222697,0.4835354250145859,0.01105812517926097
msd,500,5,54,5000677,0.5,nan,0.01,0.0,1.0,uniform,True,0.0030500153158982135,0.0010045392844930112,0.0030500153158982135,0.4858746713381707,0.48650515220763313,0.010620249900966883
msd,500,5,55,5000678,0.5,nan,0.01,0.0,1.0,uniform,True,0.001595266265848272,0.00039421055086175105,0.001595266265848272,0.492018986680773,0.49040268550806665,0.011334416922181845
msd,500,5,56,5000679,0.5,nan,0.01,0.0,1.0,uniform,True,0.0012119235566752096,0.0012119235566752096,0.00047942784640475633,0.48811299135801384,0.48927127188156005,0.011202624998986721
msd,500,5,57,5000680,0.5,nan,0.01,0.0,1.0,uniform,True,0.0009984734959882502,0.00022125699612285388,0.0009984734959882502,0.4885047214560657,0.49179256687423234,0.010693250223994255
msd,500,5,58,5000681,0.5,nan,0.01,0.0,1.0,uniform,True,0.001403337820827022,0.0012483879786575058,0.001403337820827022,0.4901358805442922,0.48733105667284055,0.010480666998773813
msd,500,5,59,5000682,0.5,nan,0.01,0.0,1.0,uniform,True,0.002603692695304749,0.002603692695304749,0.0001344466688505408,0.49019096214189684,0.4901770679257951,0.011193667072802782
msd,500,5,60,5000683,0.5,nan,0.01,0.0,1.0,uniform,True,0.0006447682776217212,0.0006447682776217212,6.726975593657203e-05,0.48960065235527034,0.48890599995453793,0.010825958102941513
msd,500,5,61,5000684,0.5,nan,0.01,0.0,1.0,uniform,True,0.00153881464625788,0.0012597908070396957,0.00153881464625788,0.4879228983058304,0.4865389531553515,0.010832209140062332
msd,500,5,62,5000685,0.5,nan,0.01,0.0,1.0,uniform,True,0.0033119945834259035,0.0033119945834259035,0.00021688565180533192,0.4920267100768202,0.4855737275267974,0.010770833119750023
msd,500,5,63,5000686,0.5,nan,0.01,0.0,1.0,uniform,True,0.001007740386674394,0.00046068789437558877,0.001007740386674394,0.49075720015724283,0.4920689543078401,0.01142204087227583
msd,500,5,64,5000687,0.5,nan,0.01,0.0,1.0,uniform,True,0.0035148908390305045,0.0035148908390305045,0.0021109880402511716,0.48910108447565975,0.4909728985888028,0.010379917453974485
msd,500,5,65,5000688,0.5,nan,0.01,0.0,1.0,uniform,True,0.0013638381588577664,0.0011000080930843037,0.0013638381588577664,0.48892713834780116,0.4854761501875013,0.010652749799191952
msd,500,5,66,5000689,0.5,nan,0.01,0.0,1.0,uniform,True,0.002101396515029774,0.002101396515029774,0.0006292382136477426,0.4907574967447713,0.48501244755722966,0.010747417341917753
msd,500,5,67,5000690,0.5,nan,0.01,0.0,1.0,uniform,True,0.0032649254227304914,0.0032649254227304914,0.0002201692337180372,0.48655197666486816,0.4944045770893422,0.010592625010758638
msd,500,5,68,5000691,0.5,nan,0.01,0.0,1.0,uniform,True,0.0038338424745338884,0.0038338424745338884,0.0001967230049758073,0.48378410534409927,0.48740514547985514,0.010752707719802856
msd,500,5,69,5000692,0.5,nan,0.01,0.0,1.0,uniform,True,0.001163602571874367,0.0004155595597464812,0.001163602571874367,0.48353792559486203,0.48572004347550857,0.012413125019520521
msd,500,5,70,5000693,0.5,nan,0.01,0.0,1.0,uniform,True,0.0009855607203524408,0.0009855607203524408,0.0004258942490480422,0.4850850960612156,0.483151379564032,0.013603415805846453
msd,500,5,71,5000694,0.5,nan,0.01,0.0,1.0,uniform,True,0.0013842692562208159,0.0013842692562208159,0.0005985082923326557,0.48738313282728823,0.49280145022212235,0.012044125236570835
msd,500,5,72,5000695,0.5,nan,0.01,0.0,1.0,uniform,True,0.0012067605591922215,0.0012067605591922215,0.0010579670837844724,0.49025804681837365,0.4905158559538832,0.012328125070780516
msd,500,5,73,5000696,0.5,nan,0.01,0.0,1.0,uniform,True,0.001566139431605107,0.001566139431605107,0.0005044865210177552,0.4857198215002331,0.486943001371683,0.012218707706779242
msd,500,5,74,5000697,0.5,nan,0.01,0.0,1.0,uniform,True,0.0012552352228198393,0.0012552352228198393,0.000394574496245359,0.4893600713822036,0.48645957877640184,0.011387582868337631
msd,500,5,75,5000698,0.5,nan,0.01,0.0,1.0,uniform,True,0.0033491075385187474,0.0033491075385187474,0.0015069209434281916,0.4850621598771843,0.48961076442757356,0.011301917023956776
msd,500,5,76,5000699,0.5,nan,0.01,0.0,1.0,uniform,True,0.00103311573581788,0.0007079612817041392,0.00103311573581788,0.4882627037204172,0.4878381625514455,0.012187666725367308
msd,500,5,77,5000700,0.5,nan,0.01,0.0,1.0,uniform,True,0.001379652074563309,0.0005752720445036941,0.001379652074563309,0.4922807190770704,0.4899508940720884,0.011404667049646378
msd,500,5,78,5000701,0.5,nan,0.01,0.0,1.0,uniform,True,0.0012081852092665213,0.00031598589383063924,0.0012081852092665213,0.4832822941837892,0.48672706349736256,0.011594833806157112
msd,500,5,79,5000702,0.5,nan,0.01,0.0,1.0,uniform,True,0.0028832297095113257,0.0028832297095113257,0.0008236700715071876,0.48919566467867254,0.489692644273407,0.011021249927580357
msd,500,5,80,5000703,0.5,nan,0.01,0.0,1.0,uniform,True,0.003036364277638204,0.0005175338379396766,0.003036364277638204,0.4866471801255661,0.4862933144985581,0.010984332766383886
msd,500,5,81,5000704,0.5,nan,0.01,0.0,1.0,uniform,True,0.002074234646410933,0.0009186672825047815,0.002074234646410933,0.49022790550657797,0.48658409481346127,0.010615000035613775
msd,500,5,82,5000705,0.5,nan,0.01,0.0,1.0,uniform,True,0.0026141933739862733,0.0009308226221809157,0.0026141933739862733,0.48846465746390594,0.4893830125286828,0.01074870815500617
msd,500,5,83,5000706,0.5,nan,0.01,0.0,1.0,uniform,True,0.0017104159677153175,0.0017104159677153175,0.0002422619832962991,0.4879754012211833,0.4894537868080795,0.011016584001481533
msd,500,5,84,5000707,0.5,nan,0.01,0.0,1.0,uniform,True,0.0009304283351383447,0.0006256456923014464,0.0009304283351383447,0.4896913228321517,0.488706816829913,0.011192624922841787
msd,500,5,85,5000708,0.5,nan,0.01,0.0,1.0,uniform,True,0.001718348076217291,0.001718348076217291,0.0004338576811923067,0.4849712282618085,0.4881061572572692,0.011958375107496977
msd,500,5,86,5000709,0.5,nan,0.01,0.0,1.0,uniform,True,0.001634185565413504,0.0006699851130072543,0.001634185565413504,0.4858854403208742,0.4905268354959944,0.01216033287346363
msd,500,5,87,5000710,0.5,nan,0.01,0.0,1.0,uniform,True,0.0015384240870200405,0.0003936935444765477,0.0015384240870200405,0.48338726684992966,0.48782827953505864,0.012377959210425615
msd,500,5,88,5000711,0.5,nan,0.01,0.0,1.0,uniform,True,0.0014837433070871708,0.0006742059935604949,0.0014837433070871708,0.4864752389056099,0.487927046325492,0.014042708091437817
msd,500,5,89,5000712,0.5,nan,0.01,0.0,1.0,uniform,True,0.0014401000131075703,0.0011703258896803015,0.0014401000131075703,0.4866398582670995,0.49153813540398034,0.012615374755114317
msd,500,5,90,5000713,0.5,nan,0.01,0.0,1.0,uniform,True,0.002505165619909877,0.001186795495538684,0.002505165619909877,0.4894317164224924,0.4880956428053125,0.012447917368263006
msd,500,5,91,5000714,0.5,nan,0.01,0.0,1.0,uniform,True,0.0004177365909513453,0.0004177365909513453,0.0003563963091541278,0.49115104832187206,0.48659745867689813,0.011662041768431664
msd,500,5,92,5000715,0.5,nan,0.01,0.0,1.0,uniform,True,0.0012103489111747745,0.001033672461084989,0.0012103489111747745,0.4889263743541578,0.48876650308620506,0.011532749980688095
msd,500,5,93,5000716,0.5,nan,0.01,0.0,1.0,uniform,True,0.0007756716658327556,0.0005799196757116376,0.0007756716658327556,0.49257757417674336,0.48428814741788806,0.011352707631886005
msd,500,5,94,5000717,0.5,nan,0.01,0.0,1.0,uniform,True,0.0015657314355308483,0.0015657314355308483,0.0013069917147814358,0.48770159279958925,0.4899896975882704,0.01099412515759468
msd,500,5,95,5000718,0.5,nan,0.01,0.0,1.0,uniform,True,0.0017680225408577277,0.0015231570982685572,0.0017680225408577277,0.49091176722393876,0.4872828737828456,0.01115883281454444
msd,500,5,96,5000719,0.5,nan,0.01,0.0,1.0,uniform,True,0.002323140074845298,0.0012586581358341453,0.002323140074845298,0.4853619707860105,0.48757194468579457,0.011180249974131584
msd,500,5,97,5000720,0.5,nan,0.01,0.0,1.0,uniform,True,0.0012347252096949757,0.0012347252096949757,0.0005884296124947785,0.4866773952963581,0.48910723743463796,0.011313332710415125
msd,500,5,98,5000721,0.5,nan,0.01,0.0,1.0,uniform,True,0.0023386698707830167,0.0023386698707830167,0.00014850016681622336,0.4903940879671359,0.48803638724806714,0.011144625023007393
msd,500,5,99,5000722,0.5,nan,0.01,0.0,1.0,uniform,True,0.0006278956044288297,0.00023865487173757582,0.0006278956044288297,0.4866498519758341,0.49458312437413415,0.011365832760930061
msd,500,10,0,5001123,0.5,nan,0.01,0.0,1.0,uniform,True,0.0009950163991835903,0.0007377314739965835,0.0009950163991835903,0.4962194085094791,0.492696079752307,0.015130875166505575
msd,500,10,1,5001124,0.5,nan,0.01,0.0,1.0,uniform,True,0.002266048828108269,0.002266048828108269,0.001084391159337339,0.4936810810592496,0.4912368110838599,0.013587167020887136
msd,500,10,2,5001125,0.5,nan,0.01,0.0,1.0,uniform,True,0.0015862436794384371,0.0015862436794384371,0.0013062843629735865,0.49294335397568606,0.4938947621215483,0.013551457785069942
msd,500,10,3,5001126,0.5,nan,0.01,0.0,1.0,uniform,True,0.001046432673997122,0.0009674435438583595,0.001046432673997122,0.4944534393761461,0.49462800779370103,0.014763250015676022
msd,500,10,4,5001127,0.5,nan,0.01,0.0,1.0,uniform,True,0.002459898931434723,0.002459898931434723,0.0008780653677240569,0.4943248094939916,0.4948827035835252,0.014624792151153088
msd,500,10,5,5001128,0.5,nan,0.01,0.0,1.0,uniform,True,0.0024306970385500892,0.0011289163190948415,0.0024306970385500892,0.495406165481002,0.49408330630066905,0.014501375146210194
msd,500,10,6,5001129,0.5,nan,0.01,0.0,1.0,uniform,True,0.0013907323740572908,0.0011100402559950373,0.0013907323740572908,0.49487409551301115,0.4955222642310264,0.014596541877835989
msd,500,10,7,5001130,0.5,nan,0.01,0.0,1.0,uniform,True,0.0027609360524785687,0.001603501388885209,0.0027609360524785687,0.49309500702423525,0.4930033692842621,0.013279750011861324
msd,500,10,8,5001131,0.5,nan,0.01,0.0,1.0,uniform,True,0.0014603729401067578,0.0009955812624048432,0.0014603729401067578,0.49152810921013734,0.49487488418600833,0.013846415560692549
msd,500,10,9,5001132,0.5,nan,0.01,0.0,1.0,uniform,True,0.0017465270950102196,0.0017465270950102196,0.001039750111525517,0.4950094437907741,0.4947554746964437,0.01474395813420415
msd,500,10,10,5001133,0.5,nan,0.01,0.0,1.0,uniform,True,0.0012640426720690878,0.0012640426720690878,0.0009282123921500185,0.4947480597699301,0.4938661924919461,0.0143436249345541
msd,500,10,11,5001134,0.5,nan,0.01,0.0,1.0,uniform,True,0.0026720235643765133,0.0022217321616174734,0.0026720235643765133,0.4936359426874505,0.49542065482080033,0.013311624992638826
msd,500,10,12,5001135,0.5,nan,0.01,0.0,1.0,uniform,True,0.0023689778582112186,0.0007168187100604073,0.0023689778582112186,0.4949980713598147,0.49615796568449066,0.01477629179134965
msd,500,10,13,5001136,0.5,nan,0.01,0.0,1.0,uniform,True,0.0025556755160979217,0.0025556755160979217,0.0014262644113897105,0.4930978870094633,0.4958301653490388,0.014167792163789272
msd,500,10,14,5001137,0.5,nan,0.01,0.0,1.0,uniform,True,0.0020164968961138285,0.0020164968961138285,0.0005426149573587447,0.49561743159044463,0.49523449257923396,0.014420749619603157
msd,500,10,15,5001138,0.5,nan,0.01,0.0,1.0,uniform,True,0.001302538373971096,0.0007681735367518483,0.001302538373971096,0.4930009728589576,0.49480650964487116,0.014923833310604095
msd,500,10,16,5001139,0.5,nan,0.01,0.0,1.0,uniform,True,0.0020702046223420867,0.0017924747427714993,0.0020702046223420867,0.49357660964116523,0.49276741276142416,0.013918207958340645
msd,500,10,17,5001140,0.5,nan,0.01,0.0,1.0,uniform,True,0.001535032105294487,0.001535032105294487,0.0010027897625610183,0.49612002786636805,0.49345618011524417,0.01508491626009345
msd,500,10,18,5001141,0.5,nan,0.01,0.0,1.0,uniform,True,0.0022580562991372233,0.0022580562991372233,0.0013410662309070176,0.49386143135830385,0.493914886885466,0.013765666168183088
msd,500,10,19,5001142,0.5,nan,0.01,0.0,1.0,uniform,True,0.0014750383636968345,0.0009360147363812743,0.0014750383636968345,0.4943978516873779,0.4948025995064527,0.015052166767418385
msd,500,10,20,5001143,0.5,nan,0.01,0.0,1.0,uniform,True,0.0019642693615569695,0.0019642693615569695,0.001958296642068924,0.4956956966619083,0.4942076550410326,0.014478666707873344
msd,500,10,21,5001144,0.5,nan,0.01,0.0,1.0,uniform,True,0.0012515013363895156,0.0008977350710459575,0.0012515013363895156,0.49546172816313533,0.49487869152773006,0.014723458793014288
msd,500,10,22,5001145,0.5,nan,0.01,0.0,1.0,uniform,True,0.001306785583307768,0.001306785583307768,0.000879167617108878,0.4928471083481598,0.4935053094706292,0.01456924993544817
msd,500,10,23,5001146,0.5,nan,0.01,0.0,1.0,uniform,True,0.0020416397961872668,0.0020416397961872668,0.0011130698250210735,0.49217214518806374,0.49411193174963525,0.014978624880313873
msd,500,10,24,5001147,0.5,nan,0.01,0.0,1.0,uniform,True,0.0025197984285111885,0.0025197984285111885,0.0009110653375181132,0.4933245631597555,0.49517628433142546,0.01371679175645113
msd,500,10,25,5001148,0.5,nan,0.01,0.0,1.0,uniform,True,0.0021484577888907785,0.0021484577888907785,0.0014921698357419078,0.49331652266804166,0.49479031881826985,0.01370358420535922
msd,500,10,26,5001149,0.5,nan,0.01,0.0,1.0,uniform,True,0.0015689457985373911,0.0015043217886216986,0.0015689457985373911,0.49417994343470356,0.4958653684523509,0.01436120830476284
msd,500,10,27,5001150,0.5,nan,0.01,0.0,1.0,uniform,True,0.002656484052122543,0.002656484052122543,0.001114142580394606,0.49471834881380805,0.4964006166618005,0.013361707795411348
msd,500,10,28,5001151,0.5,nan,0.01,0.0,1.0,uniform,True,0.0017533721404033864,0.00047992304203309244,0.0017533721404033864,0.49451084644536786,0.49460842492060336,0.013964416924864054
msd,500,10,29,5001152,0.5,nan,0.01,0.0,1.0,uniform,True,0.001971414195630905,0.001971414195630905,0.0007886084258886816,0.4945752430124684,0.49490719571355246,0.014298707712441683
msd,500,10,30,5001153,0.5,nan,0.01,0.0,1.0,uniform,True,0.0013177715238424925,0.0007726457427014166,0.0013177715238424925,0.4932937935134306,0.49515054705857925,0.01698929164558649
msd,500,10,31,5001154,0.5,nan,0.01,0.0,1.0,uniform,True,0.0025858539651719137,0.0025858539651719137,0.001569978138737771,0.49414309576183935,0.49507234368805286,0.016591500025242567
msd,500,10,32,5001155,0.5,nan,0.01,0.0,1.0,uniform,True,0.002141776625041114,0.0014011602705877868,0.002141776625041114,0.4947978727082731,0.49399943611325475,0.014322750270366669
msd,500,10,33,5001156,0.5,nan,0.01,0.0,1.0,uniform,True,0.0016213166094870557,0.0016213166094870557,0.0007619518692915106,0.494036306808687,0.4937087435087863,0.014262749813497066
msd,500,10,34,5001157,0.5,nan,0.01,0.0,1.0,uniform,True,0.0019733334302889927,0.001786838389090828,0.0019733334302889927,0.495953079172913,0.49636576289903883,0.01388558279722929
msd,500,10,35,5001158,0.5,nan,0.01,0.0,1.0,uniform,True,0.0023808268295781865,0.0021769607090479925,0.0023808268295781865,0.49475936528927345,0.49505459986135353,0.014427457936108112
msd,500,10,36,5001159,0.5,nan,0.01,0.0,1.0,uniform,True,0.001913106322512903,0.0014982096419334234,0.001913106322512903,0.49391259157739564,0.4941559751401484,0.015347582753747702
msd,500,10,37,5001160,0.5,nan,0.01,0.0,1.0,uniform,True,0.00310599686307228,0.00310599686307228,0.0019079515637739908,0.4940359035585769,0.49612726285286163,0.014478540979325771
msd,500,10,38,5001161,0.5,nan,0.01,0.0,1.0,uniform,True,0.0021201539867878316,0.0009884343217353986,0.0021201539867878316,0.49578222070579053,0.49293597313726867,0.015511791221797466
msd,500,10,39,5001162,0.5,nan,0.01,0.0,1.0,uniform,True,0.0021148368181232446,0.0018310918243249485,0.0021148368181232446,0.4937550460192412,0.49302525261558217,0.014679375104606152
msd,500,10,40,5001163,0.5,nan,0.01,0.0,1.0,uniform,True,0.0019400124700337806,0.00035588562556559955,0.0019400124700337806,0.49593839393941735,0.4909986668380901,0.015526415780186653
msd,500,10,41,5001164,0.5,nan,0.01,0.0,1.0,uniform,True,0.0018710725176641074,0.0018710725176641074,0.000548646197592817,0.4925382451199641,0.4952227254624823,0.014497749973088503
msd,500,10,42,5001165,0.5,nan,0.01,0.0,1.0,uniform,True,0.001390450860914938,0.001390450860914938,0.00045494015056324333,0.4953897680880374,0.49510579632325913,0.014509416185319424
msd,500,10,43,5001166,0.5,nan,0.01,0.0,1.0,uniform,True,0.002641913555278985,0.002641913555278985,0.0020829520720072603,0.4951029209635226,0.4963935848782062,0.013319166842848063
msd,500,10,44,5001167,0.5,nan,0.01,0.0,1.0,uniform,True,0.0014507445922065099,0.0014507445922065099,0.0010630265804476569,0.4962575026419281,0.49509987249075266,0.014682125300168991
msd,500,10,45,5001168,0.5,nan,0.01,0.0,1.0,uniform,True,0.002400352830803365,0.0012777078135449704,0.002400352830803365,0.4975455310773853,0.4954811931387704,0.014340625144541264
msd,500,10,46,5001169,0.5,nan,0.01,0.0,1.0,uniform,True,0.0016352718846557868,0.0010573157635783148,0.0016352718846557868,0.4948031102996703,0.4928207889909389,0.014800792094320059
msd,500,10,47,5001170,0.5,nan,0.01,0.0,1.0,uniform,True,0.0016796369217614293,0.0016796369217614293,0.0008916290337038224,0.49375073890336707,0.49355816934151814,0.014646875206381083
msd,500,10,48,5001171,0.5,nan,0.01,0.0,1.0,uniform,True,0.002071693828355259,0.0018689883407646546,0.002071693828355259,0.4936647485743745,0.49724309441433734,0.013459166046231985
msd,500,10,49,5001172,0.5,nan,0.01,0.0,1.0,uniform,True,0.0014838230781531458,0.0014838230781531458,0.0011670767136119364,0.49469803983770994,0.4934661730818778,0.01374666579067707
msd,500,10,50,5001173,0.5,nan,0.01,0.0,1.0,uniform,True,0.0030506860740514563,0.0016146137583096243,0.0030506860740514563,0.49316689203735675,0.48941718155033676,0.013268582988530397
msd,500,10,51,5001174,0.5,nan,0.01,0.0,1.0,uniform,True,0.0027523019946725236,0.0027523019946725236,0.00199654600026955,0.493607105984344,0.49314077904905507,0.013775208033621311
msd,500,10,52,5001175,0.5,nan,0.01,0.0,1.0,uniform,True,0.0016953740636038162,0.0016953740636038162,0.0014394040948861875,0.4942762345561358,0.4959445025976511,0.014582083094865084
msd,500,10,53,5001176,0.5,nan,0.01,0.0,1.0,uniform,True,0.001335495606061221,0.0011460796413582108,0.001335495606061221,0.4958353678710506,0.49343056188204454,0.013818541076034307
msd,500,10,54,5001177,0.5,nan,0.01,0.0,1.0,uniform,True,0.0017785025901228546,0.0017785025901228546,0.0011882098808595476,0.4927240503578517,0.49473461922045736,0.014124459121376276
msd,500,10,55,5001178,0.5,nan,0.01,0.0,1.0,uniform,True,0.0011948011801629077,0.0011948011801629077,0.0006693358045307685,0.49334099264927056,0.4936840665719975,0.015090875327587128
msd,500,10,56,5001179,0.5,nan,0.01,0.0,1.0,uniform,True,0.002135801866903486,0.001285761297104504,0.002135801866903486,0.4924359174176068,0.4934726204193482,0.013612375129014254
msd,500,10,57,5001180,0.5,nan,0.01,0.0,1.0,uniform,True,0.0015231752997472148,0.0015231752997472148,0.0005732292689565877,0.4955802887898166,0.49424472272160236,0.01529345940798521
msd,500,10,58,5001181,0.5,nan,0.01,0.0,1.0,uniform,True,0.0024198774456664074,0.0024198774456664074,0.002237491001803038,0.495503224465845,0.49556235501815876,0.014138499740511179
msd,500,10,59,5001182,0.5,nan,0.01,0.0,1.0,uniform,True,0.0025258814969359444,0.0019804642511312975,0.0025258814969359444,0.49429531564044793,0.49378133488955545,0.01422258373349905
msd,500,10,60,5001183,0.5,nan,0.01,0.0,1.0,uniform,True,0.0008459984581526969,0.0007434955616951178,0.0008459984581526969,0.49394155619148367,0.4947175178886843,0.014579291921108961
msd,500,10,61,5001184,0.5,nan,0.01,0.0,1.0,uniform,True,0.0012261717851352882,0.0008169532019363657,0.0012261717851352882,0.49459518694618043,0.49202874502787514,0.015042374841868877
msd,500,10,62,5001185,0.5,nan,0.01,0.0,1.0,uniform,True,0.001134465216458047,0.0009086675592531179,0.001134465216458047,0.49385132926425956,0.4941125326600089,0.014537707902491093
msd,500,10,63,5001186,0.5,nan,0.01,0.0,1.0,uniform,True,0.0030969621326878416,0.0030969621326878416,0.0011778020356850716,0.49613379622897175,0.49498958194896364,0.014207541011273861
msd,500,10,64,5001187,0.5,nan,0.01,0.0,1.0,uniform,True,0.002038024408318073,0.002038024408318073,0.0017393124529455073,0.49257634629835173,0.4946816876761781,0.013561957981437445
msd,500,10,65,5001188,0.5,nan,0.01,0.0,1.0,uniform,True,0.0030281947408384857,0.0030281947408384857,0.0008903422609278788,0.4948357647141974,0.4933191582800365,0.013471625279635191
msd,500,10,66,5001189,0.5,nan,0.01,0.0,1.0,uniform,True,0.0025467539034135234,0.0012805388638173487,0.0025467539034135234,0.49244766511137394,0.49392351427355413,0.013660500291734934
msd,500,10,67,5001190,0.5,nan,0.01,0.0,1.0,uniform,True,0.0038432674091493646,0.0038432674091493646,0.0011123155767604476,0.49380211598316004,0.4923896774805781,0.013992208987474442
msd,500,10,68,5001191,0.5,nan,0.01,0.0,1.0,uniform,True,0.0011137420422743793,0.0011137420422743793,0.0010730063539489132,0.4914618693541703,0.49256615194050996,0.014778000302612782
msd,500,10,69,5001192,0.5,nan,0.01,0.0,1.0,uniform,True,0.0012934299125486604,0.0012934299125486604,0.001134039712487822,0.4940700771090296,0.4934170048257095,0.014364041853696108
msd,500,10,70,5001193,0.5,nan,0.01,0.0,1.0,uniform,True,0.001871001415368001,0.0011300861128861195,0.001871001415368001,0.4945437243761868,0.49501162694808215,0.014608834404498339
msd,500,10,71,5001194,0.5,nan,0.01,0.0,1.0,uniform,True,0.0020211179855627037,0.0010064470912858337,0.0020211179855627037,0.4961996233167546,0.4937520817704221,0.013944709207862616
msd,500,10,72,5001195,0.5,nan,0.01,0.0,1.0,uniform,True,0.002254284219196323,0.002254284219196323,0.0013031092474121708,0.49213857939259475,0.4939436542341072,0.014525707811117172
msd,500,10,73,5001196,0.5,nan,0.01,0.0,1.0,uniform,True,0.002180427199046042,0.0016070535471028324,0.002180427199046042,0.49503977671729643,0.4942136013512526,0.01313179126009345
msd,500,10,74,5001197,0.5,nan,0.01,0.0,1.0,uniform,True,0.0011728436388409036,0.0011728436388409036,0.0009135621502089353,0.4953158127422609,0.49477227382986705,0.014829083811491728
msd,500,10,75,5001198,0.5,nan,0.01,0.0,1.0,uniform,True,0.002215804092588758,0.0006426809177481063,0.002215804092588758,0.49524013973411773,0.49566148241751185,0.014503499958664179
msd,500,10,76,5001199,0.5,nan,0.01,0.0,1.0,uniform,True,0.0016699764822864505,0.0009577205726908344,0.0016699764822864505,0.49566923692464604,0.49228646743655,0.013722707983106375
msd,500,10,77,5001200,0.5,nan,0.01,0.0,1.0,uniform,True,0.0025423170370921233,0.0025423170370921233,0.001597106186953301,0.49332470053050986,0.4973142360287334,0.013709291815757751
msd,500,10,78,5001201,0.5,nan,0.01,0.0,1.0,uniform,True,0.001906943487225865,0.0002957254192086367,0.001906943487225865,0.4934445139401119,0.4944811578519691,0.014165624976158142
msd,500,10,79,5001202,0.5,nan,0.01,0.0,1.0,uniform,True,0.0017809461019435702,0.0017809461019435702,0.0014783740232413578,0.49732490183680084,0.4946113301984853,0.014038166962563992
msd,500,10,80,5001203,0.5,nan,0.01,0.0,1.0,uniform,True,0.004531200912448741,0.004531200912448741,0.0010868519600019666,0.49127560372004025,0.49390012181513976,0.013677000068128109
msd,500,10,81,5001204,0.5,nan,0.01,0.0,1.0,uniform,True,0.002502204236825012,0.002502204236825012,0.0015849329179631888,0.4949333247035349,0.4936824061493565,0.013646792154759169
msd,500,10,82,5001205,0.5,nan,0.01,0.0,1.0,uniform,True,0.0019482864030108127,0.0019482864030108127,0.0003938460361560536,0.4955561453361502,0.49314965194819876,0.01565258391201496
msd,500,10,83,5001206,0.5,nan,0.01,0.0,1.0,uniform,True,0.0017452704375369166,0.0015251344921943244,0.0017452704375369166,0.4922333206596354,0.49730691954952627,0.013808791060000658
msd,500,10,84,5001207,0.5,nan,0.01,0.0,1.0,uniform,True,0.0024865411413007577,0.0008368245054430345,0.0024865411413007577,0.4950147618399153,0.49444306148296785,0.014063791837543249
msd,500,10,85,5001208,0.5,nan,0.01,0.0,1.0,uniform,True,0.0012016207530081702,0.0012016207530081702,0.0008089603655368482,0.4943700206948528,0.494911308876097,0.014600958209484816
msd,500,10,86,5001209,0.5,nan,0.01,0.0,1.0,uniform,True,0.0009555597749392186,0.0006171199509305558,0.0009555597749392186,0.4931273766328878,0.49302624667965433,0.01539691723883152
msd,500,10,87,5001210,0.5,nan,0.01,0.0,1.0,uniform,True,0.0008673160544661607,0.0008673160544661607,0.000763416826433605,0.4940079197270789,0.4953150812868947,0.014389208052307367
msd,500,10,88,5001211,0.5,nan,0.01,0.0,1.0,uniform,True,0.0009911508451586615,0.0005256411801878857,0.0009911508451586615,0.4954798228000011,0.49294931419704774,0.01414258312433958
msd,500,10,89,5001212,0.5,nan,0.01,0.0,1.0,uniform,True,0.0016741998421473392,0.0013734852125592,0.0016741998421473392,0.49386936261714803,0.49488344403422974,0.013855124823749065
msd,500,10,90,5001213,0.5,nan,0.01,0.0,1.0,uniform,True,0.00131112658645538,0.00131112658645538,0.0011094574099972387,0.4957960684166389,0.49473844504410597,0.013803000096231699
msd,500,10,91,5001214,0.5,nan,0.01,0.0,1.0,uniform,True,0.0015298574450956504,0.0015298574450956504,0.0013744043847872534,0.49439523076923825,0.49519315709218265,0.01367366686463356
msd,500,10,92,5001215,0.5,nan,0.01,0.0,1.0,uniform,True,0.002678888642429711,0.002678888642429711,0.002050836713002324,0.4925171651062935,0.49543966978669246,0.014219041913747787
msd,500,10,93,5001216,0.5,nan,0.01,0.0,1.0,uniform,True,0.0012579883650270518,0.0012579883650270518,0.0009596953648132733,0.4955287669049132,0.49428922921140656,0.014749125111848116
msd,500,10,94,5001217,0.5,nan,0.01,0.0,1.0,uniform,True,0.0019210378681717155,0.0019210378681717155,0.0011377863515074638,0.4943236785959944,0.4934685999127501,0.01414112513884902
msd,500,10,95,5001218,0.5,nan,0.01,0.0,1.0,uniform,True,0.0007602218725101806,0.0005724023073649942,0.0007602218725101806,0.4924340038334831,0.49389733740661534,0.016218249686062336
msd,500,10,96,5001219,0.5,nan,0.01,0.0,1.0,uniform,True,0.0018816360231894702,0.0015749741062403566,0.0018816360231894702,0.49525044725299916,0.4913041708681628,0.014432583935558796
msd,500,10,97,5001220,0.5,nan,0.01,0.0,1.0,uniform,True,0.001007030553801136,0.001007030553801136,0.0004502066217840772,0.4964447683052128,0.4942272593117132,0.016016459092497826
msd,500,10,98,5001221,0.5,nan,0.01,0.0,1.0,uniform,True,0.0008821930140980316,0.0008821930140980316,0.0007167803879298829,0.493028914235747,0.49324197286630206,0.01505808299407363
msd,500,10,99,5001222,0.5,nan,0.01,0.0,1.0,uniform,True,0.003272408495761936,0.0013863937481719546,0.003272408495761936,0.4953480807971481,0.49431757935745735,0.013748500030487776
msd,500,20,0,5002123,0.5,nan,0.01,0.0,1.0,uniform,True,0.0017670915009994625,0.0010627518454713325,0.0017670915009994625,0.4976501896251404,0.49745233822083534,0.01908324984833598
msd,500,20,1,5002124,0.5,nan,0.01,0.0,1.0,uniform,True,0.003262130453504375,0.003262130453504375,0.002393927424625908,0.49820036863436507,0.497783096866893,0.016167624853551388
msd,500,20,2,5002125,0.5,nan,0.01,0.0,1.0,uniform,True,0.0015485010539906807,0.0015485010539906807,0.0011268555578767825,0.49789291338472635,0.4966466507790248,0.020159124862402678
msd,500,20,3,5002126,0.5,nan,0.01,0.0,1.0,uniform,True,0.0010403380224056624,0.0010403380224056624,0.0009526287029323344,0.4966681203383511,0.49707842292506854,0.02111845836043358
msd,500,20,4,5002127,0.5,nan,0.01,0.0,1.0,uniform,True,0.0013420923445190414,0.0013420923445190414,0.001023118059180761,0.49718368698757,0.4967078164441619,0.019612708128988743
msd,500,20,5,5002128,0.5,nan,0.01,0.0,1.0,uniform,True,0.0011942185690944074,0.0011942185690944074,0.0009399939687179115,0.4963656505588428,0.4981495951479633,0.021046833135187626
msd,500,20,6,5002129,0.5,nan,0.01,0.0,1.0,uniform,True,0.0018595056310827252,0.0016256956523963972,0.0018595056310827252,0.4959374089633452,0.4976704125148344,0.018636291846632957
msd,500,20,7,5002130,0.5,nan,0.01,0.0,1.0,uniform,True,0.0018545268172421303,0.0018545268172421303,0.0014925237260200452,0.49589591247557474,0.4967725514886208,0.018372584134340286
msd,500,20,8,5002131,0.5,nan,0.01,0.0,1.0,uniform,True,0.0017723528548535539,0.0006936657800963864,0.0017723528548535539,0.49734641515661093,0.49668277090416907,0.0193635830655694
msd,500,20,9,5002132,0.5,nan,0.01,0.0,1.0,uniform,True,0.002600278578159698,0.0014088857966758073,0.002600278578159698,0.49818333509695245,0.4968494878327405,0.01733962493017316
msd,500,20,10,5002133,0.5,nan,0.01,0.0,1.0,uniform,True,0.0013115776580415184,0.000920284105778435,0.0013115776580415184,0.49714155002890614,0.4967770671611996,0.01927000004798174
msd,500,20,11,5002134,0.5,nan,0.01,0.0,1.0,uniform,True,0.0017543082253070885,0.0009661950384107776,0.0017543082253070885,0.4981228517323469,0.49735866156892355,0.0192007920704782
msd,500,20,12,5002135,0.5,nan,0.01,0.0,1.0,uniform,True,0.00153649736299738,0.0012269085621838816,0.00153649736299738,0.49603636233164095,0.4966869316364402,0.017970792017877102
msd,500,20,13,5002136,0.5,nan,0.01,0.0,1.0,uniform,True,0.0016805278427020065,0.001581143314215161,0.0016805278427020065,0.49703865636917566,0.4975672827743028,0.01861816691234708
msd,500,20,14,5002137,0.5,nan,0.01,0.0,1.0,uniform,True,0.0017786955425432294,0.0017786955425432294,0.00133506107610043,0.4957797997832063,0.49748116860857594,0.018073332961648703
msd,500,20,15,5002138,0.5,nan,0.01,0.0,1.0,uniform,True,0.001463240876521943,0.001463240876521943,0.0007273524436539058,0.4962097623374775,0.49757892543069543,0.020162958186119795
msd,500,20,16,5002139,0.5,nan,0.01,0.0,1.0,uniform,True,0.0011270687983805927,0.0011270687983805927,0.0008138615150244388,0.4986526354467074,0.4960625498431731,0.019326542038470507
msd,500,20,17,5002140,0.5,nan,0.01,0.0,1.0,uniform,True,0.0015711005333376438,0.0015711005333376438,0.001092435076587961,0.49687752262256024,0.4971704782810691,0.019327083136886358
msd,500,20,18,5002141,0.5,nan,0.01,0.0,1.0,uniform,True,0.0016986917078273267,0.0016986917078273267,0.0015818614973820422,0.4977513793942559,0.4972847690929659,0.017679916694760323
msd,500,20,19,5002142,0.5,nan,0.01,0.0,1.0,uniform,True,0.001786946666037903,0.0009336828031316635,0.001786946666037903,0.4975637986909142,0.49867634460275895,0.018485333770513535
msd,500,20,20,5002143,0.5,nan,0.01,0.0,1.0,uniform,True,0.0018423190713878212,0.001406598085584243,0.0018423190713878212,0.4978698448675864,0.4955164509475003,0.017440458294004202
msd,500,20,21,5002144,0.5,nan,0.01,0.0,1.0,uniform,True,0.002470766370368749,0.001930506626335482,0.002470766370368749,0.4969206981683234,0.4973390466368922,0.016499000135809183
msd,500,20,22,5002145,0.5,nan,0.01,0.0,1.0,uniform,True,0.0016936406752022237,0.0011080065292141117,0.0016936406752022237,0.4970955815840046,0.49613688377249754,0.01904712524265051
msd,500,20,23,5002146,0.5,nan,0.01,0.0,1.0,uniform,True,0.0031227901673602787,0.0031227901673602787,0.001850695682648118,0.49739600027170194,0.4974166224101029,0.01629179110750556
msd,500,20,24,5002147,0.5,nan,0.01,0.0,1.0,uniform,True,0.0022469102729938406,0.0013829222795299079,0.0022469102729938406,0.4977421302048637,0.49731548126198233,0.01784675009548664
msd,500,20,25,5002148,0.5,nan,0.01,0.0,1.0,uniform,True,0.002047092351406654,0.002047092351406654,0.0011531272865512587,0.4964153751514847,0.49711017954036796,0.018884082790464163
msd,500,20,26,5002149,0.5,nan,0.01,0.0,1.0,uniform,True,0.0017257428772678995,0.0015327169954556519,0.0017257428772678995,0.49785626860055643,0.49560486413922694,0.01956837484613061
msd,500,20,27,5002150,0.5,nan,0.01,0.0,1.0,uniform,True,0.0022280266173000385,0.0022280266173000385,0.0011793142586833394,0.4967368020446319,0.4982308082802426,0.019218749832361937
msd,500,20,28,5002151,0.5,nan,0.01,0.0,1.0,uniform,True,0.0016150968286873235,0.00152992462387469,0.0016150968286873235,0.4983060624809898,0.49605660366771165,0.018194207921624184
msd,500,20,29,5002152,0.5,nan,0.01,0.0,1.0,uniform,True,0.0019727736162764575,0.0019727736162764575,0.0014454863399673834,0.4972509011548457,0.4971467558529746,0.01815625000745058
msd,500,20,30,5002153,0.5,nan,0.01,0.0,1.0,uniform,True,0.0024125951499114895,0.0011754410310645391,0.0024125951499114895,0.49853873670739074,0.49816877106904284,0.01813962496817112
msd,500,20,31,5002154,0.5,nan,0.01,0.0,1.0,uniform,True,0.0023099357451747404,0.0023099357451747404,0.0020851883528573145,0.49695699287716033,0.49707424460617494,0.01557554118335247
msd,500,20,32,5002155,0.5,nan,0.01,0.0,1.0,uniform,True,0.0016072347262319209,0.0016072347262319209,0.0011993132915130156,0.4967456644126895,0.49715599570069835,0.019091665744781494
msd,500,20,33,5002156,0.5,nan,0.01,0.0,1.0,uniform,True,0.0014370118814329702,0.0014370118814329702,0.0011703585473869516,0.498110008002561,0.49714304721407193,0.019673041999340057
msd,500,20,34,5002157,0.5,nan,0.01,0.0,1.0,uniform,True,0.002141001118289687,0.002141001118289687,0.0014473878417002872,0.49663295272340935,0.49704010388753045,0.016849334351718426
msd,500,20,35,5002158,0.5,nan,0.01,0.0,1.0,uniform,True,0.0019517682823455562,0.0014579504380919928,0.0019517682823455562,0.4970688838876272,0.49675674820745125,0.01771291671320796
msd,500,20,36,5002159,0.5,nan,0.01,0.0,1.0,uniform,True,0.0017374326948834118,0.0017374326948834118,0.0014071094542269513,0.49709026063284784,0.497009709304069,0.018309500068426132
msd,500,20,37,5002160,0.5,nan,0.01,0.0,1.0,uniform,True,0.0011515139234422045,0.0011515139234422045,0.0010924178819865515,0.49646382383143184,0.49751959851867,0.01944795809686184
msd,500,20,38,5002161,0.5,nan,0.01,0.0,1.0,uniform,True,0.0018616422794410226,0.0018616422794410226,0.0007396771221240828,0.49624408140177506,0.49730126435512273,0.01874895766377449
msd,500,20,39,5002162,0.5,nan,0.01,0.0,1.0,uniform,True,0.0014967819895890244,0.0014967819895890244,0.0005599006629504744,0.4971067382708016,0.4971570995997267,0.019455708097666502
msd,500,20,40,5002163,0.5,nan,0.01,0.0,1.0,uniform,True,0.0014890300403741508,0.0014013255933513769,0.0014890300403741508,0.49520261743589383,0.49815452447630576,0.017416791059076786
msd,500,20,41,5002164,0.5,nan,0.01,0.0,1.0,uniform,True,0.0015248898146054124,0.0013111844879381551,0.0015248898146054124,0.4978073123713576,0.4975289028092529,0.018734500277787447
msd,500,20,42,5002165,0.5,nan,0.01,0.0,1.0,uniform,True,0.0022538455129029744,0.0022538455129029744,0.0010424879255700459,0.4969195399047647,0.49690613762837443,0.018235458061099052
msd,500,20,43,5002166,0.5,nan,0.01,0.0,1.0,uniform,True,0.0016882660298845331,0.0016882660298845331,0.00155173998884095,0.4973576311876548,0.4980382472490313,0.01773204142227769
msd,500,20,44,5002167,0.5,nan,0.01,0.0,1.0,uniform,True,0.0020314721219224507,0.0015687028816013804,0.0020314721219224507,0.4960688319941859,0.4979848077094873,0.016449958086013794
msd,500,20,45,5002168,0.5,nan,0.01,0.0,1.0,uniform,True,0.002008509946394288,0.002008509946394288,0.0012717998232054661,0.497533840836267,0.49681037305221093,0.017709167208522558
msd,500,20,46,5002169,0.5,nan,0.01,0.0,1.0,uniform,True,0.002611456323550587,0.0017002777892952126,0.002611456323550587,0.4969770579643013,0.4969287209202174,0.01756633399054408
msd,500,20,47,5002170,0.5,nan,0.01,0.0,1.0,uniform,True,0.000957890491820379,0.0008975975356000365,0.000957890491820379,0.49672904583459365,0.4976814175286019,0.01993429195135832
msd,500,20,48,5002171,0.5,nan,0.01,0.0,1.0,uniform,True,0.0011711314954835905,0.0011711314954835905,0.0010902298515649833,0.49850237699044897,0.4964183049611357,0.018801875412464142
msd,500,20,49,5002172,0.5,nan,0.01,0.0,1.0,uniform,True,0.002034646023820863,0.002034646023820863,0.0012240587692802785,0.49739124516970284,0.4974129542915963,0.01891504181548953
msd,500,20,50,5002173,0.5,nan,0.01,0.0,1.0,uniform,True,0.0020925327301323238,0.0020925327301323238,0.0007964929975162738,0.49705116420030077,0.49608501647802555,0.018569666892290115
msd,500,20,51,5002174,0.5,nan,0.01,0.0,1.0,uniform,True,0.0016394638020067465,0.0016394638020067465,0.000852911928336475,0.49709247525926925,0.4966801161410966,0.018432707991451025
msd,500,20,52,5002175,0.5,nan,0.01,0.0,1.0,uniform,True,0.0021630986589603607,0.0021630986589603607,0.0010573872111552252,0.4974363306539155,0.49793782399751296,0.01795033272355795
msd,500,20,53,5002176,0.5,nan,0.01,0.0,1.0,uniform,True,0.0011409077118377797,0.0008611790656944396,0.0011409077118377797,0.4968809410296468,0.4963594443440392,0.02038754103705287
msd,500,20,54,5002177,0.5,nan,0.01,0.0,1.0,uniform,True,0.0016669330353522582,0.0016669330353522582,0.0015404610548755415,0.4973190804592892,0.4973825028921459,0.018238249700516462
msd,500,20,55,5002178,0.5,nan,0.01,0.0,1.0,uniform,True,0.0013239221256010625,0.0013239221256010625,0.0009566251523142055,0.49805875068235816,0.4977155582292711,0.019526833202689886
msd,500,20,56,5002179,0.5,nan,0.01,0.0,1.0,uniform,True,0.0013803450809538598,0.0010795081776264759,0.0013803450809538598,0.4963815069664197,0.49731948129863074,0.019691042136400938
msd,500,20,57,5002180,0.5,nan,0.01,0.0,1.0,uniform,True,0.0016203990872254437,0.0016203990872254437,0.0011642741789528732,0.4962781857752932,0.497099482932807,0.018260375130921602
msd,500,20,58,5002181,0.5,nan,0.01,0.0,1.0,uniform,True,0.0013942096012152239,0.001355339112265208,0.0013942096012152239,0.49635657863316845,0.49594856823365935,0.018871583975851536
msd,500,20,59,5002182,0.5,nan,0.01,0.0,1.0,uniform,True,0.0014532978432026944,0.0014532978432026944,0.0007158999762760243,0.4971428355642597,0.49814761852286216,0.018551374785602093
msd,500,20,60,5002183,0.5,nan,0.01,0.0,1.0,uniform,True,0.002292161053340569,0.0016395767967167796,0.002292161053340569,0.49779161838940805,0.49692610708707713,0.016950999852269888
msd,500,20,61,5002184,0.5,nan,0.01,0.0,1.0,uniform,True,0.002074800509804353,0.002074800509804353,0.0015087303967438181,0.4982815298972696,0.49654144168074704,0.018099999986588955
msd,500,20,62,5002185,0.5,nan,0.01,0.0,1.0,uniform,True,0.0011813850055851782,0.0010705781986911633,0.0011813850055851782,0.4959828592798788,0.4968355546443226,0.018594875000417233
msd,500,20,63,5002186,0.5,nan,0.01,0.0,1.0,uniform,True,0.0017433064722942593,0.0017433064722942593,0.0010772134960877477,0.49655225714293894,0.4980723759139036,0.017585250083357096
msd,500,20,64,5002187,0.5,nan,0.01,0.0,1.0,uniform,True,0.0020991874199391414,0.0020991874199391414,0.0017409503401679127,0.49709048610666423,0.4975082469098581,0.016854166984558105
msd,500,20,65,5002188,0.5,nan,0.01,0.0,1.0,uniform,True,0.0015836761127463461,0.0015836761127463461,0.0006762466094232256,0.49721644393989656,0.49722521318783314,0.018689957913011312
msd,500,20,66,5002189,0.5,nan,0.01,0.0,1.0,uniform,True,0.0021263257108584677,0.0020492544643222477,0.0021263257108584677,0.49742090561196345,0.49773534496166705,0.015886333771049976
msd,500,20,67,5002190,0.5,nan,0.01,0.0,1.0,uniform,True,0.0018294211212198097,0.0018294211212198097,0.0009814128592325888,0.49658185253105813,0.49634547222356196,0.017073375172913074
msd,500,20,68,5002191,0.5,nan,0.01,0.0,1.0,uniform,True,0.0013477700291399386,0.0013477700291399386,0.0011365650280303896,0.49760026619140846,0.49762495422292913,0.018567374907433987
msd,500,20,69,5002192,0.5,nan,0.01,0.0,1.0,uniform,True,0.0016550516115092506,0.0016550516115092506,0.0012241365638193114,0.4976643148265283,0.4970589624387429,0.01815241714939475
msd,500,20,70,5002193,0.5,nan,0.01,0.0,1.0,uniform,True,0.0019847720879215824,0.0013949333339305925,0.0019847720879215824,0.49729649487183775,0.4979925551239512,0.01946054073050618
msd,500,20,71,5002194,0.5,nan,0.01,0.0,1.0,uniform,True,0.0024316663875806332,0.0011150555256776995,0.0024316663875806332,0.49699538306136576,0.495609661632865,0.018266832921653986
msd,500,20,72,5002195,0.5,nan,0.01,0.0,1.0,uniform,True,0.0021541895210814843,0.0021541895210814843,0.0016965198263021453,0.4987203105207543,0.4968586945064712,0.017729457933455706
msd,500,20,73,5002196,0.5,nan,0.01,0.0,1.0,uniform,True,0.001465556431495596,0.001324617243247006,0.001465556431495596,0.49725106293234295,0.49760826364497346,0.017932333052158356
msd,500,20,74,5002197,0.5,nan,0.01,0.0,1.0,uniform,True,0.0021118057240249177,0.0021118057240249177,0.0014214530417388516,0.49733860327252355,0.4964616150871785,0.0181423332542181
msd,500,20,75,5002198,0.5,nan,0.01,0.0,1.0,uniform,True,0.0017255580105142165,0.0017255580105142165,0.0011235658075785526,0.49653577714278374,0.498050194772058,0.019129333086311817
msd,500,20,76,5002199,0.5,nan,0.01,0.0,1.0,uniform,True,0.0034130126646382264,0.0014197408328603944,0.0034130126646382264,0.496551871383925,0.4979196612859722,0.01674108300358057
msd,500,20,77,5002200,0.5,nan,0.01,0.0,1.0,uniform,True,0.0023287307935859203,0.0010760642042951796,0.0023287307935859203,0.49694641450458255,0.4961410510146451,0.018248457927256823
msd,500,20,78,5002201,0.5,nan,0.01,0.0,1.0,uniform,True,0.0009375152094889261,0.0006391782657029776,0.0009375152094889261,0.49731970567771777,0.49703302291053725,0.020305749960243702
msd,500,20,79,5002202,0.5,nan,0.01,0.0,1.0,uniform,True,0.002115097671320343,0.0014538877457755395,0.002115097671320343,0.49731178608801546,0.4972710594495713,0.017275457736104727
msd,500,20,80,5002203,0.5,nan,0.01,0.0,1.0,uniform,True,0.0019539431320808043,0.0019539431320808043,0.0015563428121403988,0.4965792794693417,0.49675183094493486,0.01707883318886161
msd,500,20,81,5002204,0.5,nan,0.01,0.0,1.0,uniform,True,0.002386216302673938,0.0013535941282913355,0.002386216302673938,0.4974231955024377,0.49663852330469754,0.017547041177749634
msd,500,20,82,5002205,0.5,nan,0.01,0.0,1.0,uniform,True,0.0024371251691254203,0.0024371251691254203,0.002148614297580953,0.4965577086603297,0.4969360084081621,0.01620774995535612
msd,500,20,83,5002206,0.5,nan,0.01,0.0,1.0,uniform,True,0.002132318800619315,0.0014234650126799253,0.002132318800619315,0.49783848556606103,0.49766963658120267,0.017437458969652653
msd,500,20,84,5002207,0.5,nan,0.01,0.0,1.0,uniform,True,0.0016339877015202897,0.0011210867446567185,0.0016339877015202897,0.49619891260022786,0.4970356521499897,0.01897241687402129
msd,500,20,85,5002208,0.5,nan,0.01,0.0,1.0,uniform,True,0.001753662185522642,0.001753662185522642,0.0012339363014242655,0.49742098500820126,0.4972439380235641,0.018073958344757557
msd,500,20,86,5002209,0.5,nan,0.01,0.0,1.0,uniform,True,0.000969128165075106,0.0007607559618310056,0.000969128165075106,0.49691076761388414,0.49653841036503943,0.019573749974370003
msd,500,20,87,5002210,0.5,nan,0.01,0.0,1.0,uniform,True,0.0016134134831817804,0.0016134134831817804,0.0014144454710033894,0.4976183801715407,0.497040502746643,0.017729749903082848
msd,500,20,88,5002211,0.5,nan,0.01,0.0,1.0,uniform,True,0.001811886864422796,0.0012553943153909564,0.001811886864422796,0.4961178123826313,0.4972274279171655,0.019074250012636185
msd,500,20,89,5002212,0.5,nan,0.01,0.0,1.0,uniform,True,0.0016079064214141736,0.0007111020941963364,0.0016079064214141736,0.4967030476977873,0.498179685271695,0.020248417276889086
msd,500,20,90,5002213,0.5,nan,0.01,0.0,1.0,uniform,True,0.0015687030203533348,0.0010091842503572868,0.0015687030203533348,0.4981521382787262,0.4978054615658305,0.018338791094720364
msd,500,20,91,5002214,0.5,nan,0.01,0.0,1.0,uniform,True,0.002247175526527312,0.002247175526527312,0.0012304135173263342,0.4971832058957587,0.49767085695530305,0.01861041598021984
msd,500,20,92,5002215,0.5,nan,0.01,0.0,1.0,uniform,True,0.0018031620848228402,0.000979980529431268,0.0018031620848228402,0.4981467363596894,0.49757410455522705,0.017875708173960447
msd,500,20,93,5002216,0.5,nan,0.01,0.0,1.0,uniform,True,0.0018180693218294297,0.0016810078375384396,0.0018180693218294297,0.4967545903957668,0.49700237921361506,0.01715770922601223
msd,500,20,94,5002217,0.5,nan,0.01,0.0,1.0,uniform,True,0.0019757860525398407,0.0019757860525398407,0.001619774592470924,0.49707689889766343,0.49700945054669776,0.01836591586470604
msd,500,20,95,5002218,0.5,nan,0.01,0.0,1.0,uniform,True,0.003104760327644507,0.003104760327644507,0.001213175757216578,0.49652802779218197,0.4965894748675725,0.016922249924391508
msd,500,20,96,5002219,0.5,nan,0.01,0.0,1.0,uniform,True,0.0016171059659008669,0.0012210684696967733,0.0016171059659008669,0.4966941496298085,0.4972960407299743,0.017476375214755535
msd,500,20,97,5002220,0.5,nan,0.01,0.0,1.0,uniform,True,0.0025541663996161423,0.0025541663996161423,0.001353275290855882,0.49761913315197337,0.49723311846853635,0.017808749806135893
msd,500,20,98,5002221,0.5,nan,0.01,0.0,1.0,uniform,True,0.0019934271514367996,0.0009048269755118632,0.0019934271514367996,0.497583693637813,0.4980588995567813,0.018129083793610334
msd,500,20,99,5002222,0.5,nan,0.01,0.0,1.0,uniform,True,0.0020839051575347045,0.0018092005515433773,0.0020839051575347045,0.49596583769584335,0.49712763196217563,0.016774749848991632
msd,500,50,0,5005123,0.5,nan,0.01,0.0,1.0,uniform,True,0.0013358992213510223,0.0013358992213510223,0.0009464282861387785,0.4985108639280578,0.49886364708623404,0.03557279193773866
msd,500,50,1,5005124,0.5,nan,0.01,0.0,1.0,uniform,True,0.0018474889716469378,0.0018474889716469378,0.0011764622902404875,0.49855906956183477,0.4986042173324698,0.030919499695301056
msd,500,50,2,5005125,0.5,nan,0.01,0.0,1.0,uniform,True,0.0016169990501311848,0.0010032234751155555,0.0016169990501311848,0.49918785463210175,0.4988992186558094,0.03164366586133838
msd,500,50,3,5005126,0.5,nan,0.01,0.0,1.0,uniform,True,0.0014641001449578472,0.0012332500994189366,0.0014641001449578472,0.4989931276087998,0.49884168088336506,0.03428266569972038
msd,500,50,4,5005127,0.5,nan,0.01,0.0,1.0,uniform,True,0.001997697355456962,0.001997697355456962,0.0015382295457272988,0.49916385060768587,0.4989266399074204,0.026866666041314602
msd,500,50,5,5005128,0.5,nan,0.01,0.0,1.0,uniform,True,0.0015147232324122517,0.0015147232324122517,0.0013287475003359028,0.4990880535575705,0.49868052624630516,0.02834900002926588
msd,500,50,6,5005129,0.5,nan,0.01,0.0,1.0,uniform,True,0.0015046867344267745,0.0013989683458224822,0.0015046867344267745,0.499063104968736,0.49844756163376847,0.03186633298173547
msd,500,50,7,5005130,0.5,nan,0.01,0.0,1.0,uniform,True,0.0014724551200022695,0.0014724551200022695,0.0012533230804367412,0.49914666670690266,0.49912522410208665,0.033336583990603685
msd,500,50,8,5005131,0.5,nan,0.01,0.0,1.0,uniform,True,0.0017702132555750816,0.0017702132555750816,0.001649642678805241,0.4988973193655987,0.4989010925454967,0.029846499674022198
msd,500,50,9,5005132,0.5,nan,0.01,0.0,1.0,uniform,True,0.0016250888247320572,0.00109550293321925,0.0016250888247320572,0.4991085556982867,0.49874626728080734,0.031353707890957594
msd,500,50,10,5005133,0.5,nan,0.01,0.0,1.0,uniform,True,0.0014053438526586137,0.0014053438526586137,0.0012956076966996743,0.4988934491474141,0.49876367864722704,0.03231916716322303
msd,500,50,11,5005134,0.5,nan,0.01,0.0,1.0,uniform,True,0.0018468359825097314,0.0011054248452707083,0.0018468359825097314,0.4993445986598743,0.49855123505947047,0.03027145890519023
msd,500,50,12,5005135,0.5,nan,0.01,0.0,1.0,uniform,True,0.0014573645768424237,0.0014573645768424237,0.001400323490051647,0.4989779291963109,0.49869183703102044,0.030746040865778923
msd,500,50,13,5005136,0.5,nan,0.01,0.0,1.0,uniform,True,0.0014861167923819751,0.0011452053737099344,0.0014861167923819751,0.4987230981547383,0.4984423790245024,0.0332696670666337
msd,500,50,14,5005137,0.5,nan,0.01,0.0,1.0,uniform,True,0.0019546793760528702,0.001278567819115617,0.0019546793760528702,0.4990409846019149,0.4992614563797485,0.02991408295929432
msd,500,50,15,5005138,0.5,nan,0.01,0.0,1.0,uniform,True,0.0018726795449692801,0.0016853347166947419,0.0018726795449692801,0.4991466667220261,0.49842455304650435,0.02936912514269352
msd,500,50,16,5005139,0.5,nan,0.01,0.0,1.0,uniform,True,0.0015467079653854188,0.0011741112779351526,0.0015467079653854188,0.4986642657893411,0.4989269681021727,0.030899624805897474
msd,500,50,17,5005140,0.5,nan,0.01,0.0,1.0,uniform,True,0.001369049772019959,0.001309590052066989,0.001369049772019959,0.49898182421887227,0.49899978592689304,0.03021320840343833
msd,500,50,18,5005141,0.5,nan,0.01,0.0,1.0,uniform,True,0.0016461603323779106,0.0016461603323779106,0.0014194165888513632,0.49843724888160407,0.4993503157872259,0.027156833093613386
msd,500,50,19,5005142,0.5,nan,0.01,0.0,1.0,uniform,True,0.0019932583764367684,0.0019932583764367684,0.0014836166133656015,0.4986982626429353,0.4985823922013627,0.02910620905458927
msd,500,50,20,5005143,0.5,nan,0.01,0.0,1.0,uniform,True,0.0018796387101360779,0.0014768500955464336,0.0018796387101360779,0.4989582312560594,0.49897246747787904,0.029553249944001436
msd,500,50,21,5005144,0.5,nan,0.01,0.0,1.0,uniform,True,0.0013615351718589408,0.0013615351718589408,0.0013571689108774487,0.4990468675967002,0.49884404044548825,0.03127575013786554
msd,500,50,22,5005145,0.5,nan,0.01,0.0,1.0,uniform,True,0.0015977757304298512,0.0012930239833485735,0.0015977757304298512,0.4993943783091302,0.4990081378347586,0.0336025832220912
msd,500,50,23,5005146,0.5,nan,0.01,0.0,1.0,uniform,True,0.0013283423897558766,0.0013283423897558766,0.001188784112613639,0.4990945875216316,0.49884443265649464,0.03609320893883705
msd,500,50,24,5005147,0.5,nan,0.01,0.0,1.0,uniform,True,0.0013001825800338929,0.00124071497543915,0.0013001825800338929,0.49910467128681074,0.49895318520340953,0.03538520773872733
msd,500,50,25,5005148,0.5,nan,0.01,0.0,1.0,uniform,True,0.0018148334625184281,0.0012435313523103675,0.0018148334625184281,0.4990418157761737,0.4986143636830649,0.03184950025752187
msd,500,50,26,5005149,0.5,nan,0.01,0.0,1.0,uniform,True,0.0011552496941166224,0.0009457957223388269,0.0011552496941166224,0.4988825481027881,0.49849616925120177,0.03866770816966891
msd,500,50,27,5005150,0.5,nan,0.01,0.0,1.0,uniform,True,0.0012014715879164473,0.0011704894014233358,0.0012014715879164473,0.49879725687715215,0.49888527592927995,0.0350667922757566
msd,500,50,28,5005151,0.5,nan,0.01,0.0,1.0,uniform,True,0.001506012771848253,0.001506012771848253,0.001387282374142318,0.4989236223878426,0.4985715157544298,0.031678874976933
msd,500,50,29,5005152,0.5,nan,0.01,0.0,1.0,uniform,True,0.0014253393779388723,0.001395424971562087,0.0014253393779388723,0.4988956285620888,0.49885616992112813,0.033780207857489586
msd,500,50,30,5005153,0.5,nan,0.01,0.0,1.0,uniform,True,0.0015503416720862861,0.0013150737158870163,0.0015503416720862861,0.49869954522662996,0.49964657344273716,0.03316416684538126
msd,500,50,31,5005154,0.5,nan,0.01,0.0,1.0,uniform,True,0.001560947783709743,0.001560947783709743,0.0010731666438393295,0.4988889469016613,0.4988483606621331,0.033498082775622606
msd,500,50,32,5005155,0.5,nan,0.01,0.0,1.0,uniform,True,0.0011958590904854738,0.001010665028115143,0.0011958590904854738,0.4987970566213076,0.4985014567537645,0.034656583331525326
msd,500,50,33,5005156,0.5,nan,0.01,0.0,1.0,uniform,True,0.001215376997478368,0.0011288102807063272,0.001215376997478368,0.4983967561111724,0.4989642030032318,0.032409457955509424
msd,500,50,34,5005157,0.5,nan,0.01,0.0,1.0,uniform,True,0.0024019387151762994,0.0024019387151762994,0.0012819259579477382,0.4990698412257966,0.4987814968381772,0.029548250138759613
msd,500,50,35,5005158,0.5,nan,0.01,0.0,1.0,uniform,True,0.00188181280801053,0.0017751657446178903,0.00188181280801053,0.4986228188195202,0.49884690294414774,0.030302874743938446
msd,500,50,36,5005159,0.5,nan,0.01,0.0,1.0,uniform,True,0.0013831715073036044,0.001153168567185947,0.0013831715073036044,0.4988213084294504,0.4989095769400037,0.03391887480393052
msd,500,50,37,5005160,0.5,nan,0.01,0.0,1.0,uniform,True,0.0013445820729350855,0.0013445820729350855,0.001162750276630875,0.49883528919714937,0.4990652984155371,0.03345412528142333
msd,500,50,38,5005161,0.5,nan,0.01,0.0,1.0,uniform,True,0.00182296814651417,0.00182296814651417,0.0015609896469607198,0.49851574119170194,0.4988200835824529,0.031095582991838455
msd,500,50,39,5005162,0.5,nan,0.01,0.0,1.0,uniform,True,0.001904097103607616,0.001904097103607616,0.001642812544337069,0.4989232041362177,0.4986803863077154,0.029703457839787006
msd,500,50,40,5005163,0.5,nan,0.01,0.0,1.0,uniform,True,0.0017916923655829087,0.0017916923655829087,0.0015098547166108034,0.4987725552837911,0.49876949359603817,0.030416499823331833
msd,500,50,41,5005164,0.5,nan,0.01,0.0,1.0,uniform,True,0.0013983061384372775,0.0013983061384372775,0.0013567968328636604,0.4990579105247952,0.49937663039491426,0.03394474973902106
msd,500,50,42,5005165,0.5,nan,0.01,0.0,1.0,uniform,True,0.0016333803682213044,0.0016333803682213044,0.0013287577883537294,0.4988595602140042,0.49879581388231675,0.03099983325228095
msd,500,50,43,5005166,0.5,nan,0.01,0.0,1.0,uniform,True,0.0013873482396338788,0.001354266488992062,0.0013873482396338788,0.49877960035630964,0.49839798551614384,0.03205491742119193
msd,500,50,44,5005167,0.5,nan,0.01,0.0,1.0,uniform,True,0.0015560212039140708,0.0014125510615262127,0.0015560212039140708,0.4992178871606861,0.49843919990060237,0.032827958930283785
msd,500,50,45,5005168,0.5,nan,0.01,0.0,1.0,uniform,True,0.0015992639789139673,0.0015992639789139673,0.0013837104704381153,0.4989099514997418,0.49847397135412963,0.03109466703608632
msd,500,50,46,5005169,0.5,nan,0.01,0.0,1.0,uniform,True,0.0019298818093517744,0.0019298818093517744,0.0011981063672458214,0.49865897487943406,0.498757088686013,0.032425000332295895
msd,500,50,47,5005170,0.5,nan,0.01,0.0,1.0,uniform,True,0.0017351484089478397,0.0017351484089478397,0.0012803427453460525,0.49848609124565624,0.49896396599442205,0.02891137497499585
msd,500,50,48,5005171,0.5,nan,0.01,0.0,1.0,uniform,True,0.0015185170491054945,0.001355174272865578,0.0015185170491054945,0.49858985851672033,0.49873395648455904,0.030769999604672194
msd,500,50,49,5005172,0.5,nan,0.01,0.0,1.0,uniform,True,0.0018010662825760915,0.0018010662825760915,0.0010200753137635243,0.49872185573501043,0.4988180115902368,0.03126383386552334
msd,500,50,50,5005173,0.5,nan,0.01,0.0,1.0,uniform,True,0.0011793146969171775,0.001176517303380975,0.0011793146969171775,0.4987527396527922,0.49899127985493136,0.03297108318656683
msd,500,50,51,5005174,0.5,nan,0.01,0.0,1.0,uniform,True,0.0015643274458313483,0.0015643274458313483,0.001154225356848726,0.4985574950305389,0.49896435339047196,0.033217625226825476
msd,500,50,52,5005175,0.5,nan,0.01,0.0,1.0,uniform,True,0.001279186310931879,0.001279186310931879,0.0011720583230520054,0.4987499417149915,0.4993709415916724,0.031526540871709585
msd,500,50,53,5005176,0.5,nan,0.01,0.0,1.0,uniform,True,0.0016072677049904782,0.0013972039788828772,0.0016072677049904782,0.49895379609281043,0.4981027765099957,0.0315164583735168
msd,500,50,54,5005177,0.5,nan,0.01,0.0,1.0,uniform,True,0.0015191277909703538,0.0015191277909703538,0.0012910091064700646,0.4984061868860826,0.498529176519754,0.03219829220324755
msd,500,50,55,5005178,0.5,nan,0.01,0.0,1.0,uniform,True,0.0011981952485926595,0.0011981952485926595,0.0011348850102664843,0.49864433566979394,0.4989668473639828,0.03478845860809088
msd,500,50,56,5005179,0.5,nan,0.01,0.0,1.0,uniform,True,0.0013516568051440414,0.0013516568051440414,0.001137827599749841,0.4987241340336612,0.49846253105168387,0.03463829215615988
msd,500,50,57,5005180,0.5,nan,0.01,0.0,1.0,uniform,True,0.0015283766447803937,0.0015283766447803937,0.0014268649786171594,0.4988874270810831,0.49853796558300983,0.03242387482896447
msd,500,50,58,5005181,0.5,nan,0.01,0.0,1.0,uniform,True,0.0019445172707863723,0.0019445172707863723,0.0015269410687834828,0.49902701721861453,0.498842727403797,0.02848995802924037
msd,500,50,59,5005182,0.5,nan,0.01,0.0,1.0,uniform,True,0.0016011650791441512,0.0013673187927125685,0.0016011650791441512,0.4983792373769424,0.49908924005466176,0.03414695896208286
msd,500,50,60,5005183,0.5,nan,0.01,0.0,1.0,uniform,True,0.0011415292284459033,0.0011415292284459033,0.0010222915142467093,0.49883084666302113,0.49905218361790693,0.034531999845057726
msd,500,50,61,5005184,0.5,nan,0.01,0.0,1.0,uniform,True,0.001655400487980685,0.001655400487980685,0.0014246938968291989,0.4991977489195723,0.49896821052988394,0.030948542058467865
msd,500,50,62,5005185,0.5,nan,0.01,0.0,1.0,uniform,True,0.0012590564824727646,0.0011256413580201796,0.0012590564824727646,0.49854733480057545,0.49891194056650795,0.033224625047296286
msd,500,50,63,5005186,0.5,nan,0.01,0.0,1.0,uniform,True,0.0012777464021884732,0.0010226594741255535,0.0012777464021884732,0.49852097035123566,0.49901409936474994,0.03435658337548375
msd,500,50,64,5005187,0.5,nan,0.01,0.0,1.0,uniform,True,0.001644749777212573,0.0009917873324338244,0.001644749777212573,0.49879099372563396,0.4989235335698458,0.03212662506848574
msd,500,50,65,5005188,0.5,nan,0.01,0.0,1.0,uniform,True,0.0019282580916357706,0.0012839127001351702,0.0019282580916357706,0.4988962454508097,0.4987375507281758,0.03049383405596018
msd,500,50,66,5005189,0.5,nan,0.01,0.0,1.0,uniform,True,0.0012112266354485368,0.0012112266354485368,0.0010877506979127816,0.4991236923593469,0.4990081988021081,0.032448625192046165
msd,500,50,67,5005190,0.5,nan,0.01,0.0,1.0,uniform,True,0.0015794170604540025,0.0015595342443497917,0.0015794170604540025,0.49843768818556544,0.49839425062621084,0.02882170770317316
msd,500,50,68,5005191,0.5,nan,0.01,0.0,1.0,uniform,True,0.0012877877189491627,0.0012877877189491627,0.001284810529094682,0.49868356067939057,0.4988462903096501,0.03510229103267193
msd,500,50,69,5005192,0.5,nan,0.01,0.0,1.0,uniform,True,0.0012759920449386675,0.0009040258059364037,0.0012759920449386675,0.49855860242549144,0.49884106035034914,0.03632433386519551
msd,500,50,70,5005193,0.5,nan,0.01,0.0,1.0,uniform,True,0.0013941714644852277,0.0013787542158041344,0.0013941714644852277,0.49870727934856607,0.49887005098720066,0.030593249946832657
msd,500,50,71,5005194,0.5,nan,0.01,0.0,1.0,uniform,True,0.0015939583803256108,0.001411378724467116,0.0015939583803256108,0.4984076893716681,0.4987666681554733,0.03115070890635252
msd,500,50,72,5005195,0.5,nan,0.01,0.0,1.0,uniform,True,0.0012107401079068936,0.001122523441797918,0.0012107401079068936,0.49900940506828956,0.4991158642251968,0.03514483291655779
msd,500,50,73,5005196,0.5,nan,0.01,0.0,1.0,uniform,True,0.001223271716942198,0.001223271716942198,0.0010918735044309624,0.4992859574205906,0.49972641254509864,0.03392354166135192
msd,500,50,74,5005197,0.5,nan,0.01,0.0,1.0,uniform,True,0.0018693972009170556,0.0016548130161144758,0.0018693972009170556,0.4986296480994874,0.4990824440814632,0.02945300005376339
msd,500,50,75,5005198,0.5,nan,0.01,0.0,1.0,uniform,True,0.0015620876038321962,0.0011578501940787689,0.0015620876038321962,0.49898719779011813,0.49910073156053875,0.03317362489178777
msd,500,50,76,5005199,0.5,nan,0.01,0.0,1.0,uniform,True,0.001221347817047136,0.001221347817047136,0.0009701410998962934,0.49858939513465456,0.4993947116457756,0.033827208913862705
msd,500,50,77,5005200,0.5,nan,0.01,0.0,1.0,uniform,True,0.0015491966884285113,0.0015491966884285113,0.0010703009287720278,0.49903246852814204,0.49856567148796566,0.03288537496700883
msd,500,50,78,5005201,0.5,nan,0.01,0.0,1.0,uniform,True,0.0015305443098830307,0.001230477274015429,0.0015305443098830307,0.4987104926284616,0.4987031638176614,0.03230712469667196
msd,500,50,79,5005202,0.5,nan,0.01,0.0,1.0,uniform,True,0.0019372086383223075,0.0019372086383223075,0.0012309466839381389,0.49901594423367274,0.49917847213133876,0.030355624854564667
msd,500,50,80,5005203,0.5,nan,0.01,0.0,1.0,uniform,True,0.001872892423769923,0.0010718491600674174,0.001872892423769923,0.4991858925295849,0.49860576706494036,0.031389459036290646
msd,500,50,81,5005204,0.5,nan,0.01,0.0,1.0,uniform,True,0.0021347903860743367,0.0014263862372478897,0.0021347903860743367,0.4993552724137733,0.4990373046711697,0.029799541924148798
msd,500,50,82,5005205,0.5,nan,0.01,0.0,1.0,uniform,True,0.0018640294752803044,0.0018640294752803044,0.001274217737572969,0.49860317016723954,0.4988852552537598,0.028839000035077333
msd,500,50,83,5005206,0.5,nan,0.01,0.0,1.0,uniform,True,0.0015358359296430701,0.001119208752328904,0.0015358359296430701,0.4993985577261904,0.4989176988939757,0.030555625446140766
msd,500,50,84,5005207,0.5,nan,0.01,0.0,1.0,uniform,True,0.00105230319284072,0.00105230319284072,0.0010484120559569599,0.4986530890727934,0.4992284175871132,0.03534416574984789
msd,500,50,85,5005208,0.5,nan,0.01,0.0,1.0,uniform,True,0.0016676015027158875,0.0011668571025775787,0.0016676015027158875,0.4988466121566212,0.49912212323555843,0.03315029200166464
msd,500,50,86,5005209,0.5,nan,0.01,0.0,1.0,uniform,True,0.0016365184314859893,0.0016365184314859893,0.0012333955750627457,0.49864513685756534,0.49873980887067115,0.03203920880332589
msd,500,50,87,5005210,0.5,nan,0.01,0.0,1.0,uniform,True,0.002049972922714527,0.002049972922714527,0.0011467335416823765,0.4988927959498329,0.4983074268259188,0.03223662497475743
msd,500,50,88,5005211,0.5,nan,0.01,0.0,1.0,uniform,True,0.001722174499253215,0.0014339202172379828,0.001722174499253215,0.4981598149287638,0.4988462800353069,0.03099250001832843
msd,500,50,89,5005212,0.5,nan,0.01,0.0,1.0,uniform,True,0.001631832167457381,0.0013903835432647615,0.001631832167457381,0.4989416576695073,0.4986729946523924,0.03436183324083686
msd,500,50,90,5005213,0.5,nan,0.01,0.0,1.0,uniform,True,0.0015908851181021255,0.0014173787753385958,0.0015908851181021255,0.4988158714666539,0.49905737480793966,0.030825874768197536
msd,500,50,91,5005214,0.5,nan,0.01,0.0,1.0,uniform,True,0.001723520616218499,0.0014754934995893643,0.001723520616218499,0.4990844667240825,0.4988106700815177,0.03087483299896121
msd,500,50,92,5005215,0.5,nan,0.01,0.0,1.0,uniform,True,0.0021301331420255365,0.0012928296223053137,0.0021301331420255365,0.49907327306467725,0.4986970071974595,0.030026667285710573
msd,500,50,93,5005216,0.5,nan,0.01,0.0,1.0,uniform,True,0.0013500245478054174,0.0013500245478054174,0.0010844930524294139,0.4989730842951593,0.4992321475544911,0.03463975014165044
msd,500,50,94,5005217,0.5,nan,0.01,0.0,1.0,uniform,True,0.002282096846875137,0.0015504738874123625,0.002282096846875137,0.49872602181356707,0.4992698157354252,0.028692458290606737
msd,500,50,95,5005218,0.5,nan,0.01,0.0,1.0,uniform,True,0.0015825776797969704,0.0015825776797969704,0.0014582143391380087,0.4988196618763133,0.49892278257500894,0.03196849999949336
msd,500,50,96,5005219,0.5,nan,0.01,0.0,1.0,uniform,True,0.001557479208714796,0.001557479208714796,0.001382377815350444,0.49848350568272,0.4986242548225338,0.03309658309444785
msd,500,50,97,5005220,0.5,nan,0.01,0.0,1.0,uniform,True,0.0018767853775413235,0.0013617474869098145,0.0018767853775413235,0.49879228975217443,0.4989518745487831,0.027898583095520735
msd,500,50,98,5005221,0.5,nan,0.01,0.0,1.0,uniform,True,0.0015941105045118031,0.0013289105329004625,0.0015941105045118031,0.4988329775206182,0.49924976931247217,0.02926037460565567
msd,500,50,99,5005222,0.5,nan,0.01,0.0,1.0,uniform,True,0.0015207295372068885,0.0015207295372068885,0.0011975638267387456,0.49916445149131133,0.4983256041987225,0.03314291685819626
cvar,30,5,0,1300623,0.5,0.5,0.01,0.0,1.0,uniform,False,0.02507580531081388,0.02507580531081388,0.019642804581024742,0.48764619405645915,0.47078160740151276,0.0016254168003797531
cvar,30,5,1,1300624,0.5,0.5,0.01,0.0,1.0,uniform,False,0.014055426549403671,0.014055426549403671,0.0017516491138349077,0.47172823833936506,0.4637505428197175,0.0013527502305805683
cvar,30,5,2,1300625,0.5,0.5,0.01,0.0,1.0,uniform,True,0.004582517770409966,0.004582517770409966,0.004510604632672721,0.4883566516131298,0.46736430818048014,0.0013198750093579292
cvar,30,5,3,1300626,0.5,0.5,0.01,0.0,1.0,uniform,False,0.01156807771418561,0.009854519080019775,0.01156807771418561,0.4731977666911909,0.4858115306055451,0.0012728329747915268
cvar,30,5,4,1300627,0.5,0.5,0.01,0.0,1.0,uniform,True,0.00995985294189139,0.0026418111123964194,0.00995985294189139,0.4829782500940734,0.48035068300494166,0.0012503745965659618
cvar,30,5,5,1300628,0.5,0.5,0.01,0.0,1.0,uniform,False,0.014425718249847008,0.011705867812749737,0.014425718249847008,0.4653199181769685,0.4684845535622375,0.001251125242561102
cvar,30,5,6,1300629,0.5,0.5,0.01,0.0,1.0,uniform,False,0.03141943329619867,0.018645750114805293,0.03141943329619867,0.4915568343593386,0.45981521598898023,0.0012560421600937843
cvar,30,5,7,1300630,0.5,0.5,0.01,0.0,1.0,uniform,False,0.016141455798872384,0.0018349016270107765,0.016141455798872384,0.47771695515284984,0.47391969977068193,0.0012824591249227524
cvar,30,5,8,1300631,0.5,0.5,0.01,0.0,1.0,uniform,False,0.033604979330943974,0.009578999842873692,0.033604979330943974,0.45704637577471474,0.5059619863432885,0.0012503750622272491
cvar,30,5,9,1300632,0.5,0.5,0.01,0.0,1.0,uniform,True,0.007908416985518418,0.007481085691352751,0.007908416985518418,0.4621718659129803,0.4828233376993014,0.0012591248378157616
cvar,30,5,10,1300633,0.5,0.5,0.01,0.0,1.0,uniform,False,0.024540592492313884,0.024540592492313884,0.013495429022105154,0.47513734408020625,0.48562449943817737,0.0012572919949889183
cvar,30,5,11,1300634,0.5,0.5,0.01,0.0,1.0,uniform,False,0.01656963097837605,0.01656963097837605,0.002456263598053232,0.4763100174679198,0.47534540757161803,0.0012482497841119766
cvar,30,5,12,1300635,0.5,0.5,0.01,0.0,1.0,uniform,False,0.010694721012288189,0.004890460931877172,0.010694721012288189,0.4776754669779327,0.48908818423715295,0.0012732911854982376
cvar,30,5,13,1300636,0.5,0.5,0.01,0.0,1.0,uniform,False,0.02216651942020964,0.02216651942020964,0.004798156991190683,0.47788752536900114,0.4783320829304629,0.0012584999203681946
cvar,30,5,14,1300637,0.5,0.5,0.01,0.0,1.0,uniform,False,0.04264478175399844,0.01172238358867106,0.04264478175399844,0.4684751120238976,0.4787132160756009,0.0012477496638894081
cvar,30,5,15,1300638,0.5,0.5,0.01,0.0,1.0,uniform,False,0.010475771184637717,0.010475771184637717,0.005537707324358987,0.4761129901130765,0.4844247550240075,0.0012752912007272243
cvar,30,5,16,1300639,0.5,0.5,0.01,0.0,1.0,uniform,False,0.0327655278755411,0.0327655278755411,0.019405071696987797,0.468322789892731,0.49395508885953165,0.0012453747913241386
cvar,30,5,17,1300640,0.5,0.5,0.01,0.0,1.0,uniform,False,0.011049039085975765,0.011049039085975765,0.0011213941300055597,0.47308138315189197,0.4806476157025735,0.001260292250663042
cvar,30,5,18,1300641,0.5,0.5,0.01,0.0,1.0,uniform,False,0.019256900102141927,0.016115496781770877,0.019256900102141927,0.4825019604003714,0.4860804557687238,0.0012374999932944775
cvar,30,5,19,1300642,0.5,0.5,0.01,0.0,1.0,uniform,False,0.01532753213344662,0.01532753213344662,0.013195767718526985,0.47209992778408083,0.497680471400118,0.0012372503988444805
cvar,30,5,20,1300643,0.5,0.5,0.01,0.0,1.0,uniform,False,0.016398007448327867,0.016398007448327867,0.014471677268792227,0.46588322953587535,0.4671799745421768,0.00122554088011384
cvar,30,5,21,1300644,0.5,0.5,0.01,0.0,1.0,uniform,True,0.009158734920564016,0.009158734920564016,0.004852366616557691,0.4792828880835523,0.49736230015367094,0.001249500084668398
cvar,30,5,22,1300645,0.5,0.5,0.01,0.0,1.0,uniform,False,0.022051582269430214,0.022051582269430214,0.011351211731151056,0.47373764496215515,0.469390713743769,0.0012255003675818443
cvar,30,5,23,1300646,0.5,0.5,0.01,0.0,1.0,uniform,False,0.02635693005461981,0.02635693005461981,0.0028401277405909475,0.471362795006916,0.4727650383622427,0.001246333122253418
cvar,30,5,24,1300647,0.5,0.5,0.01,0.0,1.0,uniform,False,0.019572157920200173,0.01706671861875597,0.019572157920200173,0.4804669116800261,0.4846910617236526,0.00123645830899477
cvar,30,5,25,1300648,0.5,0.5,0.01,0.0,1.0,uniform,False,0.013360827451139201,0.013360827451139201,0.0012816829923682493,0.4878450416023392,0.49508351921826055,0.0012369169853627682
cvar,30,5,26,1300649,0.5,0.5,0.01,0.0,1.0,uniform,False,0.02479205790203831,0.02366482571253481,0.02479205790203831,0.452972358694958,0.482457819387469,0.001243750099092722
cvar,30,5,27,1300650,0.5,0.5,0.01,0.0,1.0,uniform,False,0.014612359878574399,0.014612359878574399,0.008925884192327815,0.4656585907375507,0.49830147638631145,0.0012256670743227005
cvar,30,5,28,1300651,0.5,0.5,0.01,0.0,1.0,uniform,True,0.006461663968698572,0.005375328355256004,0.006461663968698572,0.47741805281571714,0.4838336221920168,0.0012421254068613052
cvar,30,5,29,1300652,0.5,0.5,0.01,0.0,1.0,uniform,False,0.014629297719354284,0.011681154069021649,0.014629297719354284,0.4840978491074259,0.4761773086348324,0.0012372089549899101
cvar,30,5,30,1300653,0.5,0.5,0.01,0.0,1.0,uniform,False,0.016144203380647093,0.016144203380647093,0.015492260066237551,0.46151594294979076,0.4800274516782347,0.0012266668491065502
cvar,30,5,31,1300654,0.5,0.5,0.01,0.0,1.0,uniform,False,0.016531323037466517,0.016531323037466517,0.004503414670200545,0.4798537881476843,0.47810865765658694,0.0012510409578680992
cvar,30,5,32,1300655,0.5,0.5,0.01,0.0,1.0,uniform,False,0.017036906661413775,0.009853999674937608,0.017036906661413775,0.4798237910382246,0.4712957607277557,0.0012360000982880592
cvar,30,5,33,1300656,0.5,0.5,0.01,0.0,1.0,uniform,False,0.014851974957967418,0.0058576807878064074,0.014851974957967418,0.4878616650068009,0.4591771043919871,0.001266708131879568
cvar,30,5,34,1300657,0.5,0.5,0.01,0.0,1.0,uniform,True,0.008334590215588245,0.0041654049730939224,0.008334590215588245,0.49883999454021755,0.4711862263053115,0.0012659160420298576
cvar,30,5,35,1300658,0.5,0.5,0.01,0.0,1.0,uniform,False,0.01401995697432773,0.01401995697432773,0.009569215317265012,0.4819590477209971,0.4734260256926626,0.0012493752874433994
cvar,30,5,36,1300659,0.5,0.5,0.01,0.0,1.0,uniform,True,0.009647993825770862,0.009647993825770862,0.0055750035354151795,0.46500808311085673,0.47519330217358946,0.0012423335574567318
cvar,30,5,37,1300660,0.5,0.5,0.01,0.0,1.0,uniform,False,0.017124829178494005,0.017124829178494005,0.012087790917031271,0.489087456246877,0.460147911178337,0.0012515829876065254
cvar,30,5,38,1300661,0.5,0.5,0.01,0.0,1.0,uniform,False,0.018979892622911,0.0028699308556069947,0.018979892622911,0.4777772470532849,0.4719224558643581,0.0012290840968489647
cvar,30,5,39,1300662,0.5,0.5,0.01,0.0,1.0,uniform,True,0.007695476121586831,0.006759583700989169,0.007695476121586831,0.4653566066567714,0.4747554602153866,0.001245042309165001
cvar,30,5,40,1300663,0.5,0.5,0.01,0.0,1.0,uniform,True,0.003230926682695423,0.0014943766525137292,0.003230926682695423,0.4726445814265724,0.4625553378169132,0.001276166643947363
cvar,30,5,41,1300664,0.5,0.5,0.01,0.0,1.0,uniform,False,0.012152563031453956,0.011514253701490673,0.012152563031453956,0.4709312584859333,0.4659091491601721,0.001250291708856821
cvar,30,5,42,1300665,0.5,0.5,0.01,0.0,1.0,uniform,True,0.0072430085981984305,0.0029347263176187077,0.0072430085981984305,0.48574038548691556,0.4609476545621964,0.00123645830899477
cvar,30,5,43,1300666,0.5,0.5,0.01,0.0,1.0,uniform,True,0.008668385574732762,0.008668385574732762,0.005130399327080037,0.47037300119061876,0.4666931429774047,0.0012319162487983704
cvar,30,5,44,1300667,0.5,0.5,0.01,0.0,1.0,uniform,False,0.021466352691747514,0.021466352691747514,0.003611673131499904,0.4919767855282044,0.465820320788769,0.0012346250005066395
cvar,30,5,45,1300668,0.5,0.5,0.01,0.0,1.0,uniform,False,0.021680228078157948,0.021680228078157948,0.01752191001760045,0.4676888454445767,0.48687513796989473,0.0012256246991455555
cvar,30,5,46,1300669,0.5,0.5,0.01,0.0,1.0,uniform,False,0.013761649248383745,0.00667515934787416,0.013761649248383745,0.4796896795966845,0.4721369298220126,0.001242457889020443
cvar,30,5,47,1300670,0.5,0.5,0.01,0.0,1.0,uniform,False,0.026083574692596423,0.026083574692596423,0.00911155170568445,0.4720896180904804,0.4803406897701975,0.0012368327006697655
cvar,30,5,48,1300671,0.5,0.5,0.01,0.0,1.0,uniform,True,0.008799974460480586,0.008799974460480586,0.0037547279448348903,0.48483152638366434,0.4765476855836448,0.0012212079018354416
cvar,30,5,49,1300672,0.5,0.5,0.01,0.0,1.0,uniform,False,0.01828559071231345,0.014404874474992169,0.01828559071231345,0.4892398069105922,0.4851173583041351,0.0012409170158207417
cvar,30,5,50,1300673,0.5,0.5,0.01,0.0,1.0,uniform,False,0.016607911799772612,0.016607911799772612,0.01030742004111046,0.48924872143693887,0.4837347082841483,0.0012376667000353336
cvar,30,5,51,1300674,0.5,0.5,0.01,0.0,1.0,uniform,False,0.016355577611685823,0.010540816713147882,0.016355577611685823,0.4812381981852014,0.4807763662708083,0.0012378748506307602
cvar,30,5,52,1300675,0.5,0.5,0.01,0.0,1.0,uniform,False,0.01083281544632475,0.01083281544632475,0.004292731389218041,0.49155419833816183,0.49088408354362034,0.001251916866749525
cvar,30,5,53,1300676,0.5,0.5,0.01,0.0,1.0,uniform,False,0.013064543859671152,0.01196899268582896,0.013064543859671152,0.48633323511631776,0.47589323976150166,0.0012649158015847206
cvar,30,5,54,1300677,0.5,0.5,0.01,0.0,1.0,uniform,False,0.015700399419414535,0.015700399419414535,0.010967621858302579,0.4548447134486745,0.4800934476522486,0.0012597497552633286
cvar,30,5,55,1300678,0.5,0.5,0.01,0.0,1.0,uniform,True,0.0068724541966107555,0.005466945580538285,0.0068724541966107555,0.4796771049319061,0.4860096809404668,0.0012705828994512558
cvar,30,5,56,1300679,0.5,0.5,0.01,0.0,1.0,uniform,False,0.029205809512875158,0.029205809512875158,0.014195692131242388,0.4738478077963206,0.4900661506672318,0.0012343754060566425
cvar,30,5,57,1300680,0.5,0.5,0.01,0.0,1.0,uniform,False,0.0125400066582122,0.007486493968227204,0.0125400066582122,0.4745806683638066,0.4894298231547125,0.0012275832705199718
cvar,30,5,58,1300681,0.5,0.5,0.01,0.0,1.0,uniform,False,0.01554165483948966,0.0062808573904166165,0.01554165483948966,0.4832258562509679,0.47832680289109875,0.0012368750758469105
cvar,30,5,59,1300682,0.5,0.5,0.01,0.0,1.0,uniform,False,0.017060618607735833,0.017060618607735833,0.01293155541486235,0.4598191568451311,0.4644850155635736,0.0012384997680783272
cvar,30,5,60,1300683,0.5,0.5,0.01,0.0,1.0,uniform,True,0.006790556658392843,0.0017270019025533712,0.006790556658392843,0.4765252976138637,0.47874119827353234,0.0012509156949818134
cvar,30,5,61,1300684,0.5,0.5,0.01,0.0,1.0,uniform,True,0.0067120205216339435,0.006529543812757221,0.0067120205216339435,0.45360939278486984,0.48588478252869893,0.0012367498129606247
cvar,30,5,62,1300685,0.5,0.5,0.01,0.0,1.0,uniform,False,0.02372504628515837,0.02372504628515837,0.001305780029708159,0.46772703746274114,0.47134046794841256,0.0012518749572336674
cvar,30,5,63,1300686,0.5,0.5,0.01,0.0,1.0,uniform,False,0.02179403360828147,0.02179403360828147,0.012547461467416421,0.4714015814613709,0.4893401433371259,0.0012317500077188015
cvar,30,5,64,1300687,0.5,0.5,0.01,0.0,1.0,uniform,True,0.0071738250245686475,0.003233149558817594,0.0071738250245686475,0.4617580109185791,0.47643336758860666,0.0012524579651653767
cvar,30,5,65,1300688,0.5,0.5,0.01,0.0,1.0,uniform,False,0.022986084305184784,0.001121406197903907,0.022986084305184784,0.503296428501608,0.48369159137509776,0.0012443331070244312
cvar,30,5,66,1300689,0.5,0.5,0.01,0.0,1.0,uniform,True,0.008493862093038429,0.008493862093038429,0.00585698553430497,0.46119524122534983,0.48932253335142073,0.0012372499331831932
cvar,30,5,67,1300690,0.5,0.5,0.01,0.0,1.0,uniform,False,0.01202883098009111,0.01202883098009111,0.010346521847371948,0.47784152610309577,0.47574181004884164,0.0012437920086085796
cvar,30,5,68,1300691,0.5,0.5,0.01,0.0,1.0,uniform,False,0.021153830746789615,0.021153830746789615,0.017197315133267832,0.47914315542047553,0.45009829749232955,0.001221916638314724
cvar,30,5,69,1300692,0.5,0.5,0.01,0.0,1.0,uniform,False,0.02009363076055254,0.02009363076055254,0.0073086301955838096,0.4674503476129369,0.492634361010982,0.0012461249716579914
cvar,30,5,70,1300693,0.5,0.5,0.01,0.0,1.0,uniform,True,0.007141077964247233,0.007141077964247233,0.001989714521857422,0.47955800279709326,0.4659491792396267,0.0012554582208395004
cvar,30,5,71,1300694,0.5,0.5,0.01,0.0,1.0,uniform,False,0.01743646267324145,0.004042559942044832,0.01743646267324145,0.476747440193352,0.4977444401794467,0.0012433337979018688
cvar,30,5,72,1300695,0.5,0.5,0.01,0.0,1.0,uniform,True,0.006886480683539142,0.004122438741398504,0.006886480683539142,0.48147471788355223,0.48796400118876937,0.0012647919356822968
cvar,30,5,73,1300696,0.5,0.5,0.01,0.0,1.0,uniform,False,0.013983372852966358,0.013983372852966358,0.009454575175491087,0.49942496898116606,0.47736759474448126,0.0012555844150483608
cvar,30,5,74,1300697,0.5,0.5,0.01,0.0,1.0,uniform,False,0.01905151845862385,0.0012252868145593565,0.01905151845862385,0.46629750936981174,0.46962515107177927,0.0012630410492420197
cvar,30,5,75,1300698,0.5,0.5,0.01,0.0,1.0,uniform,False,0.013611079640060697,0.013603507395594239,0.013611079640060697,0.48306309175921924,0.46501951380671724,0.0012438329868018627
cvar,30,5,76,1300699,0.5,0.5,0.01,0.0,1.0,uniform,False,0.023732261918953224,0.023732261918953224,0.01155842425072623,0.4592021694354751,0.4852795585890033,0.0012457501143217087
cvar,30,5,77,1300700,0.5,0.5,0.01,0.0,1.0,uniform,False,0.01780775037616722,0.012893071162000613,0.01780775037616722,0.46100829576587893,0.4912187146111169,0.0012420839630067348
cvar,30,5,78,1300701,0.5,0.5,0.01,0.0,1.0,uniform,False,0.017581128747991448,0.008653540672839077,0.017581128747991448,0.45613333770810094,0.4733544142794033,0.001260917168110609
cvar,30,5,79,1300702,0.5,0.5,0.01,0.0,1.0,uniform,False,0.02280720559934185,0.006688501093135235,0.02280720559934185,0.47559004752048173,0.47397021678700385,0.0012477496638894081
cvar,30,5,80,1300703,0.5,0.5,0.01,0.0,1.0,uniform,False,0.02473342648887089,0.015594757886689792,0.02473342648887089,0.47263938791997423,0.4812248597034584,0.001240542158484459
cvar,30,5,81,1300704,0.5,0.5,0.01,0.0,1.0,uniform,False,0.025047053498246707,0.004113365952070014,0.025047053498246707,0.484579052818357,0.47763696706052255,0.0012491662055253983
cvar,30,5,82,1300705,0.5,0.5,0.01,0.0,1.0,uniform,True,0.007486826792523882,0.007486826792523882,0.0072049709440026866,0.475009900901017,0.4826139712321888,0.0012139580212533474
cvar,30,5,83,1300706,0.5,0.5,0.01,0.0,1.0,uniform,False,0.010511439411022339,0.010511439411022339,0.0007685928333603376,0.4802239123767247,0.46571956324997743,0.0012352499179542065
cvar,30,5,84,1300707,0.5,0.5,0.01,0.0,1.0,uniform,False,0.024578709988237357,0.024578709988237357,0.017031229834105432,0.4811534958143295,0.48333620864293103,0.0012428751215338707
cvar,30,5,85,1300708,0.5,0.5,0.01,0.0,1.0,uniform,False,0.017432076551943898,0.008427599755053472,0.017432076551943898,0.49880014976361864,0.4610090630044227,0.0012484579347074032
cvar,30,5,86,1300709,0.5,0.5,0.01,0.0,1.0,uniform,False,0.012155074705433255,0.005314946946674504,0.012155074705433255,0.4708620834408438,0.4768333769766289,0.0012544170022010803
cvar,30,5,87,1300710,0.5,0.5,0.01,0.0,1.0,uniform,False,0.019619235914763278,0.019619235914763278,0.011519966568366236,0.4933088345091569,0.46711406948946677,0.0012692920863628387
cvar,30,5,88,1300711,0.5,0.5,0.01,0.0,1.0,uniform,True,0.0034871143513794944,0.0034871143513794944,0.0017115134305125679,0.47035312928827167,0.45864379332345,0.001249709166586399
cvar,30,5,89,1300712,0.5,0.5,0.01,0.0,1.0,uniform,False,0.010194704271481614,0.004206828082031933,0.010194704271481614,0.4726830188819361,0.4904903617666143,0.0012425407767295837
cvar,30,5,90,1300713,0.5,0.5,0.01,0.0,1.0,uniform,False,0.02035157753067285,0.012996548592679014,0.02035157753067285,0.4597460693103122,0.47390419791564653,0.0012333746999502182
cvar,30,5,91,1300714,0.5,0.5,0.01,0.0,1.0,uniform,False,0.03130271926756112,0.03130271926756112,0.012710778039213222,0.48374606015053334,0.4775723885455324,0.0012395833618938923
cvar,30,5,92,1300715,0.5,0.5,0.01,0.0,1.0,uniform,False,0.015271665155769998,0.015271665155769998,0.014196579664846165,0.4643456395284909,0.45526057553706956,0.001232209149748087
cvar,30,5,93,1300716,0.5,0.5,0.01,0.0,1.0,uniform,True,0.00892233336767384,0.00782555838346688,0.00892233336767384,0.4687970312083821,0.4799348033628312,0.0012547504156827927
cvar,30,5,94,1300717,0.5,0.5,0.01,0.0,1.0,uniform,False,0.024613280171135676,0.024613280171135676,0.02297886437550989,0.4944963314323934,0.48246487465780186,0.0012457501143217087
cvar,30,5,95,1300718,0.5,0.5,0.01,0.0,1.0,uniform,True,0.009530545585754446,0.0035804465811656305,0.009530545585754446,0.46986956481196673,0.47426619081631205,0.0012384168803691864
cvar,30,5,96,1300719,0.5,0.5,0.01,0.0,1.0,uniform,False,0.015024499147615333,0.015024499147615333,0.00468136824748272,0.47200847422605907,0.48024420514753846,0.0012494171969592571
cvar,30,5,97,1300720,0.5,0.5,0.01,0.0,1.0,uniform,False,0.0180197680626345,0.0180197680626345,0.014030887850359552,0.49308126704564514,0.46686901954596927,0.0012246668338775635
cvar,30,5,98,1300721,0.5,0.5,0.01,0.0,1.0,uniform,False,0.01167991101293503,0.01167991101293503,0.004314908500285042,0.4732487140624641,0.49732582633697164,0.0012549576349556446
cvar,30,5,99,1300722,0.5,0.5,0.01,0.0,1.0,uniform,False,0.03093032056265077,0.015969012380780467,0.03093032056265077,0.4810517962847377,0.49730117122605166,0.0012294170446693897
cvar,30,10,0,1301123,0.5,0.5,0.01,0.0,1.0,uniform,False,0.020702007652717125,0.020702007652717125,0.014419548713703267,0.4765057666960596,0.4961596507450809,0.0013580829836428165
cvar,30,10,1,1301124,0.5,0.5,0.01,0.0,1.0,uniform,False,0.01742139509759566,0.01242344491759273,0.01742139509759566,0.47755035594773776,0.5007145738190504,0.0013519166968762875
cvar,30,10,2,1301125,0.5,0.5,0.01,0.0,1.0,uniform,False,0.01096598442531116,0.01096598442531116,0.00899743721788726,0.4979939079824921,0.4851328541916117,0.0013054171577095985
cvar,30,10,3,1301126,0.5,0.5,0.01,0.0,1.0,uniform,False,0.014211621524621965,0.011413516738469964,0.014211621524621965,0.48333234376761364,0.492690104701931,0.0013365410268306732
cvar,30,10,4,1301127,0.5,0.5,0.01,0.0,1.0,uniform,False,0.017660980060613285,0.017660980060613285,0.012505147903185132,0.48494811960903444,0.49127596634146353,0.0013015000149607658
cvar,30,10,5,1301128,0.5,0.5,0.01,0.0,1.0,uniform,False,0.019312669433201313,0.019312669433201313,0.014948254197982236,0.4777091233304189,0.49314942916075394,0.0013307500630617142
cvar,30,10,6,1301129,0.5,0.5,0.01,0.0,1.0,uniform,False,0.019609445835025163,0.016787442480687198,0.019609445835025163,0.4882429237049938,0.49096749839354775,0.001318416092544794
cvar,30,10,7,1301130,0.5,0.5,0.01,0.0,1.0,uniform,False,0.013291608306729708,0.013291608306729708,0.012311708581523306,0.4911978551846897,0.4855549362483621,0.0013337917625904083
cvar,30,10,8,1301131,0.5,0.5,0.01,0.0,1.0,uniform,False,0.01947648550785397,0.010074700124773295,0.01947648550785397,0.501017008640304,0.48228514881771656,0.0013213339261710644
cvar,30,10,9,1301132,0.5,0.5,0.01,0.0,1.0,uniform,False,0.01633942030940283,0.01633942030940283,0.0056895568780844785,0.4915268689489296,0.4896983963023023,0.001320874784141779
cvar,30,10,10,1301133,0.5,0.5,0.01,0.0,1.0,uniform,False,0.013988031996231776,0.013988031996231776,0.012820141551089792,0.4855148931635189,0.4839380954004184,0.00131191685795784
cvar,30,10,11,1301134,0.5,0.5,0.01,0.0,1.0,uniform,False,0.019443581148188616,0.019443581148188616,0.011074759555371905,0.4878670345731794,0.48765125920671554,0.0013330420479178429
cvar,30,10,12,1301135,0.5,0.5,0.01,0.0,1.0,uniform,False,0.016760083821881655,0.011275374214512912,0.016760083821881655,0.4860680491405635,0.48757556231806454,0.0013055838644504547
cvar,30,10,13,1301136,0.5,0.5,0.01,0.0,1.0,uniform,False,0.014967782108231575,0.007195797446304941,0.014967782108231575,0.4934370939005388,0.49394047313241507,0.0013462090864777565
cvar,30,10,14,1301137,0.5,0.5,0.01,0.0,1.0,uniform,True,0.008093329228653745,0.008093329228653745,0.005157142821574534,0.4858797760371228,0.4883183739120047,0.0013566669076681137
cvar,30,10,15,1301138,0.5,0.5,0.01,0.0,1.0,uniform,False,0.016031696522135652,0.016031696522135652,0.015715257047197007,0.48464286891638797,0.4953438769374917,0.0013248752802610397
cvar,30,10,16,1301139,0.5,0.5,0.01,0.0,1.0,uniform,False,0.014678004220035235,0.014678004220035235,0.009087117110245901,0.4884311984846689,0.48903327173438016,0.001348375342786312
cvar,30,10,17,1301140,0.5,0.5,0.01,0.0,1.0,uniform,False,0.019750973034284858,0.010941862830277371,0.019750973034284858,0.4954177933814124,0.4862923653626723,0.001318667083978653
cvar,30,10,18,1301141,0.5,0.5,0.01,0.0,1.0,uniform,True,0.00841669878088469,0.0070439626105494035,0.00841669878088469,0.500444737728555,0.4852299426629527,0.0013535418547689915
cvar,30,10,19,1301142,0.5,0.5,0.01,0.0,1.0,uniform,False,0.018644765222916748,0.018644765222916748,0.015172808757881406,0.48449893500382996,0.4858484214607707,0.0013025826774537563
cvar,30,10,20,1301143,0.5,0.5,0.01,0.0,1.0,uniform,False,0.018408652079343724,0.018408652079343724,0.00985088151577107,0.48424358666195666,0.48078280388990174,0.0013404171913862228
cvar,30,10,21,1301144,0.5,0.5,0.01,0.0,1.0,uniform,False,0.020886114885315443,0.005927799132485312,0.020886114885315443,0.4925049545013365,0.4849729593788189,0.0013436251319944859
cvar,30,10,22,1301145,0.5,0.5,0.01,0.0,1.0,uniform,False,0.015065279586892522,0.015065279586892522,0.006653244726826102,0.48102675992648314,0.4926808370089332,0.00131545914337039
cvar,30,10,23,1301146,0.5,0.5,0.01,0.0,1.0,uniform,False,0.017344779740269267,0.017344779740269267,0.011478909580803554,0.49289654560778595,0.48820312414852884,0.001326332800090313
cvar,30,10,24,1301147,0.5,0.5,0.01,0.0,1.0,uniform,False,0.01902533944773599,0.013234231609678238,0.01902533944773599,0.49459697253772344,0.49355217058316336,0.0012944168411195278
cvar,30,10,25,1301148,0.5,0.5,0.01,0.0,1.0,uniform,False,0.02182853512632027,0.02182853512632027,0.012786545492546264,0.4900938965588553,0.48668320049624963,0.001312000211328268
cvar,30,10,26,1301149,0.5,0.5,0.01,0.0,1.0,uniform,False,0.023270527283698272,0.019333426127176978,0.023270527283698272,0.48722711182165107,0.4906693324845557,0.0013101659715175629
cvar,30,10,27,1301150,0.5,0.5,0.01,0.0,1.0,uniform,False,0.013435337180557283,0.013435337180557283,0.010741934406959253,0.48269302206223724,0.49393704757852197,0.0013412907719612122
cvar,30,10,28,1301151,0.5,0.5,0.01,0.0,1.0,uniform,False,0.020402435758795745,0.007119105163746364,0.020402435758795745,0.4934913203390672,0.4904740122850777,0.0013341251760721207
cvar,30,10,29,1301152,0.5,0.5,0.01,0.0,1.0,uniform,False,0.02295826810721424,0.02295826810721424,0.010694781164292844,0.4941282927740297,0.48365752967656345,0.0012969579547643661
cvar,30,10,30,1301153,0.5,0.5,0.01,0.0,1.0,uniform,False,0.021455648662144833,0.021455648662144833,0.013829348370815897,0.4812478701212533,0.493088470021457,0.0013062497600913048
cvar,30,10,31,1301154,0.5,0.5,0.01,0.0,1.0,uniform,False,0.019940917008133552,0.019940917008133552,0.012643753807937697,0.4836790157010254,0.4902830301649669,0.0013312501832842827
cvar,30,10,32,1301155,0.5,0.5,0.01,0.0,1.0,uniform,False,0.01218746184880709,0.01218746184880709,0.010402808985257916,0.48509962616082725,0.48537845665067014,0.001317333895713091
cvar,30,10,33,1301156,0.5,0.5,0.01,0.0,1.0,uniform,False,0.022940302460975448,0.01258133075948431,0.022940302460975448,0.4808948493397621,0.48240339595389714,0.001314499881118536
cvar,30,10,34,1301157,0.5,0.5,0.01,0.0,1.0,uniform,True,0.007517798997552949,0.007397487164835015,0.007517798997552949,0.48790624138386796,0.48780736837931893,0.0013299169950187206
cvar,30,10,35,1301158,0.5,0.5,0.01,0.0,1.0,uniform,False,0.013773446179567939,0.012712126449004657,0.013773446179567939,0.48959546212694016,0.47485348705335334,0.0013070418499410152
cvar,30,10,36,1301159,0.5,0.5,0.01,0.0,1.0,uniform,False,0.017241051108756178,0.017241051108756178,0.014538324371137779,0.4841894144533885,0.4882113202206104,0.0013129999861121178
cvar,30,10,37,1301160,0.5,0.5,0.01,0.0,1.0,uniform,True,0.008506931047011224,0.007139967512916012,0.008506931047011224,0.48166534687123297,0.4875242205188727,0.0013278331607580185
cvar,30,10,38,1301161,0.5,0.5,0.01,0.0,1.0,uniform,True,0.00811531483082234,0.005971906391473547,0.00811531483082234,0.4779814232110555,0.4903106604109269,0.0013707908801734447
cvar,30,10,39,1301162,0.5,0.5,0.01,0.0,1.0,uniform,False,0.01350715109337669,0.01350715109337669,0.0063414884813017824,0.48338817031247605,0.48856669832573807,0.00132416607812047
cvar,30,10,40,1301163,0.5,0.5,0.01,0.0,1.0,uniform,False,0.01042451004769851,0.007627735772246957,0.01042451004769851,0.4823649995955819,0.4881965428800903,0.0013359999284148216
cvar,30,10,41,1301164,0.5,0.5,0.01,0.0,1.0,uniform,False,0.024740665809241946,0.024740665809241946,0.010287730005576812,0.48359486765580206,0.48034004638780803,0.0013149580918252468
cvar,30,10,42,1301165,0.5,0.5,0.01,0.0,1.0,uniform,False,0.015410063335355162,0.007179968837158879,0.015410063335355162,0.4903734427602057,0.4869645809624133,0.001341040711849928
cvar,30,10,43,1301166,0.5,0.5,0.01,0.0,1.0,uniform,False,0.030842191875837255,0.030842191875837255,0.011503804255973749,0.48449230397949616,0.4844480808121312,0.001320541836321354
cvar,30,10,44,1301167,0.5,0.5,0.01,0.0,1.0,uniform,False,0.017139076868229797,0.017139076868229797,0.01368491631804547,0.4937244728985899,0.49117213867490706,0.0013289167545735836
cvar,30,10,45,1301168,0.5,0.5,0.01,0.0,1.0,uniform,False,0.014232894784426742,0.014232894784426742,0.009277898220754477,0.4863112655448523,0.48742143971287144,0.0013142917305231094
cvar,30,10,46,1301169,0.5,0.5,0.01,0.0,1.0,uniform,False,0.010578906810750799,0.010578906810750799,0.007836327274588162,0.48943732510842963,0.48713976918979474,0.0013487497344613075
cvar,30,10,47,1301170,0.5,0.5,0.01,0.0,1.0,uniform,False,0.010641880849183216,0.00826572073925802,0.010641880849183216,0.48889597674949303,0.48269270451992957,0.00134312454611063
cvar,30,10,48,1301171,0.5,0.5,0.01,0.0,1.0,uniform,False,0.011214626224848867,0.008094701585861674,0.011214626224848867,0.4889882109843212,0.48522954669659135,0.0013029160909354687
cvar,30,10,49,1301172,0.5,0.5,0.01,0.0,1.0,uniform,False,0.033482739838532005,0.033482739838532005,0.01631308323244962,0.4847296956017666,0.49258620075561776,0.0012999172322452068
cvar,30,10,50,1301173,0.5,0.5,0.01,0.0,1.0,uniform,False,0.024672965622058007,0.013705753561311096,0.024672965622058007,0.48995221950047185,0.47912202437858586,0.001325041987001896
cvar,30,10,51,1301174,0.5,0.5,0.01,0.0,1.0,uniform,False,0.014552243163078737,0.010961563064903257,0.014552243163078737,0.4911232812785382,0.47950358944536847,0.0013080411590635777
cvar,30,10,52,1301175,0.5,0.5,0.01,0.0,1.0,uniform,False,0.010487601085523879,0.010487601085523879,0.009807428035818966,0.4875346945919637,0.4942341809422283,0.001320917159318924
cvar,30,10,53,1301176,0.5,0.5,0.01,0.0,1.0,uniform,False,0.017743926611445582,0.014212227246775011,0.017743926611445582,0.4843798497769961,0.4890566019503864,0.0013115420006215572
cvar,30,10,54,1301177,0.5,0.5,0.01,0.0,1.0,uniform,False,0.014106571364200016,0.008324585840595589,0.014106571364200016,0.4814570645874595,0.48742447699360936,0.0013323752209544182
cvar,30,10,55,1301178,0.5,0.5,0.01,0.0,1.0,uniform,True,0.009070204369994006,0.009070204369994006,0.004545020985988635,0.4829357099089905,0.48481481780676167,0.0013456251472234726
cvar,30,10,56,1301179,0.5,0.5,0.01,0.0,1.0,uniform,False,0.013213708773693433,0.013213708773693433,0.012279537515725303,0.4974739920373684,0.49025489757222873,0.0013624168932437897
cvar,30,10,57,1301180,0.5,0.5,0.01,0.0,1.0,uniform,False,0.015560074129276291,0.015559403578191466,0.015560074129276291,0.4919305047477018,0.4955648666487782,0.0013278340920805931
cvar,30,10,58,1301181,0.5,0.5,0.01,0.0,1.0,uniform,False,0.015085192738938769,0.01298745165777232,0.015085192738938769,0.49516588060545447,0.48750024375787243,0.0013112081214785576
cvar,30,10,59,1301182,0.5,0.5,0.01,0.0,1.0,uniform,False,0.016733011047357638,0.011543994701299187,0.016733011047357638,0.5007642652239923,0.48825002337602247,0.00132350018247962
cvar,30,10,60,1301183,0.5,0.5,0.01,0.0,1.0,uniform,False,0.011323959607340117,0.011323959607340117,0.008189906633864485,0.4837780505574415,0.49185188309948463,0.0013143331743776798
cvar,30,10,61,1301184,0.5,0.5,0.01,0.0,1.0,uniform,False,0.022039077838572063,0.022039077838572063,0.012214601678845804,0.4898880350802669,0.4878352025727356,0.0013011670671403408
cvar,30,10,62,1301185,0.5,0.5,0.01,0.0,1.0,uniform,False,0.010568109034870043,0.010568109034870043,0.002247888927059294,0.48647887665983647,0.4987358776549783,0.0013256669044494629
cvar,30,10,63,1301186,0.5,0.5,0.01,0.0,1.0,uniform,False,0.01476890901096517,0.011078933695433058,0.01476890901096517,0.4944346916070545,0.4892299853675717,0.001324374694377184
cvar,30,10,64,1301187,0.5,0.5,0.01,0.0,1.0,uniform,False,0.01349166219523551,0.01349166219523551,0.008200265265839168,0.47800121055033934,0.48358037346365046,0.0013084588572382927
cvar,30,10,65,1301188,0.5,0.5,0.01,0.0,1.0,uniform,False,0.026490664177398038,0.026490664177398038,0.009237072743350339,0.4936206406154033,0.4962973298470325,0.0013184580020606518
cvar,30,10,66,1301189,0.5,0.5,0.01,0.0,1.0,uniform,False,0.010488892528571603,0.008462155153244777,0.010488892528571603,0.4861956580022533,0.4860833151588928,0.0013335407711565495
cvar,30,10,67,1301190,0.5,0.5,0.01,0.0,1.0,uniform,False,0.019739544844733836,0.010989232411791339,0.019739544844733836,0.4883533008777515,0.47900423299414097,0.0013004159554839134
cvar,30,10,68,1301191,0.5,0.5,0.01,0.0,1.0,uniform,False,0.011424323582802987,0.007961323142185006,0.011424323582802987,0.48794902425578957,0.4962352920562959,0.0013027917593717575
cvar,30,10,69,1301192,0.5,0.5,0.01,0.0,1.0,uniform,False,0.013009569860899961,0.013009569860899961,0.010822835962247424,0.4819333007671711,0.4985415581357221,0.0013172500766813755
cvar,30,10,70,1301193,0.5,0.5,0.01,0.0,1.0,uniform,False,0.012450589009291357,0.007412075132787743,0.012450589009291357,0.48905847004285075,0.48330530376529146,0.0013298341073095798
cvar,30,10,71,1301194,0.5,0.5,0.01,0.0,1.0,uniform,False,0.013589086034894782,0.009481032195174932,0.013589086034894782,0.48341995880729904,0.48463424544293543,0.001332750078290701
cvar,30,10,72,1301195,0.5,0.5,0.01,0.0,1.0,uniform,False,0.010045230923220294,0.010045230923220294,0.005762700163184142,0.4843178837292682,0.4892551885427696,0.0013477909378707409
cvar,30,10,73,1301196,0.5,0.5,0.01,0.0,1.0,uniform,False,0.016964818680378857,0.007962385939778771,0.016964818680378857,0.48350191808132265,0.48954259139088546,0.0013303752057254314
cvar,30,10,74,1301197,0.5,0.5,0.01,0.0,1.0,uniform,False,0.01391875029510542,0.011759512156801655,0.01391875029510542,0.4874439649087452,0.48839697880881333,0.0013045421801507473
cvar,30,10,75,1301198,0.5,0.5,0.01,0.0,1.0,uniform,False,0.01248846340202786,0.01248846340202786,0.006112251385230805,0.485058204788225,0.49689824942581623,0.0013307910412549973
cvar,30,10,76,1301199,0.5,0.5,0.01,0.0,1.0,uniform,False,0.019567903424262068,0.019567903424262068,0.008790710956699865,0.482958520228853,0.4879997152928009,0.001313582994043827
cvar,30,10,77,1301200,0.5,0.5,0.01,0.0,1.0,uniform,False,0.013144825780123326,0.009911048727970218,0.013144825780123326,0.48432700820823366,0.4923218880075535,0.0013432917185127735
cvar,30,10,78,1301201,0.5,0.5,0.01,0.0,1.0,uniform,False,0.0251992235806503,0.013140698405398554,0.0251992235806503,0.4831822853783778,0.4823922621439827,0.001319249626249075
cvar,30,10,79,1301202,0.5,0.5,0.01,0.0,1.0,uniform,False,0.014757945893914104,0.014757945893914104,0.010272357864208659,0.49011992787582126,0.4984557167067796,0.0013773748651146889
cvar,30,10,80,1301203,0.5,0.5,0.01,0.0,1.0,uniform,False,0.011459305175659962,0.011459305175659962,0.007550503122578656,0.49208971774466326,0.4899657444035897,0.0013321670703589916
cvar,30,10,81,1301204,0.5,0.5,0.01,0.0,1.0,uniform,False,0.02310199803495866,0.02310199803495866,0.014251787416493356,0.4833613555789918,0.49499126939751426,0.0012967092916369438
cvar,30,10,82,1301205,0.5,0.5,0.01,0.0,1.0,uniform,False,0.019263339544062674,0.019263339544062674,0.0070077500466800835,0.490811977018067,0.4966480424790949,0.0013078749179840088
cvar,30,10,83,1301206,0.5,0.5,0.01,0.0,1.0,uniform,False,0.014154694918198318,0.007538619400254021,0.014154694918198318,0.4877029124696851,0.4842135104342013,0.0013271248899400234
cvar,30,10,84,1301207,0.5,0.5,0.01,0.0,1.0,uniform,False,0.012615508208507431,0.011606010672278066,0.012615508208507431,0.48919974604167205,0.49088332641093635,0.001331124920397997
cvar,30,10,85,1301208,0.5,0.5,0.01,0.0,1.0,uniform,False,0.02256875742412834,0.010658923275998267,0.02256875742412834,0.48051462356572305,0.49096850417082505,0.0013225828297436237
cvar,30,10,86,1301209,0.5,0.5,0.01,0.0,1.0,uniform,False,0.01655832024842857,0.01655832024842857,0.012447056735121143,0.48647310942025584,0.4814210204146999,0.0013136249035596848
cvar,30,10,87,1301210,0.5,0.5,0.01,0.0,1.0,uniform,False,0.018193203790420498,0.0046553651349994785,0.018193203790420498,0.4797102402451617,0.48619110512100155,0.001321832649409771
cvar,30,10,88,1301211,0.5,0.5,0.01,0.0,1.0,uniform,False,0.010966119909780303,0.00997270178617965,0.010966119909780303,0.49589137007717815,0.4944215163802613,0.001322875265032053
cvar,30,10,89,1301212,0.5,0.5,0.01,0.0,1.0,uniform,False,0.016734243409920246,0.009226160460501065,0.016734243409920246,0.48270323419987937,0.4908137268602458,0.001317041926085949
cvar,30,10,90,1301213,0.5,0.5,0.01,0.0,1.0,uniform,False,0.01642753148742343,0.01642753148742343,0.015379706127743309,0.4930188052886247,0.4919582375474094,0.0013165422715246677
cvar,30,10,91,1301214,0.5,0.5,0.01,0.0,1.0,uniform,False,0.013444329321535498,0.01103340164197264,0.013444329321535498,0.4856967799746206,0.4889305213317321,0.0013362499885261059
cvar,30,10,92,1301215,0.5,0.5,0.01,0.0,1.0,uniform,False,0.016720925310999835,0.013846913312039688,0.016720925310999835,0.49761003974839024,0.4957245370156392,0.001310541294515133
cvar,30,10,93,1301216,0.5,0.5,0.01,0.0,1.0,uniform,False,0.017903219715791396,0.017903219715791396,0.013393622632233149,0.48088038926974813,0.48999659337963536,0.0013182498514652252
cvar,30,10,94,1301217,0.5,0.5,0.01,0.0,1.0,uniform,False,0.01530957057731952,0.01530957057731952,0.010029941254151686,0.49030144106996254,0.48103314389087076,0.0013678749091923237
cvar,30,10,95,1301218,0.5,0.5,0.01,0.0,1.0,uniform,True,0.009209322677915466,0.007289337031256282,0.009209322677915466,0.4858055845020456,0.48579499548793315,0.0013478747569024563
cvar,30,10,96,1301219,0.5,0.5,0.01,0.0,1.0,uniform,False,0.018920523906955977,0.01758517411839422,0.018920523906955977,0.4924644000876458,0.47853076165888087,0.0013069580309092999
cvar,30,10,97,1301220,0.5,0.5,0.01,0.0,1.0,uniform,False,0.016155394105556886,0.016155394105556886,0.006985673262825454,0.483172427914049,0.49002732878957533,0.0013267500326037407
cvar,30,10,98,1301221,0.5,0.5,0.01,0.0,1.0,uniform,False,0.011960126600375598,0.011960126600375598,0.01082726548458629,0.48793158069730236,0.4863584189930533,0.0013061673380434513
cvar,30,10,99,1301222,0.5,0.5,0.01,0.0,1.0,uniform,False,0.01672455407241058,0.014457608911612074,0.01672455407241058,0.4823036929399809,0.483746725578146,0.0013066250830888748
cvar,30,20,0,1302123,0.5,0.5,0.01,0.0,1.0,uniform,False,0.010027195722992932,0.008245048430580715,0.010027195722992932,0.4952891703714688,0.49563454126132733,0.00154391722753644
cvar,30,20,1,1302124,0.5,0.5,0.01,0.0,1.0,uniform,False,0.012913611747000009,0.009900744391243832,0.012913611747000009,0.4978822730357068,0.4917158912597258,0.0014650411903858185
cvar,30,20,2,1302125,0.5,0.5,0.01,0.0,1.0,uniform,False,0.011995082031403481,0.011995082031403481,0.010829915490161435,0.4998277122733275,0.49749051871263017,0.0015072077512741089
cvar,30,20,3,1302126,0.5,0.5,0.01,0.0,1.0,uniform,False,0.013596496739405661,0.008471415535400206,0.013596496739405661,0.49561541196107506,0.4927850814304854,0.001466624904423952
cvar,30,20,4,1302127,0.5,0.5,0.01,0.0,1.0,uniform,False,0.01490700563746139,0.007161444273308615,0.01490700563746139,0.4941250541453584,0.4927714137879987,0.0014838329516351223
cvar,30,20,5,1302128,0.5,0.5,0.01,0.0,1.0,uniform,False,0.012106251693238312,0.012106251693238312,0.010206798583662746,0.5006545332707837,0.49440067676674787,0.0014711660332977772
cvar,30,20,6,1302129,0.5,0.5,0.01,0.0,1.0,uniform,False,0.013994774199816096,0.010491987127557056,0.013994774199816096,0.492686611779382,0.48743774494024417,0.001481583807617426
cvar,30,20,7,1302130,0.5,0.5,0.01,0.0,1.0,uniform,True,0.009539184807208279,0.008677439210135085,0.009539184807208279,0.49126924537937666,0.4940659989833801,0.001537791918963194
cvar,30,20,8,1302131,0.5,0.5,0.01,0.0,1.0,uniform,False,0.015762235118402912,0.015762235118402912,0.0110498014594399,0.4944733886251046,0.4965984825684484,0.0014767087996006012
cvar,30,20,9,1302132,0.5,0.5,0.01,0.0,1.0,uniform,False,0.01668275342658665,0.01668275342658665,0.013768559415961112,0.48818495563438546,0.49414596122936816,0.0014897091314196587
cvar,30,20,10,1302133,0.5,0.5,0.01,0.0,1.0,uniform,False,0.014478927521139273,0.014478927521139273,0.012609760628759625,0.4944539344970678,0.4926505651494919,0.0014667077921330929
cvar,30,20,11,1302134,0.5,0.5,0.01,0.0,1.0,uniform,False,0.016145716281861622,0.016145716281861622,0.009645846979425332,0.4973432262863449,0.49619088030391684,0.0015337499789893627
cvar,30,20,12,1302135,0.5,0.5,0.01,0.0,1.0,uniform,False,0.013121336411139939,0.013121336411139939,0.009171335583510798,0.4939442460517463,0.4927801552197092,0.001490333117544651
cvar,30,20,13,1302136,0.5,0.5,0.01,0.0,1.0,uniform,False,0.017911571519212854,0.008861346607567877,0.017911571519212854,0.49821253858192016,0.4910621586789976,0.001494124997407198
cvar,30,20,14,1302137,0.5,0.5,0.01,0.0,1.0,uniform,False,0.01081418629832076,0.01081418629832076,0.007487446425195943,0.49101518594718974,0.49177514792374477,0.0015141251496970654
cvar,30,20,15,1302138,0.5,0.5,0.01,0.0,1.0,uniform,False,0.012932510371141348,0.012932510371141348,0.009579941913753887,0.4913105586997241,0.4967441100322958,0.0015017502009868622
cvar,30,20,16,1302139,0.5,0.5,0.01,0.0,1.0,uniform,False,0.010200539207470272,0.0060522326774367086,0.010200539207470272,0.4935273864580688,0.4929203151995791,0.0015145828947424889
cvar,30,20,17,1302140,0.5,0.5,0.01,0.0,1.0,uniform,False,0.012460546443754716,0.012460546443754716,0.007698987041471261,0.4929803388538804,0.495272842035877,0.0015094997361302376
cvar,30,20,18,1302141,0.5,0.5,0.01,0.0,1.0,uniform,False,0.011933343179869715,0.011933343179869715,0.010858150071336836,0.4934419372822463,0.4946476888471325,0.0014925841242074966
cvar,30,20,19,1302142,0.5,0.5,0.01,0.0,1.0,uniform,False,0.01097362458851292,0.01097362458851292,0.010386892309598883,0.49864718857976165,0.49748024453796336,0.0014947080053389072
cvar,30,20,20,1302143,0.5,0.5,0.01,0.0,1.0,uniform,False,0.014209605105004852,0.011560718534924741,0.014209605105004852,0.4916922229742399,0.4952003967570831,0.001462250016629696
cvar,30,20,21,1302144,0.5,0.5,0.01,0.0,1.0,uniform,False,0.016291282329850443,0.008748751121631149,0.016291282329850443,0.49415174525897093,0.4929742080239301,0.0014629592187702656
cvar,30,20,22,1302145,0.5,0.5,0.01,0.0,1.0,uniform,False,0.02369916321082499,0.02369916321082499,0.0147554873796647,0.49433733649620926,0.4895308403809977,0.0014663753099739552
cvar,30,20,23,1302146,0.5,0.5,0.01,0.0,1.0,uniform,False,0.013239618624456773,0.013239618624456773,0.012755211853184345,0.49413653861916795,0.4928825503084047,0.0014697923325002193
cvar,30,20,24,1302147,0.5,0.5,0.01,0.0,1.0,uniform,False,0.015871796724814202,0.00791924174267511,0.015871796724814202,0.49740337352575503,0.49523744756746735,0.0015052501112222672
cvar,30,20,25,1302148,0.5,0.5,0.01,0.0,1.0,uniform,False,0.01629098026361603,0.007143393751009197,0.01629098026361603,0.4959895932472623,0.4953711680374699,0.0015117079019546509
cvar,30,20,26,1302149,0.5,0.5,0.01,0.0,1.0,uniform,False,0.01597216197174034,0.011291149325274086,0.01597216197174034,0.4939405469447832,0.4943827216667379,0.001481624785810709
cvar,30,20,27,1302150,0.5,0.5,0.01,0.0,1.0,uniform,False,0.018025478883585577,0.018025478883585577,0.011792465292412457,0.4963487701449348,0.4970545183734904,0.0014538750983774662
cvar,30,20,28,1302151,0.5,0.5,0.01,0.0,1.0,uniform,False,0.0124184605559155,0.0124184605559155,0.008869174916814437,0.49178709075819355,0.4956230339250884,0.0014922916889190674
cvar,30,20,29,1302152,0.5,0.5,0.01,0.0,1.0,uniform,False,0.013576706589178977,0.013576706589178977,0.01254439475401059,0.49647739384739564,0.4962716298500536,0.0014734999276697636
cvar,30,20,30,1302153,0.5,0.5,0.01,0.0,1.0,uniform,False,0.02105027655288738,0.02105027655288738,0.013045744357515987,0.4968810264089655,0.49692159455087276,0.0014699590392410755
cvar,30,20,31,1302154,0.5,0.5,0.01,0.0,1.0,uniform,False,0.013047385640926557,0.010973322734693147,0.013047385640926557,0.49897147802275804,0.49257284323495854,0.0014663338661193848
cvar,30,20,32,1302155,0.5,0.5,0.01,0.0,1.0,uniform,False,0.015378413199092666,0.015378413199092666,0.014842809200608653,0.4927613951901006,0.4935218437003691,0.0014800000935792923
cvar,30,20,33,1302156,0.5,0.5,0.01,0.0,1.0,uniform,False,0.013863746900956042,0.013863746900956042,0.012268845382615579,0.4968606213783232,0.49720703186012544,0.0015166252851486206
cvar,30,20,34,1302157,0.5,0.5,0.01,0.0,1.0,uniform,False,0.012896530553126118,0.012896530553126118,0.010047444495010494,0.49775848428964453,0.49519320531760114,0.0015214583836495876
cvar,30,20,35,1302158,0.5,0.5,0.01,0.0,1.0,uniform,False,0.014185693607252692,0.014185693607252692,0.010245072958389723,0.4934914939186558,0.4929755683838859,0.0014720000326633453
cvar,30,20,36,1302159,0.5,0.5,0.01,0.0,1.0,uniform,False,0.012262923381979318,0.011665450603301819,0.012262923381979318,0.49533765314651323,0.49305808054971956,0.0014605829492211342
cvar,30,20,37,1302160,0.5,0.5,0.01,0.0,1.0,uniform,False,0.019953249931757233,0.009950231188017578,0.019953249931757233,0.49907461945429593,0.49670403005057345,0.0014568339101970196
cvar,30,20,38,1302161,0.5,0.5,0.01,0.0,1.0,uniform,False,0.017282402263071095,0.017282402263071095,0.006846848782435133,0.4983535402767534,0.49273379694851527,0.0014840839430689812
cvar,30,20,39,1302162,0.5,0.5,0.01,0.0,1.0,uniform,True,0.009555608617405453,0.009555608617405453,0.009388537350332293,0.49997640460638526,0.4977753222240878,0.0014810417778789997
cvar,30,20,40,1302163,0.5,0.5,0.01,0.0,1.0,uniform,True,0.008958868866309255,0.008561593030051495,0.008958868866309255,0.4950344760452216,0.4867380442985344,0.0014947089366614819
cvar,30,20,41,1302164,0.5,0.5,0.01,0.0,1.0,uniform,False,0.018468382174489262,0.015700342838113057,0.018468382174489262,0.49525053681323394,0.49348858915362065,0.001437583938241005
cvar,30,20,42,1302165,0.5,0.5,0.01,0.0,1.0,uniform,False,0.014804061983325068,0.014804061983325068,0.008969783163263856,0.49397896186939605,0.49230245982435344,0.001464833039790392
cvar,30,20,43,1302166,0.5,0.5,0.01,0.0,1.0,uniform,False,0.01029272666985076,0.01029272666985076,0.00792997858672545,0.49937967825167034,0.49552502304841933,0.0015119579620659351
cvar,30,20,44,1302167,0.5,0.5,0.01,0.0,1.0,uniform,False,0.013755868453214082,0.013604726377803411,0.013755868453214082,0.49370399329051107,0.49621470651832267,0.0014687920920550823
cvar,30,20,45,1302168,0.5,0.5,0.01,0.0,1.0,uniform,False,0.015307484145588468,0.011361991934298432,0.015307484145588468,0.49686113673009147,0.49961256779524577,0.0014839577488601208
cvar,30,20,46,1302169,0.5,0.5,0.01,0.0,1.0,uniform,False,0.01578327615275843,0.010444747252546738,0.01578327615275843,0.49560276550753446,0.4956658942411426,0.0014534578658640385
cvar,30,20,47,1302170,0.5,0.5,0.01,0.0,1.0,uniform,False,0.011148766969034496,0.011148766969034496,0.006590252769966831,0.4961215507105015,0.49261522487168286,0.0014869999140501022
cvar,30,20,48,1302171,0.5,0.5,0.01,0.0,1.0,uniform,True,0.009768158627973922,0.009231057616590377,0.009768158627973922,0.49086622167321914,0.48923707813998996,0.001495750155299902
cvar,30,20,49,1302172,0.5,0.5,0.01,0.0,1.0,uniform,False,0.011374066899347113,0.011374066899347113,0.01069756475865119,0.4932293686848957,0.49542688640872207,0.0017379997298121452
cvar,30,20,50,1302173,0.5,0.5,0.01,0.0,1.0,uniform,False,0.013853135737661892,0.013853135737661892,0.010996521045758378,0.4902932607912309,0.49444028859342165,0.0016779173165559769
cvar,30,20,51,1302174,0.5,0.5,0.01,0.0,1.0,uniform,False,0.012930277091961206,0.012930277091961206,0.01041047091629227,0.496052460461834,0.4989276805148391,0.0015342910774052143
cvar,30,20,52,1302175,0.5,0.5,0.01,0.0,1.0,uniform,False,0.01612848656726662,0.01612848656726662,0.01155656293315599,0.492949274797327,0.49536647919479515,0.001525416038930416
cvar,30,20,53,1302176,0.5,0.5,0.01,0.0,1.0,uniform,False,0.015674432839121455,0.015674432839121455,0.012896619654422348,0.4971899323846755,0.4925374433149391,0.0014961250126361847
cvar,30,20,54,1302177,0.5,0.5,0.01,0.0,1.0,uniform,False,0.02003594781411344,0.007210508923526482,0.02003594781411344,0.49504066363390786,0.49372291063248075,0.001449167262762785
cvar,30,20,55,1302178,0.5,0.5,0.01,0.0,1.0,uniform,True,0.009475338797555466,0.009475338797555466,0.008754873236558658,0.4948497855868059,0.4931467133870132,0.001483249943703413
cvar,30,20,56,1302179,0.5,0.5,0.01,0.0,1.0,uniform,False,0.010550046406108293,0.010550046406108293,0.009634490350937386,0.4976725453314837,0.4930993715805802,0.0014242921024560928
cvar,30,20,57,1302180,0.5,0.5,0.01,0.0,1.0,uniform,False,0.01672284536236951,0.00963178788619945,0.01672284536236951,0.4930789334383975,0.49213577997382546,0.0014399997889995575
cvar,30,20,58,1302181,0.5,0.5,0.01,0.0,1.0,uniform,False,0.012115677426165539,0.012115677426165539,0.011903979958850508,0.49520012495716353,0.49439261250634836,0.0013875002041459084
cvar,30,20,59,1302182,0.5,0.5,0.01,0.0,1.0,uniform,True,0.008745422170103878,0.008745422170103878,0.008290505254057612,0.496581724519095,0.4979672657166194,0.001446625217795372
cvar,30,20,60,1302183,0.5,0.5,0.01,0.0,1.0,uniform,False,0.011533032378888253,0.011533032378888253,0.009235722069432517,0.49460132867362705,0.4967876308166696,0.001420500222593546
cvar,30,20,61,1302184,0.5,0.5,0.01,0.0,1.0,uniform,False,0.011959433811198905,0.01035671270094457,0.011959433811198905,0.49732623600938214,0.496664025754067,0.0014030407182872295
cvar,30,20,62,1302185,0.5,0.5,0.01,0.0,1.0,uniform,False,0.014109493071718215,0.013520505793734816,0.014109493071718215,0.49450385481419584,0.49569216307876,0.0014224168844521046
cvar,30,20,63,1302186,0.5,0.5,0.01,0.0,1.0,uniform,False,0.012927467343708532,0.012927467343708532,0.01269910743913849,0.4942657045266279,0.49509474807790665,0.001417249906808138
cvar,30,20,64,1302187,0.5,0.5,0.01,0.0,1.0,uniform,False,0.010448131548094097,0.007406870930802223,0.010448131548094097,0.4955263992366134,0.4971916592539817,0.0014655832201242447
cvar,30,20,65,1302188,0.5,0.5,0.01,0.0,1.0,uniform,False,0.012916748941303346,0.012142002984041944,0.012916748941303346,0.4934646853597195,0.49196786137447013,0.0013998327776789665
cvar,30,20,66,1302189,0.5,0.5,0.01,0.0,1.0,uniform,False,0.014110821620742786,0.014110821620742786,0.013807025167005604,0.49536412924411716,0.49632723494988007,0.0014262082986533642
cvar,30,20,67,1302190,0.5,0.5,0.01,0.0,1.0,uniform,False,0.01657428067299399,0.007427609850663042,0.01657428067299399,0.4993392983928796,0.4913778635361384,0.0014102919958531857
cvar,30,20,68,1302191,0.5,0.5,0.01,0.0,1.0,uniform,True,0.009562271836792369,0.007501353290435109,0.009562271836792369,0.496349326834294,0.4927170300231055,0.001439915969967842
cvar,30,20,69,1302192,0.5,0.5,0.01,0.0,1.0,uniform,False,0.013201232017969244,0.013201232017969244,0.007965121464483693,0.4969424767613079,0.489920357038217,0.0014071669429540634
cvar,30,20,70,1302193,0.5,0.5,0.01,0.0,1.0,uniform,False,0.011438422617232047,0.011438422617232047,0.00846301935352789,0.49885327475351104,0.49103972967112897,0.001405416987836361
cvar,30,20,71,1302194,0.5,0.5,0.01,0.0,1.0,uniform,False,0.01565916101956505,0.01565916101956505,0.014040716077667659,0.4914057570613695,0.49625318096191273,0.0014358749613165855
cvar,30,20,72,1302195,0.5,0.5,0.01,0.0,1.0,uniform,False,0.015429698221346766,0.015429698221346766,0.007748817320987644,0.49661565565767185,0.4908514044861504,0.0014375830069184303
cvar,30,20,73,1302196,0.5,0.5,0.01,0.0,1.0,uniform,False,0.011067225511239287,0.009367827098448911,0.011067225511239287,0.4931530399084669,0.49267633856304505,0.0014257091097533703
cvar,30,20,74,1302197,0.5,0.5,0.01,0.0,1.0,uniform,False,0.011518293127508406,0.011518293127508406,0.011018142128666142,0.4912831252377262,0.489918808408766,0.0013954583555459976
cvar,30,20,75,1302198,0.5,0.5,0.01,0.0,1.0,uniform,False,0.013451830959424926,0.013451830959424926,0.012271512108178728,0.4943095661240827,0.49423783727745546,0.001434792298823595
cvar,30,20,76,1302199,0.5,0.5,0.01,0.0,1.0,uniform,False,0.023353950392089318,0.01337722066458169,0.023353950392089318,0.49337338242005435,0.4936349238575083,0.0014049173332750797
cvar,30,20,77,1302200,0.5,0.5,0.01,0.0,1.0,uniform,False,0.010048420813958403,0.008668601878406679,0.010048420813958403,0.4925740069674446,0.4968115378398341,0.0014167921617627144
cvar,30,20,78,1302201,0.5,0.5,0.01,0.0,1.0,uniform,False,0.01353496107685237,0.01353496107685237,0.008967805127220951,0.49515012417313986,0.5005789035878513,0.001438292209059
cvar,30,20,79,1302202,0.5,0.5,0.01,0.0,1.0,uniform,False,0.013082599792795357,0.012239521678052312,0.013082599792795357,0.4928056164001525,0.4885754572225298,0.0014043748378753662
cvar,30,20,80,1302203,0.5,0.5,0.01,0.0,1.0,uniform,False,0.013837827744831943,0.013837827744831943,0.011078343881379793,0.4954058083456167,0.4964016674506146,0.0014233337715268135
cvar,30,20,81,1302204,0.5,0.5,0.01,0.0,1.0,uniform,True,0.009643858515625658,0.009643858515625658,0.008828873632010958,0.493695956537477,0.494268143198135,0.0014473339542746544
cvar,30,20,82,1302205,0.5,0.5,0.01,0.0,1.0,uniform,False,0.011129727948966495,0.011129727948966495,0.009980077355123018,0.49540073328478373,0.49629599751141423,0.0014182906597852707
cvar,30,20,83,1302206,0.5,0.5,0.01,0.0,1.0,uniform,False,0.015654073320184536,0.009832162285160817,0.015654073320184536,0.49149646801625,0.4962213492636912,0.0014228750951588154
cvar,30,20,84,1302207,0.5,0.5,0.01,0.0,1.0,uniform,False,0.012521444832341078,0.012521444832341078,0.010708953468382854,0.49366854730625753,0.4951604194962239,0.0013680830597877502
cvar,30,20,85,1302208,0.5,0.5,0.01,0.0,1.0,uniform,False,0.010600465475417042,0.00735567475779475,0.010600465475417042,0.49665973166413047,0.49255559929933235,0.0014136251993477345
cvar,30,20,86,1302209,0.5,0.5,0.01,0.0,1.0,uniform,False,0.015731586427759403,0.015731586427759403,0.01480476859570784,0.4913630070317334,0.493807718489035,0.001390666700899601
cvar,30,20,87,1302210,0.5,0.5,0.01,0.0,1.0,uniform,False,0.012424197462150899,0.008449202500371289,0.012424197462150899,0.49953146434419615,0.4948156556868217,0.0013822922483086586
cvar,30,20,88,1302211,0.5,0.5,0.01,0.0,1.0,uniform,False,0.01179437537880007,0.011652073902444715,0.01179437537880007,0.4954409502987759,0.49624761182869775,0.0014310418628156185
cvar,30,20,89,1302212,0.5,0.5,0.01,0.0,1.0,uniform,False,0.022804496380173567,0.02092732218681037,0.022804496380173567,0.49438194763783017,0.49584613981523074,0.001384790986776352
cvar,30,20,90,1302213,0.5,0.5,0.01,0.0,1.0,uniform,False,0.014976134264175878,0.007510845529485832,0.014976134264175878,0.49863890515002735,0.4920229808421518,0.0013966667465865612
cvar,30,20,91,1302214,0.5,0.5,0.01,0.0,1.0,uniform,False,0.011776510828594211,0.011776510828594211,0.009041734122345435,0.4911800138903313,0.49361007229761067,0.00146566703915596
cvar,30,20,92,1302215,0.5,0.5,0.01,0.0,1.0,uniform,True,0.008817568419117516,0.008735063755975991,0.008817568419117516,0.49682535158172536,0.4930271630981661,0.0014467919245362282
cvar,30,20,93,1302216,0.5,0.5,0.01,0.0,1.0,uniform,False,0.011346677901925506,0.011346677901925506,0.010267501085089337,0.49640579591959005,0.4973987171517734,0.0014273342676460743
cvar,30,20,94,1302217,0.5,0.5,0.01,0.0,1.0,uniform,False,0.01321638748933368,0.01321638748933368,0.011058361625243096,0.49432017638247355,0.4910965087193171,0.0014143330045044422
cvar,30,20,95,1302218,0.5,0.5,0.01,0.0,1.0,uniform,False,0.012630179340291314,0.012630179340291314,0.008653270373249367,0.49830542555358004,0.49550523383660894,0.0014490000903606415
cvar,30,20,96,1302219,0.5,0.5,0.01,0.0,1.0,uniform,False,0.015326600986245498,0.01272166160747179,0.015326600986245498,0.4924191237598706,0.494923171708489,0.001449459232389927
cvar,30,20,97,1302220,0.5,0.5,0.01,0.0,1.0,uniform,False,0.014995339881079428,0.014995339881079428,0.00856702288036093,0.49527003075317083,0.49293815489524717,0.001407957635819912
cvar,30,20,98,1302221,0.5,0.5,0.01,0.0,1.0,uniform,False,0.012724748217789794,0.009006871435034425,0.012724748217789794,0.49355557835860664,0.499932081025363,0.0014337501488626003
cvar,30,20,99,1302222,0.5,0.5,0.01,0.0,1.0,uniform,False,0.01317307825130265,0.012324520806849038,0.01317307825130265,0.49583348414148504,0.4920777491883107,0.0014539998956024647
cvar,30,50,0,1305123,0.5,0.5,0.01,0.0,1.0,uniform,True,0.00886297639673217,0.00886297639673217,0.007923552229109565,0.4967677948766904,0.49651797722392643,0.002179957926273346
cvar,30,50,1,1305124,0.5,0.5,0.01,0.0,1.0,uniform,True,0.009527684004578263,0.009527684004578263,0.007778356897401251,0.4983536237670868,0.49777489996871993,0.0020027500577270985
cvar,30,50,2,1305125,0.5,0.5,0.01,0.0,1.0,uniform,True,0.009879933178009837,0.009879933178009837,0.009352444698054296,0.4971552860293674,0.49795169712823484,0.002198208123445511
cvar,30,50,3,1305126,0.5,0.5,0.01,0.0,1.0,uniform,True,0.009796249834290505,0.009796249834290505,0.0085138107164624,0.4983580405870842,0.4970121912059403,0.0025130421854555607
cvar,30,50,4,1305127,0.5,0.5,0.01,0.0,1.0,uniform,False,0.012614428361808261,0.008101268601724998,0.012614428361808261,0.4982985755498648,0.497953594994473,0.002811041660606861
cvar,30,50,5,1305128,0.5,0.5,0.01,0.0,1.0,uniform,False,0.011199232973238327,0.007485624744168917,0.011199232973238327,0.4963087159376417,0.4985937659474834,0.00298183411359787
cvar,30,50,6,1305129,0.5,0.5,0.01,0.0,1.0,uniform,False,0.010771653427851302,0.010771653427851302,0.00972935462439578,0.4962629825338291,0.4964365999453057,0.004196666181087494
cvar,30,50,7,1305130,0.5,0.5,0.01,0.0,1.0,uniform,True,0.009419738954578205,0.008991977181185273,0.009419738954578205,0.4962103869819511,0.49805662992099814,0.002488957718014717
cvar,30,50,8,1305131,0.5,0.5,0.01,0.0,1.0,uniform,False,0.010701220070841344,0.00684322139603688,0.010701220070841344,0.4987094243338438,0.49791775097463903,0.0024048746563494205
cvar,30,50,9,1305132,0.5,0.5,0.01,0.0,1.0,uniform,False,0.011796648273060262,0.011796648273060262,0.007946728854533625,0.49625795638242587,0.49832780993636727,0.0024713752791285515
cvar,30,50,10,1305133,0.5,0.5,0.01,0.0,1.0,uniform,False,0.01097142532058848,0.01097142532058848,0.008490281871048888,0.4979020485192651,0.49642639657169213,0.0025554168969392776
cvar,30,50,11,1305134,0.5,0.5,0.01,0.0,1.0,uniform,False,0.010701288579802681,0.007410113470009194,0.010701288579802681,0.4971388855558522,0.49769387612051297,0.0023240000009536743
cvar,30,50,12,1305135,0.5,0.5,0.01,0.0,1.0,uniform,False,0.014297203225192068,0.014297203225192068,0.010235637765964478,0.49711758387499255,0.49687570741564846,0.0021063340827822685
cvar,30,50,13,1305136,0.5,0.5,0.01,0.0,1.0,uniform,False,0.01262244233426063,0.01262244233426063,0.011702660861334757,0.49734787909894523,0.4968553262193366,0.0027086669579148293
cvar,30,50,14,1305137,0.5,0.5,0.01,0.0,1.0,uniform,False,0.010092895364136156,0.010092895364136156,0.009709899076434103,0.49877098489795046,0.49899909816539206,0.0022295829840004444
cvar,30,50,15,1305138,0.5,0.5,0.01,0.0,1.0,uniform,True,0.009008679872694048,0.0076148523592258766,0.009008679872694048,0.49904411399047477,0.49773446373845287,0.0025380421429872513
cvar,30,50,16,1305139,0.5,0.5,0.01,0.0,1.0,uniform,False,0.013496141898857228,0.008949382852428744,0.013496141898857228,0.49565532047015215,0.49975588416752587,0.002047250047326088
cvar,30,50,17,1305140,0.5,0.5,0.01,0.0,1.0,uniform,True,0.009348187938064967,0.00706959743834723,0.009348187938064967,0.49709676295490657,0.4984435998326056,0.0021768328733742237
cvar,30,50,18,1305141,0.5,0.5,0.01,0.0,1.0,uniform,False,0.01173558610799541,0.010964357044856154,0.01173558610799541,0.49826458694308823,0.49434059006696185,0.002668917179107666
cvar,30,50,19,1305142,0.5,0.5,0.01,0.0,1.0,uniform,False,0.010596932671061765,0.010596932671061765,0.00645710761615409,0.49788996358418247,0.4958132649135701,0.0021970421075820923
cvar,30,50,20,1305143,0.5,0.5,0.01,0.0,1.0,uniform,False,0.011784941348665756,0.011784941348665756,0.009304039302972023,0.498980627962255,0.4996799823426547,0.0022094999440014362
cvar,30,50,21,1305144,0.5,0.5,0.01,0.0,1.0,uniform,False,0.011000648623444298,0.008333583821841795,0.011000648623444298,0.4987335439928623,0.4958829086051253,0.0024167499504983425
cvar,30,50,22,1305145,0.5,0.5,0.01,0.0,1.0,uniform,True,0.00882541878561105,0.00882541878561105,0.00784296435356191,0.49710984684361004,0.49709586007142437,0.002217708621174097
cvar,30,50,23,1305146,0.5,0.5,0.01,0.0,1.0,uniform,False,0.011626931422297426,0.011626931422297426,0.010936420863347174,0.4960045784308169,0.49834457928918846,0.0020872503519058228
cvar,30,50,24,1305147,0.5,0.5,0.01,0.0,1.0,uniform,False,0.014095344617591543,0.014095344617591543,0.010848131658532545,0.49943930737530007,0.49730009670852565,0.0020255413837730885
cvar,30,50,25,1305148,0.5,0.5,0.01,0.0,1.0,uniform,False,0.011965443657175667,0.011965443657175667,0.010681567265094394,0.4961206578287385,0.4965326912336583,0.0021067080087959766
cvar,30,50,26,1305149,0.5,0.5,0.01,0.0,1.0,uniform,False,0.012132005747043817,0.012132005747043817,0.008682791087872066,0.4965107469252638,0.49794978393037403,0.002081584185361862
cvar,30,50,27,1305150,0.5,0.5,0.01,0.0,1.0,uniform,False,0.011838024131723413,0.011838024131723413,0.008736899018754851,0.4977679663420701,0.49642791851442314,0.002113832626491785
cvar,30,50,28,1305151,0.5,0.5,0.01,0.0,1.0,uniform,False,0.010987030748841442,0.010987030748841442,0.008894884751821486,0.4979049209081754,0.4957454004886916,0.002115167211741209
cvar,30,50,29,1305152,0.5,0.5,0.01,0.0,1.0,uniform,False,0.011952897213617253,0.009306093033117246,0.011952897213617253,0.497289189464759,0.4976216284660343,0.0022482499480247498
cvar,30,50,30,1305153,0.5,0.5,0.01,0.0,1.0,uniform,False,0.012049575022932024,0.012049575022932024,0.008971254695869346,0.4973593499279877,0.4982538056735065,0.00223249988630414
cvar,30,50,31,1305154,0.5,0.5,0.01,0.0,1.0,uniform,True,0.009343368359571946,0.009343368359571946,0.0063469829403051126,0.4969586502870761,0.49752193441204084,0.002335625234991312
cvar,30,50,32,1305155,0.5,0.5,0.01,0.0,1.0,uniform,False,0.01351599058930042,0.01351599058930042,0.008764312752225278,0.49650617786868134,0.4952328427605281,0.0020422502420842648
cvar,30,50,33,1305156,0.5,0.5,0.01,0.0,1.0,uniform,False,0.013149774741981646,0.010659987707842267,0.013149774741981646,0.4965144579791395,0.4980698712967837,0.002252624835819006
cvar,30,50,34,1305157,0.5,0.5,0.01,0.0,1.0,uniform,True,0.009120797634132816,0.007469074221199357,0.009120797634132816,0.4988073732285776,0.4992445138295722,0.0022097500041127205
cvar,30,50,35,1305158,0.5,0.5,0.01,0.0,1.0,uniform,True,0.00909803706787754,0.00909803706787754,0.008695271366910284,0.4994013790313168,0.49809594629636766,0.0022246669977903366
cvar,30,50,36,1305159,0.5,0.5,0.01,0.0,1.0,uniform,False,0.013592100422462117,0.013592100422462117,0.012926746949412149,0.4975507921574834,0.49863829818270927,0.0021266667172312737
cvar,30,50,37,1305160,0.5,0.5,0.01,0.0,1.0,uniform,True,0.009087148819859503,0.007318626599620515,0.009087148819859503,0.49814156507683155,0.49741790575102607,0.002467624843120575
cvar,30,50,38,1305161,0.5,0.5,0.01,0.0,1.0,uniform,False,0.011689917716450948,0.011689917716450948,0.008955535516165347,0.4969112476236625,0.49660770307648616,0.002355916891247034
cvar,30,50,39,1305162,0.5,0.5,0.01,0.0,1.0,uniform,False,0.012467727461477895,0.008743267127327481,0.012467727461477895,0.49733932688566856,0.49715500102731774,0.0021728328429162502
cvar,30,50,40,1305163,0.5,0.5,0.01,0.0,1.0,uniform,True,0.00987932610046105,0.006432820199106071,0.00987932610046105,0.4986476584730387,0.49776286418932436,0.002231582999229431
cvar,30,50,41,1305164,0.5,0.5,0.01,0.0,1.0,uniform,False,0.011406786786437695,0.010783550233246175,0.011406786786437695,0.497979075709701,0.49777747920690585,0.0022020828910171986
cvar,30,50,42,1305165,0.5,0.5,0.01,0.0,1.0,uniform,False,0.012857185465401655,0.011481100310937742,0.012857185465401655,0.49669057213341217,0.49793849598496814,0.0020796656608581543
cvar,30,50,43,1305166,0.5,0.5,0.01,0.0,1.0,uniform,False,0.012743734415617824,0.012743734415617824,0.007215014611930526,0.4987937334609138,0.4993451238616228,0.002402333077043295
cvar,30,50,44,1305167,0.5,0.5,0.01,0.0,1.0,uniform,False,0.017809396860729687,0.017809396860729687,0.00800883902128835,0.4950299900069627,0.49684960408231515,0.0024047079496085644
cvar,30,50,45,1305168,0.5,0.5,0.01,0.0,1.0,uniform,False,0.010991049445669088,0.010991049445669088,0.008867092169420665,0.49622897772894825,0.49810953277218545,0.0025694998912513256
cvar,30,50,46,1305169,0.5,0.5,0.01,0.0,1.0,uniform,True,0.009623605666430501,0.009623605666430501,0.008845949761875416,0.4969397853369171,0.49775235970378334,0.0024550831876695156
cvar,30,50,47,1305170,0.5,0.5,0.01,0.0,1.0,uniform,False,0.010061130209570779,0.008709746979040978,0.010061130209570779,0.49800965183036755,0.49817292486847753,0.0022976663894951344
cvar,30,50,48,1305171,0.5,0.5,0.01,0.0,1.0,uniform,False,0.012075890160169522,0.012075890160169522,0.008331047073942999,0.4985592635908557,0.4979506481761978,0.0026848753914237022
cvar,30,50,49,1305172,0.5,0.5,0.01,0.0,1.0,uniform,False,0.01144700509444363,0.008646917764907225,0.01144700509444363,0.497560127055794,0.49667016525198104,0.002079708967357874
cvar,30,50,50,1305173,0.5,0.5,0.01,0.0,1.0,uniform,True,0.008374229266844169,0.008374229266844169,0.008214007543160096,0.4992947478016412,0.4965811031218715,0.0027155838906764984
cvar,30,50,51,1305174,0.5,0.5,0.01,0.0,1.0,uniform,True,0.008874336685755602,0.00837646450246593,0.008874336685755602,0.49561213876892435,0.4986304842762596,0.0021070409566164017
cvar,30,50,52,1305175,0.5,0.5,0.01,0.0,1.0,uniform,False,0.01039258425328482,0.008260413289526036,0.01039258425328482,0.49815783143373854,0.4967643274498946,0.0021440419368445873
cvar,30,50,53,1305176,0.5,0.5,0.01,0.0,1.0,uniform,False,0.014244206535386494,0.014244206535386494,0.00905844696510083,0.49932650825551295,0.49907919330521844,0.0023918747901916504
cvar,30,50,54,1305177,0.5,0.5,0.01,0.0,1.0,uniform,False,0.010853371794166344,0.007853649839483556,0.010853371794166344,0.49834187292180177,0.49770798138366257,0.0021192915737628937
cvar,30,50,55,1305178,0.5,0.5,0.01,0.0,1.0,uniform,False,0.011512007211837039,0.009649796444243908,0.011512007211837039,0.49880426299371816,0.49735588559831506,0.0023073754273355007
cvar,30,50,56,1305179,0.5,0.5,0.01,0.0,1.0,uniform,True,0.008254308467198657,0.008254308467198657,0.006231603041977063,0.49693693118003057,0.49828751400762133,0.0024743331596255302
cvar,30,50,57,1305180,0.5,0.5,0.01,0.0,1.0,uniform,False,0.012604085025875789,0.00932670519799278,0.012604085025875789,0.4976535595611196,0.4977727774810287,0.0021545416675508022
cvar,30,50,58,1305181,0.5,0.5,0.01,0.0,1.0,uniform,False,0.010685358235092646,0.008440648493245995,0.010685358235092646,0.49794150862314956,0.4980753417739806,0.0024862908758223057
cvar,30,50,59,1305182,0.5,0.5,0.01,0.0,1.0,uniform,False,0.01080572494318277,0.01080572494318277,0.007703521092592702,0.49862760106963866,0.4990041292488096,0.0021940418519079685
cvar,30,50,60,1305183,0.5,0.5,0.01,0.0,1.0,uniform,False,0.011130805354494955,0.011130805354494955,0.008005288176135161,0.49864959855092317,0.4979076847578599,0.0020817923359572887
cvar,30,50,61,1305184,0.5,0.5,0.01,0.0,1.0,uniform,False,0.011640523886619736,0.009688645394708595,0.011640523886619736,0.49792645578662986,0.49841469836259367,0.0025721252895891666
cvar,30,50,62,1305185,0.5,0.5,0.01,0.0,1.0,uniform,False,0.010823834288605283,0.010823834288605283,0.007853027405361923,0.499209167906758,0.4968637822402843,0.0021537081338465214
cvar,30,50,63,1305186,0.5,0.5,0.01,0.0,1.0,uniform,False,0.017940387747861775,0.017940387747861775,0.007990415418581032,0.4970301705583423,0.49847031168842615,0.0020884997211396694
cvar,30,50,64,1305187,0.5,0.5,0.01,0.0,1.0,uniform,True,0.009042057160154715,0.009042057160154715,0.0072836360266907985,0.4967015503456472,0.4981981239643616,0.002089083194732666
cvar,30,50,65,1305188,0.5,0.5,0.01,0.0,1.0,uniform,False,0.010432580055728835,0.010432580055728835,0.008854393343356914,0.49768312336488135,0.49710676199089576,0.002028374932706356
cvar,30,50,66,1305189,0.5,0.5,0.01,0.0,1.0,uniform,False,0.01381590438712682,0.01381590438712682,0.009292734662367741,0.4963884616428886,0.49834887024454416,0.002253541722893715
cvar,30,50,67,1305190,0.5,0.5,0.01,0.0,1.0,uniform,False,0.010584389752330725,0.010584389752330725,0.010363054542277983,0.4984959575906163,0.49899880671573144,0.0021586669608950615
cvar,30,50,68,1305191,0.5,0.5,0.01,0.0,1.0,uniform,False,0.010306119949897885,0.009350037258038846,0.010306119949897885,0.4972533725636942,0.4989789745684829,0.0021947501227259636
cvar,30,50,69,1305192,0.5,0.5,0.01,0.0,1.0,uniform,False,0.010853470523428221,0.010733555051487875,0.010853470523428221,0.4953055829877794,0.4976489847064556,0.0024007917381823063
cvar,30,50,70,1305193,0.5,0.5,0.01,0.0,1.0,uniform,False,0.016037268569612795,0.016037268569612795,0.00839902458738595,0.49696557981165473,0.4970626664185265,0.0021024588495492935
cvar,30,50,71,1305194,0.5,0.5,0.01,0.0,1.0,uniform,False,0.010382423550699071,0.010382423550699071,0.009139012130522206,0.4981534117251897,0.49779976266252285,0.0020841252990067005
cvar,30,50,72,1305195,0.5,0.5,0.01,0.0,1.0,uniform,False,0.010446606922219714,0.010446606922219714,0.009884630817012852,0.49823076048890896,0.49948167042442315,0.0022334586828947067
cvar,30,50,73,1305196,0.5,0.5,0.01,0.0,1.0,uniform,False,0.011208660184233887,0.011208660184233887,0.008424852252397308,0.49910631318717674,0.4974956631101093,0.00201879208907485
cvar,30,50,74,1305197,0.5,0.5,0.01,0.0,1.0,uniform,False,0.01053996502089094,0.01053996502089094,0.008805498299660264,0.4977883517277458,0.4989182726116771,0.002642541192471981
cvar,30,50,75,1305198,0.5,0.5,0.01,0.0,1.0,uniform,False,0.0100957021343141,0.0100957021343141,0.010088816209274376,0.49608333185180686,0.4986399987558058,0.0020180419087409973
cvar,30,50,76,1305199,0.5,0.5,0.01,0.0,1.0,uniform,False,0.01024450520147746,0.01024450520147746,0.009979502878116053,0.49960272769647207,0.4969586914075785,0.002041792031377554
cvar,30,50,77,1305200,0.5,0.5,0.01,0.0,1.0,uniform,True,0.008903647539777626,0.008223212409228797,0.008903647539777626,0.49852534098367357,0.49874754654846126,0.002255250234156847
cvar,30,50,78,1305201,0.5,0.5,0.01,0.0,1.0,uniform,True,0.00885503877846594,0.00869443752349991,0.00885503877846594,0.4976251290520594,0.49877469114602524,0.002193000167608261
cvar,30,50,79,1305202,0.5,0.5,0.01,0.0,1.0,uniform,False,0.01554862758406067,0.011210989616325884,0.01554862758406067,0.4961786185893928,0.4990188802477526,0.002053250093013048
cvar,30,50,80,1305203,0.5,0.5,0.01,0.0,1.0,uniform,False,0.010161746840379626,0.008475433474893268,0.010161746840379626,0.497380440121631,0.4972487075325611,0.002428957726806402
cvar,30,50,81,1305204,0.5,0.5,0.01,0.0,1.0,uniform,False,0.011611882886492508,0.011611882886492508,0.007454901200974806,0.4980481527938556,0.497216643146724,0.0022014998830854893
cvar,30,50,82,1305205,0.5,0.5,0.01,0.0,1.0,uniform,False,0.013467513835654199,0.013467513835654199,0.01060333230560162,0.49798455430690497,0.4970766814674983,0.0020557502284646034
cvar,30,50,83,1305206,0.5,0.5,0.01,0.0,1.0,uniform,False,0.013375043295123401,0.013375043295123401,0.011645730694196499,0.49687238139764256,0.49763962715830423,0.002023375127464533
cvar,30,50,84,1305207,0.5,0.5,0.01,0.0,1.0,uniform,False,0.013751382714469074,0.013751382714469074,0.01054522101449118,0.49815009964369084,0.49615959524236475,0.002020374871790409
cvar,30,50,85,1305208,0.5,0.5,0.01,0.0,1.0,uniform,True,0.008522967891371802,0.008522967891371802,0.008296015190188966,0.49691576186222447,0.49757555271699916,0.0020225001499056816
cvar,30,50,86,1305209,0.5,0.5,0.01,0.0,1.0,uniform,False,0.010542612946950414,0.010201692757044412,0.010542612946950414,0.49985683151763494,0.4972245733631871,0.002141290809959173
cvar,30,50,87,1305210,0.5,0.5,0.01,0.0,1.0,uniform,False,0.013155948784413951,0.00802745195950022,0.013155948784413951,0.4976764389598836,0.49744554066159763,0.0021034590899944305
cvar,30,50,88,1305211,0.5,0.5,0.01,0.0,1.0,uniform,True,0.00948285047447639,0.00948285047447639,0.008408838437214294,0.49747573537114675,0.4974743344319711,0.0020712921395897865
cvar,30,50,89,1305212,0.5,0.5,0.01,0.0,1.0,uniform,False,0.010590588579390436,0.010427512768697689,0.010590588579390436,0.4969471374589577,0.4972525152581577,0.001975750084966421
cvar,30,50,90,1305213,0.5,0.5,0.01,0.0,1.0,uniform,False,0.013307537794819302,0.013307537794819302,0.0123585114468861,0.4989529502206289,0.4970639146142685,0.0020145410671830177
cvar,30,50,91,1305214,0.5,0.5,0.01,0.0,1.0,uniform,False,0.015043531607922267,0.007776123196784279,0.015043531607922267,0.49783677797280795,0.497233196675706,0.00205737492069602
cvar,30,50,92,1305215,0.5,0.5,0.01,0.0,1.0,uniform,True,0.00972743667145859,0.00888177448517985,0.00972743667145859,0.4975197036173507,0.4967634567401583,0.002072084229439497
cvar,30,50,93,1305216,0.5,0.5,0.01,0.0,1.0,uniform,True,0.00883822452102162,0.008566183629010404,0.00883822452102162,0.49821947688210677,0.49848687312971246,0.002088916953653097
cvar,30,50,94,1305217,0.5,0.5,0.01,0.0,1.0,uniform,False,0.012138866686316252,0.010735982293167079,0.012138866686316252,0.4969057870850988,0.4968203756769378,0.002004999667406082
cvar,30,50,95,1305218,0.5,0.5,0.01,0.0,1.0,uniform,False,0.010837624747581265,0.010837624747581265,0.008205341574366642,0.4974224100543562,0.4975019643435776,0.0021472498774528503
cvar,30,50,96,1305219,0.5,0.5,0.01,0.0,1.0,uniform,True,0.009821182730595401,0.009512051842140934,0.009821182730595401,0.49798796997229783,0.49802211597562185,0.002073042094707489
cvar,30,50,97,1305220,0.5,0.5,0.01,0.0,1.0,uniform,False,0.012618183834022134,0.010803128439101473,0.012618183834022134,0.4974316987270434,0.4988229520954791,0.002029750030487776
cvar,30,50,98,1305221,0.5,0.5,0.01,0.0,1.0,uniform,False,0.012047527447396789,0.012047527447396789,0.008943222353456903,0.49595822088644526,0.4982412896087539,0.0020615840330719948
cvar,30,50,99,1305222,0.5,0.5,0.01,0.0,1.0,uniform,False,0.012250413750826694,0.012250413750826694,0.010560102583290376,0.4968130045938698,0.4972806259527273,0.00200795941054821
cvar,100,5,0,2000623,0.5,0.5,0.01,0.0,1.0,uniform,True,0.004856704232205411,0.004856704232205411,0.00175865033907191,0.4780301302459615,0.4849657879465591,0.0023392499424517155
cvar,100,5,1,2000624,0.5,0.5,0.01,0.0,1.0,uniform,True,0.00428325441764571,0.002844237114920878,0.00428325441764571,0.4863876932750503,0.4571642223664293,0.002218875102698803
cvar,100,5,2,2000625,0.5,0.5,0.01,0.0,1.0,uniform,True,0.00953798279640733,0.00953798279640733,0.000533495535135653,0.47730836844707386,0.4820554705924801,0.0022132499143481255
cvar,100,5,3,2000626,0.5,0.5,0.01,0.0,1.0,uniform,True,0.0029723273685115514,0.0029723273685115514,0.0015045621338727333,0.4809067492644817,0.4838216370333037,0.0022780001163482666
cvar,100,5,4,2000627,0.5,0.5,0.01,0.0,1.0,uniform,True,0.003978762252437651,0.002593809401633229,0.003978762252437651,0.47781513795225106,0.4734281515022964,0.002253625076264143
cvar,100,5,5,2000628,0.5,0.5,0.01,0.0,1.0,uniform,True,0.007831104651328968,0.007831104651328968,0.003795991608785243,0.4842807239889288,0.4806638459604824,0.0021866662427783012
cvar,100,5,6,2000629,0.5,0.5,0.01,0.0,1.0,uniform,True,0.005554630741148925,0.0035157399842910553,0.005554630741148925,0.4792654935994991,0.47332091256358366,0.0022461670450866222
cvar,100,5,7,2000630,0.5,0.5,0.01,0.0,1.0,uniform,True,0.004533720032825095,0.004533720032825095,0.0035544663530391873,0.47415333344928834,0.4750383714261061,0.002262625377625227
cvar,100,5,8,2000631,0.5,0.5,0.01,0.0,1.0,uniform,True,0.004690830529630985,0.004690830529630985,0.0030544786394907097,0.4840823598236039,0.4921412274824287,0.0022429577074944973
cvar,100,5,9,2000632,0.5,0.5,0.01,0.0,1.0,uniform,True,0.005374869805724214,0.004392402467125134,0.005374869805724214,0.4806404751643968,0.4805743279299256,0.0022334582172334194
cvar,100,5,10,2000633,0.5,0.5,0.01,0.0,1.0,uniform,True,0.00480561853713346,0.00480561853713346,0.0016823281752212371,0.4830103766276339,0.4738917620186709,0.002265332732349634
cvar,100,5,11,2000634,0.5,0.5,0.01,0.0,1.0,uniform,True,0.00023076617216588602,0.00019256778447945821,0.00023076617216588602,0.4896477367931834,0.46622733742629086,0.0022589578293263912
cvar,100,5,12,2000635,0.5,0.5,0.01,0.0,1.0,uniform,True,0.0045003388027162194,0.0045003388027162194,0.0011712167862040768,0.47338259921658904,0.47521129946413204,0.002206249628216028
cvar,100,5,13,2000636,0.5,0.5,0.01,0.0,1.0,uniform,True,0.0032652302084345552,0.0032652302084345552,0.002413225532363339,0.46821368602319735,0.49419805287077456,0.002242125105112791
cvar,100,5,14,2000637,0.5,0.5,0.01,0.0,1.0,uniform,True,0.007656256751471413,0.0076209495967937135,0.007656256751471413,0.46716362451405236,0.4745480781790735,0.002249833196401596
cvar,100,5,15,2000638,0.5,0.5,0.01,0.0,1.0,uniform,True,0.008608993724931346,0.008608993724931346,0.003234985007888269,0.4739646821160085,0.47914636675393746,0.00213779229670763
cvar,100,5,16,2000639,0.5,0.5,0.01,0.0,1.0,uniform,True,0.006377214431477485,0.004674307313013715,0.006377214431477485,0.48234460325011336,0.4830328584451418,0.0023885411210358143
cvar,100,5,17,2000640,0.5,0.5,0.01,0.0,1.0,uniform,True,0.0016206526236202112,0.0016206526236202112,0.0013853210388374837,0.47057485670855637,0.4734322227441352,0.002266624942421913
cvar,100,5,18,2000641,0.5,0.5,0.01,0.0,1.0,uniform,True,0.002838051462194069,0.0023831527888907855,0.002838051462194069,0.4739767560406881,0.4888128224111207,0.002270124852657318
cvar,100,5,19,2000642,0.5,0.5,0.01,0.0,1.0,uniform,True,0.0035437160495710995,0.0013532026320226542,0.0035437160495710995,0.4703424158371816,0.485395119818177,0.0021465830504894257
cvar,100,5,20,2000643,0.5,0.5,0.01,0.0,1.0,uniform,True,0.004720250337292675,0.004720250337292675,0.00048624107472261535,0.4874381476819042,0.4728802075177124,0.0022052088752388954
cvar,100,5,21,2000644,0.5,0.5,0.01,0.0,1.0,uniform,True,0.009756115143384425,0.007359218776786025,0.009756115143384425,0.4694590227828562,0.4677561329330467,0.0022002500481903553
cvar,100,5,22,2000645,0.5,0.5,0.01,0.0,1.0,uniform,True,0.00862759596723206,0.0029029903137272606,0.00862759596723206,0.4766482059221194,0.4786024935033441,0.0021574590355157852
cvar,100,5,23,2000646,0.5,0.5,0.01,0.0,1.0,uniform,True,0.005236683126317254,0.005236683126317254,0.004429173786232865,0.48788229383753234,0.480865605260139,0.0021979580633342266
cvar,100,5,24,2000647,0.5,0.5,0.01,0.0,1.0,uniform,False,0.010387750821454989,0.0016392870983512053,0.010387750821454989,0.47756040863510624,0.47527783385404393,0.002185750287026167
cvar,100,5,25,2000648,0.5,0.5,0.01,0.0,1.0,uniform,True,0.008025591279547328,0.0007912176978260299,0.008025591279547328,0.4760565193095853,0.47694585588668587,0.0021210419945418835
cvar,100,5,26,2000649,0.5,0.5,0.01,0.0,1.0,uniform,True,0.0028012554243356247,0.0025471645864236225,0.0028012554243356247,0.48239385004308216,0.4727836962986809,0.0021669999696314335
cvar,100,5,27,2000650,0.5,0.5,0.01,0.0,1.0,uniform,True,0.006985375426149243,0.0038902140360485005,0.006985375426149243,0.4863403628504537,0.4633037148254029,0.00222687516361475
cvar,100,5,28,2000651,0.5,0.5,0.01,0.0,1.0,uniform,True,0.004068307943933647,0.001279527557670912,0.004068307943933647,0.4688134202715494,0.4783533337443296,0.0022311252541840076
cvar,100,5,29,2000652,0.5,0.5,0.01,0.0,1.0,uniform,True,0.004386363168176366,0.003474514570744658,0.004386363168176366,0.4767648316030325,0.4653415615639593,0.0022329166531562805
cvar,100,5,30,2000653,0.5,0.5,0.01,0.0,1.0,uniform,True,0.005303772748448898,0.005303772748448898,0.0022382663946555748,0.46697765072764896,0.48242083466347147,0.002236083149909973
cvar,100,5,31,2000654,0.5,0.5,0.01,0.0,1.0,uniform,True,0.006457956521013775,0.006457956521013775,0.002764252826453484,0.4805094234276998,0.483351141962024,0.0022010826505720615
cvar,100,5,32,2000655,0.5,0.5,0.01,0.0,1.0,uniform,True,0.008735221464175047,0.008735221464175047,0.0031508057196431016,0.4862338043802844,0.48826292948412076,0.0021540410816669464
cvar,100,5,33,2000656,0.5,0.5,0.01,0.0,1.0,uniform,True,0.0038230364636982483,0.00032227753640146073,0.0038230364636982483,0.4738392295520927,0.4787490633709269,0.002181708812713623
cvar,100,5,34,2000657,0.5,0.5,0.01,0.0,1.0,uniform,True,0.006512695922621825,0.005016914420973573,0.006512695922621825,0.483774910253321,0.4740504532255323,0.0021836250089108944
cvar,100,5,35,2000658,0.5,0.5,0.01,0.0,1.0,uniform,True,0.006499321128209001,0.006499321128209001,0.004053902262568909,0.48743906183817487,0.4717254222454058,0.002175749745219946
cvar,100,5,36,2000659,0.5,0.5,0.01,0.0,1.0,uniform,True,0.007662479697684577,0.007662479697684577,0.0009595922561833614,0.46186754515704037,0.4719013707674302,0.002236334141343832
cvar,100,5,37,2000660,0.5,0.5,0.01,0.0,1.0,uniform,True,0.008361708291111547,0.008361708291111547,0.003127598408683596,0.47196006060701173,0.47152076724642,0.0021727923303842545
cvar,100,5,38,2000661,0.5,0.5,0.01,0.0,1.0,uniform,False,0.013417098428786245,0.000944417880298809,0.013417098428786245,0.4790280580266383,0.4741161914765103,0.002150875050574541
cvar,100,5,39,2000662,0.5,0.5,0.01,0.0,1.0,uniform,True,0.001541573432922383,0.001541573432922383,0.0012217693958462283,0.4710554446998697,0.4795196369296166,0.002232207916676998
cvar,100,5,40,2000663,0.5,0.5,0.01,0.0,1.0,uniform,True,0.006636171247717371,0.003556387351295043,0.006636171247717371,0.46886757243467925,0.48305619675834194,0.0021447502076625824
cvar,100,5,41,2000664,0.5,0.5,0.01,0.0,1.0,uniform,True,0.004393806921524579,0.004393806921524579,0.002197774607935632,0.47382394298533137,0.4772122894889419,0.002243791241198778
cvar,100,5,42,2000665,0.5,0.5,0.01,0.0,1.0,uniform,True,0.0033185440166466074,0.0033185440166466074,0.002430775975643784,0.47429444721582026,0.4772499121630217,0.002219125162810087
cvar,100,5,43,2000666,0.5,0.5,0.01,0.0,1.0,uniform,True,0.00879080684789213,0.004239200938382814,0.00879080684789213,0.48022845073727943,0.4773664411142784,0.0022318330593407154
cvar,100,5,44,2000667,0.5,0.5,0.01,0.0,1.0,uniform,True,0.005624316667522111,0.001110228506317923,0.005624316667522111,0.46789311075036055,0.48275051888842785,0.0021857921965420246
cvar,100,5,45,2000668,0.5,0.5,0.01,0.0,1.0,uniform,True,0.005471138812872922,0.005471138812872922,0.002098478439718665,0.4640626936663355,0.47689205678538427,0.002164625097066164
cvar,100,5,46,2000669,0.5,0.5,0.01,0.0,1.0,uniform,True,0.0012592753497118192,0.0012592753497118192,0.0009083810724110353,0.4759495881532003,0.47669006962621474,0.002235082909464836
cvar,100,5,47,2000670,0.5,0.5,0.01,0.0,1.0,uniform,True,0.007452956041320513,0.005707976645723367,0.007452956041320513,0.4751688990907799,0.47005311035838615,0.002227041870355606
cvar,100,5,48,2000671,0.5,0.5,0.01,0.0,1.0,uniform,True,0.004722424189256391,0.0009382192380080756,0.004722424189256391,0.47176331865179877,0.4854195968728015,0.0022237496450543404
cvar,100,5,49,2000672,0.5,0.5,0.01,0.0,1.0,uniform,True,0.0015657022816328858,0.0014439253334733726,0.0015657022816328858,0.4778191102121977,0.48373854911532466,0.0022159162908792496
cvar,100,5,50,2000673,0.5,0.5,0.01,0.0,1.0,uniform,True,0.004905154881639562,0.004905154881639562,0.003150865485698595,0.4752940467750961,0.47827579218252253,0.002184125129133463
cvar,100,5,51,2000674,0.5,0.5,0.01,0.0,1.0,uniform,True,0.0027071822977810522,0.001911202068421547,0.0027071822977810522,0.47729153371847355,0.4781182364641114,0.0022256658412516117
cvar,100,5,52,2000675,0.5,0.5,0.01,0.0,1.0,uniform,True,0.009630479622597055,0.009630479622597055,0.002067473329446068,0.4807054403334184,0.48816701419136305,0.0021854578517377377
cvar,100,5,53,2000676,0.5,0.5,0.01,0.0,1.0,uniform,True,0.003594841532342352,0.0024032992326256664,0.003594841532342352,0.47486557409934915,0.4858345309972682,0.002174082677811384
cvar,100,5,54,2000677,0.5,0.5,0.01,0.0,1.0,uniform,True,0.0048934318938118615,0.004482526791442509,0.0048934318938118615,0.47442741405610267,0.47493360403746726,0.0022572497837245464
cvar,100,5,55,2000678,0.5,0.5,0.01,0.0,1.0,uniform,True,0.0033102556171714093,0.0029354424515298794,0.0033102556171714093,0.46772229839192747,0.4769799311821721,0.002157042268663645
cvar,100,5,56,2000679,0.5,0.5,0.01,0.0,1.0,uniform,True,0.0023373794658909097,0.0023373794658909097,0.0015002048980639615,0.46856751921434686,0.46723713657757826,0.002142583020031452
cvar,100,5,57,2000680,0.5,0.5,0.01,0.0,1.0,uniform,True,0.009147758350105173,0.009147758350105173,0.005810675005157084,0.47199804928216116,0.48644543325848727,0.0021375836804509163
cvar,100,5,58,2000681,0.5,0.5,0.01,0.0,1.0,uniform,True,0.003517107230023686,0.0010118970830628737,0.003517107230023686,0.4681709212137296,0.4732218912127765,0.0021465420722961426
cvar,100,5,59,2000682,0.5,0.5,0.01,0.0,1.0,uniform,True,0.004870768797664515,0.0039790825408026476,0.004870768797664515,0.4739894445623951,0.46756387582166453,0.0021906672045588493
cvar,100,5,60,2000683,0.5,0.5,0.01,0.0,1.0,uniform,True,0.004806179214826123,0.004530880048445485,0.004806179214826123,0.475574633464935,0.48346422508704945,0.002248832955956459
cvar,100,5,61,2000684,0.5,0.5,0.01,0.0,1.0,uniform,True,0.003231190945134632,0.003175012040565639,0.003231190945134632,0.49004718554005805,0.4707867003016181,0.0021896669641137123
cvar,100,5,62,2000685,0.5,0.5,0.01,0.0,1.0,uniform,True,0.0014724828985995808,0.0005433929433485418,0.0014724828985995808,0.48245436523103163,0.47561395165103804,0.0022432920522987843
cvar,100,5,63,2000686,0.5,0.5,0.01,0.0,1.0,uniform,True,0.004719601075445556,0.004719601075445556,0.0027141459200302753,0.4716018589397817,0.48054575131268695,0.0022150003351271152
cvar,100,5,64,2000687,0.5,0.5,0.01,0.0,1.0,uniform,True,0.0009914589807741292,0.0009914589807741292,0.0007693170947220551,0.4812664620965016,0.46685456066728004,0.0021724593825638294
cvar,100,5,65,2000688,0.5,0.5,0.01,0.0,1.0,uniform,True,0.005512676129656835,0.005512676129656835,0.000965578818597157,0.4729477211598743,0.4862163176720652,0.002171874977648258
cvar,100,5,66,2000689,0.5,0.5,0.01,0.0,1.0,uniform,True,0.005304093981266966,0.004443089316713,0.005304093981266966,0.48227391073627984,0.47281712494231903,0.002204915974289179
cvar,100,5,67,2000690,0.5,0.5,0.01,0.0,1.0,uniform,True,0.0045480766973873266,0.0045480766973873266,0.001054786988269829,0.47569675550864154,0.4796313685717192,0.002241583075374365
cvar,100,5,68,2000691,0.5,0.5,0.01,0.0,1.0,uniform,True,0.0034266318206407353,0.0034266318206407353,0.0020749056164605095,0.4764180273212101,0.48031422401544177,0.0021507921628654003
cvar,100,5,69,2000692,0.5,0.5,0.01,0.0,1.0,uniform,True,0.004160051542856813,0.004160051542856813,0.0008475779607715062,0.4717744174079943,0.4814610475444914,0.0021516657434403896
cvar,100,5,70,2000693,0.5,0.5,0.01,0.0,1.0,uniform,True,0.0028681480527587566,0.0028681480527587566,0.0022166059009428585,0.48600205116047407,0.49228911681736065,0.0022445828653872013
cvar,100,5,71,2000694,0.5,0.5,0.01,0.0,1.0,uniform,True,0.00556013536309119,0.00556013536309119,0.004276508342315577,0.4704042069893715,0.49223318767474894,0.0021803746931254864
cvar,100,5,72,2000695,0.5,0.5,0.01,0.0,1.0,uniform,True,0.0042175816761347296,0.0042175816761347296,0.00012403098322655293,0.481957720105067,0.48249226942713064,0.002185292076319456
cvar,100,5,73,2000696,0.5,0.5,0.01,0.0,1.0,uniform,True,0.003115344918449503,0.0019453567177626363,0.003115344918449503,0.48180589285202435,0.4749465024860485,0.002223624847829342
cvar,100,5,74,2000697,0.5,0.5,0.01,0.0,1.0,uniform,True,0.003911509056631568,0.0005593707356775224,0.003911509056631568,0.4789426428560166,0.4722382685509394,0.0022519580088555813
cvar,100,5,75,2000698,0.5,0.5,0.01,0.0,1.0,uniform,True,0.006180419264963155,0.003032284407577246,0.006180419264963155,0.4709681732484306,0.47358464522786126,0.002188540995121002
cvar,100,5,76,2000699,0.5,0.5,0.01,0.0,1.0,uniform,False,0.014008307886724303,0.005486425159985098,0.014008307886724303,0.4739559910183052,0.46898058500188106,0.002174749970436096
cvar,100,5,77,2000700,0.5,0.5,0.01,0.0,1.0,uniform,True,0.0012096261122919172,0.0012096261122919172,0.0010985430271596708,0.4723122133960961,0.4813838918317309,0.0021566660143435
cvar,100,5,78,2000701,0.5,0.5,0.01,0.0,1.0,uniform,True,0.005066119589188733,0.005066119589188733,0.00037207273005063213,0.4780517027166274,0.48304667468952694,0.0021797502413392067
cvar,100,5,79,2000702,0.5,0.5,0.01,0.0,1.0,uniform,True,0.002310879358291995,0.002310879358291995,0.001282753410944082,0.4774053773237696,0.47270521337307014,0.0022445418871939182
cvar,100,5,80,2000703,0.5,0.5,0.01,0.0,1.0,uniform,True,0.005784877723954529,0.0007010083538486755,0.005784877723954529,0.474334992828484,0.46691390981512093,0.002183459233492613
cvar,100,5,81,2000704,0.5,0.5,0.01,0.0,1.0,uniform,False,0.010406863265748578,0.010406863265748578,0.0012584497553311813,0.4827428683528512,0.47556367182708287,0.002199750393629074
cvar,100,5,82,2000705,0.5,0.5,0.01,0.0,1.0,uniform,True,0.0040301017421287555,0.0040301017421287555,0.0022909833311549055,0.4790356922736211,0.4813681755206182,0.0022485419176518917
cvar,100,5,83,2000706,0.5,0.5,0.01,0.0,1.0,uniform,True,0.005499563590335543,0.0016352402806957822,0.005499563590335543,0.47729202646393454,0.4794171911438027,0.002150542102754116
cvar,100,5,84,2000707,0.5,0.5,0.01,0.0,1.0,uniform,True,0.0012205986416329861,0.0012205986416329861,0.0006606365334712039,0.48317739535399923,0.4752534149715365,0.0021578329615294933
cvar,100,5,85,2000708,0.5,0.5,0.01,0.0,1.0,uniform,True,0.003243138590866501,0.003243138590866501,0.0015506401389275282,0.4698075891429854,0.47621008893975925,0.0021823327988386154
cvar,100,5,86,2000709,0.5,0.5,0.01,0.0,1.0,uniform,False,0.010646164582736595,0.004516713941960959,0.010646164582736595,0.4783845907755493,0.4786240316255672,0.0022335839457809925
cvar,100,5,87,2000710,0.5,0.5,0.01,0.0,1.0,uniform,True,0.004514527428753912,0.0024542406322916044,0.004514527428753912,0.480428796445292,0.49086321536163025,0.002190542407333851
cvar,100,5,88,2000711,0.5,0.5,0.01,0.0,1.0,uniform,False,0.010013883464147666,0.010013883464147666,0.0038563202599094515,0.4849110601535957,0.47798746420423627,0.0021986248902976513
cvar,100,5,89,2000712,0.5,0.5,0.01,0.0,1.0,uniform,True,0.007287734595431861,0.007287734595431861,0.002111509672356071,0.48673702350197123,0.48001677790738834,0.002153125125914812
cvar,100,5,90,2000713,0.5,0.5,0.01,0.0,1.0,uniform,True,0.0032532801120341848,0.0032532801120341848,0.0030755924227056086,0.4802583627682687,0.4760981140019849,0.002298499923199415
cvar,100,5,91,2000714,0.5,0.5,0.01,0.0,1.0,uniform,False,0.010347491210751014,0.010347491210751014,0.008766661916192908,0.47700271514260695,0.4721907459431889,0.0021221251226961613
cvar,100,5,92,2000715,0.5,0.5,0.01,0.0,1.0,uniform,True,0.004663288843054003,0.004663288843054003,0.003955420847393865,0.4755159486821018,0.4794480463186177,0.0021764999255537987
cvar,100,5,93,2000716,0.5,0.5,0.01,0.0,1.0,uniform,True,0.005658203786859772,0.004658398251864704,0.005658203786859772,0.4763863436938481,0.4719629473831155,0.0022005001083016396
cvar,100,5,94,2000717,0.5,0.5,0.01,0.0,1.0,uniform,True,0.006691312502557445,0.006691312502557445,0.0026897086190661446,0.47638426012488433,0.4819041795828898,0.0021594162099063396
cvar,100,5,95,2000718,0.5,0.5,0.01,0.0,1.0,uniform,True,0.0023618277978361135,0.0023618277978361135,0.0016722250321803411,0.47455516292686023,0.4820057479836681,0.002174041699618101
cvar,100,5,96,2000719,0.5,0.5,0.01,0.0,1.0,uniform,True,0.005284154056487855,0.0024020434841701688,0.005284154056487855,0.4695808355308627,0.48241373346759514,0.002119333017617464
cvar,100,5,97,2000720,0.5,0.5,0.01,0.0,1.0,uniform,True,0.007747991136374199,0.002578015908273834,0.007747991136374199,0.47031670788280716,0.4786328680682354,0.002183457836508751
cvar,100,5,98,2000721,0.5,0.5,0.01,0.0,1.0,uniform,True,0.0031557954631838414,0.0008393328810735734,0.0031557954631838414,0.4792481452630493,0.4792267398759087,0.002169707790017128
cvar,100,5,99,2000722,0.5,0.5,0.01,0.0,1.0,uniform,True,0.0027172081399524095,0.0017258724953100324,0.0027172081399524095,0.48314419636596495,0.4867462145833085,0.002222375012934208
cvar,100,10,0,2001123,0.5,0.5,0.01,0.0,1.0,uniform,True,0.005784986565361805,0.005305504059160415,0.005784986565361805,0.48579748423124053,0.48358653986157035,0.0025621671229600906
cvar,100,10,1,2001124,0.5,0.5,0.01,0.0,1.0,uniform,True,0.004315061378073859,0.004315061378073859,0.002853552287028216,0.4885947709454123,0.49086136528529073,0.00265158386901021
cvar,100,10,2,2001125,0.5,0.5,0.01,0.0,1.0,uniform,True,0.007431075938155451,0.007431075938155451,0.005940375418806765,0.49211587126685774,0.48946901123303904,0.002853542100638151
cvar,100,10,3,2001126,0.5,0.5,0.01,0.0,1.0,uniform,True,0.0041318248801444635,0.0025504267944189696,0.0041318248801444635,0.4899054166121138,0.4838765516187976,0.00261541735380888
cvar,100,10,4,2001127,0.5,0.5,0.01,0.0,1.0,uniform,True,0.006922182668032406,0.006922182668032406,0.004445253375306213,0.48849505737930543,0.4885583895770703,0.0029770000837743282
cvar,100,10,5,2001128,0.5,0.5,0.01,0.0,1.0,uniform,True,0.006986309140403324,0.0026404308456123293,0.006986309140403324,0.4876394653734964,0.49011635692374456,0.0027608750388026237
cvar,100,10,6,2001129,0.5,0.5,0.01,0.0,1.0,uniform,True,0.004396788443409294,0.002462043580877926,0.004396788443409294,0.4903375523696969,0.48647862219684057,0.0026865419931709766
cvar,100,10,7,2001130,0.5,0.5,0.01,0.0,1.0,uniform,True,0.008316113595375652,0.004384398489872876,0.008316113595375652,0.48733645804102926,0.48479716663293226,0.002461791969835758
cvar,100,10,8,2001131,0.5,0.5,0.01,0.0,1.0,uniform,True,0.004434706825024226,0.004434706825024226,0.004369154129737984,0.48605383920098,0.4892247657583506,0.002476499881595373
cvar,100,10,9,2001132,0.5,0.5,0.01,0.0,1.0,uniform,True,0.005329167285747949,0.005329167285747949,0.00274297776316923,0.4851403167760113,0.4924887135462377,0.0026314579881727695
cvar,100,10,10,2001133,0.5,0.5,0.01,0.0,1.0,uniform,True,0.0031462913903415046,0.0031462913903415046,0.0011322469971562499,0.4866650188696181,0.49179842293159054,0.0028132922016084194
cvar,100,10,11,2001134,0.5,0.5,0.01,0.0,1.0,uniform,True,0.00808953678872737,0.00808953678872737,0.0029106389949156153,0.4903259981486915,0.4885659998620626,0.0027598333545029163
cvar,100,10,12,2001135,0.5,0.5,0.01,0.0,1.0,uniform,True,0.004309704904185474,0.004309704904185474,0.0037689720295446816,0.4867142393057634,0.4881137099739804,0.0026354999281466007
cvar,100,10,13,2001136,0.5,0.5,0.01,0.0,1.0,uniform,True,0.008247274946921401,0.004950282664986483,0.008247274946921401,0.4784368355137931,0.48701894211984703,0.002613374963402748
cvar,100,10,14,2001137,0.5,0.5,0.01,0.0,1.0,uniform,True,0.005735313155314059,0.0028884974721510304,0.005735313155314059,0.4884422808031441,0.48795052516398396,0.002570000011473894
cvar,100,10,15,2001138,0.5,0.5,0.01,0.0,1.0,uniform,True,0.005370168423294686,0.005370168423294686,0.0036424538295452558,0.49053645766617743,0.49104127746765325,0.00255220802500844
cvar,100,10,16,2001139,0.5,0.5,0.01,0.0,1.0,uniform,True,0.006173936579562611,0.006173936579562611,0.0018500224642935548,0.4898535267108676,0.4854034400772923,0.0026771253906190395
cvar,100,10,17,2001140,0.5,0.5,0.01,0.0,1.0,uniform,True,0.005204010076198307,0.0038386777506204672,0.005204010076198307,0.4912847325315787,0.4887853535920432,0.002610874827951193
cvar,100,10,18,2001141,0.5,0.5,0.01,0.0,1.0,uniform,True,0.004360837468581624,0.002443044261783267,0.004360837468581624,0.4897001165297067,0.49112961676031863,0.002696959301829338
cvar,100,10,19,2001142,0.5,0.5,0.01,0.0,1.0,uniform,True,0.0032067555444474927,0.0032067555444474927,0.002839472053162151,0.4868453215834747,0.49368474647349697,0.0026939576491713524
cvar,100,10,20,2001143,0.5,0.5,0.01,0.0,1.0,uniform,True,0.006170064520524765,0.006170064520524765,0.002660695076199482,0.48783404038522343,0.4943726685787616,0.0025542499497532845
cvar,100,10,21,2001144,0.5,0.5,0.01,0.0,1.0,uniform,True,0.004569277219012735,0.003358321278637444,0.004569277219012735,0.48614677531380757,0.48959363024699626,0.0027917083352804184
cvar,100,10,22,2001145,0.5,0.5,0.01,0.0,1.0,uniform,True,0.0052788963339419626,0.0052788963339419626,0.0042977947480713485,0.4906959062831992,0.4915839625395576,0.0025209160521626472
cvar,100,10,23,2001146,0.5,0.5,0.01,0.0,1.0,uniform,True,0.008032904783547679,0.005189219246765797,0.008032904783547679,0.4867228985883838,0.4849769746836322,0.002429541200399399
cvar,100,10,24,2001147,0.5,0.5,0.01,0.0,1.0,uniform,True,0.009735924107734828,0.007664545570839565,0.009735924107734828,0.4826501160897094,0.49110753837289556,0.0029303752817213535
cvar,100,10,25,2001148,0.5,0.5,0.01,0.0,1.0,uniform,True,0.005266542698612098,0.004715319519308647,0.005266542698612098,0.4910638860518815,0.4865528335641176,0.0026472918689250946
cvar,100,10,26,2001149,0.5,0.5,0.01,0.0,1.0,uniform,True,0.002873903090288621,0.002873903090288621,0.002102989352258111,0.49219205465925375,0.4926855526010172,0.0027927090413868427
cvar,100,10,27,2001150,0.5,0.5,0.01,0.0,1.0,uniform,True,0.00789955791336372,0.00365714516050325,0.00789955791336372,0.48584044261904247,0.48850687535355164,0.0030380827374756336
cvar,100,10,28,2001151,0.5,0.5,0.01,0.0,1.0,uniform,True,0.0040204133220933524,0.0026347279925340583,0.0040204133220933524,0.48961697650205815,0.48112179582414805,0.0026350412517786026
cvar,100,10,29,2001152,0.5,0.5,0.01,0.0,1.0,uniform,True,0.005440045737956756,0.0025032627490098047,0.005440045737956756,0.49194468720392237,0.4889196359442618,0.0029937918297946453
cvar,100,10,30,2001153,0.5,0.5,0.01,0.0,1.0,uniform,True,0.004225550647081688,0.004225550647081688,0.004101138884124056,0.4886521124792535,0.491465010927316,0.00278316717594862
cvar,100,10,31,2001154,0.5,0.5,0.01,0.0,1.0,uniform,True,0.0034471541675186734,0.0024597983635737397,0.0034471541675186734,0.4937372787870035,0.48909509674324614,0.002697249874472618
cvar,100,10,32,2001155,0.5,0.5,0.01,0.0,1.0,uniform,True,0.0042865986964820135,0.0042865986964820135,0.003681801700385512,0.4831058137188302,0.48482984897643366,0.0032052090391516685
cvar,100,10,33,2001156,0.5,0.5,0.01,0.0,1.0,uniform,True,0.0063892906093039326,0.004215469246638848,0.0063892906093039326,0.4932598951626581,0.4903668040067841,0.0027083340100944042
cvar,100,10,34,2001157,0.5,0.5,0.01,0.0,1.0,uniform,True,0.007339576238256429,0.004342700861945881,0.007339576238256429,0.49228451353660974,0.48623505523392063,0.002686500083655119
cvar,100,10,35,2001158,0.5,0.5,0.01,0.0,1.0,uniform,True,0.004008478825079931,0.003264620872263091,0.004008478825079931,0.49451545097796346,0.49231482449163905,0.0031310003250837326
cvar,100,10,36,2001159,0.5,0.5,0.01,0.0,1.0,uniform,True,0.0030497609024408012,0.0030497609024408012,0.002770629689341053,0.4877573994052504,0.48744388062128063,0.0026932922191917896
cvar,100,10,37,2001160,0.5,0.5,0.01,0.0,1.0,uniform,True,0.006687837665320218,0.004560406769978598,0.006687837665320218,0.4881669997126872,0.4853190554925958,0.002632207702845335
cvar,100,10,38,2001161,0.5,0.5,0.01,0.0,1.0,uniform,False,0.01018979502061279,0.004061608964208097,0.01018979502061279,0.48638345618539264,0.4911863976462322,0.0029796669259667397
cvar,100,10,39,2001162,0.5,0.5,0.01,0.0,1.0,uniform,True,0.003689124681951428,0.00151733371700008,0.003689124681951428,0.48896088013623507,0.48518718335681343,0.002616874873638153
cvar,100,10,40,2001163,0.5,0.5,0.01,0.0,1.0,uniform,True,0.007794754080823085,0.007794754080823085,0.0032864027323732947,0.4862608715969276,0.4915365902708188,0.0025285002775490284
cvar,100,10,41,2001164,0.5,0.5,0.01,0.0,1.0,uniform,True,0.004704137152143795,0.0024744772821975736,0.004704137152143795,0.48739694439446324,0.48913242643381294,0.002609916962683201
cvar,100,10,42,2001165,0.5,0.5,0.01,0.0,1.0,uniform,True,0.004307290574817768,0.0027015583793902342,0.004307290574817768,0.48494497309330975,0.4826667081352507,0.002588583156466484
cvar,100,10,43,2001166,0.5,0.5,0.01,0.0,1.0,uniform,True,0.005159572217693531,0.005159572217693531,0.0014190826707831672,0.49004982295782973,0.4851336612073791,0.0025439593009650707
cvar,100,10,44,2001167,0.5,0.5,0.01,0.0,1.0,uniform,True,0.004937321368889136,0.002225955445240513,0.004937321368889136,0.4909246244796105,0.4866110014657411,0.0025242497213184834
cvar,100,10,45,2001168,0.5,0.5,0.01,0.0,1.0,uniform,True,0.005145902787098533,0.005047632858042828,0.005145902787098533,0.4920106174753475,0.48769033480885454,0.0024914578534662724
cvar,100,10,46,2001169,0.5,0.5,0.01,0.0,1.0,uniform,True,0.005826051166591295,0.0024882614203521336,0.005826051166591295,0.4882552610191275,0.49103960233763155,0.0024562920443713665
cvar,100,10,47,2001170,0.5,0.5,0.01,0.0,1.0,uniform,True,0.0026889607594046128,0.0026889607594046128,0.0017536272111040585,0.4876632836815109,0.4868606868822879,0.002649417147040367
cvar,100,10,48,2001171,0.5,0.5,0.01,0.0,1.0,uniform,True,0.0050236293472205595,0.0050236293472205595,0.0033342994843483242,0.4864882480367053,0.4926647410616655,0.0025395420379936695
cvar,100,10,49,2001172,0.5,0.5,0.01,0.0,1.0,uniform,False,0.011882706091485229,0.0060818737743352225,0.011882706091485229,0.4920260166555219,0.48970763584247723,0.0023878752253949642
cvar,100,10,50,2001173,0.5,0.5,0.01,0.0,1.0,uniform,True,0.008241530777162831,0.0033774555849863663,0.008241530777162831,0.4903088775287453,0.48878264428886475,0.0024876659736037254
cvar,100,10,51,2001174,0.5,0.5,0.01,0.0,1.0,uniform,True,0.0037369645768681736,0.0037369645768681736,0.003515450241513174,0.4868209757674104,0.4915997101697029,0.002436333801597357
cvar,100,10,52,2001175,0.5,0.5,0.01,0.0,1.0,uniform,True,0.003420228498532296,0.003420228498532296,0.0032999623070708584,0.49606572969296225,0.48407544250116585,0.0028295828960835934
cvar,100,10,53,2001176,0.5,0.5,0.01,0.0,1.0,uniform,True,0.005054115403730242,0.0035144561246827077,0.005054115403730242,0.48625378094400884,0.481372453723805,0.0024531250819563866
cvar,100,10,54,2001177,0.5,0.5,0.01,0.0,1.0,uniform,True,0.0026951038811162675,0.0026951038811162675,0.0019571665762251333,0.490722319438229,0.48415379104845807,0.0025149579159915447
cvar,100,10,55,2001178,0.5,0.5,0.01,0.0,1.0,uniform,True,0.003344103315063518,0.0028950568106468344,0.003344103315063518,0.4898405538252679,0.4896352424798762,0.002583499997854233
cvar,100,10,56,2001179,0.5,0.5,0.01,0.0,1.0,uniform,True,0.004451666966049483,0.0035632848954442187,0.004451666966049483,0.4905833134466615,0.4832824777670871,0.0024727503769099712
cvar,100,10,57,2001180,0.5,0.5,0.01,0.0,1.0,uniform,True,0.005610108585038964,0.005610108585038964,0.004529511664928931,0.48910638663696954,0.48766278943677344,0.0026291250251233578
cvar,100,10,58,2001181,0.5,0.5,0.01,0.0,1.0,uniform,True,0.0036679877695146024,0.0036679877695146024,0.0030491124405800374,0.49049308159098826,0.49457045772535135,0.0024774172343313694
cvar,100,10,59,2001182,0.5,0.5,0.01,0.0,1.0,uniform,True,0.004339888323169672,0.0034778496794856117,0.004339888323169672,0.48553054071265356,0.4847272875974943,0.0025535831227898598
cvar,100,10,60,2001183,0.5,0.5,0.01,0.0,1.0,uniform,True,0.0040736698051715425,0.0034638460944375615,0.0040736698051715425,0.48510891126446165,0.48096085925301335,0.0026036249473690987
cvar,100,10,61,2001184,0.5,0.5,0.01,0.0,1.0,uniform,True,0.0034266421976086314,0.002482563547057559,0.0034266421976086314,0.4929041015868694,0.49205285498017654,0.002801917027682066
cvar,100,10,62,2001185,0.5,0.5,0.01,0.0,1.0,uniform,True,0.005349521848522609,0.005349521848522609,0.0035221396004816996,0.4828638727970268,0.4932828833569993,0.002706207800656557
cvar,100,10,63,2001186,0.5,0.5,0.01,0.0,1.0,uniform,True,0.005787226086393982,0.0016444532201690953,0.005787226086393982,0.4879753003809523,0.48863797207037946,0.0025657080113887787
cvar,100,10,64,2001187,0.5,0.5,0.01,0.0,1.0,uniform,True,0.006519429172989477,0.006519429172989477,0.0038445467966179425,0.48709728628098575,0.48873145031046583,0.002582291141152382
cvar,100,10,65,2001188,0.5,0.5,0.01,0.0,1.0,uniform,True,0.007283370523863686,0.003280804468299925,0.007283370523863686,0.4870453343729055,0.4889092012466682,0.0025776252150535583
cvar,100,10,66,2001189,0.5,0.5,0.01,0.0,1.0,uniform,True,0.003536826744723276,0.0019507585510105674,0.003536826744723276,0.4899890974437031,0.4866820828855937,0.002697332762181759
cvar,100,10,67,2001190,0.5,0.5,0.01,0.0,1.0,uniform,False,0.011619710143056683,0.011295397536973617,0.011619710143056683,0.48468964154963806,0.48724584273695487,0.002381875179708004
cvar,100,10,68,2001191,0.5,0.5,0.01,0.0,1.0,uniform,True,0.003603190690864122,0.003603190690864122,0.0029862143844007205,0.4917389252625869,0.4867041861422913,0.0026088329032063484
cvar,100,10,69,2001192,0.5,0.5,0.01,0.0,1.0,uniform,True,0.004219715216437214,0.004219715216437214,0.003170575673318965,0.48630259121889274,0.49171378525815174,0.0025156671181321144
cvar,100,10,70,2001193,0.5,0.5,0.01,0.0,1.0,uniform,True,0.00961429252286361,0.003494526750086324,0.00961429252286361,0.49070534640622876,0.4933966327381796,0.0026715421117842197
cvar,100,10,71,2001194,0.5,0.5,0.01,0.0,1.0,uniform,True,0.0065547907728285,0.0065547907728285,0.0027442965982003575,0.48911953277294073,0.49051193869203635,0.002549625001847744
cvar,100,10,72,2001195,0.5,0.5,0.01,0.0,1.0,uniform,True,0.008166767735731495,0.002414378579604748,0.008166767735731495,0.48421794029479104,0.4893595185777202,0.0026219580322504044
cvar,100,10,73,2001196,0.5,0.5,0.01,0.0,1.0,uniform,True,0.004377361206138908,0.004012378244276804,0.004377361206138908,0.486607593059336,0.4860239733177735,0.0025978749617934227
cvar,100,10,74,2001197,0.5,0.5,0.01,0.0,1.0,uniform,True,0.006724161105884308,0.0018776617282736385,0.006724161105884308,0.49285270079007737,0.48344268490858605,0.002528916113078594
cvar,100,10,75,2001198,0.5,0.5,0.01,0.0,1.0,uniform,True,0.00450053350028673,0.003643641591324187,0.00450053350028673,0.4845713323555776,0.48754644815421244,0.002672458067536354
cvar,100,10,76,2001199,0.5,0.5,0.01,0.0,1.0,uniform,True,0.00676538017930689,0.00676538017930689,0.0055528031724484395,0.4934472411063557,0.48864457858466925,0.002531124744564295
cvar,100,10,77,2001200,0.5,0.5,0.01,0.0,1.0,uniform,True,0.0032950809702915196,0.0032950809702915196,0.003115659360353018,0.48338133050315346,0.4916022854008669,0.0027121249586343765
cvar,100,10,78,2001201,0.5,0.5,0.01,0.0,1.0,uniform,True,0.006492916063655152,0.006492916063655152,0.005248898903731591,0.4841762647436504,0.48632702740765077,0.0025589996948838234
cvar,100,10,79,2001202,0.5,0.5,0.01,0.0,1.0,uniform,True,0.004261473351909184,0.0016278937859409148,0.004261473351909184,0.48817949650923803,0.4858499334233516,0.0027755829505622387
cvar,100,10,80,2001203,0.5,0.5,0.01,0.0,1.0,uniform,True,0.0023637889220577968,0.0022123511747554336,0.0023637889220577968,0.4905042528401607,0.4934499254237733,0.0026483340188860893
cvar,100,10,81,2001204,0.5,0.5,0.01,0.0,1.0,uniform,True,0.007561046408629923,0.0023851512069733016,0.007561046408629923,0.4880730107111342,0.48162450805660595,0.0025701671838760376
cvar,100,10,82,2001205,0.5,0.5,0.01,0.0,1.0,uniform,True,0.004559688626828762,0.0025557456200901996,0.004559688626828762,0.48938603443632334,0.4903882945219883,0.0025826245546340942
cvar,100,10,83,2001206,0.5,0.5,0.01,0.0,1.0,uniform,False,0.01223942613000556,0.006526130323548429,0.01223942613000556,0.4867975683222604,0.48961392876936155,0.0025035832077264786
cvar,100,10,84,2001207,0.5,0.5,0.01,0.0,1.0,uniform,True,0.00461788046182926,0.001677025084775019,0.00461788046182926,0.4846074466068703,0.48454164888274204,0.0026554171927273273
cvar,100,10,85,2001208,0.5,0.5,0.01,0.0,1.0,uniform,True,0.005537663925262615,0.005537663925262615,0.004754936029430945,0.49021613420022386,0.4918217942418669,0.002604374662041664
cvar,100,10,86,2001209,0.5,0.5,0.01,0.0,1.0,uniform,True,0.0066093492838048,0.0066093492838048,0.003823981697191947,0.4824350515899511,0.48681802061875135,0.002595250029116869
cvar,100,10,87,2001210,0.5,0.5,0.01,0.0,1.0,uniform,True,0.0043729925642399525,0.0043729925642399525,0.0038400159568867664,0.4927736368737258,0.4882579771428164,0.0026097497902810574
cvar,100,10,88,2001211,0.5,0.5,0.01,0.0,1.0,uniform,True,0.005877738149534351,0.005877738149534351,0.0008476921557257766,0.48520362755387575,0.4882468745493183,0.002688666805624962
cvar,100,10,89,2001212,0.5,0.5,0.01,0.0,1.0,uniform,True,0.005098702246831399,0.005098702246831399,0.0023358449103315637,0.4892550496481455,0.4933657766548485,0.0025520832277834415
cvar,100,10,90,2001213,0.5,0.5,0.01,0.0,1.0,uniform,True,0.007092841567170383,0.007092841567170383,0.0017535320275870458,0.4869932462356583,0.494011361969567,0.002857999876141548
cvar,100,10,91,2001214,0.5,0.5,0.01,0.0,1.0,uniform,True,0.0034419444983181946,0.0034419444983181946,0.0030429361189271975,0.49183878765583394,0.4880390564881572,0.0026784585788846016
cvar,100,10,92,2001215,0.5,0.5,0.01,0.0,1.0,uniform,True,0.005011404764589722,0.005011404764589722,0.004296763833777195,0.48718356627996573,0.4873279693080287,0.0030501247383654118
cvar,100,10,93,2001216,0.5,0.5,0.01,0.0,1.0,uniform,True,0.005401844574333181,0.005401844574333181,0.003901052259338178,0.4893098986205624,0.4881415652676053,0.002622042316943407
cvar,100,10,94,2001217,0.5,0.5,0.01,0.0,1.0,uniform,True,0.008298158881023476,0.002902616991399043,0.008298158881023476,0.4898971822038548,0.48726939667157965,0.002545124851167202
cvar,100,10,95,2001218,0.5,0.5,0.01,0.0,1.0,uniform,True,0.005233900300152472,0.005233900300152472,0.003082416627139317,0.48879567776863686,0.49245291565343546,0.003015667200088501
cvar,100,10,96,2001219,0.5,0.5,0.01,0.0,1.0,uniform,True,0.005989417064642677,0.0024387356533301374,0.005989417064642677,0.4872787912155706,0.49325959072178677,0.0026754168793559074
cvar,100,10,97,2001220,0.5,0.5,0.01,0.0,1.0,uniform,True,0.006691811443067519,0.006691811443067519,0.0042139797099896015,0.48396320012326144,0.48574217581047485,0.003017041366547346
cvar,100,10,98,2001221,0.5,0.5,0.01,0.0,1.0,uniform,True,0.004640713270776531,0.004395911129921992,0.004640713270776531,0.48999379729791087,0.4855269244547976,0.003058334346860647
cvar,100,10,99,2001222,0.5,0.5,0.01,0.0,1.0,uniform,True,0.008081127445848824,0.008081127445848824,0.002620366567300525,0.4880624803524321,0.4920120201018359,0.0025406251661479473
cvar,100,20,0,2002123,0.5,0.5,0.01,0.0,1.0,uniform,True,0.004373041913094788,0.004373041913094788,0.003434684983381231,0.49324806725654957,0.4940652969235572,0.004016040824353695
cvar,100,20,1,2002124,0.5,0.5,0.01,0.0,1.0,uniform,True,0.004041301247864393,0.003487459690618866,0.004041301247864393,0.4951887273663396,0.49443277398150776,0.0036677918396890163
cvar,100,20,2,2002125,0.5,0.5,0.01,0.0,1.0,uniform,True,0.004059078569786656,0.0029075319324450843,0.004059078569786656,0.4939534067129261,0.49689679113360247,0.0037442920729517937
cvar,100,20,3,2002126,0.5,0.5,0.01,0.0,1.0,uniform,True,0.00405973582416036,0.003888235645288063,0.00405973582416036,0.49574300352078204,0.49425290739965755,0.003660416230559349
cvar,100,20,4,2002127,0.5,0.5,0.01,0.0,1.0,uniform,True,0.004428876073610422,0.004428876073610422,0.003488924709371455,0.4976613441027229,0.4942903458796455,0.0037322500720620155
cvar,100,20,5,2002128,0.5,0.5,0.01,0.0,1.0,uniform,True,0.005723915033937155,0.002753321873029624,0.005723915033937155,0.4944561255190529,0.4949795217009794,0.00393499992787838
cvar,100,20,6,2002129,0.5,0.5,0.01,0.0,1.0,uniform,True,0.0077431940425555235,0.004034912365171894,0.0077431940425555235,0.49539566222581266,0.4951771702826774,0.0034496248699724674
cvar,100,20,7,2002130,0.5,0.5,0.01,0.0,1.0,uniform,True,0.003636614649927483,0.003636614649927483,0.0032642870509786426,0.4954224711020495,0.4967659277840886,0.003947500139474869
cvar,100,20,8,2002131,0.5,0.5,0.01,0.0,1.0,uniform,True,0.004365218409865257,0.004041430953145797,0.004365218409865257,0.49596786098510515,0.49278869878126386,0.003923249896615744
cvar,100,20,9,2002132,0.5,0.5,0.01,0.0,1.0,uniform,True,0.00633634935483296,0.00633634935483296,0.006068819646317947,0.49274461048902507,0.49474760394541956,0.003911416046321392
cvar,100,20,10,2002133,0.5,0.5,0.01,0.0,1.0,uniform,True,0.004463777228619181,0.0034530783081609395,0.004463777228619181,0.49459128721477646,0.49214654359780796,0.003592583816498518
cvar,100,20,11,2002134,0.5,0.5,0.01,0.0,1.0,uniform,True,0.005818157401834112,0.005818157401834112,0.003678907920145358,0.49295155980695826,0.49751714173383377,0.003697667270898819
cvar,100,20,12,2002135,0.5,0.5,0.01,0.0,1.0,uniform,True,0.006014515230774675,0.0034272699864307254,0.006014515230774675,0.4954790569612155,0.496581054681705,0.0033255419693887234
cvar,100,20,13,2002136,0.5,0.5,0.01,0.0,1.0,uniform,True,0.006721837333513114,0.006721837333513114,0.003967112550114227,0.4955937281390535,0.49595295936201866,0.003955624997615814
cvar,100,20,14,2002137,0.5,0.5,0.01,0.0,1.0,uniform,True,0.004537190166920613,0.004537190166920613,0.004285087029521295,0.495422261317082,0.4957425040988083,0.003520083148032427
cvar,100,20,15,2002138,0.5,0.5,0.01,0.0,1.0,uniform,True,0.006140697946786122,0.006140697946786122,0.0030600076284688082,0.4946665491051457,0.4923591183553796,0.004033708944916725
cvar,100,20,16,2002139,0.5,0.5,0.01,0.0,1.0,uniform,True,0.005830572380985055,0.002537768256856643,0.005830572380985055,0.4962616858637562,0.49252715101015176,0.004243333358317614
cvar,100,20,17,2002140,0.5,0.5,0.01,0.0,1.0,uniform,True,0.00432014335452241,0.00432014335452241,0.003621376891457917,0.49314590763346444,0.4952939137926281,0.0034442078322172165
cvar,100,20,18,2002141,0.5,0.5,0.01,0.0,1.0,uniform,True,0.004409977519230057,0.004255505034559459,0.004409977519230057,0.494032046954314,0.49522807059611884,0.004063208121806383
cvar,100,20,19,2002142,0.5,0.5,0.01,0.0,1.0,uniform,True,0.003642257082020428,0.003249722366538421,0.003642257082020428,0.492953190245654,0.4941588549620722,0.003840041346848011
cvar,100,20,20,2002143,0.5,0.5,0.01,0.0,1.0,uniform,True,0.006399202598006526,0.003954974170557235,0.006399202598006526,0.4955737870520557,0.4913911859450255,0.003916500136256218
cvar,100,20,21,2002144,0.5,0.5,0.01,0.0,1.0,uniform,True,0.0047781407299144485,0.0040502916447267,0.0047781407299144485,0.4912137545285508,0.4953751334675678,0.0034107500687241554
cvar,100,20,22,2002145,0.5,0.5,0.01,0.0,1.0,uniform,True,0.004355640076948053,0.004355640076948053,0.002838241772156025,0.4946042390164993,0.4962743786935109,0.004096082877367735
cvar,100,20,23,2002146,0.5,0.5,0.01,0.0,1.0,uniform,True,0.005022859178495653,0.005022859178495653,0.0036678492816167863,0.494788976966406,0.4955700500642295,0.003378874622285366
cvar,100,20,24,2002147,0.5,0.5,0.01,0.0,1.0,uniform,True,0.005473402763907231,0.005473402763907231,0.004463144724331791,0.49419380619262715,0.4963679639860927,0.003426208160817623
cvar,100,20,25,2002148,0.5,0.5,0.01,0.0,1.0,uniform,True,0.0034181446110065905,0.0034181446110065905,0.0031537832241884667,0.4931061422957539,0.4952757912803011,0.0033096247352659702
cvar,100,20,26,2002149,0.5,0.5,0.01,0.0,1.0,uniform,True,0.008634530464981305,0.008634530464981305,0.004470007285702349,0.4933380081834128,0.4934987134372586,0.003437541425228119
cvar,100,20,27,2002150,0.5,0.5,0.01,0.0,1.0,uniform,True,0.00655346749182939,0.004633792785925683,0.00655346749182939,0.4948991835443869,0.4936122437140441,0.003235790878534317
cvar,100,20,28,2002151,0.5,0.5,0.01,0.0,1.0,uniform,True,0.00799776045021805,0.00799776045021805,0.0020482759091907665,0.4936920476843457,0.49307213814280204,0.0032288329675793648
cvar,100,20,29,2002152,0.5,0.5,0.01,0.0,1.0,uniform,True,0.005235167316900713,0.005235167316900713,0.003358227983858819,0.4960305294835677,0.49584820415757747,0.003124082926660776
cvar,100,20,30,2002153,0.5,0.5,0.01,0.0,1.0,uniform,True,0.0045505175665737085,0.003995489088031379,0.0045505175665737085,0.49539683272139434,0.4913481766160088,0.0031694588251411915
cvar,100,20,31,2002154,0.5,0.5,0.01,0.0,1.0,uniform,True,0.0038547929613714227,0.0037125662507371815,0.0038547929613714227,0.49350980462420757,0.4943322582758905,0.0033215410076081753
cvar,100,20,32,2002155,0.5,0.5,0.01,0.0,1.0,uniform,True,0.005172159422615008,0.003402593094583739,0.005172159422615008,0.49305540003568715,0.49586432529284813,0.0033649997785687447
cvar,100,20,33,2002156,0.5,0.5,0.01,0.0,1.0,uniform,True,0.007229572028068898,0.003222470336500416,0.007229572028068898,0.4948198907831829,0.49231393172675414,0.003219333942979574
cvar,100,20,34,2002157,0.5,0.5,0.01,0.0,1.0,uniform,True,0.003937523186560987,0.00350470169607231,0.003937523186560987,0.4938818061779575,0.4917284223944955,0.0033430419862270355
cvar,100,20,35,2002158,0.5,0.5,0.01,0.0,1.0,uniform,True,0.005790785366745599,0.005790785366745599,0.0037920632007171773,0.4944264473767025,0.4943904374632345,0.0032206252217292786
cvar,100,20,36,2002159,0.5,0.5,0.01,0.0,1.0,uniform,True,0.004296516454206589,0.0033179943422940728,0.004296516454206589,0.49546626305658426,0.4935751622003316,0.0033745840191841125
cvar,100,20,37,2002160,0.5,0.5,0.01,0.0,1.0,uniform,True,0.005939861632605736,0.005939861632605736,0.004151293925743926,0.4943653689082358,0.49182167814434763,0.0033659590408205986
cvar,100,20,38,2002161,0.5,0.5,0.01,0.0,1.0,uniform,True,0.0054120873478552545,0.0054120873478552545,0.005125931143415086,0.4951415560670085,0.4952385001874978,0.003175875172019005
cvar,100,20,39,2002162,0.5,0.5,0.01,0.0,1.0,uniform,True,0.004915048409955991,0.004915048409955991,0.003597065123796983,0.4932662511453763,0.4961521885473063,0.003416833933442831
cvar,100,20,40,2002163,0.5,0.5,0.01,0.0,1.0,uniform,True,0.005088598646445341,0.005088598646445341,0.0038876350166532347,0.49045197889024084,0.49764254538114017,0.003239582758396864
cvar,100,20,41,2002164,0.5,0.5,0.01,0.0,1.0,uniform,True,0.005044882124675298,0.004478875846950614,0.005044882124675298,0.4946906663827396,0.4907052414791056,0.003399249631911516
cvar,100,20,42,2002165,0.5,0.5,0.01,0.0,1.0,uniform,True,0.005397168806789643,0.005397168806789643,0.00532583165872369,0.4940746398212641,0.49561821283700225,0.0031698327511548996
cvar,100,20,43,2002166,0.5,0.5,0.01,0.0,1.0,uniform,True,0.004036036456080083,0.004036036456080083,0.003903757767367122,0.4949716414081039,0.4942042291248023,0.0033334996551275253
cvar,100,20,44,2002167,0.5,0.5,0.01,0.0,1.0,uniform,True,0.006533306655450821,0.006533306655450821,0.005599346192551036,0.49379563555028894,0.492062947814381,0.003299166914075613
cvar,100,20,45,2002168,0.5,0.5,0.01,0.0,1.0,uniform,True,0.003951431556290297,0.003602480045905243,0.003951431556290297,0.4953212916322671,0.4946989097425908,0.0034406674094498158
cvar,100,20,46,2002169,0.5,0.5,0.01,0.0,1.0,uniform,True,0.003958554935077463,0.0026991280809946505,0.003958554935077463,0.4934115376283963,0.49601944923905483,0.003384334035217762
cvar,100,20,47,2002170,0.5,0.5,0.01,0.0,1.0,uniform,True,0.002387007041789735,0.002387007041789735,0.002172676843459287,0.49516905415811174,0.49193353561905634,0.0032635419629514217
cvar,100,20,48,2002171,0.5,0.5,0.01,0.0,1.0,uniform,True,0.005973443077499085,0.004779150634038332,0.005973443077499085,0.49538393184848684,0.4968926510261907,0.0030629578977823257
cvar,100,20,49,2002172,0.5,0.5,0.01,0.0,1.0,uniform,True,0.006512603928781113,0.0038355353613769294,0.006512603928781113,0.49472275044630754,0.4929473068648524,0.003113582730293274
cvar,100,20,50,2002173,0.5,0.5,0.01,0.0,1.0,uniform,True,0.003260854657524348,0.003260854657524348,0.0023581935911203278,0.49725084731372104,0.4969067251444521,0.003363375086337328
cvar,100,20,51,2002174,0.5,0.5,0.01,0.0,1.0,uniform,True,0.008531105510304338,0.008531105510304338,0.003915662298575595,0.4930577768725224,0.4943765759659955,0.00322683434933424
cvar,100,20,52,2002175,0.5,0.5,0.01,0.0,1.0,uniform,True,0.00759617036188337,0.00759617036188337,0.0034798221305611943,0.49464402984014794,0.49545632850290533,0.0031293747015297413
cvar,100,20,53,2002176,0.5,0.5,0.01,0.0,1.0,uniform,True,0.003887815767792957,0.003685801025494928,0.003887815767792957,0.49303157423594673,0.49295556346557273,0.003308666869997978
cvar,100,20,54,2002177,0.5,0.5,0.01,0.0,1.0,uniform,True,0.004186856864101807,0.003610044084863928,0.004186856864101807,0.49435788970610156,0.49377638638999566,0.003256291151046753
cvar,100,20,55,2002178,0.5,0.5,0.01,0.0,1.0,uniform,True,0.006771761519409503,0.006771761519409503,0.003320941317681292,0.4951169135066479,0.4931254784844337,0.0031537082977592945
cvar,100,20,56,2002179,0.5,0.5,0.01,0.0,1.0,uniform,True,0.0034440912474137386,0.0034440912474137386,0.0028320160373912495,0.49596752133757616,0.49508407875522886,0.0035807499662041664
cvar,100,20,57,2002180,0.5,0.5,0.01,0.0,1.0,uniform,True,0.006439458633447859,0.004442101967957857,0.006439458633447859,0.49181916559782607,0.49512355955048426,0.003193667158484459
cvar,100,20,58,2002181,0.5,0.5,0.01,0.0,1.0,uniform,True,0.0060380313348032955,0.0060380313348032955,0.0042309872348866295,0.49328373277359727,0.49263968172560774,0.0037051253020763397
cvar,100,20,59,2002182,0.5,0.5,0.01,0.0,1.0,uniform,True,0.005473070657492585,0.005473070657492585,0.0029118006842990263,0.4958647488017405,0.49398728613030346,0.0036641662009060383
cvar,100,20,60,2002183,0.5,0.5,0.01,0.0,1.0,uniform,True,0.006569051864482756,0.006569051864482756,0.003951282819235125,0.4935189368268631,0.4963975056282454,0.0033326251432299614
cvar,100,20,61,2002184,0.5,0.5,0.01,0.0,1.0,uniform,True,0.004166321135892881,0.0037731163931721823,0.004166321135892881,0.49475953003995427,0.49341124878432885,0.003537207841873169
cvar,100,20,62,2002185,0.5,0.5,0.01,0.0,1.0,uniform,True,0.006150833218699081,0.006150833218699081,0.003874385479753828,0.4955502647801285,0.4912608829082702,0.0032217921689152718
cvar,100,20,63,2002186,0.5,0.5,0.01,0.0,1.0,uniform,True,0.005174496735829093,0.005174496735829093,0.004873170435480745,0.4926980953574654,0.4960138589431956,0.003237292170524597
cvar,100,20,64,2002187,0.5,0.5,0.01,0.0,1.0,uniform,True,0.00468844496443116,0.0021376822666504536,0.00468844496443116,0.4965490846249918,0.4939557855086029,0.0037849578075110912
cvar,100,20,65,2002188,0.5,0.5,0.01,0.0,1.0,uniform,True,0.005488618972221415,0.005488618972221415,0.0026254393598230674,0.4929647947621789,0.494657080280035,0.003655834123492241
cvar,100,20,66,2002189,0.5,0.5,0.01,0.0,1.0,uniform,True,0.004937234971007731,0.004811404499734218,0.004937234971007731,0.4949172387830157,0.4950629998550754,0.0032724160701036453
cvar,100,20,67,2002190,0.5,0.5,0.01,0.0,1.0,uniform,True,0.00795002661267774,0.00795002661267774,0.004136418014195065,0.49501396542512555,0.4929109147366324,0.0032152081839740276
cvar,100,20,68,2002191,0.5,0.5,0.01,0.0,1.0,uniform,True,0.004909272540158827,0.004909272540158827,0.0045196482385461145,0.4932999760957541,0.49505553602000474,0.0032048337161540985
cvar,100,20,69,2002192,0.5,0.5,0.01,0.0,1.0,uniform,True,0.00560391418476297,0.00560391418476297,0.0030948610706272306,0.4931526119430541,0.492946662633488,0.0033984999172389507
cvar,100,20,70,2002193,0.5,0.5,0.01,0.0,1.0,uniform,True,0.004154082124334657,0.003602908944890071,0.004154082124334657,0.49206507928619264,0.4932547264650514,0.0032622921280562878
cvar,100,20,71,2002194,0.5,0.5,0.01,0.0,1.0,uniform,True,0.007696085850095458,0.007696085850095458,0.006026438472747753,0.4917963774965114,0.4982241670957188,0.0032357079908251762
cvar,100,20,72,2002195,0.5,0.5,0.01,0.0,1.0,uniform,True,0.005308286442700039,0.004040057974508904,0.005308286442700039,0.49476343838061254,0.4927557438342107,0.0032207081094384193
cvar,100,20,73,2002196,0.5,0.5,0.01,0.0,1.0,uniform,True,0.004538367990816139,0.0023381163514648584,0.004538367990816139,0.4922683668442195,0.4959781616924687,0.003241250291466713
cvar,100,20,74,2002197,0.5,0.5,0.01,0.0,1.0,uniform,True,0.004460186192742244,0.004460186192742244,0.003833005657860711,0.49243113994227344,0.4927128624612287,0.003316749818623066
cvar,100,20,75,2002198,0.5,0.5,0.01,0.0,1.0,uniform,True,0.0036543317702035782,0.0036543317702035782,0.0034427907543630454,0.495745393782163,0.49312003488083067,0.003382207825779915
cvar,100,20,76,2002199,0.5,0.5,0.01,0.0,1.0,uniform,True,0.005688499399449043,0.005688499399449043,0.004022695127708031,0.49659037715542076,0.4930995578408066,0.0033577079884707928
cvar,100,20,77,2002200,0.5,0.5,0.01,0.0,1.0,uniform,True,0.004277728191489305,0.004237326849535428,0.004277728191489305,0.4931112312668473,0.49653676323530804,0.0031467080116271973
cvar,100,20,78,2002201,0.5,0.5,0.01,0.0,1.0,uniform,True,0.0057920467080740945,0.005123916898746195,0.0057920467080740945,0.49288595709540534,0.49462820600936463,0.003035792149603367
cvar,100,20,79,2002202,0.5,0.5,0.01,0.0,1.0,uniform,True,0.004397560244618737,0.004397560244618737,0.0038842773944417486,0.49832867041387024,0.4936798755806575,0.0033078747801482677
cvar,100,20,80,2002203,0.5,0.5,0.01,0.0,1.0,uniform,True,0.0032879023568762045,0.0028237274507533217,0.0032879023568762045,0.4939291167765011,0.4957297157379686,0.003277167212218046
cvar,100,20,81,2002204,0.5,0.5,0.01,0.0,1.0,uniform,True,0.005493245344690867,0.0035480165516956763,0.005493245344690867,0.49293474464505005,0.4936545483929722,0.0033882083371281624
cvar,100,20,82,2002205,0.5,0.5,0.01,0.0,1.0,uniform,True,0.0067196402332890814,0.005735246058052479,0.0067196402332890814,0.49494869944980774,0.49361397850885647,0.0031522922217845917
cvar,100,20,83,2002206,0.5,0.5,0.01,0.0,1.0,uniform,True,0.005457762760953888,0.003955279277251866,0.005457762760953888,0.4949026533224743,0.49450903990700834,0.0032394160516560078
cvar,100,20,84,2002207,0.5,0.5,0.01,0.0,1.0,uniform,True,0.00478128095982272,0.00478128095982272,0.003782036814427514,0.4955748499542026,0.495441795360841,0.0032242918387055397
cvar,100,20,85,2002208,0.5,0.5,0.01,0.0,1.0,uniform,True,0.005019837933701643,0.005019837933701643,0.004153000423831543,0.49380087973122433,0.49649728273288346,0.0034403749741613865
cvar,100,20,86,2002209,0.5,0.5,0.01,0.0,1.0,uniform,True,0.008183252824130849,0.008183252824130849,0.004260574136735307,0.49517565394513713,0.4949937318337082,0.0033799163065850735
cvar,100,20,87,2002210,0.5,0.5,0.01,0.0,1.0,uniform,True,0.004161120058326584,0.0028971716070326226,0.004161120058326584,0.49525208815452104,0.4951137852055765,0.003296458162367344
cvar,100,20,88,2002211,0.5,0.5,0.01,0.0,1.0,uniform,True,0.005139650390168338,0.005139650390168338,0.0036289715520161914,0.4927777944449347,0.49523385255606667,0.003172332886606455
cvar,100,20,89,2002212,0.5,0.5,0.01,0.0,1.0,uniform,True,0.003990185653659828,0.0033703846937962467,0.003990185653659828,0.4948881214673305,0.49243901376353627,0.0032542916014790535
cvar,100,20,90,2002213,0.5,0.5,0.01,0.0,1.0,uniform,True,0.0037142026173303533,0.002597014893684746,0.0037142026173303533,0.49431820828715345,0.49477982772877926,0.003383333794772625
cvar,100,20,91,2002214,0.5,0.5,0.01,0.0,1.0,uniform,True,0.004608071398423674,0.004608071398423674,0.003406382747709269,0.4922735055105104,0.49362056761543793,0.003254916984587908
cvar,100,20,92,2002215,0.5,0.5,0.01,0.0,1.0,uniform,True,0.00560958461170985,0.0030661080104140703,0.00560958461170985,0.49012789196402157,0.4939645117733174,0.003109291661530733
cvar,100,20,93,2002216,0.5,0.5,0.01,0.0,1.0,uniform,True,0.004746239657148488,0.004589619902623188,0.004746239657148488,0.49378059435626,0.4946772328107233,0.003142458852380514
cvar,100,20,94,2002217,0.5,0.5,0.01,0.0,1.0,uniform,True,0.005938874343307199,0.005938874343307199,0.005139406298355853,0.49602717250376704,0.49640832118538614,0.0030529997311532497
cvar,100,20,95,2002218,0.5,0.5,0.01,0.0,1.0,uniform,True,0.0033999594417791767,0.0033999594417791767,0.003298886919059163,0.4947336540199554,0.49265113070413347,0.0032481253147125244
cvar,100,20,96,2002219,0.5,0.5,0.01,0.0,1.0,uniform,True,0.003620413373093323,0.0034053243849498926,0.003620413373093323,0.4945338648558305,0.4909505008399317,0.0032292502000927925
cvar,100,20,97,2002220,0.5,0.5,0.01,0.0,1.0,uniform,True,0.005349815047314577,0.005349815047314577,0.00316516553703744,0.4934976213940585,0.49601976366783107,0.003099875058978796
cvar,100,20,98,2002221,0.5,0.5,0.01,0.0,1.0,uniform,True,0.007558700559386233,0.007558700559386233,0.0044643812851350995,0.49475915552593064,0.4927975063160973,0.003069499973207712
cvar,100,20,99,2002222,0.5,0.5,0.01,0.0,1.0,uniform,True,0.005967695374673565,0.004915099027147596,0.005967695374673565,0.49179862551529374,0.49512265948928136,0.0029205000028014183
cvar,100,50,0,2005123,0.5,0.5,0.01,0.0,1.0,uniform,True,0.0043825371779684374,0.003158472484179775,0.0043825371779684374,0.49769631218772903,0.4971486913236218,0.004964041989296675
cvar,100,50,1,2005124,0.5,0.5,0.01,0.0,1.0,uniform,True,0.005082929017712345,0.003959079913101737,0.005082929017712345,0.49738442528400606,0.49726034667012786,0.0046790000051259995
cvar,100,50,2,2005125,0.5,0.5,0.01,0.0,1.0,uniform,True,0.0040015857680593125,0.0038704229009065005,0.0040015857680593125,0.49743629628717984,0.49807782731693606,0.004884833935648203
cvar,100,50,3,2005126,0.5,0.5,0.01,0.0,1.0,uniform,True,0.0037000900581624085,0.003208145817879704,0.0037000900581624085,0.49872753960115684,0.4978016790862012,0.005123041104525328
cvar,100,50,4,2005127,0.5,0.5,0.01,0.0,1.0,uniform,True,0.00519602101033384,0.0037963921399083445,0.00519602101033384,0.49664274623951143,0.49883955296265753,0.004773917142301798
cvar,100,50,5,2005128,0.5,0.5,0.01,0.0,1.0,uniform,True,0.003865715181663898,0.0034755978221848727,0.003865715181663898,0.4979102192440725,0.4975302482148831,0.0047722081653773785
cvar,100,50,6,2005129,0.5,0.5,0.01,0.0,1.0,uniform,True,0.0043373403902533525,0.0043373403902533525,0.004231771823267172,0.49671315606007505,0.4975488097683235,0.005266958381980658
cvar,100,50,7,2005130,0.5,0.5,0.01,0.0,1.0,uniform,True,0.006120899321092721,0.003281991468652601,0.006120899321092721,0.49815150300564937,0.49776829098040387,0.005130707751959562
cvar,100,50,8,2005131,0.5,0.5,0.01,0.0,1.0,uniform,True,0.004975873143733323,0.004975873143733323,0.004060462883216154,0.49813985833175706,0.49732986708088633,0.005168958101421595
cvar,100,50,9,2005132,0.5,0.5,0.01,0.0,1.0,uniform,True,0.004130829850390483,0.004130829850390483,0.0023014078583031283,0.49770750661585383,0.49716391450386876,0.005498624872416258
cvar,100,50,10,2005133,0.5,0.5,0.01,0.0,1.0,uniform,True,0.004712603541514093,0.004712603541514093,0.0034231012874352817,0.4978177469711765,0.49810241800219135,0.004902083892375231
cvar,100,50,11,2005134,0.5,0.5,0.01,0.0,1.0,uniform,True,0.004235063184332755,0.004235063184332755,0.0037420290175159687,0.4986975937513015,0.4972631706147185,0.005055833142250776
cvar,100,50,12,2005135,0.5,0.5,0.01,0.0,1.0,uniform,True,0.004581960453188816,0.0037198666256021973,0.004581960453188816,0.4980331305507103,0.4975376481171715,0.005038458853960037
cvar,100,50,13,2005136,0.5,0.5,0.01,0.0,1.0,uniform,True,0.004084062719055481,0.00264091587232107,0.004084062719055481,0.4970962708103822,0.4975015245765343,0.005183750297874212
cvar,100,50,14,2005137,0.5,0.5,0.01,0.0,1.0,uniform,True,0.004281744870097914,0.004281744870097914,0.003204751237087633,0.49727504369025344,0.49775038434311925,0.004931166768074036
cvar,100,50,15,2005138,0.5,0.5,0.01,0.0,1.0,uniform,True,0.0043254288224869875,0.0043254288224869875,0.003958249859210339,0.49758850876779104,0.49791732975651004,0.004962374921888113
cvar,100,50,16,2005139,0.5,0.5,0.01,0.0,1.0,uniform,True,0.0040501533734012,0.00379834942632451,0.0040501533734012,0.4990194334267679,0.49824328171548904,0.005094250198453665
cvar,100,50,17,2005140,0.5,0.5,0.01,0.0,1.0,uniform,True,0.004981138368207905,0.003068754857386169,0.004981138368207905,0.4973750492407542,0.4970929238881905,0.004807417280972004
cvar,100,50,18,2005141,0.5,0.5,0.01,0.0,1.0,uniform,True,0.003897644725959437,0.003891950482356299,0.003897644725959437,0.49792527627978883,0.49731462961876105,0.005330709274858236
cvar,100,50,19,2005142,0.5,0.5,0.01,0.0,1.0,uniform,True,0.005032081061195792,0.005032081061195792,0.003696882726543671,0.4976700048855486,0.49787222286971333,0.005240249913185835
cvar,100,50,20,2005143,0.5,0.5,0.01,0.0,1.0,uniform,True,0.004897035817365114,0.004897035817365114,0.0034454562907531017,0.49726464184448604,0.49815780375776364,0.004974875133484602
cvar,100,50,21,2005144,0.5,0.5,0.01,0.0,1.0,uniform,True,0.004041630532714668,0.003160067343866202,0.004041630532714668,0.49717391843590386,0.4975308592325136,0.005634166765958071
cvar,100,50,22,2005145,0.5,0.5,0.01,0.0,1.0,uniform,True,0.004417672599880185,0.004417672599880185,0.0037032233219118638,0.4966502471092466,0.49729480650807445,0.0051714167930185795
cvar,100,50,23,2005146,0.5,0.5,0.01,0.0,1.0,uniform,True,0.004030348448778032,0.004030348448778032,0.003996674435022607,0.49779687248280813,0.49654611077576294,0.005380375310778618
cvar,100,50,24,2005147,0.5,0.5,0.01,0.0,1.0,uniform,True,0.005172113393059785,0.004156280986195582,0.005172113393059785,0.49716739848598,0.4983028140441982,0.005214625038206577
cvar,100,50,25,2005148,0.5,0.5,0.01,0.0,1.0,uniform,True,0.0037424110639182606,0.003563579563711672,0.0037424110639182606,0.4964547252418161,0.49735136148064674,0.0054387496784329414
cvar,100,50,26,2005149,0.5,0.5,0.01,0.0,1.0,uniform,True,0.0035631394031596098,0.0035631394031596098,0.0033932358201598234,0.4980244380907653,0.49802076792102445,0.005354708060622215
cvar,100,50,27,2005150,0.5,0.5,0.01,0.0,1.0,uniform,True,0.0044815759459627125,0.0036403976635239754,0.0044815759459627125,0.4968790575397529,0.4986944766484806,0.005279792007058859
cvar,100,50,28,2005151,0.5,0.5,0.01,0.0,1.0,uniform,True,0.003906323990775062,0.0030576224501931426,0.003906323990775062,0.4975734430899764,0.4966487386670163,0.0051408750005066395
cvar,100,50,29,2005152,0.5,0.5,0.01,0.0,1.0,uniform,True,0.0050759375434124565,0.004846706000843803,0.0050759375434124565,0.49750335517260835,0.49771699818222687,0.005142917390912771
cvar,100,50,30,2005153,0.5,0.5,0.01,0.0,1.0,uniform,True,0.003471728750563341,0.0033937446244612923,0.003471728750563341,0.4976370250940758,0.497866312140515,0.005476250313222408
cvar,100,50,31,2005154,0.5,0.5,0.01,0.0,1.0,uniform,True,0.003386771478394557,0.003386771478394557,0.003306849264177125,0.4982218516212838,0.4981264973870173,0.005328542087227106
cvar,100,50,32,2005155,0.5,0.5,0.01,0.0,1.0,uniform,True,0.004028517718722702,0.004028517718722702,0.003564465308427911,0.49762902271230947,0.4975696348044494,0.0051890830509364605
cvar,100,50,33,2005156,0.5,0.5,0.01,0.0,1.0,uniform,True,0.004125459477489268,0.0036278802022617906,0.004125459477489268,0.49775133376159086,0.49724596758866385,0.00510441605001688
cvar,100,50,34,2005157,0.5,0.5,0.01,0.0,1.0,uniform,True,0.005347891846646413,0.003757802185839154,0.005347891846646413,0.4980154858787294,0.49839628934691105,0.005064166150987148
cvar,100,50,35,2005158,0.5,0.5,0.01,0.0,1.0,uniform,True,0.004975630058513092,0.004319307837528319,0.004975630058513092,0.4969561407150913,0.49685796648104796,0.005145915783941746
cvar,100,50,36,2005159,0.5,0.5,0.01,0.0,1.0,uniform,True,0.0038874622864942254,0.0036341410553865083,0.0038874622864942254,0.4980730731448978,0.4970085557548422,0.0052430410869419575
cvar,100,50,37,2005160,0.5,0.5,0.01,0.0,1.0,uniform,True,0.004092604307483649,0.0035085944249747536,0.004092604307483649,0.49770413204876074,0.4980690071400375,0.005073083098977804
cvar,100,50,38,2005161,0.5,0.5,0.01,0.0,1.0,uniform,True,0.004853377433976069,0.004853377433976069,0.0046992301707179385,0.49860831580109677,0.49778955937027025,0.005032792221754789
cvar,100,50,39,2005162,0.5,0.5,0.01,0.0,1.0,uniform,True,0.006647493758370093,0.003246966805334761,0.006647493758370093,0.4980577389463592,0.49718791478338703,0.004725375212728977
cvar,100,50,40,2005163,0.5,0.5,0.01,0.0,1.0,uniform,True,0.004257584341050613,0.003569883767544857,0.004257584341050613,0.4978596736631551,0.4992721952656213,0.004988791886717081
cvar,100,50,41,2005164,0.5,0.5,0.01,0.0,1.0,uniform,True,0.0044733994480699035,0.0039512528850953466,0.0044733994480699035,0.4976769204951832,0.49794257164902866,0.005426832940429449
cvar,100,50,42,2005165,0.5,0.5,0.01,0.0,1.0,uniform,True,0.004033667679961939,0.0038419660981663384,0.004033667679961939,0.49721484779069314,0.497994210927431,0.0051634591072797775
cvar,100,50,43,2005166,0.5,0.5,0.01,0.0,1.0,uniform,True,0.0038521350458188275,0.0038521350458188275,0.0033644464892411685,0.49709306845168666,0.4972354916314212,0.005021249875426292
cvar,100,50,44,2005167,0.5,0.5,0.01,0.0,1.0,uniform,True,0.004218708704745167,0.0033837596433772266,0.004218708704745167,0.49720769656162433,0.4974910183646294,0.005122874863445759
cvar,100,50,45,2005168,0.5,0.5,0.01,0.0,1.0,uniform,True,0.0040404504166620114,0.0040404504166620114,0.00401577223580496,0.49733402223851664,0.4982124355610742,0.005113499704748392
cvar,100,50,46,2005169,0.5,0.5,0.01,0.0,1.0,uniform,True,0.004562474187678078,0.004143209231451894,0.004562474187678078,0.4974891105953125,0.49775352192619715,0.005121749825775623
cvar,100,50,47,2005170,0.5,0.5,0.01,0.0,1.0,uniform,True,0.004190370007833455,0.0035832115781392337,0.004190370007833455,0.4973523213713398,0.4980942799750027,0.004981707781553268
cvar,100,50,48,2005171,0.5,0.5,0.01,0.0,1.0,uniform,True,0.004188918919701967,0.004188918919701967,0.0029745732617977305,0.49777466900517253,0.49688651300268605,0.005024000070989132
cvar,100,50,49,2005172,0.5,0.5,0.01,0.0,1.0,uniform,True,0.0037533507095092733,0.0037533507095092733,0.002824393305929207,0.4983024404083833,0.4981785761761307,0.005250916816294193
cvar,100,50,50,2005173,0.5,0.5,0.01,0.0,1.0,uniform,True,0.004056568785797021,0.004056568785797021,0.003451483262309374,0.49835187471063197,0.4970100609786071,0.005093625281006098
cvar,100,50,51,2005174,0.5,0.5,0.01,0.0,1.0,uniform,True,0.0054663706533059075,0.0049321360202987385,0.0054663706533059075,0.49817859572404244,0.4984855428363638,0.004815250169485807
cvar,100,50,52,2005175,0.5,0.5,0.01,0.0,1.0,uniform,True,0.00450022936398764,0.00450022936398764,0.003708153277493187,0.49790109455527276,0.4981799084539904,0.005599791184067726
cvar,100,50,53,2005176,0.5,0.5,0.01,0.0,1.0,uniform,True,0.00414113231395824,0.003767024373580452,0.00414113231395824,0.4973019068603485,0.49854917388292813,0.005212707910686731
cvar,100,50,54,2005177,0.5,0.5,0.01,0.0,1.0,uniform,True,0.003754848159087887,0.0036065700546208945,0.003754848159087887,0.496373541014494,0.4985212652007651,0.0050847502425313
cvar,100,50,55,2005178,0.5,0.5,0.01,0.0,1.0,uniform,True,0.004407433373832037,0.004407433373832037,0.003808877810618838,0.49785597795451036,0.4969756619089781,0.005179541185498238
cvar,100,50,56,2005179,0.5,0.5,0.01,0.0,1.0,uniform,True,0.004712867710403634,0.00425854990451302,0.004712867710403634,0.4989270281273497,0.4969111002146684,0.00481279194355011
cvar,100,50,57,2005180,0.5,0.5,0.01,0.0,1.0,uniform,True,0.005236378094106875,0.004148781931014811,0.005236378094106875,0.4978573262974733,0.49787954233275983,0.004884000401943922
cvar,100,50,58,2005181,0.5,0.5,0.01,0.0,1.0,uniform,True,0.00577190699359853,0.004082609730768794,0.00577190699359853,0.496917249382512,0.49829410301691324,0.005080375354737043
cvar,100,50,59,2005182,0.5,0.5,0.01,0.0,1.0,uniform,True,0.004182876245081013,0.0038372204742419536,0.004182876245081013,0.4978274672525701,0.4972571983823984,0.005153916776180267
cvar,100,50,60,2005183,0.5,0.5,0.01,0.0,1.0,uniform,True,0.005258897866318835,0.003991211433712505,0.005258897866318835,0.49767237050986657,0.4981925736503735,0.004815374966710806
cvar,100,50,61,2005184,0.5,0.5,0.01,0.0,1.0,uniform,True,0.0036521818464970157,0.0028206833629236816,0.0036521818464970157,0.49750974524245234,0.49784817862686953,0.005201166961342096
cvar,100,50,62,2005185,0.5,0.5,0.01,0.0,1.0,uniform,True,0.003968870102994793,0.003968870102994793,0.0036497727827453086,0.4977361374484249,0.4975870682648403,0.004938540980219841
cvar,100,50,63,2005186,0.5,0.5,0.01,0.0,1.0,uniform,True,0.004559298165328296,0.00426357005942718,0.004559298165328296,0.4977888066283738,0.49851107937706474,0.004929209128022194
cvar,100,50,64,2005187,0.5,0.5,0.01,0.0,1.0,uniform,True,0.004035237400905223,0.0031243669426395115,0.004035237400905223,0.498194721533904,0.4971671637164518,0.00541608314961195
cvar,100,50,65,2005188,0.5,0.5,0.01,0.0,1.0,uniform,True,0.005087569061585362,0.0033582450819883425,0.005087569061585362,0.4974953728494006,0.4984016091942205,0.005161124747246504
cvar,100,50,66,2005189,0.5,0.5,0.01,0.0,1.0,uniform,True,0.004528998117794392,0.004427170408587311,0.004528998117794392,0.4971953391700713,0.4980137975699629,0.005153125151991844
cvar,100,50,67,2005190,0.5,0.5,0.01,0.0,1.0,uniform,True,0.004616707754221627,0.004616707754221627,0.0036084886751845957,0.4981709692246903,0.49714398172750207,0.00511879101395607
cvar,100,50,68,2005191,0.5,0.5,0.01,0.0,1.0,uniform,True,0.004918224493115242,0.003201474230635659,0.004918224493115242,0.4973621957150487,0.4985879798474218,0.005100041162222624
cvar,100,50,69,2005192,0.5,0.5,0.01,0.0,1.0,uniform,True,0.004905788063949923,0.004192043122930089,0.004905788063949923,0.49781422203802617,0.4972395573304267,0.004969832953065634
cvar,100,50,70,2005193,0.5,0.5,0.01,0.0,1.0,uniform,True,0.0036954805058344586,0.0036954805058344586,0.003336365675986941,0.49741264688011544,0.4982997070723678,0.005165708251297474
cvar,100,50,71,2005194,0.5,0.5,0.01,0.0,1.0,uniform,True,0.004689034107489998,0.004689034107489998,0.004225516334481538,0.4979990996844613,0.49792130596808326,0.00527149997651577
cvar,100,50,72,2005195,0.5,0.5,0.01,0.0,1.0,uniform,True,0.004617758388517468,0.003192070514358325,0.004617758388517468,0.49763821861819324,0.4973775639770183,0.005024082958698273
cvar,100,50,73,2005196,0.5,0.5,0.01,0.0,1.0,uniform,True,0.004809283610022641,0.00413433384249251,0.004809283610022641,0.4980703517190542,0.4984236751278468,0.004856290761381388
cvar,100,50,74,2005197,0.5,0.5,0.01,0.0,1.0,uniform,True,0.004421026564015107,0.004421026564015107,0.004086230119060841,0.4971492003289041,0.49735400277726505,0.004852333106100559
cvar,100,50,75,2005198,0.5,0.5,0.01,0.0,1.0,uniform,True,0.004478051486030199,0.0030682151738177232,0.004478051486030199,0.4985173917798089,0.4976497839570343,0.005288750398904085
cvar,100,50,76,2005199,0.5,0.5,0.01,0.0,1.0,uniform,True,0.004276889811904605,0.004276889811904605,0.0034035143051603933,0.49764912387810595,0.4979527325107691,0.0050577083602547646
cvar,100,50,77,2005200,0.5,0.5,0.01,0.0,1.0,uniform,True,0.00504220036169889,0.0034590728418173455,0.00504220036169889,0.4967684187092911,0.4966570827228781,0.005237541161477566
cvar,100,50,78,2005201,0.5,0.5,0.01,0.0,1.0,uniform,True,0.00551660977326085,0.003684651163712971,0.00551660977326085,0.4981720507224633,0.4978379904205179,0.004992999602109194
cvar,100,50,79,2005202,0.5,0.5,0.01,0.0,1.0,uniform,True,0.004245441044307019,0.004245441044307019,0.0033167130238695997,0.49716425915076823,0.49831013172183936,0.005200374871492386
cvar,100,50,80,2005203,0.5,0.5,0.01,0.0,1.0,uniform,True,0.004243782871512836,0.004243782871512836,0.003448482753843629,0.49673480266664305,0.4971780563143697,0.0050062499940395355
cvar,100,50,81,2005204,0.5,0.5,0.01,0.0,1.0,uniform,True,0.0041849513791253345,0.0041849513791253345,0.0035719599027197457,0.497495822968841,0.49727518117198544,0.0049949586391448975
cvar,100,50,82,2005205,0.5,0.5,0.01,0.0,1.0,uniform,True,0.003822746790267617,0.003787210124695073,0.003822746790267617,0.4976060733830049,0.49842715685237027,0.0053530000150203705
cvar,100,50,83,2005206,0.5,0.5,0.01,0.0,1.0,uniform,True,0.004159733824684264,0.003792395229176515,0.004159733824684264,0.4978571768670712,0.4969495157943641,0.004992625210434198
cvar,100,50,84,2005207,0.5,0.5,0.01,0.0,1.0,uniform,True,0.004945423655521641,0.004563300971016204,0.004945423655521641,0.49757221646760197,0.49802329389164035,0.004775417037308216
cvar,100,50,85,2005208,0.5,0.5,0.01,0.0,1.0,uniform,True,0.00391054870010632,0.00391054870010632,0.003236470453084117,0.49758280582923464,0.4967583783872943,0.004903250373899937
cvar,100,50,86,2005209,0.5,0.5,0.01,0.0,1.0,uniform,True,0.0030274247505205354,0.0030274247505205354,0.0027302987382941124,0.4982888883117127,0.4976462926480226,0.005341082811355591
cvar,100,50,87,2005210,0.5,0.5,0.01,0.0,1.0,uniform,True,0.0046068312586067806,0.0046068312586067806,0.003630262404835438,0.4969571010816584,0.4981638650177781,0.004719249904155731
cvar,100,50,88,2005211,0.5,0.5,0.01,0.0,1.0,uniform,True,0.005144602471891635,0.005144602471891635,0.0037622072995514566,0.497173758914626,0.4979441846421452,0.004522833973169327
cvar,100,50,89,2005212,0.5,0.5,0.01,0.0,1.0,uniform,True,0.004147841808181563,0.004147841808181563,0.0040147642391769045,0.4972515738906775,0.4987928699447264,0.0050126658752560616
cvar,100,50,90,2005213,0.5,0.5,0.01,0.0,1.0,uniform,True,0.006753948300547263,0.003958511968359113,0.006753948300547263,0.497436305583329,0.4977619930492942,0.004477791953831911
cvar,100,50,91,2005214,0.5,0.5,0.01,0.0,1.0,uniform,True,0.004725401793643225,0.004476381432221288,0.004725401793643225,0.49751876314359045,0.4969047566492616,0.004918124992400408
cvar,100,50,92,2005215,0.5,0.5,0.01,0.0,1.0,uniform,True,0.0035277700954841062,0.0031587565870950796,0.0035277700954841062,0.4975166711958814,0.4978175699212086,0.0050958748906850815
cvar,100,50,93,2005216,0.5,0.5,0.01,0.0,1.0,uniform,True,0.0044420761870944125,0.004282610004037624,0.0044420761870944125,0.49697367115980706,0.4976751918896027,0.005072792060673237
cvar,100,50,94,2005217,0.5,0.5,0.01,0.0,1.0,uniform,True,0.004575454501424214,0.004575454501424214,0.004310845404458308,0.49807041695585824,0.49842356913582025,0.004943083040416241
cvar,100,50,95,2005218,0.5,0.5,0.01,0.0,1.0,uniform,True,0.00614736938456778,0.003394866645912431,0.00614736938456778,0.4974776218216925,0.4968073937059673,0.004841167014092207
cvar,100,50,96,2005219,0.5,0.5,0.01,0.0,1.0,uniform,True,0.005028328630400258,0.005028328630400258,0.004223452423396612,0.4978212776530757,0.4970188854634705,0.0047982498072087765
cvar,100,50,97,2005220,0.5,0.5,0.01,0.0,1.0,uniform,True,0.004779713470339564,0.0029849981116323865,0.004779713470339564,0.49801203421951307,0.4973388237884422,0.004815833177417517
cvar,100,50,98,2005221,0.5,0.5,0.01,0.0,1.0,uniform,True,0.004232433047763939,0.004232433047763939,0.0027906769108901885,0.4973520133799329,0.49745093319752953,0.005173875018954277
cvar,100,50,99,2005222,0.5,0.5,0.01,0.0,1.0,uniform,True,0.005220411569926475,0.004469105855355038,0.005220411569926475,0.496607468042957,0.49668445295401165,0.004810541868209839
cvar,250,5,0,3500623,0.5,0.5,0.01,0.0,1.0,uniform,True,0.0017009444777535965,0.00023472632117843562,0.0017009444777535965,0.4733805733072886,0.47717622450510433,0.005345458164811134
cvar,250,5,1,3500624,0.5,0.5,0.01,0.0,1.0,uniform,True,0.0022778849121013467,0.0022778849121013467,0.0006470966697275649,0.4770592535294227,0.4708694845091794,0.005100249778479338
cvar,250,5,2,3500625,0.5,0.5,0.01,0.0,1.0,uniform,True,0.0011923521278109916,0.00069861574701513,0.0011923521278109916,0.47602341144196125,0.47667744921822097,0.004994584247469902
cvar,250,5,3,3500626,0.5,0.5,0.01,0.0,1.0,uniform,True,0.0050397694914992575,0.0050397694914992575,0.0009799793873874751,0.4672318086218548,0.47153147793511374,0.004820999689400196
cvar,250,5,4,3500627,0.5,0.5,0.01,0.0,1.0,uniform,True,0.002207504049521636,0.0012977758339577372,0.002207504049521636,0.47459240621992205,0.47508648264365844,0.004961041733622551
cvar,250,5,5,3500628,0.5,0.5,0.01,0.0,1.0,uniform,True,0.0015871192053079075,0.0015871192053079075,0.0008973722585544075,0.47800230995401916,0.4874256833297517,0.005036958027631044
cvar,250,5,6,3500629,0.5,0.5,0.01,0.0,1.0,uniform,True,0.0015229521311664884,0.000924268434527753,0.0015229521311664884,0.4790375892088823,0.47867173108910255,0.004914749879390001
cvar,250,5,7,3500630,0.5,0.5,0.01,0.0,1.0,uniform,True,0.0008858960552170503,0.0008858960552170503,0.0008179442614947297,0.4730600412063408,0.4765263403371583,0.004954999778419733
cvar,250,5,8,3500631,0.5,0.5,0.01,0.0,1.0,uniform,True,0.002038834356037411,0.002038834356037411,0.0005759634422813353,0.48005451883426525,0.47916548403956,0.005255666095763445
cvar,250,5,9,3500632,0.5,0.5,0.01,0.0,1.0,uniform,True,0.003556914599840144,0.0018523758297179782,0.003556914599840144,0.4665142482170078,0.47850896401076903,0.005047874990850687
cvar,250,5,10,3500633,0.5,0.5,0.01,0.0,1.0,uniform,True,0.001097555809241535,0.0008957298089143362,0.001097555809241535,0.4846948943715648,0.48043589179956814,0.00550491688773036
cvar,250,5,11,3500634,0.5,0.5,0.01,0.0,1.0,uniform,True,0.003384876655195712,0.003384876655195712,0.0007758337055548403,0.4802826683843652,0.47743913962161355,0.005128375254571438
cvar,250,5,12,3500635,0.5,0.5,0.01,0.0,1.0,uniform,True,0.0027290759659852615,0.0027290759659852615,0.0003453410664970846,0.48975043650676553,0.4847760123438138,0.0052720410749316216
cvar,250,5,13,3500636,0.5,0.5,0.01,0.0,1.0,uniform,True,0.004260628957507229,0.004260628957507229,0.0028356383539229757,0.4775312513951617,0.48007415159911226,0.005002375226467848
cvar,250,5,14,3500637,0.5,0.5,0.01,0.0,1.0,uniform,True,0.0008251295783465729,0.0008251295783465729,0.000749659148548909,0.4666236837733334,0.47480805953002586,0.005294207949191332
cvar,250,5,15,3500638,0.5,0.5,0.01,0.0,1.0,uniform,True,0.0019932966204161406,0.001283530757697604,0.0019932966204161406,0.47244208210325966,0.4775306580362388,0.004977792035788298
cvar,250,5,16,3500639,0.5,0.5,0.01,0.0,1.0,uniform,True,0.0013211417213189747,0.001119300203366702,0.0013211417213189747,0.46696679516715467,0.4748314844066478,0.005264875013381243
cvar,250,5,17,3500640,0.5,0.5,0.01,0.0,1.0,uniform,True,0.0005117473277456153,0.00024971711715987555,0.0005117473277456153,0.4746518199433396,0.48302316831236597,0.0052235000766813755
cvar,250,5,18,3500641,0.5,0.5,0.01,0.0,1.0,uniform,True,0.003364108310480174,0.0026086348970380535,0.003364108310480174,0.4804724652004988,0.4755175708864635,0.005162500310689211
cvar,250,5,19,3500642,0.5,0.5,0.01,0.0,1.0,uniform,True,0.005424635467218053,0.0003402629868923812,0.005424635467218053,0.47593284226245997,0.4781422135684549,0.005167749710381031
cvar,250,5,20,3500643,0.5,0.5,0.01,0.0,1.0,uniform,True,0.001307210755071897,0.0010720029696444366,0.001307210755071897,0.4685983022964129,0.47824158914250675,0.005092458799481392
cvar,250,5,21,3500644,0.5,0.5,0.01,0.0,1.0,uniform,True,0.0028885708569911794,0.0028885708569911794,0.0007490933237699338,0.4780423242002142,0.47254485065357466,0.0051296669989824295
cvar,250,5,22,3500645,0.5,0.5,0.01,0.0,1.0,uniform,True,0.0028191770561782348,0.001406595608185901,0.0028191770561782348,0.47723780823138473,0.47786889937797716,0.005197542253881693
cvar,250,5,23,3500646,0.5,0.5,0.01,0.0,1.0,uniform,True,0.002222324167112155,0.002222324167112155,0.0010656561549289845,0.47401032829240786,0.47200310798488393,0.005253375042229891
cvar,250,5,24,3500647,0.5,0.5,0.01,0.0,1.0,uniform,True,0.0014132995901539047,0.0004170779609366515,0.0014132995901539047,0.48120349233731735,0.48177789421861683,0.0052340831607580185
cvar,250,5,25,3500648,0.5,0.5,0.01,0.0,1.0,uniform,True,0.0008667862705723506,0.0008552944410764596,0.0008667862705723506,0.4845468088414979,0.4652299510055258,0.005258458200842142
cvar,250,5,26,3500649,0.5,0.5,0.01,0.0,1.0,uniform,True,0.003077546207670201,0.002021043738215378,0.003077546207670201,0.4745090780026504,0.47832576804207855,0.005280416924506426
cvar,250,5,27,3500650,0.5,0.5,0.01,0.0,1.0,uniform,True,0.0012717209662217455,0.0012717209662217455,0.0012559026358652248,0.4801012601944565,0.4828804793565747,0.005192500073462725
cvar,250,5,28,3500651,0.5,0.5,0.01,0.0,1.0,uniform,True,0.00286140771468979,0.0007179460781462921,0.00286140771468979,0.47619195922463436,0.47760563095874337,0.005074458196759224
cvar,250,5,29,3500652,0.5,0.5,0.01,0.0,1.0,uniform,True,0.0021038383229589064,0.0010464753514419223,0.0021038383229589064,0.47711176591548493,0.4773839900898337,0.004978334065526724
cvar,250,5,30,3500653,0.5,0.5,0.01,0.0,1.0,uniform,True,0.0009662279394687112,0.0009662279394687112,0.0002017544995150944,0.47160473167581285,0.4791818850332529,0.004947041627019644
cvar,250,5,31,3500654,0.5,0.5,0.01,0.0,1.0,uniform,True,0.002482073890713754,0.0009132912016985295,0.002482073890713754,0.48155916884572575,0.47843510784110677,0.0050952075980603695
cvar,250,5,32,3500655,0.5,0.5,0.01,0.0,1.0,uniform,True,0.0014757746943583339,0.0004651141772176737,0.0014757746943583339,0.47086754293111444,0.4800191178391957,0.005187083967030048
cvar,250,5,33,3500656,0.5,0.5,0.01,0.0,1.0,uniform,True,0.004202108475952371,0.004202108475952371,0.0016323993625835254,0.47816814474818137,0.4747341826729381,0.0051459576934576035
cvar,250,5,34,3500657,0.5,0.5,0.01,0.0,1.0,uniform,True,0.0007951969215863053,0.0004617507193645509,0.0007951969215863053,0.47706922031214954,0.4765586051914876,0.005214041564613581
cvar,250,5,35,3500658,0.5,0.5,0.01,0.0,1.0,uniform,True,0.0021420072326902573,0.00026025879972657595,0.0021420072326902573,0.47907532028951294,0.4799200256075799,0.0052955420687794685
cvar,250,5,36,3500659,0.5,0.5,0.01,0.0,1.0,uniform,True,0.004292463917950351,0.004292463917950351,0.0014854577688504511,0.4785234510331161,0.47301448893279063,0.005494874902069569
cvar,250,5,37,3500660,0.5,0.5,0.01,0.0,1.0,uniform,True,0.0014868233262887998,0.0006321265760631523,0.0014868233262887998,0.47802562791772407,0.47492380426436087,0.005409665871411562
cvar,250,5,38,3500661,0.5,0.5,0.01,0.0,1.0,uniform,True,0.0026450474190543583,0.0006457262541633702,0.0026450474190543583,0.4789464006391859,0.47576549140897717,0.0051538338884711266
cvar,250,5,39,3500662,0.5,0.5,0.01,0.0,1.0,uniform,True,0.0007019849657791677,0.0002483885730299451,0.0007019849657791677,0.47459367530332397,0.4763618156891145,0.005462917033582926
cvar,250,5,40,3500663,0.5,0.5,0.01,0.0,1.0,uniform,True,0.0011706686093002627,0.001132340633581863,0.0011706686093002627,0.47347784233235884,0.4799640200997055,0.005245958920568228
cvar,250,5,41,3500664,0.5,0.5,0.01,0.0,1.0,uniform,True,0.0032255528525078625,0.0032255528525078625,0.0006756828144859894,0.47755568979569407,0.47158751522281944,0.005117458291351795
cvar,250,5,42,3500665,0.5,0.5,0.01,0.0,1.0,uniform,True,0.0012437973223132226,0.0012437973223132226,0.0005301250275244751,0.47315432556499515,0.4840931937461069,0.005486082751303911
cvar,250,5,43,3500666,0.5,0.5,0.01,0.0,1.0,uniform,True,0.0013697285176812457,0.0013697285176812457,0.0012031125482852012,0.4776836998624211,0.47690701326420737,0.005162375047802925
cvar,250,5,44,3500667,0.5,0.5,0.01,0.0,1.0,uniform,True,0.0014711262372823497,0.0006088143319340489,0.0014711262372823497,0.47313111850165623,0.4678259446592744,0.005374000407755375
cvar,250,5,45,3500668,0.5,0.5,0.01,0.0,1.0,uniform,True,0.0013431378655033854,0.0013431378655033854,0.0002774420470373906,0.48014768546616954,0.47962127530650933,0.0053513748571276665
cvar,250,5,46,3500669,0.5,0.5,0.01,0.0,1.0,uniform,True,0.0012339575113490264,0.0012339575113490264,0.001116772694805035,0.4760001954847264,0.4769210267960511,0.005330624990165234
cvar,250,5,47,3500670,0.5,0.5,0.01,0.0,1.0,uniform,True,0.004436130323335896,0.0011926660963969549,0.004436130323335896,0.48233505319013054,0.47566888486644276,0.005246249958872795
cvar,250,5,48,3500671,0.5,0.5,0.01,0.0,1.0,uniform,True,0.0006733156745760138,0.0006733156745760138,0.00015532311940069654,0.46912083400966004,0.48099471480626643,0.0054358746856451035
cvar,250,5,49,3500672,0.5,0.5,0.01,0.0,1.0,uniform,True,0.0034856954776018023,0.0032415478196878844,0.0034856954776018023,0.4767616557831945,0.4720706715291716,0.005219082813709974
cvar,250,5,50,3500673,0.5,0.5,0.01,0.0,1.0,uniform,True,0.0020317023322428684,0.00022097350973987462,0.0020317023322428684,0.4704472650174401,0.4751965422240782,0.005202165804803371
cvar,250,5,51,3500674,0.5,0.5,0.01,0.0,1.0,uniform,True,0.002053764230355526,0.0009007616175655264,0.002053764230355526,0.4816691284982255,0.47353160960556984,0.0053519997745752335
cvar,250,5,52,3500675,0.5,0.5,0.01,0.0,1.0,uniform,True,0.0009694747715956464,0.0008394262381345996,0.0009694747715956464,0.4764219499582272,0.47313354250343914,0.0052780830301344395
cvar,250,5,53,3500676,0.5,0.5,0.01,0.0,1.0,uniform,True,0.0009102558049783882,0.0009102558049783882,0.0006725968634503365,0.47462236558849313,0.4789655089318139,0.005420040804892778
cvar,250,5,54,3500677,0.5,0.5,0.01,0.0,1.0,uniform,True,0.0018100264776672592,0.0012218486619508528,0.0018100264776672592,0.4805887713326452,0.4846588869532733,0.005476207938045263
cvar,250,5,55,3500678,0.5,0.5,0.01,0.0,1.0,uniform,True,0.001714189843292746,0.0012787668886483639,0.001714189843292746,0.47554845465752216,0.47868399280573326,0.005297959316521883
cvar,250,5,56,3500679,0.5,0.5,0.01,0.0,1.0,uniform,True,0.002456847397156958,0.0004310228818090178,0.002456847397156958,0.4784401555899905,0.474983429125347,0.0052235000766813755
cvar,250,5,57,3500680,0.5,0.5,0.01,0.0,1.0,uniform,True,0.0028411558102888756,0.0028411558102888756,0.0009037425547534506,0.4747027011257212,0.4754067475336018,0.005383417010307312
cvar,250,5,58,3500681,0.5,0.5,0.01,0.0,1.0,uniform,True,0.0019114906889475813,0.0019114906889475813,0.0017798848348177243,0.4823671389683145,0.4781949250655281,0.0052964999340474606
cvar,250,5,59,3500682,0.5,0.5,0.01,0.0,1.0,uniform,True,0.0008941529330151465,0.0006667244598537736,0.0008941529330151465,0.4735017298072051,0.4721461963857131,0.00536491721868515
cvar,250,5,60,3500683,0.5,0.5,0.01,0.0,1.0,uniform,True,0.0018709953824855852,0.0005806396516026546,0.0018709953824855852,0.48313028517812207,0.47072487349472825,0.005203208886086941
cvar,250,5,61,3500684,0.5,0.5,0.01,0.0,1.0,uniform,True,0.0014039634719323346,0.0014039634719323346,0.00052941079247526,0.478025983907566,0.47687999511022783,0.0051855421625077724
cvar,250,5,62,3500685,0.5,0.5,0.01,0.0,1.0,uniform,True,0.0024300045179398433,0.002026447228979378,0.0024300045179398433,0.48052483644192556,0.47270119693439594,0.005224207881838083
cvar,250,5,63,3500686,0.5,0.5,0.01,0.0,1.0,uniform,True,0.0015580518854597103,0.0015580518854597103,0.0011545145550702074,0.47524028393620693,0.47344061823239936,0.005318415816873312
cvar,250,5,64,3500687,0.5,0.5,0.01,0.0,1.0,uniform,True,0.001702577212666534,0.0010193651465705833,0.001702577212666534,0.47632492643226076,0.4815708063499686,0.005336749833077192
cvar,250,5,65,3500688,0.5,0.5,0.01,0.0,1.0,uniform,True,0.001238095963339958,0.001238095963339958,0.0005699568926050835,0.4831287006347514,0.47913486335147293,0.005255124997347593
cvar,250,5,66,3500689,0.5,0.5,0.01,0.0,1.0,uniform,True,0.0009950517450629803,0.0009950517450629803,0.0009040341176427269,0.47828378059551735,0.473577725731509,0.005304333288222551
cvar,250,5,67,3500690,0.5,0.5,0.01,0.0,1.0,uniform,True,0.0015950760913429063,0.0015950760913429063,0.0007471959804096207,0.47885589062290707,0.4765790684806881,0.005149499978870153
cvar,250,5,68,3500691,0.5,0.5,0.01,0.0,1.0,uniform,True,0.0016233103874362942,0.0016233103874362942,0.0012086488099544157,0.4751898529107812,0.47577087330486456,0.005143582820892334
cvar,250,5,69,3500692,0.5,0.5,0.01,0.0,1.0,uniform,True,0.0014201098094638875,0.001414529344125559,0.0014201098094638875,0.47973424050748736,0.48070790720147943,0.0052026668563485146
cvar,250,5,70,3500693,0.5,0.5,0.01,0.0,1.0,uniform,True,0.0008010159090938718,0.0008010159090938718,0.00040011521012245366,0.47586972063688304,0.4757288367209439,0.005223250016570091
cvar,250,5,71,3500694,0.5,0.5,0.01,0.0,1.0,uniform,True,0.00277345628574438,0.00277345628574438,0.000584738269059637,0.48091339299082364,0.47973728818205214,0.005190500058233738
cvar,250,5,72,3500695,0.5,0.5,0.01,0.0,1.0,uniform,True,0.0035942903104287383,0.0035942903104287383,0.0015759129160526353,0.48054760867863694,0.4824331666361127,0.005292292218655348
cvar,250,5,73,3500696,0.5,0.5,0.01,0.0,1.0,uniform,True,0.0009877080826380391,0.0009877080826380391,0.0009787670725313058,0.4784879814437394,0.4811228330284846,0.005388624966144562
cvar,250,5,74,3500697,0.5,0.5,0.01,0.0,1.0,uniform,True,0.0033970320384001385,0.00045251161257764405,0.0033970320384001385,0.4811966042053052,0.4716771567889786,0.005301041062921286
cvar,250,5,75,3500698,0.5,0.5,0.01,0.0,1.0,uniform,True,0.0013545040466303448,0.0013545040466303448,0.0012826090053477124,0.480773726327098,0.47510609669752596,0.005251625087112188
cvar,250,5,76,3500699,0.5,0.5,0.01,0.0,1.0,uniform,True,0.001570026993606921,0.001570026993606921,0.0007413676879612918,0.4759410026397143,0.4749780524893169,0.005198958795517683
cvar,250,5,77,3500700,0.5,0.5,0.01,0.0,1.0,uniform,True,0.0018040418140121695,0.0005133402663344833,0.0018040418140121695,0.482833896627463,0.4712509946568042,0.005211833864450455
cvar,250,5,78,3500701,0.5,0.5,0.01,0.0,1.0,uniform,True,0.002059712252182655,0.001386296779372298,0.002059712252182655,0.47654892274118366,0.47775712460230274,0.0051791248843073845
cvar,250,5,79,3500702,0.5,0.5,0.01,0.0,1.0,uniform,True,0.002434385716050036,0.0006309073931492493,0.002434385716050036,0.4758983256808361,0.4742501105347193,0.005305709317326546
cvar,250,5,80,3500703,0.5,0.5,0.01,0.0,1.0,uniform,True,0.0009434606341639507,0.0009434606341639507,0.0004170502128942877,0.47908100642349694,0.4849012212141406,0.005147999618202448
cvar,250,5,81,3500704,0.5,0.5,0.01,0.0,1.0,uniform,True,0.001258863534660759,0.0006005154737718232,0.001258863534660759,0.47555282399002763,0.4779316218435383,0.005321333650499582
cvar,250,5,82,3500705,0.5,0.5,0.01,0.0,1.0,uniform,True,0.002664893006186997,0.002664893006186997,0.0006304637513432354,0.47510473134757136,0.4746467909052233,0.005269083194434643
cvar,250,5,83,3500706,0.5,0.5,0.01,0.0,1.0,uniform,True,0.003566158981491152,0.003566158981491152,0.0033055161295681423,0.4790743935647392,0.47993226679231965,0.00521991727873683
cvar,250,5,84,3500707,0.5,0.5,0.01,0.0,1.0,uniform,True,0.0012433445326049952,0.0008187463441034493,0.0012433445326049952,0.4749787822360379,0.47310559735124635,0.005272792186588049
cvar,250,5,85,3500708,0.5,0.5,0.01,0.0,1.0,uniform,True,0.0014473327073447617,0.0013750612305824528,0.0014473327073447617,0.4840129915957436,0.4730460401646499,0.005199375096708536
cvar,250,5,86,3500709,0.5,0.5,0.01,0.0,1.0,uniform,True,0.000836828384586874,0.0005978369683636853,0.000836828384586874,0.4810638208785114,0.47468611495918156,0.005078499671071768
cvar,250,5,87,3500710,0.5,0.5,0.01,0.0,1.0,uniform,True,0.0058337765639774886,0.0013274012028873794,0.0058337765639774886,0.4761486175851935,0.4799624736505444,0.00528304185718298
cvar,250,5,88,3500711,0.5,0.5,0.01,0.0,1.0,uniform,True,0.0027971515626043497,0.000760692044091793,0.0027971515626043497,0.47738230776710344,0.47584148446928154,0.005325917154550552
cvar,250,5,89,3500712,0.5,0.5,0.01,0.0,1.0,uniform,True,0.001293492145982511,0.001293492145982511,0.0009769867180996483,0.48318043357540713,0.4772651711228758,0.005652000196278095
cvar,250,5,90,3500713,0.5,0.5,0.01,0.0,1.0,uniform,True,0.0032842580438718905,0.0008769198482078133,0.0032842580438718905,0.4760514639398342,0.47848415843569236,0.005013041663914919
cvar,250,5,91,3500714,0.5,0.5,0.01,0.0,1.0,uniform,True,0.001259410161426333,0.001259410161426333,0.0010100780136285126,0.47785553735722963,0.48353354719500097,0.00520554231479764
cvar,250,5,92,3500715,0.5,0.5,0.01,0.0,1.0,uniform,True,0.0023777948268994265,0.0010291740850347786,0.0023777948268994265,0.4789366162784263,0.476460371667151,0.005042790900915861
cvar,250,5,93,3500716,0.5,0.5,0.01,0.0,1.0,uniform,True,0.0016421597111767605,0.0016421597111767605,0.0007051802615006264,0.47255265026041704,0.48052604013634703,0.005041582975536585
cvar,250,5,94,3500717,0.5,0.5,0.01,0.0,1.0,uniform,True,0.003393527785734707,0.0005508216955066869,0.003393527785734707,0.4794286942287021,0.4746391382547946,0.005045791156589985
cvar,250,5,95,3500718,0.5,0.5,0.01,0.0,1.0,uniform,True,0.0020317811514946604,0.0004631884448771384,0.0020317811514946604,0.47787597357513123,0.46933415636508136,0.005168708972632885
cvar,250,5,96,3500719,0.5,0.5,0.01,0.0,1.0,uniform,True,0.0021482089932559623,0.0007401592200543816,0.0021482089932559623,0.4786083626987582,0.474447677430604,0.004951166920363903
cvar,250,5,97,3500720,0.5,0.5,0.01,0.0,1.0,uniform,True,0.003884567738712874,0.003884567738712874,0.001524971623933613,0.48395859250335993,0.47321229995868586,0.005056499969214201
cvar,250,5,98,3500721,0.5,0.5,0.01,0.0,1.0,uniform,True,0.001345096478109764,0.0010302017826180898,0.001345096478109764,0.47616130551111263,0.4723049184774434,0.005168749950826168
cvar,250,5,99,3500722,0.5,0.5,0.01,0.0,1.0,uniform,True,0.0006417266157251467,0.00045417624908961063,0.0006417266157251467,0.48225372469548494,0.47928153549355745,0.005261416547000408
cvar,250,10,0,3501123,0.5,0.5,0.01,0.0,1.0,uniform,True,0.0025924941592299633,0.001274831522253217,0.0025924941592299633,0.48883946865405303,0.4918855387014649,0.006594750098884106
cvar,250,10,1,3501124,0.5,0.5,0.01,0.0,1.0,uniform,True,0.0028799195331048466,0.0028799195331048466,0.0017978578248584731,0.4890439361847437,0.49115105068886256,0.006784291006624699
cvar,250,10,2,3501125,0.5,0.5,0.01,0.0,1.0,uniform,True,0.001338458809325982,0.001276100810210623,0.001338458809325982,0.49180383515456255,0.48582272989932734,0.006630625110119581
cvar,250,10,3,3501126,0.5,0.5,0.01,0.0,1.0,uniform,True,0.002905292349730304,0.001110554254722118,0.002905292349730304,0.4899474426775324,0.49223637886563315,0.006594416685402393
cvar,250,10,4,3501127,0.5,0.5,0.01,0.0,1.0,uniform,True,0.00164818642919623,0.0013072380751109614,0.00164818642919623,0.48917451307989895,0.48652924062088043,0.006503667216747999
cvar,250,10,5,3501128,0.5,0.5,0.01,0.0,1.0,uniform,True,0.0009320860707313638,0.0008819086730365022,0.0009320860707313638,0.4857542746472684,0.4885739968138363,0.006671790964901447
cvar,250,10,6,3501129,0.5,0.5,0.01,0.0,1.0,uniform,True,0.0019525628867176903,0.0019525628867176903,0.0013169621643250862,0.49090087175035063,0.48894883491909025,0.006451790686696768
cvar,250,10,7,3501130,0.5,0.5,0.01,0.0,1.0,uniform,True,0.0018246807857633107,0.001183875447383742,0.0018246807857633107,0.48453538477296665,0.48628494124724286,0.006699208170175552
cvar,250,10,8,3501131,0.5,0.5,0.01,0.0,1.0,uniform,True,0.0024884996402317894,0.0012676070553874763,0.0024884996402317894,0.485280298309944,0.486206089091108,0.006650208029896021
cvar,250,10,9,3501132,0.5,0.5,0.01,0.0,1.0,uniform,True,0.001998270807427205,0.001998270807427205,0.0008223817218607765,0.4860617826233523,0.4899839157548604,0.006624042056500912
cvar,250,10,10,3501133,0.5,0.5,0.01,0.0,1.0,uniform,True,0.002212490332780759,0.002212490332780759,0.0006841934804273087,0.4872693803170296,0.48802587040199324,0.006659083068370819
cvar,250,10,11,3501134,0.5,0.5,0.01,0.0,1.0,uniform,True,0.0018135923453045932,0.0018135923453045932,0.001058749932572045,0.48920094690975446,0.4864435743493897,0.006630834192037582
cvar,250,10,12,3501135,0.5,0.5,0.01,0.0,1.0,uniform,True,0.0018378833803014971,0.0018378833803014971,0.0011610472310008002,0.4871121395461858,0.4867343719770668,0.006595125421881676
cvar,250,10,13,3501136,0.5,0.5,0.01,0.0,1.0,uniform,True,0.002274339547863269,0.002274339547863269,0.0013650514852205364,0.4907084046815329,0.49094795536587404,0.006812165956944227
cvar,250,10,14,3501137,0.5,0.5,0.01,0.0,1.0,uniform,True,0.0009342591677887757,0.0007868885531430725,0.0009342591677887757,0.4876117766075708,0.490161961375871,0.006790166720747948
cvar,250,10,15,3501138,0.5,0.5,0.01,0.0,1.0,uniform,True,0.004427454056360913,0.002512755602194272,0.004427454056360913,0.49135095675902085,0.48773768433623127,0.006336832884699106
cvar,250,10,16,3501139,0.5,0.5,0.01,0.0,1.0,uniform,True,0.0027098046888802685,0.0027098046888802685,0.0015193958572757849,0.4886902509292932,0.4881028609469704,0.0066691250540316105
cvar,250,10,17,3501140,0.5,0.5,0.01,0.0,1.0,uniform,True,0.0014232883962081444,0.0008825921805497572,0.0014232883962081444,0.4860907290309707,0.4839524335929484,0.006490583997219801
cvar,250,10,18,3501141,0.5,0.5,0.01,0.0,1.0,uniform,True,0.001672102694310229,0.001672102694310229,0.0008230027799806527,0.4890856312426846,0.49205157841770725,0.006751499604433775
cvar,250,10,19,3501142,0.5,0.5,0.01,0.0,1.0,uniform,True,0.001963960639585871,0.001963960639585871,0.0015853197714740253,0.48997932855236825,0.4900617814681123,0.006424791645258665
cvar,250,10,20,3501143,0.5,0.5,0.01,0.0,1.0,uniform,True,0.0018422625672737114,0.0017731834899793464,0.0018422625672737114,0.4905355958040022,0.48927869387929024,0.006560416892170906
cvar,250,10,21,3501144,0.5,0.5,0.01,0.0,1.0,uniform,True,0.0035248673626016025,0.0035248673626016025,0.002348388144905067,0.48723838734994607,0.4886685881831307,0.006377958692610264
cvar,250,10,22,3501145,0.5,0.5,0.01,0.0,1.0,uniform,True,0.0014302748448842273,0.0014302748448842273,0.0007569016275372209,0.4891964012009712,0.4902338270164693,0.006572999991476536
cvar,250,10,23,3501146,0.5,0.5,0.01,0.0,1.0,uniform,True,0.001392260301516124,0.001392260301516124,0.0012647175465784755,0.48653660211107796,0.4910134217109046,0.006272708997130394
cvar,250,10,24,3501147,0.5,0.5,0.01,0.0,1.0,uniform,True,0.002999279521244458,0.001141578655527109,0.002999279521244458,0.4906697625748756,0.49067162074523507,0.006594249978661537
cvar,250,10,25,3501148,0.5,0.5,0.01,0.0,1.0,uniform,True,0.0029364264098871162,0.0029364264098871162,0.0012921027348725689,0.48814330252968274,0.49095268296380923,0.006246958393603563
cvar,250,10,26,3501149,0.5,0.5,0.01,0.0,1.0,uniform,True,0.0019336400767708262,0.0019336400767708262,0.00027102274173074203,0.49203928892939275,0.4900575775412471,0.0065038749016821384
cvar,250,10,27,3501150,0.5,0.5,0.01,0.0,1.0,uniform,True,0.003154582850091181,0.000505732311211482,0.003154582850091181,0.4872903041270682,0.48872252756298534,0.006392375100404024
cvar,250,10,28,3501151,0.5,0.5,0.01,0.0,1.0,uniform,True,0.0024274201336227375,0.0024274201336227375,0.0022511812680583443,0.48868425569867235,0.49044769481927997,0.006444208323955536
cvar,250,10,29,3501152,0.5,0.5,0.01,0.0,1.0,uniform,True,0.0028049726932282137,0.0028049726932282137,0.0027007114485438355,0.485677178293152,0.49382064645275786,0.006451707798987627
cvar,250,10,30,3501153,0.5,0.5,0.01,0.0,1.0,uniform,True,0.0036122282758223045,0.0008390561370919536,0.0036122282758223045,0.4907607877231899,0.48658868620733325,0.006208041217178106
cvar,250,10,31,3501154,0.5,0.5,0.01,0.0,1.0,uniform,True,0.0022589590292952377,0.0022589590292952377,0.0012797083942326926,0.4930301313384092,0.4895713799318366,0.006471582688391209
cvar,250,10,32,3501155,0.5,0.5,0.01,0.0,1.0,uniform,True,0.00204262471644745,0.00204262471644745,0.0016219423774045394,0.4891413542307789,0.485097530216531,0.006545791868120432
cvar,250,10,33,3501156,0.5,0.5,0.01,0.0,1.0,uniform,True,0.0026906615235560705,0.0026906615235560705,0.0023592008563402267,0.4903447595828066,0.4885465416652418,0.006235499866306782
cvar,250,10,34,3501157,0.5,0.5,0.01,0.0,1.0,uniform,True,0.002306558078764509,0.002306558078764509,0.001065746615398877,0.48904781864587143,0.4897305602780742,0.006128707900643349
cvar,250,10,35,3501158,0.5,0.5,0.01,0.0,1.0,uniform,True,0.004190072900309261,0.004190072900309261,0.0031216250685133784,0.49134721362224976,0.4873504213936254,0.006013416685163975
cvar,250,10,36,3501159,0.5,0.5,0.01,0.0,1.0,uniform,True,0.00181422581583357,0.00181422581583357,0.001433648545531907,0.4857149069240103,0.4852700897118439,0.006332334131002426
cvar,250,10,37,3501160,0.5,0.5,0.01,0.0,1.0,uniform,True,0.002404641950396691,0.0013602072823968858,0.002404641950396691,0.4912197763371027,0.48919225088517393,0.006300959270447493
cvar,250,10,38,3501161,0.5,0.5,0.01,0.0,1.0,uniform,True,0.0021273930145524478,0.0021273930145524478,0.001906454407140823,0.48826354154719187,0.49142702029968915,0.006663582753390074
cvar,250,10,39,3501162,0.5,0.5,0.01,0.0,1.0,uniform,True,0.0017024087668678356,0.0017024087668678356,0.001691715571348451,0.4852374550781812,0.48944091240563375,0.006376207806169987
cvar,250,10,40,3501163,0.5,0.5,0.01,0.0,1.0,uniform,True,0.0023599892987779536,0.0020607664204721488,0.0023599892987779536,0.4884158155536882,0.48810024215916187,0.006244500167667866
cvar,250,10,41,3501164,0.5,0.5,0.01,0.0,1.0,uniform,True,0.00248785165983767,0.00248785165983767,0.0011544589443091557,0.4901858864782115,0.48847881725042647,0.006422457750886679
cvar,250,10,42,3501165,0.5,0.5,0.01,0.0,1.0,uniform,True,0.0030076944711812104,0.0030076944711812104,0.0010983380517192165,0.48951780887400265,0.48800844240096053,0.00648100022226572
cvar,250,10,43,3501166,0.5,0.5,0.01,0.0,1.0,uniform,True,0.0027676558532958584,0.0027676558532958584,0.0018625463546289023,0.487578193698305,0.49126685007665355,0.006411250215023756
cvar,250,10,44,3501167,0.5,0.5,0.01,0.0,1.0,uniform,True,0.0020420710824300414,0.0020420710824300414,0.0012903224201145091,0.4859139351479256,0.48703007199946485,0.006511333864182234
cvar,250,10,45,3501168,0.5,0.5,0.01,0.0,1.0,uniform,True,0.0013286784268548013,0.0012690167740562197,0.0013286784268548013,0.48700243076804905,0.48831997212115696,0.006379792001098394
cvar,250,10,46,3501169,0.5,0.5,0.01,0.0,1.0,uniform,True,0.0018248887890925936,0.001543480404840425,0.0018248887890925936,0.48426792746316105,0.48964204389318067,0.0066283331252634525
cvar,250,10,47,3501170,0.5,0.5,0.01,0.0,1.0,uniform,True,0.0031839991364718268,0.001068149263389273,0.0031839991364718268,0.48954698147857,0.4876962574975762,0.006348500028252602
cvar,250,10,48,3501171,0.5,0.5,0.01,0.0,1.0,uniform,True,0.0038425432813422034,0.0029030694037798233,0.0038425432813422034,0.48937630171333923,0.4886876915120035,0.006273167207837105
cvar,250,10,49,3501172,0.5,0.5,0.01,0.0,1.0,uniform,True,0.001219196593612859,0.0010510644859610951,0.001219196593612859,0.48860350771363287,0.488852981338486,0.006512916646897793
cvar,250,10,50,3501173,0.5,0.5,0.01,0.0,1.0,uniform,True,0.0035572841369759245,0.0035572841369759245,0.0016226127857457695,0.4847605578133583,0.48895417093152127,0.006452749948948622
cvar,250,10,51,3501174,0.5,0.5,0.01,0.0,1.0,uniform,True,0.002696878859819507,0.002696878859819507,0.0018886092464701076,0.4872048324919196,0.4902181759412375,0.006273000035434961
cvar,250,10,52,3501175,0.5,0.5,0.01,0.0,1.0,uniform,True,0.001944281652237645,0.001944281652237645,0.0014526182068523852,0.4908579168648156,0.4933658563762539,0.006449958775192499
cvar,250,10,53,3501176,0.5,0.5,0.01,0.0,1.0,uniform,True,0.003125127420238294,0.003125127420238294,0.0006493089892971038,0.49048227097764596,0.4887108662242251,0.006486500147730112
cvar,250,10,54,3501177,0.5,0.5,0.01,0.0,1.0,uniform,True,0.002112565209736017,0.002112565209736017,0.0011598986730350092,0.4880523702586065,0.4865043877376747,0.006520750001072884
cvar,250,10,55,3501178,0.5,0.5,0.01,0.0,1.0,uniform,True,0.0024261851705032478,0.0018814208050485504,0.0024261851705032478,0.4844295715624454,0.4849597449770206,0.006156041286885738
cvar,250,10,56,3501179,0.5,0.5,0.01,0.0,1.0,uniform,True,0.001727067434860674,0.001727067434860674,0.0015286338005243705,0.48526324099900325,0.4849097430828412,0.0068549588322639465
cvar,250,10,57,3501180,0.5,0.5,0.01,0.0,1.0,uniform,True,0.0017272830045887422,0.001218752519558386,0.0017272830045887422,0.49018516274742185,0.48518494336980617,0.006706167012453079
cvar,250,10,58,3501181,0.5,0.5,0.01,0.0,1.0,uniform,True,0.0012072374045445922,0.0010947694877629366,0.0012072374045445922,0.49111088226313804,0.48810795885483327,0.0066735828295350075
cvar,250,10,59,3501182,0.5,0.5,0.01,0.0,1.0,uniform,True,0.0022356503720175613,0.0015567050709384134,0.0022356503720175613,0.49073817140230247,0.49062948911964044,0.006545125041157007
cvar,250,10,60,3501183,0.5,0.5,0.01,0.0,1.0,uniform,True,0.0014719453378505554,0.0009998750119603605,0.0014719453378505554,0.4882252092031746,0.48860444121220054,0.006617499981075525
cvar,250,10,61,3501184,0.5,0.5,0.01,0.0,1.0,uniform,True,0.0021683413471771384,0.001511616985826525,0.0021683413471771384,0.4882101444073932,0.48732365131770417,0.006683416664600372
cvar,250,10,62,3501185,0.5,0.5,0.01,0.0,1.0,uniform,True,0.0010352889128515952,0.0010352889128515952,0.0009230543169491123,0.4909307626138035,0.489416145782408,0.0067057921551167965
cvar,250,10,63,3501186,0.5,0.5,0.01,0.0,1.0,uniform,True,0.002076516365149772,0.002076516365149772,0.000565295122047671,0.4876742695314003,0.4882522251834075,0.00655149994418025
cvar,250,10,64,3501187,0.5,0.5,0.01,0.0,1.0,uniform,True,0.002574306296157791,0.002574306296157791,0.0008342981520986226,0.4883955517359516,0.48877728444847623,0.006736708339303732
cvar,250,10,65,3501188,0.5,0.5,0.01,0.0,1.0,uniform,True,0.0039913682954703655,0.0039913682954703655,0.0010116305700897943,0.49045287871969667,0.48622397525243743,0.0063725421205163
cvar,250,10,66,3501189,0.5,0.5,0.01,0.0,1.0,uniform,True,0.0018838638240916694,0.0012996011123668771,0.0018838638240916694,0.48820333884969735,0.48424131997352693,0.006397166755050421
cvar,250,10,67,3501190,0.5,0.5,0.01,0.0,1.0,uniform,True,0.0027596055339420555,0.0027596055339420555,0.0025672232002507123,0.4887316483795785,0.49064810049189655,0.0063682496547698975
cvar,250,10,68,3501191,0.5,0.5,0.01,0.0,1.0,uniform,True,0.0012554245904698447,0.0009707631133643035,0.0012554245904698447,0.4907504902345277,0.4902733113908218,0.00641633290797472
cvar,250,10,69,3501192,0.5,0.5,0.01,0.0,1.0,uniform,True,0.003111596381081827,0.0017989582235724555,0.003111596381081827,0.4905910417110626,0.48959905223706224,0.006432041991502047
cvar,250,10,70,3501193,0.5,0.5,0.01,0.0,1.0,uniform,True,0.0016958255373373254,0.0016958255373373254,0.0010777199232002155,0.48947059086086436,0.48955094328528764,0.0065938751213252544
cvar,250,10,71,3501194,0.5,0.5,0.01,0.0,1.0,uniform,True,0.0030605167835213165,0.0030605167835213165,0.0011639333610662939,0.4878881550779172,0.48670908247896016,0.006460458040237427
cvar,250,10,72,3501195,0.5,0.5,0.01,0.0,1.0,uniform,True,0.0012674698764437164,0.0012674698764437164,0.0004719196361925859,0.4871893546389725,0.4845211541181336,0.006483917124569416
cvar,250,10,73,3501196,0.5,0.5,0.01,0.0,1.0,uniform,True,0.002506290992881466,0.002506290992881466,0.0004221866057823598,0.48835547652099054,0.4880334373191337,0.006520957686007023
cvar,250,10,74,3501197,0.5,0.5,0.01,0.0,1.0,uniform,True,0.0019349403924486253,0.000564459442419174,0.0019349403924486253,0.486895188103169,0.4921907303681474,0.006720041856169701
cvar,250,10,75,3501198,0.5,0.5,0.01,0.0,1.0,uniform,True,0.002519714375966875,0.0023851380753671103,0.002519714375966875,0.48720703345657823,0.4918503418775512,0.006307499948889017
cvar,250,10,76,3501199,0.5,0.5,0.01,0.0,1.0,uniform,True,0.001855751240207426,0.001855751240207426,0.00160492613090224,0.486051424777752,0.48872447741939434,0.006290417164564133
cvar,250,10,77,3501200,0.5,0.5,0.01,0.0,1.0,uniform,True,0.002314510476438103,0.0015203250894386677,0.002314510476438103,0.4862930335452843,0.48807200482026164,0.006635542027652264
cvar,250,10,78,3501201,0.5,0.5,0.01,0.0,1.0,uniform,True,0.0026648611113151977,0.0026648611113151977,0.0014900701231747027,0.4906275865258517,0.48659134894196643,0.006372916977852583
cvar,250,10,79,3501202,0.5,0.5,0.01,0.0,1.0,uniform,True,0.00227524861053513,0.0020456581524232464,0.00227524861053513,0.4891567521540303,0.49022638392752,0.0061414591036736965
cvar,250,10,80,3501203,0.5,0.5,0.01,0.0,1.0,uniform,True,0.0016049171202556223,0.0013726102239305371,0.0016049171202556223,0.4898353793539124,0.48845045476758675,0.006626249756664038
cvar,250,10,81,3501204,0.5,0.5,0.01,0.0,1.0,uniform,True,0.0019810969895255326,0.0013586663858006776,0.0019810969895255326,0.4878738819318516,0.4880552810392365,0.0061469171196222305
cvar,250,10,82,3501205,0.5,0.5,0.01,0.0,1.0,uniform,True,0.0021705966284491507,0.0021124638199444545,0.0021705966284491507,0.4885572382990412,0.4882719231130552,0.00638554198667407
cvar,250,10,83,3501206,0.5,0.5,0.01,0.0,1.0,uniform,True,0.0013222239701478622,0.0013222239701478622,0.0009957499593689079,0.4885135157175352,0.4878106205927143,0.006540500093251467
cvar,250,10,84,3501207,0.5,0.5,0.01,0.0,1.0,uniform,True,0.0018438056004870806,0.0018438056004870806,0.0012390139238537268,0.4890598838422122,0.4913381308554968,0.006283875089138746
cvar,250,10,85,3501208,0.5,0.5,0.01,0.0,1.0,uniform,True,0.00276093124829907,0.00276093124829907,0.0014367605198069011,0.48932590869067566,0.4885025055797154,0.00658204173669219
cvar,250,10,86,3501209,0.5,0.5,0.01,0.0,1.0,uniform,True,0.0029356165395604816,0.0029356165395604816,0.0009847469320745095,0.4871248761634111,0.48838233149398036,0.006586541887372732
cvar,250,10,87,3501210,0.5,0.5,0.01,0.0,1.0,uniform,True,0.0029402207699086302,0.001881145586391797,0.0029402207699086302,0.488984606462465,0.48762678386214264,0.006171083077788353
cvar,250,10,88,3501211,0.5,0.5,0.01,0.0,1.0,uniform,True,0.001711386757962452,0.0016780863111475752,0.001711386757962452,0.4881857113803541,0.491580132071385,0.006366458255797625
cvar,250,10,89,3501212,0.5,0.5,0.01,0.0,1.0,uniform,True,0.001419367905410418,0.0011010723694848679,0.001419367905410418,0.4917209750610147,0.48807989072419755,0.006310792174190283
cvar,250,10,90,3501213,0.5,0.5,0.01,0.0,1.0,uniform,True,0.0012363412468615609,0.0008270553612018672,0.0012363412468615609,0.4880688730661287,0.4896686100312523,0.006563624832779169
cvar,250,10,91,3501214,0.5,0.5,0.01,0.0,1.0,uniform,True,0.001050272226172544,0.0005645858754318445,0.001050272226172544,0.48883303932844124,0.4891208172115234,0.0066154999658465385
cvar,250,10,92,3501215,0.5,0.5,0.01,0.0,1.0,uniform,True,0.002442950966869084,0.002442950966869084,0.0005029978750574204,0.4897252369831939,0.4866566143050189,0.006552292034029961
cvar,250,10,93,3501216,0.5,0.5,0.01,0.0,1.0,uniform,True,0.0021984425158102505,0.000886708268679981,0.0021984425158102505,0.48675031620584375,0.48801418035032956,0.006669916212558746
cvar,250,10,94,3501217,0.5,0.5,0.01,0.0,1.0,uniform,True,0.003204470929768166,0.003204470929768166,0.0026284113890727157,0.49206984076081983,0.4873670954387604,0.0062573752366006374
cvar,250,10,95,3501218,0.5,0.5,0.01,0.0,1.0,uniform,True,0.0010971211231687872,0.0010451988063597817,0.0010971211231687872,0.48410546665670173,0.48906365141689606,0.006699792109429836
cvar,250,10,96,3501219,0.5,0.5,0.01,0.0,1.0,uniform,True,0.0015739833046595209,0.0015739833046595209,0.001485498177491995,0.4893934850818279,0.4863416406488722,0.006458166986703873
cvar,250,10,97,3501220,0.5,0.5,0.01,0.0,1.0,uniform,True,0.0028564635138164096,0.0023144891885455987,0.0028564635138164096,0.4897039558061228,0.4889072359848077,0.006573916412889957
cvar,250,10,98,3501221,0.5,0.5,0.01,0.0,1.0,uniform,True,0.0013798895778598386,0.0013798895778598386,0.001103901139201835,0.4880881357827197,0.489327321805035,0.006772208027541637
cvar,250,10,99,3501222,0.5,0.5,0.01,0.0,1.0,uniform,True,0.0028661219160088236,0.0028661219160088236,0.000988482020496284,0.4877486410642512,0.48547495101158655,0.00643320893868804
cvar,250,20,0,3502123,0.5,0.5,0.01,0.0,1.0,uniform,True,0.0032134238789103264,0.001647539190732461,0.0032134238789103264,0.4933444338125314,0.49283835857835806,0.008719166275113821
cvar,250,20,1,3502124,0.5,0.5,0.01,0.0,1.0,uniform,True,0.0022841990558707392,0.0022841990558707392,0.0016618490652844375,0.4937590387665427,0.49553765768440217,0.008608457632362843
cvar,250,20,2,3502125,0.5,0.5,0.01,0.0,1.0,uniform,True,0.002306303183700009,0.0017843827482206809,0.002306303183700009,0.4956088049651286,0.4940649049703422,0.008825249969959259
cvar,250,20,3,3502126,0.5,0.5,0.01,0.0,1.0,uniform,True,0.0012232493219042628,0.0008191252551547068,0.0012232493219042628,0.49413841305361417,0.4937258858897638,0.00949562480673194
cvar,250,20,4,3502127,0.5,0.5,0.01,0.0,1.0,uniform,True,0.002063514388066734,0.002063514388066734,0.001243199793840799,0.4948146296464544,0.4954059391026935,0.009418665897101164
cvar,250,20,5,3502128,0.5,0.5,0.01,0.0,1.0,uniform,True,0.0030285150904613145,0.0016624724683470538,0.0030285150904613145,0.49416358983941644,0.49389925437495097,0.008380166720598936
cvar,250,20,6,3502129,0.5,0.5,0.01,0.0,1.0,uniform,True,0.0015527253889148218,0.0015527253889148218,0.0015202228010214869,0.4934161727715659,0.4953967708603437,0.009225334040820599
cvar,250,20,7,3502130,0.5,0.5,0.01,0.0,1.0,uniform,True,0.0016894435058043555,0.0015537678314177517,0.0016894435058043555,0.4942606395026256,0.49378266104263857,0.009385708253830671
cvar,250,20,8,3502131,0.5,0.5,0.01,0.0,1.0,uniform,True,0.00206628730269115,0.00206628730269115,0.0011722042934736998,0.4943508885107448,0.49293233182092155,0.009044041857123375
cvar,250,20,9,3502132,0.5,0.5,0.01,0.0,1.0,uniform,True,0.0023186099438092245,0.001978293265725628,0.0023186099438092245,0.4940875140766563,0.4944323407117576,0.009113624691963196
cvar,250,20,10,3502133,0.5,0.5,0.01,0.0,1.0,uniform,True,0.001168752091201597,0.0011488588807064826,0.001168752091201597,0.4951767356432907,0.49517682660517215,0.009898209013044834
cvar,250,20,11,3502134,0.5,0.5,0.01,0.0,1.0,uniform,True,0.0018253097225305326,0.0018253097225305326,0.00112883587063356,0.4938204413682005,0.49573029222636594,0.009249416645616293
cvar,250,20,12,3502135,0.5,0.5,0.01,0.0,1.0,uniform,True,0.0027384932000765194,0.0027384932000765194,0.001642376151977043,0.4931245269961865,0.49584612952852203,0.008620415814220905
cvar,250,20,13,3502136,0.5,0.5,0.01,0.0,1.0,uniform,True,0.0020116821531161455,0.0013725731985405054,0.0020116821531161455,0.49605918939950844,0.49634723376246476,0.008749125059694052
cvar,250,20,14,3502137,0.5,0.5,0.01,0.0,1.0,uniform,True,0.0021639120614519447,0.0021639120614519447,0.0013276517318716596,0.49542779086841504,0.49420581121354745,0.009340833872556686
cvar,250,20,15,3502138,0.5,0.5,0.01,0.0,1.0,uniform,True,0.0022144817221841917,0.0022144817221841917,0.0007542786894544351,0.49364407247009445,0.49396649999995823,0.009642750024795532
cvar,250,20,16,3502139,0.5,0.5,0.01,0.0,1.0,uniform,True,0.0024017087961772376,0.002022369598527085,0.0024017087961772376,0.4931236470047955,0.49238446130908137,0.00915858382359147
cvar,250,20,17,3502140,0.5,0.5,0.01,0.0,1.0,uniform,True,0.0025621391509793034,0.0025621391509793034,0.001720591343471245,0.49483424584540164,0.49509525763330453,0.008725000079721212
cvar,250,20,18,3502141,0.5,0.5,0.01,0.0,1.0,uniform,True,0.0027933878959652825,0.0011796664855387995,0.0027933878959652825,0.4954289345796765,0.4961045153477003,0.009052457753568888
cvar,250,20,19,3502142,0.5,0.5,0.01,0.0,1.0,uniform,True,0.0015838297369539789,0.0015586682780905359,0.0015838297369539789,0.4943338661815375,0.4924056421262888,0.009264125023037195
cvar,250,20,20,3502143,0.5,0.5,0.01,0.0,1.0,uniform,True,0.00227324590473188,0.00227324590473188,0.0015543969760005716,0.49462382221929835,0.4940916296291527,0.009084875229746103
cvar,250,20,21,3502144,0.5,0.5,0.01,0.0,1.0,uniform,True,0.002125693355534697,0.0013953329373231904,0.002125693355534697,0.49535685863009526,0.4935237511463004,0.008843750227242708
cvar,250,20,22,3502145,0.5,0.5,0.01,0.0,1.0,uniform,True,0.0018822899218854383,0.0018822899218854383,0.0015058583255475044,0.49394902994092615,0.49533648685014164,0.008982167113572359
cvar,250,20,23,3502146,0.5,0.5,0.01,0.0,1.0,uniform,True,0.002192825983269031,0.0019629594277498774,0.002192825983269031,0.4943079589196646,0.49547604043083465,0.009008500259369612
cvar,250,20,24,3502147,0.5,0.5,0.01,0.0,1.0,uniform,True,0.0012793842178153159,0.0012793842178153159,0.0012675855078637666,0.49421418543485174,0.4942194991388468,0.009428541176021099
cvar,250,20,25,3502148,0.5,0.5,0.01,0.0,1.0,uniform,True,0.0020317693432344575,0.0010816301601364597,0.0020317693432344575,0.49444189260090654,0.49310568658203124,0.00886708265170455
cvar,250,20,26,3502149,0.5,0.5,0.01,0.0,1.0,uniform,True,0.002406307366811411,0.001956603645067667,0.002406307366811411,0.49460158364310347,0.4946266851374245,0.008927250280976295
cvar,250,20,27,3502150,0.5,0.5,0.01,0.0,1.0,uniform,True,0.0029114757991578477,0.0014472142219523199,0.0029114757991578477,0.49550780709124903,0.49399116097590523,0.008493583183735609
cvar,250,20,28,3502151,0.5,0.5,0.01,0.0,1.0,uniform,True,0.0023822876007058014,0.0023822876007058014,0.001469519429309285,0.49475470038040203,0.4952403550805069,0.008947957772761583
cvar,250,20,29,3502152,0.5,0.5,0.01,0.0,1.0,uniform,True,0.0019362441183146117,0.0019362441183146117,0.0015566646302632714,0.4954664332778974,0.4936929482921026,0.008886833675205708
cvar,250,20,30,3502153,0.5,0.5,0.01,0.0,1.0,uniform,True,0.0019030771214698095,0.0015728356614833627,0.0019030771214698095,0.49462666182001336,0.4924878721890915,0.009020084049552679
cvar,250,20,31,3502154,0.5,0.5,0.01,0.0,1.0,uniform,True,0.002091005690859571,0.0015803564605604281,0.002091005690859571,0.49456634009307165,0.4942739342412254,0.008876250125467777
cvar,250,20,32,3502155,0.5,0.5,0.01,0.0,1.0,uniform,True,0.0020391801973885237,0.0020391801973885237,0.0015336714879911617,0.4943592737834332,0.49348094946512755,0.008606249932199717
cvar,250,20,33,3502156,0.5,0.5,0.01,0.0,1.0,uniform,True,0.0018075644112229283,0.0018075644112229283,0.0016708729045413762,0.4929372771885611,0.4948747631224977,0.009147500153630972
cvar,250,20,34,3502157,0.5,0.5,0.01,0.0,1.0,uniform,True,0.0019862543132753707,0.0014099600057848605,0.0019862543132753707,0.4953442588385797,0.49568481554323984,0.008596625179052353
cvar,250,20,35,3502158,0.5,0.5,0.01,0.0,1.0,uniform,True,0.0024330610082798354,0.0024330610082798354,0.001980608993956301,0.4937052099508949,0.49405686086368894,0.008659541141241789
cvar,250,20,36,3502159,0.5,0.5,0.01,0.0,1.0,uniform,True,0.0016589865086843458,0.0016330630558274994,0.0016589865086843458,0.4950018682612072,0.49400648123171326,0.00870091700926423
cvar,250,20,37,3502160,0.5,0.5,0.01,0.0,1.0,uniform,True,0.0023379723243858175,0.001731901907956801,0.0023379723243858175,0.4936544013928119,0.49246877469481765,0.008458582684397697
cvar,250,20,38,3502161,0.5,0.5,0.01,0.0,1.0,uniform,True,0.0030647062253216784,0.001426738496391966,0.0030647062253216784,0.49494111344148906,0.4943383614130696,0.008320665918290615
cvar,250,20,39,3502162,0.5,0.5,0.01,0.0,1.0,uniform,True,0.00284937612481867,0.0015175316509113412,0.00284937612481867,0.49389179141039313,0.49423066928220805,0.007891166023910046
cvar,250,20,40,3502163,0.5,0.5,0.01,0.0,1.0,uniform,True,0.001456840763827849,0.001456840763827849,0.001113805209962626,0.4954432727918921,0.4959067705838282,0.008816083893179893
cvar,250,20,41,3502164,0.5,0.5,0.01,0.0,1.0,uniform,True,0.004126046262910299,0.0016083336650810076,0.004126046262910299,0.49592822654593977,0.4937416484846374,0.008072291035205126
cvar,250,20,42,3502165,0.5,0.5,0.01,0.0,1.0,uniform,True,0.002446102513719184,0.002446102513719184,0.0015835834948846883,0.4930147119245679,0.49529345808208847,0.00843149982392788
cvar,250,20,43,3502166,0.5,0.5,0.01,0.0,1.0,uniform,True,0.0025768499001508904,0.0025768499001508904,0.001458943558796999,0.4945660199102241,0.4944165630168518,0.008447249885648489
cvar,250,20,44,3502167,0.5,0.5,0.01,0.0,1.0,uniform,True,0.0032828986205930555,0.0014587969752408725,0.0032828986205930555,0.49248572980388894,0.4954606682601097,0.007869875058531761
cvar,250,20,45,3502168,0.5,0.5,0.01,0.0,1.0,uniform,True,0.0018316528714120706,0.0018316528714120706,0.0018094503763824155,0.49514705018900884,0.4938063100790491,0.008587541058659554
cvar,250,20,46,3502169,0.5,0.5,0.01,0.0,1.0,uniform,True,0.002756286147919007,0.002756286147919007,0.0017147434197367084,0.4924521527399166,0.4942324540813273,0.00847066706046462
cvar,250,20,47,3502170,0.5,0.5,0.01,0.0,1.0,uniform,True,0.002121274850750421,0.002121274850750421,0.0009681630035971445,0.49389528274578887,0.4926944771235182,0.008910957723855972
cvar,250,20,48,3502171,0.5,0.5,0.01,0.0,1.0,uniform,True,0.0022384092295876235,0.001922525439282341,0.0022384092295876235,0.4954089519941693,0.49547722056264976,0.00843137502670288
cvar,250,20,49,3502172,0.5,0.5,0.01,0.0,1.0,uniform,True,0.0019261906616849234,0.0015019447657845797,0.0019261906616849234,0.49477388779860865,0.4940468587736875,0.00860383315011859
cvar,250,20,50,3502173,0.5,0.5,0.01,0.0,1.0,uniform,True,0.0016398173131157434,0.0016398173131157434,0.0012064786756320611,0.49265150734365215,0.49619204758921276,0.008816000074148178
cvar,250,20,51,3502174,0.5,0.5,0.01,0.0,1.0,uniform,True,0.0020053853715311654,0.0020053853715311654,0.0018261064543043104,0.4926013269745053,0.4943057654170805,0.008655416779220104
cvar,250,20,52,3502175,0.5,0.5,0.01,0.0,1.0,uniform,True,0.0015533501309812348,0.0014583646662250649,0.0015533501309812348,0.4945937394991728,0.49367406825542803,0.008432709146291018
cvar,250,20,53,3502176,0.5,0.5,0.01,0.0,1.0,uniform,True,0.0029804312435500746,0.0029804312435500746,0.0029222519461116203,0.4955888970263431,0.4937793774344933,0.007870708126574755
cvar,250,20,54,3502177,0.5,0.5,0.01,0.0,1.0,uniform,True,0.0018026989859941667,0.0012901604067998562,0.0018026989859941667,0.4948432150973831,0.4945374590356442,0.008618332911282778
cvar,250,20,55,3502178,0.5,0.5,0.01,0.0,1.0,uniform,True,0.0015104690816538091,0.000910564068678843,0.0015104690816538091,0.493834051792872,0.4937439154527746,0.009571000002324581
cvar,250,20,56,3502179,0.5,0.5,0.01,0.0,1.0,uniform,True,0.00197627230467734,0.001171084632419439,0.00197627230467734,0.4939945978630814,0.4942402684509699,0.008583749644458294
cvar,250,20,57,3502180,0.5,0.5,0.01,0.0,1.0,uniform,True,0.0017877271708695575,0.0017877271708695575,0.0016927849823051289,0.4929529738645934,0.4965159524834722,0.009024291764944792
cvar,250,20,58,3502181,0.5,0.5,0.01,0.0,1.0,uniform,True,0.002015903238064276,0.0012566121475221514,0.002015903238064276,0.49483481190037604,0.49527834056732495,0.009487624745815992
cvar,250,20,59,3502182,0.5,0.5,0.01,0.0,1.0,uniform,True,0.0019076235156479937,0.0008977126844627592,0.0019076235156479937,0.4966193992689694,0.49477800172907527,0.009575875010341406
cvar,250,20,60,3502183,0.5,0.5,0.01,0.0,1.0,uniform,True,0.0017404526868601833,0.0013155932696792272,0.0017404526868601833,0.49270283127073256,0.49526625866287577,0.00948966620489955
cvar,250,20,61,3502184,0.5,0.5,0.01,0.0,1.0,uniform,True,0.002336685885596379,0.002336685885596379,0.0021615256119425497,0.49392148622563076,0.4947450998740487,0.008526625111699104
cvar,250,20,62,3502185,0.5,0.5,0.01,0.0,1.0,uniform,True,0.0019621347570989434,0.0019621347570989434,0.0013577318449713993,0.49398740990248224,0.49422994337911696,0.008918249979615211
cvar,250,20,63,3502186,0.5,0.5,0.01,0.0,1.0,uniform,True,0.002288605132915622,0.002288605132915622,0.001711637975389868,0.49331711179865884,0.4925946474158601,0.008982291910797358
cvar,250,20,64,3502187,0.5,0.5,0.01,0.0,1.0,uniform,True,0.001601459082678447,0.001601459082678447,0.0012801926280761045,0.49374722600375254,0.4948652501553301,0.00889554200693965
cvar,250,20,65,3502188,0.5,0.5,0.01,0.0,1.0,uniform,True,0.0024843037834680337,0.0020066664098018494,0.0024843037834680337,0.49460339035209866,0.493871593315705,0.008471459150314331
cvar,250,20,66,3502189,0.5,0.5,0.01,0.0,1.0,uniform,True,0.001745460797046794,0.0015297656622935696,0.001745460797046794,0.49324802274670576,0.4924395059932954,0.009322124999016523
cvar,250,20,67,3502190,0.5,0.5,0.01,0.0,1.0,uniform,True,0.0018538370709529906,0.0018538370709529906,0.0015132160244229476,0.4940916472059049,0.4945582677131772,0.008788249921053648
cvar,250,20,68,3502191,0.5,0.5,0.01,0.0,1.0,uniform,True,0.0030571459626825837,0.0009663088362226735,0.0030571459626825837,0.49372925180225047,0.4955985765399832,0.00897920923307538
cvar,250,20,69,3502192,0.5,0.5,0.01,0.0,1.0,uniform,True,0.002194468718745124,0.001272065387664556,0.002194468718745124,0.49361730305001555,0.49508912520706144,0.009061584249138832
cvar,250,20,70,3502193,0.5,0.5,0.01,0.0,1.0,uniform,True,0.0023120126779302974,0.0023120126779302974,0.0020484623170589633,0.49279193707303326,0.49321352337887636,0.009032916277647018
cvar,250,20,71,3502194,0.5,0.5,0.01,0.0,1.0,uniform,True,0.0022898463452042384,0.001432482953730163,0.0022898463452042384,0.495044260485395,0.4944790582774586,0.00905729178339243
cvar,250,20,72,3502195,0.5,0.5,0.01,0.0,1.0,uniform,True,0.0023015832444902573,0.0023015832444902573,0.0022140507946829535,0.49418557475388414,0.4945089035408712,0.008414292242377996
cvar,250,20,73,3502196,0.5,0.5,0.01,0.0,1.0,uniform,True,0.0019647255289364507,0.0015100288724177457,0.0019647255289364507,0.49556646867983195,0.4937705801949921,0.009159290697425604
cvar,250,20,74,3502197,0.5,0.5,0.01,0.0,1.0,uniform,True,0.002326471289893439,0.0016727386098446262,0.002326471289893439,0.49480382783495547,0.4946426029355729,0.008507499936968088
cvar,250,20,75,3502198,0.5,0.5,0.01,0.0,1.0,uniform,True,0.0019628838154855943,0.0019628838154855943,0.0016637884049795493,0.4957320606134124,0.4937057875937296,0.008713084273040295
cvar,250,20,76,3502199,0.5,0.5,0.01,0.0,1.0,uniform,True,0.00244324521112127,0.00244324521112127,0.0022534103204541744,0.4941968721244476,0.4949626779715253,0.008485374972224236
cvar,250,20,77,3502200,0.5,0.5,0.01,0.0,1.0,uniform,True,0.001669156599957533,0.001454028201631763,0.001669156599957533,0.4926209066243735,0.4973695683434142,0.008756749797612429
cvar,250,20,78,3502201,0.5,0.5,0.01,0.0,1.0,uniform,True,0.0019258765315878223,0.0019258765315878223,0.0018678545610464337,0.49372650565622794,0.49455790497351515,0.008801499847322702
cvar,250,20,79,3502202,0.5,0.5,0.01,0.0,1.0,uniform,True,0.0016309958742660724,0.001499198899144849,0.0016309958742660724,0.49372957585137434,0.49621802483096467,0.008683667052537203
cvar,250,20,80,3502203,0.5,0.5,0.01,0.0,1.0,uniform,True,0.002139326117347906,0.002139326117347906,0.0014878914560012002,0.4959847944739807,0.4962116702568174,0.008640334010124207
cvar,250,20,81,3502204,0.5,0.5,0.01,0.0,1.0,uniform,True,0.0019735653912529294,0.0019735653912529294,0.0017504870333546196,0.4945434752750396,0.4934672241886291,0.008564209099859
cvar,250,20,82,3502205,0.5,0.5,0.01,0.0,1.0,uniform,True,0.0021090014965192694,0.0021090014965192694,0.0017756729888376843,0.4951861320688111,0.493343614839211,0.008745042141526937
cvar,250,20,83,3502206,0.5,0.5,0.01,0.0,1.0,uniform,True,0.0034457047103796934,0.0034457047103796934,0.003223035726022505,0.49443079925956585,0.4943908781162084,0.008191166911274195
cvar,250,20,84,3502207,0.5,0.5,0.01,0.0,1.0,uniform,True,0.0015327869563438457,0.0014739128112952748,0.0015327869563438457,0.49328201394988014,0.49411611183389076,0.008977999910712242
cvar,250,20,85,3502208,0.5,0.5,0.01,0.0,1.0,uniform,True,0.0019290409413605936,0.0019290409413605936,0.0010963908383513354,0.4931926772011601,0.49378576791780504,0.008952999953180552
cvar,250,20,86,3502209,0.5,0.5,0.01,0.0,1.0,uniform,True,0.0028426125390249024,0.0018650352535196646,0.0028426125390249024,0.49366282247055415,0.4943468520909498,0.008816333021968603
cvar,250,20,87,3502210,0.5,0.5,0.01,0.0,1.0,uniform,True,0.001811634968361231,0.001811634968361231,0.001130874343879873,0.4935849875101076,0.49456367342036983,0.009098750073462725
cvar,250,20,88,3502211,0.5,0.5,0.01,0.0,1.0,uniform,True,0.0035869820237182104,0.0016905163985901916,0.0035869820237182104,0.4938423519976992,0.4941951189515553,0.008084958884865046
cvar,250,20,89,3502212,0.5,0.5,0.01,0.0,1.0,uniform,True,0.0014857607751696533,0.0014857607751696533,0.0014647762303069412,0.4950142719778328,0.49428253172006503,0.008386458270251751
cvar,250,20,90,3502213,0.5,0.5,0.01,0.0,1.0,uniform,True,0.001682554340383391,0.001682554340383391,0.001337132995981094,0.4961599858945392,0.4949383535660064,0.009208458010107279
cvar,250,20,91,3502214,0.5,0.5,0.01,0.0,1.0,uniform,True,0.0034666596187524212,0.0017131870829714124,0.0034666596187524212,0.4931770284530449,0.491851439486284,0.008330374956130981
cvar,250,20,92,3502215,0.5,0.5,0.01,0.0,1.0,uniform,True,0.0019335729418366587,0.0019040319160552044,0.0019335729418366587,0.4944488696842846,0.49323047566909495,0.008941708598285913
cvar,250,20,93,3502216,0.5,0.5,0.01,0.0,1.0,uniform,True,0.002727707063791329,0.002727707063791329,0.0018935197873171106,0.49410482381654486,0.49501977007615316,0.008888917043805122
cvar,250,20,94,3502217,0.5,0.5,0.01,0.0,1.0,uniform,True,0.0021005079806020732,0.0021005079806020732,0.0018705762171167262,0.4946359834088708,0.49374921281095185,0.008624790702015162
cvar,250,20,95,3502218,0.5,0.5,0.01,0.0,1.0,uniform,True,0.0020016635862763477,0.0019993137395000193,0.0020016635862763477,0.4942827785162577,0.49513245355752694,0.008930999785661697
cvar,250,20,96,3502219,0.5,0.5,0.01,0.0,1.0,uniform,True,0.0031977837367476725,0.0020895361658123113,0.0031977837367476725,0.4945017629503906,0.49362198461542883,0.008579750079661608
cvar,250,20,97,3502220,0.5,0.5,0.01,0.0,1.0,uniform,True,0.002179880579224469,0.002085009702295193,0.002179880579224469,0.49385104178221195,0.49459683253189246,0.008588834200054407
cvar,250,20,98,3502221,0.5,0.5,0.01,0.0,1.0,uniform,True,0.003080237895909166,0.0016724507705323521,0.003080237895909166,0.4939601270342961,0.4939361393235653,0.008402416948229074
cvar,250,20,99,3502222,0.5,0.5,0.01,0.0,1.0,uniform,True,0.0021350020404377057,0.0021350020404377057,0.001702128474777298,0.494855502722853,0.4934398373013628,0.008650874719023705
cvar,250,50,0,3505123,0.5,0.5,0.01,0.0,1.0,uniform,True,0.001874231298766238,0.001874231298766238,0.0017603213203000179,0.49778361550012606,0.4969317306195461,0.01554212486371398
cvar,250,50,1,3505124,0.5,0.5,0.01,0.0,1.0,uniform,True,0.0018773337026734005,0.0018773337026734005,0.0012089066564135997,0.4974575131986616,0.49728375047485773,0.015322208870202303
cvar,250,50,2,3505125,0.5,0.5,0.01,0.0,1.0,uniform,True,0.0017492274077939851,0.0017492274077939851,0.0013767055915859805,0.4972731465473703,0.4980988721542139,0.0152687500230968
cvar,250,50,3,3505126,0.5,0.5,0.01,0.0,1.0,uniform,True,0.0018739678941746551,0.0018739678941746551,0.0017696807428193018,0.4981571050858879,0.498166435462286,0.014458790887147188
cvar,250,50,4,3505127,0.5,0.5,0.01,0.0,1.0,uniform,True,0.0020333996155215694,0.0020333996155215694,0.0015315631516397143,0.49743738462716625,0.4979165297576612,0.015297625213861465
cvar,250,50,5,3505128,0.5,0.5,0.01,0.0,1.0,uniform,True,0.0021283911464186067,0.0016924789440806998,0.0021283911464186067,0.49759399242613966,0.4979498989165022,0.015296667348593473
cvar,250,50,6,3505129,0.5,0.5,0.01,0.0,1.0,uniform,True,0.0015383278857526994,0.0015383278857526994,0.0014431835066667786,0.49762967633111066,0.49761408389923795,0.015655291732400656
cvar,250,50,7,3505130,0.5,0.5,0.01,0.0,1.0,uniform,True,0.001778494184763002,0.0017317725228718772,0.001778494184763002,0.49715499157856524,0.49818304845892397,0.015409499872475863
cvar,250,50,8,3505131,0.5,0.5,0.01,0.0,1.0,uniform,True,0.001708217086616226,0.001708217086616226,0.0013978086295011738,0.49769366626215067,0.4969806280649841,0.01678649988025427
cvar,250,50,9,3505132,0.5,0.5,0.01,0.0,1.0,uniform,True,0.0018555253186892662,0.0018555253186892662,0.0015985552549145354,0.49801022355757474,0.49769837987818427,0.015025041997432709
cvar,250,50,10,3505133,0.5,0.5,0.01,0.0,1.0,uniform,True,0.0018188675686376388,0.0012345334599155877,0.0018188675686376388,0.4975767249867287,0.4974755596116611,0.01698058284819126
cvar,250,50,11,3505134,0.5,0.5,0.01,0.0,1.0,uniform,True,0.0017409440997203096,0.0017409440997203096,0.0009789776749766221,0.4973545643074941,0.49812585174640395,0.01710620801895857
cvar,250,50,12,3505135,0.5,0.5,0.01,0.0,1.0,uniform,True,0.001629889579383148,0.001629889579383148,0.001323656152215802,0.49727997459010653,0.4975831195802886,0.016767750028520823
cvar,250,50,13,3505136,0.5,0.5,0.01,0.0,1.0,uniform,True,0.0019762289265825572,0.0019762289265825572,0.0018596604379565451,0.49713048911254587,0.4977924886296356,0.015447999816387892
cvar,250,50,14,3505137,0.5,0.5,0.01,0.0,1.0,uniform,True,0.001968237165419384,0.0015331524182919387,0.001968237165419384,0.49815616977761135,0.49722881279806885,0.015712332911789417
cvar,250,50,15,3505138,0.5,0.5,0.01,0.0,1.0,uniform,True,0.0019918244890011483,0.001578693853471258,0.0019918244890011483,0.4972518836974102,0.4971488283044986,0.016602375078946352
cvar,250,50,16,3505139,0.5,0.5,0.01,0.0,1.0,uniform,True,0.002348330942731347,0.001401787657935305,0.002348330942731347,0.4980305817771848,0.49807011901579845,0.01641437504440546
cvar,250,50,17,3505140,0.5,0.5,0.01,0.0,1.0,uniform,True,0.0019460740267793208,0.0015770465069419592,0.0019460740267793208,0.4973230875415916,0.4975780902918182,0.016282458789646626
cvar,250,50,18,3505141,0.5,0.5,0.01,0.0,1.0,uniform,True,0.0021525950682592665,0.0021525950682592665,0.0017382731816730779,0.49773383173459274,0.49741838630907564,0.015886208042502403
cvar,250,50,19,3505142,0.5,0.5,0.01,0.0,1.0,uniform,True,0.0019457178043591483,0.0015481056768245627,0.0019457178043591483,0.4982646202174125,0.4975853167549007,0.016773957759141922
cvar,250,50,20,3505143,0.5,0.5,0.01,0.0,1.0,uniform,True,0.001823459214348122,0.001823459214348122,0.0012260775199832152,0.49776692882486917,0.4978769731985703,0.01681629102677107
cvar,250,50,21,3505144,0.5,0.5,0.01,0.0,1.0,uniform,True,0.0020097358794814446,0.0020097358794814446,0.002007472033150215,0.4983521466801613,0.4978413885615184,0.015178207773715258
cvar,250,50,22,3505145,0.5,0.5,0.01,0.0,1.0,uniform,True,0.0017711643105488561,0.0014952468681759257,0.0017711643105488561,0.4981542662229933,0.49740477126740323,0.016474708914756775
cvar,250,50,23,3505146,0.5,0.5,0.01,0.0,1.0,uniform,True,0.0016307234298705842,0.0012416107343370952,0.0016307234298705842,0.4971797958986356,0.4972396378513747,0.017089166212826967
cvar,250,50,24,3505147,0.5,0.5,0.01,0.0,1.0,uniform,True,0.0025342447325737982,0.0025342447325737982,0.0017812995772368279,0.497157517102106,0.49848545346690154,0.015013874974101782
cvar,250,50,25,3505148,0.5,0.5,0.01,0.0,1.0,uniform,True,0.0018912926651483142,0.0016458950739949851,0.0018912926651483142,0.49825672911863067,0.49761898056161513,0.015250457916408777
cvar,250,50,26,3505149,0.5,0.5,0.01,0.0,1.0,uniform,True,0.001702938293237588,0.001188823517956572,0.001702938293237588,0.49840479584807995,0.49716086075496274,0.016320875380188227
cvar,250,50,27,3505150,0.5,0.5,0.01,0.0,1.0,uniform,True,0.0018771593565065081,0.0016207162718590018,0.0018771593565065081,0.49761383692147826,0.4973622532448832,0.016208957880735397
cvar,250,50,28,3505151,0.5,0.5,0.01,0.0,1.0,uniform,True,0.0019117998248410761,0.0011880193910894787,0.0019117998248410761,0.4975625186214191,0.4980003528371451,0.016693375073373318
cvar,250,50,29,3505152,0.5,0.5,0.01,0.0,1.0,uniform,True,0.001741628720918098,0.001741628720918098,0.0015431333532137659,0.4973968249187073,0.49816282852417887,0.015334582887589931
cvar,250,50,30,3505153,0.5,0.5,0.01,0.0,1.0,uniform,True,0.002115936634397908,0.001987589088034869,0.002115936634397908,0.4976938938121769,0.4973025578316509,0.014905792195349932
cvar,250,50,31,3505154,0.5,0.5,0.01,0.0,1.0,uniform,True,0.0021131146436787485,0.0020677588797130553,0.0021131146436787485,0.497345666963627,0.497008906293687,0.01451874990016222
cvar,250,50,32,3505155,0.5,0.5,0.01,0.0,1.0,uniform,True,0.0024836341480336532,0.0024836341480336532,0.0017820458051355237,0.4979698053936601,0.4982003203119646,0.014576999936252832
cvar,250,50,33,3505156,0.5,0.5,0.01,0.0,1.0,uniform,True,0.0029376036256261173,0.0016392136759364462,0.0029376036256261173,0.4983309544112497,0.4978850734874376,0.01466404227539897
cvar,250,50,34,3505157,0.5,0.5,0.01,0.0,1.0,uniform,True,0.001786455244778773,0.0017820496773397476,0.001786455244778773,0.4972188733741999,0.4980886195859343,0.015155083034187555
cvar,250,50,35,3505158,0.5,0.5,0.01,0.0,1.0,uniform,True,0.0019438961982186087,0.0018381517298738381,0.0019438961982186087,0.497836455377592,0.497739824353681,0.01478029228746891
cvar,250,50,36,3505159,0.5,0.5,0.01,0.0,1.0,uniform,True,0.002029362308599625,0.0015361273717757196,0.002029362308599625,0.49807142157530643,0.4975178370885458,0.016049333848059177
cvar,250,50,37,3505160,0.5,0.5,0.01,0.0,1.0,uniform,True,0.002383776635367152,0.001758473155099305,0.002383776635367152,0.4985072907863683,0.4984867318381747,0.015034290961921215
cvar,250,50,38,3505161,0.5,0.5,0.01,0.0,1.0,uniform,True,0.0016955636577029032,0.0010072623937325553,0.0016955636577029032,0.49736454479291947,0.49782122822718217,0.017771125305444002
cvar,250,50,39,3505162,0.5,0.5,0.01,0.0,1.0,uniform,True,0.002270605438524864,0.002270605438524864,0.001616087790870524,0.4983037865072497,0.4976538665166157,0.015732625033706427
cvar,250,50,40,3505163,0.5,0.5,0.01,0.0,1.0,uniform,True,0.002337206816196147,0.0021147179636398783,0.002337206816196147,0.4975336361873967,0.49736326938109143,0.014620082918554544
cvar,250,50,41,3505164,0.5,0.5,0.01,0.0,1.0,uniform,True,0.0020378905658581248,0.0018368518297857683,0.0020378905658581248,0.497442232031711,0.49764244364160104,0.01593058370053768
cvar,250,50,42,3505165,0.5,0.5,0.01,0.0,1.0,uniform,True,0.0022878481100987447,0.0022878481100987447,0.0016398043956988295,0.49760199325098486,0.49872654617842277,0.015162124764174223
cvar,250,50,43,3505166,0.5,0.5,0.01,0.0,1.0,uniform,True,0.002264919684927036,0.002264919684927036,0.001128516725389328,0.49797540036829757,0.49873417237211665,0.015991625376045704
cvar,250,50,44,3505167,0.5,0.5,0.01,0.0,1.0,uniform,True,0.0021302074062027887,0.0018902160775672305,0.0021302074062027887,0.49772538528023824,0.49762178810151153,0.01566266594454646
cvar,250,50,45,3505168,0.5,0.5,0.01,0.0,1.0,uniform,True,0.0015149950313753102,0.0015149950313753102,0.0011333557147644724,0.4978425654035925,0.4975903501882968,0.017184958327561617
cvar,250,50,46,3505169,0.5,0.5,0.01,0.0,1.0,uniform,True,0.001725417089635306,0.0012476796527984835,0.001725417089635306,0.49756574758334493,0.49747914810148,0.017235582694411278
cvar,250,50,47,3505170,0.5,0.5,0.01,0.0,1.0,uniform,True,0.0017045239124857114,0.001463245803951685,0.0017045239124857114,0.49698604146769215,0.4983519367270159,0.017135667148977518
cvar,250,50,48,3505171,0.5,0.5,0.01,0.0,1.0,uniform,True,0.0019950530916765796,0.0019950530916765796,0.001698133406383584,0.49780981641423405,0.4972441861520202,0.01637504156678915
cvar,250,50,49,3505172,0.5,0.5,0.01,0.0,1.0,uniform,True,0.0020097279819662472,0.0020097279819662472,0.0016280240862677209,0.49743059826901037,0.4974083133312923,0.01536324992775917
cvar,250,50,50,3505173,0.5,0.5,0.01,0.0,1.0,uniform,True,0.0016810606099588732,0.0016810606099588732,0.0016542154305799195,0.49764248053058524,0.49752931485242213,0.0163115831092
cvar,250,50,51,3505174,0.5,0.5,0.01,0.0,1.0,uniform,True,0.0019473657458902172,0.001936794774616113,0.0019473657458902172,0.4974650672881773,0.497399687047663,0.01564341690391302
cvar,250,50,52,3505175,0.5,0.5,0.01,0.0,1.0,uniform,True,0.002065344417375048,0.0012318927836240112,0.002065344417375048,0.49744649576838795,0.4972567678293416,0.01627512462437153
cvar,250,50,53,3505176,0.5,0.5,0.01,0.0,1.0,uniform,True,0.0023100625750414605,0.0023100625750414605,0.0022622803500875754,0.49719601387397916,0.4982756855173247,0.014147374778985977
cvar,250,50,54,3505177,0.5,0.5,0.01,0.0,1.0,uniform,True,0.0025606204678477185,0.001348643899837132,0.0025606204678477185,0.4977900573503581,0.49802298812340123,0.01578062493354082
cvar,250,50,55,3505178,0.5,0.5,0.01,0.0,1.0,uniform,True,0.0019381156221480733,0.001674592349398818,0.0019381156221480733,0.4979953800532022,0.49710723810111995,0.016479124780744314
cvar,250,50,56,3505179,0.5,0.5,0.01,0.0,1.0,uniform,True,0.001182737558511393,0.001133566587756818,0.001182737558511393,0.49711775565266625,0.4981335582048144,0.01839641574770212
cvar,250,50,57,3505180,0.5,0.5,0.01,0.0,1.0,uniform,True,0.0017974049452905705,0.001740572354215708,0.0017974049452905705,0.49755908305838137,0.4977579581776535,0.01640375005081296
cvar,250,50,58,3505181,0.5,0.5,0.01,0.0,1.0,uniform,True,0.0023148593182588106,0.0023148593182588106,0.0017970742120628769,0.49672859923353746,0.4977978907399737,0.01436162507161498
cvar,250,50,59,3505182,0.5,0.5,0.01,0.0,1.0,uniform,True,0.002183875369090038,0.0017693661345321576,0.002183875369090038,0.4978769504738997,0.49776353112646726,0.014398541767150164
cvar,250,50,60,3505183,0.5,0.5,0.01,0.0,1.0,uniform,True,0.0020154084472484013,0.0020154084472484013,0.0017223050323529887,0.49807665247463145,0.49802139232475423,0.015370500274002552
cvar,250,50,61,3505184,0.5,0.5,0.01,0.0,1.0,uniform,True,0.0020431436273961046,0.0020431436273961046,0.0016904161678236163,0.4968761201766544,0.49831997518173987,0.015347915701568127
cvar,250,50,62,3505185,0.5,0.5,0.01,0.0,1.0,uniform,True,0.0023019195079547194,0.0013996459243589832,0.0023019195079547194,0.4986921555711406,0.49751518229172476,0.015301832929253578
cvar,250,50,63,3505186,0.5,0.5,0.01,0.0,1.0,uniform,True,0.002574485340727184,0.0012659019203128952,0.002574485340727184,0.49682603768101596,0.4970831984679226,0.015883833169937134
cvar,250,50,64,3505187,0.5,0.5,0.01,0.0,1.0,uniform,True,0.0017944836508138606,0.0017944836508138606,0.0014321208915802908,0.4975644057392651,0.4971972454300063,0.016100000124424696
cvar,250,50,65,3505188,0.5,0.5,0.01,0.0,1.0,uniform,True,0.0019840113301582973,0.0019840113301582973,0.0019273175334578174,0.4975024548863464,0.4979917866537616,0.014338209293782711
cvar,250,50,66,3505189,0.5,0.5,0.01,0.0,1.0,uniform,True,0.0021010020328373624,0.0015555978628781775,0.0021010020328373624,0.4982643988364786,0.4971391348232652,0.014623000286519527
cvar,250,50,67,3505190,0.5,0.5,0.01,0.0,1.0,uniform,True,0.002583343324599585,0.002583343324599585,0.0015714849140560094,0.4980462959581143,0.49760003811907894,0.015039666090160608
cvar,250,50,68,3505191,0.5,0.5,0.01,0.0,1.0,uniform,True,0.001991389364823626,0.001991389364823626,0.001446652517504643,0.497655806730022,0.49796317137714186,0.01557408319786191
cvar,250,50,69,3505192,0.5,0.5,0.01,0.0,1.0,uniform,True,0.001907345330851462,0.001907345330851462,0.0016455607200032696,0.49796050205501075,0.4983754553937874,0.015585541259497404
cvar,250,50,70,3505193,0.5,0.5,0.01,0.0,1.0,uniform,True,0.0019278885899977616,0.0019278885899977616,0.001827699344131739,0.4971498379834346,0.4974603852815447,0.01483079232275486
cvar,250,50,71,3505194,0.5,0.5,0.01,0.0,1.0,uniform,True,0.0019328394780123714,0.0015324760672100757,0.0019328394780123714,0.4972631666031304,0.4976898740701855,0.016048999968916178
cvar,250,50,72,3505195,0.5,0.5,0.01,0.0,1.0,uniform,True,0.0022678712561293723,0.0022678712561293723,0.0018033710066958086,0.4971408915772624,0.4979054346074334,0.014935499988496304
cvar,250,50,73,3505196,0.5,0.5,0.01,0.0,1.0,uniform,True,0.0015242884475175078,0.0014729549398633246,0.0015242884475175078,0.4981701509815247,0.497462754690422,0.017464417032897472
cvar,250,50,74,3505197,0.5,0.5,0.01,0.0,1.0,uniform,True,0.0024800443726755717,0.0024800443726755717,0.002256563360227559,0.49820915925802467,0.49736640852390884,0.014500500168651342
cvar,250,50,75,3505198,0.5,0.5,0.01,0.0,1.0,uniform,True,0.0020117000175166044,0.0020117000175166044,0.001743022920574877,0.49759178776283,0.497511187358486,0.015755000058561563
cvar,250,50,76,3505199,0.5,0.5,0.01,0.0,1.0,uniform,True,0.001981293313051802,0.001785864462081177,0.001981293313051802,0.49712865137872714,0.49760138860761566,0.015477125067263842
cvar,250,50,77,3505200,0.5,0.5,0.01,0.0,1.0,uniform,True,0.0018421304848045272,0.0017272362918850925,0.0018421304848045272,0.49729000021795033,0.4967725756687862,0.01605066703632474
cvar,250,50,78,3505201,0.5,0.5,0.01,0.0,1.0,uniform,True,0.0019733061388169104,0.0019733061388169104,0.0016050828401266704,0.4982760851237808,0.4976298762946487,0.016437459271401167
cvar,250,50,79,3505202,0.5,0.5,0.01,0.0,1.0,uniform,True,0.00207823179053368,0.001453545452928695,0.00207823179053368,0.49796639598492193,0.4981660429155512,0.01615400006994605
cvar,250,50,80,3505203,0.5,0.5,0.01,0.0,1.0,uniform,True,0.002044980324260093,0.0014165468377613233,0.002044980324260093,0.4983440173725563,0.49809455359135085,0.01571791712194681
cvar,250,50,81,3505204,0.5,0.5,0.01,0.0,1.0,uniform,True,0.0022263359409872563,0.0020749110919295877,0.0022263359409872563,0.49844023519378533,0.49723634676767564,0.016670667100697756
cvar,250,50,82,3505205,0.5,0.5,0.01,0.0,1.0,uniform,True,0.0023463134929848084,0.0023463134929848084,0.002104777292824045,0.4977631192706707,0.49825286330489477,0.01437283307313919
cvar,250,50,83,3505206,0.5,0.5,0.01,0.0,1.0,uniform,True,0.002270449274948405,0.0019154688143704912,0.002270449274948405,0.49769143481214273,0.49787884316108383,0.014907250180840492
cvar,250,50,84,3505207,0.5,0.5,0.01,0.0,1.0,uniform,True,0.0025732221137230726,0.0017067568622160523,0.0025732221137230726,0.49714203218143677,0.4976227532127265,0.01615320798009634
cvar,250,50,85,3505208,0.5,0.5,0.01,0.0,1.0,uniform,True,0.0016188600691759425,0.001491794795880741,0.0016188600691759425,0.4979299370247382,0.4969401515377762,0.017443375196307898
cvar,250,50,86,3505209,0.5,0.5,0.01,0.0,1.0,uniform,True,0.0027308479464750457,0.0017172796398890466,0.0027308479464750457,0.4983062064345289,0.4978048099335578,0.015048875007778406
cvar,250,50,87,3505210,0.5,0.5,0.01,0.0,1.0,uniform,True,0.001912072739999826,0.0018928938445245125,0.001912072739999826,0.49765600660255294,0.49804925933063016,0.015808125026524067
cvar,250,50,88,3505211,0.5,0.5,0.01,0.0,1.0,uniform,True,0.0020998424099689106,0.0019621662065683054,0.0020998424099689106,0.49824665398378554,0.4974947966855583,0.014745791908353567
cvar,250,50,89,3505212,0.5,0.5,0.01,0.0,1.0,uniform,True,0.0022122487945892,0.0022122487945892,0.001371018825776893,0.497727132946959,0.49803072277348026,0.015476707834750414
cvar,250,50,90,3505213,0.5,0.5,0.01,0.0,1.0,uniform,True,0.0015750727909596973,0.0015750727909596973,0.0014292399510096865,0.49803246805054513,0.4974536416406311,0.01674016611650586
cvar,250,50,91,3505214,0.5,0.5,0.01,0.0,1.0,uniform,True,0.0025014900290594166,0.002063592650779711,0.0025014900290594166,0.497917233531757,0.4974743927581887,0.013782999943941832
cvar,250,50,92,3505215,0.5,0.5,0.01,0.0,1.0,uniform,True,0.002100419953661281,0.002100419953661281,0.0017903271996546621,0.4980760726558301,0.4978224298758268,0.01539662480354309
cvar,250,50,93,3505216,0.5,0.5,0.01,0.0,1.0,uniform,True,0.0025090292782833368,0.001834105041209122,0.0025090292782833368,0.49753080544493444,0.4977240642597386,0.014580915682017803
cvar,250,50,94,3505217,0.5,0.5,0.01,0.0,1.0,uniform,True,0.0021230670216558223,0.001901738886852411,0.0021230670216558223,0.49767298322745523,0.49854951298582767,0.014013832900673151
cvar,250,50,95,3505218,0.5,0.5,0.01,0.0,1.0,uniform,True,0.001745248333435312,0.001729932636894027,0.001745248333435312,0.49780906653742746,0.49811923251410933,0.015144499950110912
cvar,250,50,96,3505219,0.5,0.5,0.01,0.0,1.0,uniform,True,0.002493144914819223,0.001529288294270903,0.002493144914819223,0.49766932202826925,0.4973655538153169,0.01520183403044939
cvar,250,50,97,3505220,0.5,0.5,0.01,0.0,1.0,uniform,True,0.0018795524182067536,0.0017629456274825817,0.0018795524182067536,0.49752581347832137,0.49764982768036614,0.014888583216816187
cvar,250,50,98,3505221,0.5,0.5,0.01,0.0,1.0,uniform,True,0.001502130835831117,0.0012935086328839662,0.001502130835831117,0.4979569542062212,0.49721527192805065,0.016861457843333483
cvar,250,50,99,3505222,0.5,0.5,0.01,0.0,1.0,uniform,True,0.002035789971907176,0.002035789971907176,0.0019482833926998122,0.4979592926475182,0.4974540995405995,0.01655158307403326
cvar,500,5,0,6000623,0.5,0.5,0.01,0.0,1.0,uniform,True,0.000769789138564958,0.000769789138564958,0.0003185705529882843,0.4720372617078712,0.4779939092212816,0.013225166592746973
cvar,500,5,1,6000624,0.5,0.5,0.01,0.0,1.0,uniform,True,0.001082383783447327,0.0005827777564691994,0.001082383783447327,0.47902294463946893,0.4778295743334432,0.01302050007507205
cvar,500,5,2,6000625,0.5,0.5,0.01,0.0,1.0,uniform,True,0.001189717324061812,0.0008158076516401325,0.001189717324061812,0.47693123476632676,0.4741797849057584,0.013516957871615887
cvar,500,5,3,6000626,0.5,0.5,0.01,0.0,1.0,uniform,True,0.0018381484344277554,0.0004509650966968981,0.0018381484344277554,0.4765539096784385,0.48094283012526234,0.013484291732311249
cvar,500,5,4,6000627,0.5,0.5,0.01,0.0,1.0,uniform,True,0.0015284236730955247,0.0015284236730955247,0.000578077225956708,0.47691468255956554,0.47781160075430473,0.013211083132773638
cvar,500,5,5,6000628,0.5,0.5,0.01,0.0,1.0,uniform,True,0.001184917334883906,0.00030446144820606147,0.001184917334883906,0.4769338151877177,0.47515822534574204,0.013576250057667494
cvar,500,5,6,6000629,0.5,0.5,0.01,0.0,1.0,uniform,True,0.0006201478030171126,0.00019538380302203118,0.0006201478030171126,0.47730679862916453,0.47727691365931074,0.013741499744355679
cvar,500,5,7,6000630,0.5,0.5,0.01,0.0,1.0,uniform,True,0.0009454965756165445,0.0009454965756165445,0.0008952154502431253,0.4737172119849699,0.47484256953417087,0.013042459264397621
cvar,500,5,8,6000631,0.5,0.5,0.01,0.0,1.0,uniform,True,0.000792214991875706,0.0005477296535317255,0.000792214991875706,0.4763492489760332,0.4767797153228818,0.013246000278741121
cvar,500,5,9,6000632,0.5,0.5,0.01,0.0,1.0,uniform,True,0.0018680207054513898,0.001438889820171596,0.0018680207054513898,0.47392944733471265,0.4766711965943292,0.012919374741613865
cvar,500,5,10,6000633,0.5,0.5,0.01,0.0,1.0,uniform,True,0.0009110834740479468,0.0006836134230827073,0.0009110834740479468,0.47929402334394894,0.47897915393104135,0.012924791779369116
cvar,500,5,11,6000634,0.5,0.5,0.01,0.0,1.0,uniform,True,0.0006700926099979521,0.0006387576262498751,0.0006700926099979521,0.4790200381611159,0.4757234388436203,0.013106917031109333
cvar,500,5,12,6000635,0.5,0.5,0.01,0.0,1.0,uniform,True,0.0006749933551300491,0.00029684743368624256,0.0006749933551300491,0.4781659963078623,0.4815312326031424,0.013400958850979805
cvar,500,5,13,6000636,0.5,0.5,0.01,0.0,1.0,uniform,True,0.0014241346669175425,0.000585320178037696,0.0014241346669175425,0.47539696961472855,0.47786975673740795,0.013146374840289354
cvar,500,5,14,6000637,0.5,0.5,0.01,0.0,1.0,uniform,True,0.0013983382328335847,0.0013983382328335847,0.00023709081812212096,0.47934549922799835,0.4746916764033745,0.012987083289772272
cvar,500,5,15,6000638,0.5,0.5,0.01,0.0,1.0,uniform,True,0.0004697600513043909,0.0004697600513043909,0.00010088803303759386,0.47287676651476673,0.47630583756603845,0.01296075014397502
cvar,500,5,16,6000639,0.5,0.5,0.01,0.0,1.0,uniform,True,0.0019181378613348787,0.00039658569776540586,0.0019181378613348787,0.4760489940080579,0.47565325843088724,0.013177333865314722
cvar,500,5,17,6000640,0.5,0.5,0.01,0.0,1.0,uniform,True,0.0010146852104198634,0.000706143779803492,0.0010146852104198634,0.47668298914710794,0.47551984706722983,0.012869083788245916
cvar,500,5,18,6000641,0.5,0.5,0.01,0.0,1.0,uniform,True,0.00039117483754391724,0.00032433665337422424,0.00039117483754391724,0.4763932622328723,0.47774874310472837,0.013173916842788458
cvar,500,5,19,6000642,0.5,0.5,0.01,0.0,1.0,uniform,True,0.0008150835062875617,5.88769222082397e-05,0.0008150835062875617,0.4753840378905992,0.4757226132749005,0.0129396659322083
cvar,500,5,20,6000643,0.5,0.5,0.01,0.0,1.0,uniform,True,0.001597638030809756,0.001597638030809756,0.0006480442627012084,0.47936556616501497,0.477376540878465,0.013226083014160395
cvar,500,5,21,6000644,0.5,0.5,0.01,0.0,1.0,uniform,True,0.0008285615832639981,0.0003875789496184945,0.0008285615832639981,0.4799691740420434,0.4749126752524354,0.01309420820325613
cvar,500,5,22,6000645,0.5,0.5,0.01,0.0,1.0,uniform,True,0.0009971401071785513,0.00029001666156469597,0.0009971401071785513,0.47601898972327017,0.47645609337076295,0.013249041978269815
cvar,500,5,23,6000646,0.5,0.5,0.01,0.0,1.0,uniform,True,0.0011297605278897116,0.0011297605278897116,0.00046379350968706046,0.4794974635494893,0.47629569069492605,0.013573708012700081
cvar,500,5,24,6000647,0.5,0.5,0.01,0.0,1.0,uniform,True,0.001058474331350756,0.0005833177174096593,0.001058474331350756,0.47505404516525507,0.4775376553425247,0.012404875364154577
cvar,500,5,25,6000648,0.5,0.5,0.01,0.0,1.0,uniform,True,0.00012027098796291158,0.00010578509855940776,0.00012027098796291158,0.47912534335316004,0.4753274871658555,0.013290292117744684
cvar,500,5,26,6000649,0.5,0.5,0.01,0.0,1.0,uniform,True,0.0020709417331894464,0.0020709417331894464,0.002042536659390526,0.4714785806798686,0.4750232238888348,0.01281966594979167
cvar,500,5,27,6000650,0.5,0.5,0.01,0.0,1.0,uniform,True,0.001436497153552374,0.001436497153552374,0.0007036054002175218,0.4769978857256887,0.4756773429121932,0.01295304112136364
cvar,500,5,28,6000651,0.5,0.5,0.01,0.0,1.0,uniform,True,0.0015818455067061477,0.0003326413628750302,0.0015818455067061477,0.47766744639379405,0.4820719437665973,0.012875166721642017
cvar,500,5,29,6000652,0.5,0.5,0.01,0.0,1.0,uniform,True,0.0013370520499873528,0.00037647840342458494,0.0013370520499873528,0.47614855377228416,0.47635758639945286,0.012631082907319069
cvar,500,5,30,6000653,0.5,0.5,0.01,0.0,1.0,uniform,True,0.00106055804404398,0.00011516123567234526,0.00106055804404398,0.4770222940631747,0.48124143426472243,0.012399000115692616
cvar,500,5,31,6000654,0.5,0.5,0.01,0.0,1.0,uniform,True,0.0015723390216490496,0.0015723390216490496,0.00019348713001438034,0.4732821000028916,0.4779589942866098,0.01233266619965434
cvar,500,5,32,6000655,0.5,0.5,0.01,0.0,1.0,uniform,True,0.0008136900385286583,0.0005844166529646588,0.0008136900385286583,0.47821938086352744,0.47477135417287997,0.012487457599490881
cvar,500,5,33,6000656,0.5,0.5,0.01,0.0,1.0,uniform,True,0.0011893080174705806,0.00011605846718937274,0.0011893080174705806,0.47871848966262176,0.47555074483620097,0.012526040896773338
cvar,500,5,34,6000657,0.5,0.5,0.01,0.0,1.0,uniform,True,0.000650631642080346,0.000650631642080346,0.00017424647263875048,0.4763025507470472,0.4719628394276346,0.012372207827866077
cvar,500,5,35,6000658,0.5,0.5,0.01,0.0,1.0,uniform,True,0.001344905649401984,0.0004871384539755774,0.001344905649401984,0.4751050960748841,0.4760522890195573,0.012079333886504173
cvar,500,5,36,6000659,0.5,0.5,0.01,0.0,1.0,uniform,True,0.0009528916204918358,0.0004235230621675301,0.0009528916204918358,0.4787218147113239,0.47256670138041756,0.012388957664370537
cvar,500,5,37,6000660,0.5,0.5,0.01,0.0,1.0,uniform,True,0.0014155574959511807,0.0014155574959511807,0.0006369832645783391,0.4738541979250207,0.474279756618941,0.012406417168676853
cvar,500,5,38,6000661,0.5,0.5,0.01,0.0,1.0,uniform,True,0.0005981193948160213,0.0005981193948160213,0.00024239869312747686,0.4727227937336824,0.4780498140291371,0.012419125065207481
cvar,500,5,39,6000662,0.5,0.5,0.01,0.0,1.0,uniform,True,0.000800322440886625,0.000800322440886625,0.00018871407475201663,0.4792853027257899,0.47777614142306823,0.011933083180338144
cvar,500,5,40,6000663,0.5,0.5,0.01,0.0,1.0,uniform,True,0.0009275959882617535,0.0009275959882617535,0.0005931504116337138,0.47670785761765555,0.4766271970922146,0.012334583327174187
cvar,500,5,41,6000664,0.5,0.5,0.01,0.0,1.0,uniform,True,0.0009037117029532804,0.0009037117029532804,0.0002946670482854574,0.4755950973627958,0.4770815831999738,0.012673042248934507
cvar,500,5,42,6000665,0.5,0.5,0.01,0.0,1.0,uniform,True,0.0006867800455196971,0.0006867800455196971,0.0002891451786090071,0.4804309844550757,0.4822180266663634,0.01356454100459814
cvar,500,5,43,6000666,0.5,0.5,0.01,0.0,1.0,uniform,True,0.0010870403725741773,0.0001523182050860994,0.0010870403725741773,0.4799930036598036,0.4777309756227808,0.013250959105789661
cvar,500,5,44,6000667,0.5,0.5,0.01,0.0,1.0,uniform,True,0.0012161631752949376,0.0012161631752949376,0.0007408195648389571,0.47772367908870406,0.47898415506850833,0.012918374966830015
cvar,500,5,45,6000668,0.5,0.5,0.01,0.0,1.0,uniform,True,0.0009061273910987433,0.0009061273910987433,0.0001808139972858669,0.4820612648628833,0.4788905825737093,0.013425333425402641
cvar,500,5,46,6000669,0.5,0.5,0.01,0.0,1.0,uniform,True,0.0009065765959168082,0.0009065765959168082,0.0006911935317903684,0.4786302387337126,0.47789112594277505,0.012807707767933607
cvar,500,5,47,6000670,0.5,0.5,0.01,0.0,1.0,uniform,True,0.0007148925173894871,0.0003726455827928743,0.0007148925173894871,0.47613750192883963,0.47763170024488677,0.013021124992519617
cvar,500,5,48,6000671,0.5,0.5,0.01,0.0,1.0,uniform,True,0.0004779046808988108,0.00028024710641394446,0.0004779046808988108,0.47809154046522523,0.473594746590964,0.013102083932608366
cvar,500,5,49,6000672,0.5,0.5,0.01,0.0,1.0,uniform,True,0.0003238903719296471,6.980250772503638e-05,0.0003238903719296471,0.47776578415496707,0.4790345694277958,0.01255537522956729
cvar,500,5,50,6000673,0.5,0.5,0.01,0.0,1.0,uniform,True,0.0013586149680941961,0.0013586149680941961,0.0010713120025188094,0.47581952083501755,0.4797164026444156,0.012541249860078096
cvar,500,5,51,6000674,0.5,0.5,0.01,0.0,1.0,uniform,True,0.0023573009484261775,0.0023573009484261775,0.00021909644898421288,0.47597504331676815,0.4821235193980664,0.012917417101562023
cvar,500,5,52,6000675,0.5,0.5,0.01,0.0,1.0,uniform,True,0.0010398048262814097,0.0010343207727011583,0.0010398048262814097,0.480872463058196,0.475318808817487,0.013261375017464161
cvar,500,5,53,6000676,0.5,0.5,0.01,0.0,1.0,uniform,True,0.0008784299222679426,0.0008784299222679426,0.0006262957082362464,0.4749160193261063,0.4765947945941117,0.01319641713052988
cvar,500,5,54,6000677,0.5,0.5,0.01,0.0,1.0,uniform,True,0.001892206479068792,0.001892206479068792,5.254916665509146e-05,0.47749663064457887,0.47517959387491226,0.013238958083093166
cvar,500,5,55,6000678,0.5,0.5,0.01,0.0,1.0,uniform,True,0.000777444869671462,0.000777444869671462,0.0007608510113789602,0.4781231006531696,0.4777747545937489,0.012779166921973228
cvar,500,5,56,6000679,0.5,0.5,0.01,0.0,1.0,uniform,True,0.000817837154752532,0.000817837154752532,0.0005726773519670325,0.47554430515317536,0.47422875530062253,0.012569249607622623
cvar,500,5,57,6000680,0.5,0.5,0.01,0.0,1.0,uniform,True,0.0017860973908914723,0.0017860973908914723,0.00030885222425902636,0.4760938158835273,0.4771004523452486,0.013201875146478415
cvar,500,5,58,6000681,0.5,0.5,0.01,0.0,1.0,uniform,True,0.00024704884774034985,0.000159466162022337,0.00024704884774034985,0.4705768381403671,0.47924298147137595,0.013560749590396881
cvar,500,5,59,6000682,0.5,0.5,0.01,0.0,1.0,uniform,True,0.0005902880774767416,0.00041442536344538095,0.0005902880774767416,0.4719642892982259,0.4759693649983965,0.013702124822884798
cvar,500,5,60,6000683,0.5,0.5,0.01,0.0,1.0,uniform,True,0.001362410939232006,0.0005335582023153207,0.001362410939232006,0.4753839176676288,0.47721190341937714,0.014399208128452301
cvar,500,5,61,6000684,0.5,0.5,0.01,0.0,1.0,uniform,True,0.000582346665789879,0.000582346665789879,0.0002661767666958803,0.47973811985579295,0.47195715262757126,0.013619292061775923
cvar,500,5,62,6000685,0.5,0.5,0.01,0.0,1.0,uniform,True,0.001373260907115481,0.00023562574046881446,0.001373260907115481,0.47850937143475664,0.48028926794980453,0.013196542393416166
cvar,500,5,63,6000686,0.5,0.5,0.01,0.0,1.0,uniform,True,0.0005755517807735644,0.0005755517807735644,0.0003684131448692396,0.4767340372153576,0.4763775705462877,0.012807541992515326
cvar,500,5,64,6000687,0.5,0.5,0.01,0.0,1.0,uniform,True,0.0020324554296299313,0.0020324554296299313,0.0008848424821129575,0.47664858859659637,0.4773845376080175,0.012937291990965605
cvar,500,5,65,6000688,0.5,0.5,0.01,0.0,1.0,uniform,True,0.0008219912351509762,0.0008219912351509762,0.0007945502435659502,0.47715721297999003,0.47587578023611365,0.013388083782047033
cvar,500,5,66,6000689,0.5,0.5,0.01,0.0,1.0,uniform,True,0.0008889998558175849,0.0001263190956470872,0.0008889998558175849,0.47937264842423555,0.4738988646875705,0.01324612507596612
cvar,500,5,67,6000690,0.5,0.5,0.01,0.0,1.0,uniform,True,0.0007187677977048557,0.000517473759943099,0.0007187677977048557,0.4795267063546764,0.4755291318692504,0.013519375119358301
cvar,500,5,68,6000691,0.5,0.5,0.01,0.0,1.0,uniform,True,0.0006555537009559909,0.0006555537009559909,0.0005116115615906858,0.4750462992690861,0.4782556529164753,0.013149500358849764
cvar,500,5,69,6000692,0.5,0.5,0.01,0.0,1.0,uniform,True,0.0009298714494516136,0.0009298714494516136,0.0002625905961816666,0.4750464025821376,0.4812862068007125,0.013483208138495684
cvar,500,5,70,6000693,0.5,0.5,0.01,0.0,1.0,uniform,True,0.0014967334818598577,0.0013631271267652845,0.0014967334818598577,0.4750064323935002,0.4833343974862766,0.013005167245864868
cvar,500,5,71,6000694,0.5,0.5,0.01,0.0,1.0,uniform,True,0.0010670315017690668,0.000146128193953321,0.0010670315017690668,0.47820643771694205,0.48055441309717284,0.013415082823485136
cvar,500,5,72,6000695,0.5,0.5,0.01,0.0,1.0,uniform,True,0.001012103117145502,0.00041058496472612394,0.001012103117145502,0.4765619733264187,0.4780007231400948,0.013301208149641752
cvar,500,5,73,6000696,0.5,0.5,0.01,0.0,1.0,uniform,True,0.0014650385049146952,0.0006162173076955657,0.0014650385049146952,0.4755481799696502,0.4775577730747017,0.013109500054270029
cvar,500,5,74,6000697,0.5,0.5,0.01,0.0,1.0,uniform,True,0.0020614801865534993,0.0020614801865534993,0.0007495293124362701,0.4718109110360694,0.4804285816266923,0.012554625049233437
cvar,500,5,75,6000698,0.5,0.5,0.01,0.0,1.0,uniform,True,0.0006543372125310531,0.0006543372125310531,7.841381171980188e-05,0.4733318046515915,0.47880597872929737,0.012715624645352364
cvar,500,5,76,6000699,0.5,0.5,0.01,0.0,1.0,uniform,True,0.0003374771943341348,0.0002767621815484844,0.0003374771943341348,0.480965997805537,0.4756784328542423,0.013010499998927116
cvar,500,5,77,6000700,0.5,0.5,0.01,0.0,1.0,uniform,True,0.0009345285902492839,0.0006263481499984014,0.0009345285902492839,0.47378201527869157,0.478209847825378,0.012803124729543924
cvar,500,5,78,6000701,0.5,0.5,0.01,0.0,1.0,uniform,True,0.000966824348211659,0.00045810555764075334,0.000966824348211659,0.4756306472796948,0.4741533841269742,0.01265362510457635
cvar,500,5,79,6000702,0.5,0.5,0.01,0.0,1.0,uniform,True,0.0013572448874002996,0.0009144391196135304,0.0013572448874002996,0.47844712669147743,0.47532926970841705,0.012843250297009945
cvar,500,5,80,6000703,0.5,0.5,0.01,0.0,1.0,uniform,True,0.0005147357264986829,0.00046581707599036015,0.0005147357264986829,0.4784326948129562,0.4765536312843771,0.012227250263094902
cvar,500,5,81,6000704,0.5,0.5,0.01,0.0,1.0,uniform,True,0.00039484144562229595,0.00039484144562229595,0.00015844322874114525,0.4755623691417813,0.47587680210091643,0.012533250264823437
cvar,500,5,82,6000705,0.5,0.5,0.01,0.0,1.0,uniform,True,0.0006974856584633926,0.000301174427168871,0.0006974856584633926,0.4829537269078407,0.4779882831604905,0.013063791207969189
cvar,500,5,83,6000706,0.5,0.5,0.01,0.0,1.0,uniform,True,0.0006549316078593992,0.00014914449562586363,0.0006549316078593992,0.4734157429427637,0.4835043204557584,0.01267824973911047
cvar,500,5,84,6000707,0.5,0.5,0.01,0.0,1.0,uniform,True,0.000823116421937109,0.000823116421937109,0.0005198542134798867,0.4735787616586571,0.48149193473726026,0.012631375342607498
cvar,500,5,85,6000708,0.5,0.5,0.01,0.0,1.0,uniform,True,0.001851245241442756,0.001851245241442756,0.00044217667543494654,0.47142251883432207,0.47838973092921744,0.012578833382576704
cvar,500,5,86,6000709,0.5,0.5,0.01,0.0,1.0,uniform,True,0.000677041786768473,0.000677041786768473,6.650225115267805e-05,0.4793987687207797,0.4764618955237805,0.01371008437126875
cvar,500,5,87,6000710,0.5,0.5,0.01,0.0,1.0,uniform,True,0.0017693649348846652,0.0017693649348846652,0.0006134775453046082,0.4763564528606776,0.4766709508476019,0.012772582937031984
cvar,500,5,88,6000711,0.5,0.5,0.01,0.0,1.0,uniform,True,0.001112564175059838,0.001112564175059838,0.0009459610124089024,0.4801188905058244,0.4803410792285703,0.013304915744811296
cvar,500,5,89,6000712,0.5,0.5,0.01,0.0,1.0,uniform,True,0.0004746863619372599,0.0004169100657673841,0.0004746863619372599,0.47768452603998457,0.47812526277471157,0.013190791942179203
cvar,500,5,90,6000713,0.5,0.5,0.01,0.0,1.0,uniform,True,0.0007209908441798696,0.0007209908441798696,0.00012222382721593927,0.47921044033818655,0.4768893353523954,0.013300583232194185
cvar,500,5,91,6000714,0.5,0.5,0.01,0.0,1.0,uniform,True,0.0006471128710556773,0.0006471128710556773,0.0005626647171179666,0.47849745777241415,0.4766600296230573,0.012982874643057585
cvar,500,5,92,6000715,0.5,0.5,0.01,0.0,1.0,uniform,True,0.0008504356404703817,0.0008504356404703817,0.0001977697805818357,0.47580565267758534,0.4743614664693656,0.013201208785176277
cvar,500,5,93,6000716,0.5,0.5,0.01,0.0,1.0,uniform,True,0.0014793857545945532,0.0014793857545945532,0.00021179156796136134,0.4756259220136495,0.4782267754103011,0.013402000069618225
cvar,500,5,94,6000717,0.5,0.5,0.01,0.0,1.0,uniform,True,0.001387804931394454,0.001387804931394454,0.0008251258954369289,0.4695611421302916,0.48173487054585185,0.013224625028669834
cvar,500,5,95,6000718,0.5,0.5,0.01,0.0,1.0,uniform,True,0.000351886632934173,0.000351886632934173,0.00011319021018274533,0.4745271408731567,0.4730682167383938,0.013448459096252918
cvar,500,5,96,6000719,0.5,0.5,0.01,0.0,1.0,uniform,True,0.00047842152634602897,0.00047842152634602897,0.0003918206276584679,0.4746192795867531,0.4810367531385309,0.012788333930075169
cvar,500,5,97,6000720,0.5,0.5,0.01,0.0,1.0,uniform,True,0.0013256839575084278,0.0013256839575084278,0.0008748380421403912,0.47372317568472944,0.4788238401303405,0.013056166935712099
cvar,500,5,98,6000721,0.5,0.5,0.01,0.0,1.0,uniform,True,0.0009750904672529148,0.0003327799298067924,0.0009750904672529148,0.4791340772984416,0.48082181499395227,0.013220416847616434
cvar,500,5,99,6000722,0.5,0.5,0.01,0.0,1.0,uniform,True,0.002066000692411696,0.002066000692411696,0.0007133092690049248,0.4776201355073761,0.4781134966762651,0.013379333075135946
cvar,500,10,0,6001123,0.5,0.5,0.01,0.0,1.0,uniform,True,0.0007085170544879338,0.0001814817992277784,0.0007085170544879338,0.48840413365376606,0.4866528409560137,0.01910254219546914
cvar,500,10,1,6001124,0.5,0.5,0.01,0.0,1.0,uniform,True,0.00037829258973443025,0.00035562726727200733,0.00037829258973443025,0.48990462946413915,0.48832564420408675,0.01914754183962941
cvar,500,10,2,6001125,0.5,0.5,0.01,0.0,1.0,uniform,True,0.00145042377347393,0.00145042377347393,0.0008416078654830961,0.48791229649615453,0.48670664236173744,0.018102250061929226
cvar,500,10,3,6001126,0.5,0.5,0.01,0.0,1.0,uniform,True,0.0009113243044019392,0.0009113243044019392,0.0005297236614887346,0.48904528701784916,0.4876080221512791,0.019115583039820194
cvar,500,10,4,6001127,0.5,0.5,0.01,0.0,1.0,uniform,True,0.0016306028085296687,0.0005539853577412046,0.0016306028085296687,0.4891083580018484,0.48788539144404786,0.018261167220771313
cvar,500,10,5,6001128,0.5,0.5,0.01,0.0,1.0,uniform,True,0.00035801253983036574,0.00031265902129806733,0.00035801253983036574,0.4894614487907205,0.4881181458851046,0.01876500016078353
cvar,500,10,6,6001129,0.5,0.5,0.01,0.0,1.0,uniform,True,0.0011152913544318355,0.0011152913544318355,0.00037608147070727904,0.48730496039630466,0.48733205442082234,0.018573624547570944
cvar,500,10,7,6001130,0.5,0.5,0.01,0.0,1.0,uniform,True,0.0010155530552534708,0.0008625296569975127,0.0010155530552534708,0.4873868907634414,0.48897613181809213,0.018590207677334547
cvar,500,10,8,6001131,0.5,0.5,0.01,0.0,1.0,uniform,True,0.0008315927586898253,0.000560783113481067,0.0008315927586898253,0.48619194992790327,0.4893378872189673,0.0188206247985363
cvar,500,10,9,6001132,0.5,0.5,0.01,0.0,1.0,uniform,True,0.0008308930383579827,0.0008308930383579827,0.000537304528177851,0.48776498323842865,0.48597687848169685,0.017996791750192642
cvar,500,10,10,6001133,0.5,0.5,0.01,0.0,1.0,uniform,True,0.0009853359975233178,0.0009853359975233178,0.0009389516067050407,0.48827206774109183,0.4882676661840356,0.018248042091727257
cvar,500,10,11,6001134,0.5,0.5,0.01,0.0,1.0,uniform,True,0.0010400502603642447,0.0007302662728173037,0.0010400502603642447,0.48716727876824373,0.4889123474337572,0.017952667083591223
cvar,500,10,12,6001135,0.5,0.5,0.01,0.0,1.0,uniform,True,0.001046636343706664,0.001046636343706664,0.0003871270883085698,0.48919288172163716,0.4871448251781336,0.01805212488397956
cvar,500,10,13,6001136,0.5,0.5,0.01,0.0,1.0,uniform,True,0.0007267800439893501,0.0006735212986218042,0.0007267800439893501,0.49053736838695405,0.4878185229144495,0.017020625062286854
cvar,500,10,14,6001137,0.5,0.5,0.01,0.0,1.0,uniform,True,0.0006574763776857617,0.0002553017314050887,0.0006574763776857617,0.4905060876158505,0.4887069042802855,0.017958208918571472
cvar,500,10,15,6001138,0.5,0.5,0.01,0.0,1.0,uniform,True,0.0007369949324091407,0.0007369949324091407,0.0005117049086339476,0.4884503212774432,0.4889317749350511,0.01764104189351201
cvar,500,10,16,6001139,0.5,0.5,0.01,0.0,1.0,uniform,True,0.0015127890085063211,0.0015127890085063211,0.0012351866805835887,0.488698486261103,0.48790122408251035,0.01751933293417096
cvar,500,10,17,6001140,0.5,0.5,0.01,0.0,1.0,uniform,True,0.0009579246466410729,0.0009579246466410729,0.0005448669451215138,0.4868938465788632,0.48984383360728156,0.017820916138589382
cvar,500,10,18,6001141,0.5,0.5,0.01,0.0,1.0,uniform,True,0.0011841554896898088,0.001071347177032278,0.0011841554896898088,0.4898012144113659,0.4882007678911611,0.01620587520301342
cvar,500,10,19,6001142,0.5,0.5,0.01,0.0,1.0,uniform,True,0.0005425319336822554,0.0005425319336822554,0.0004913864939021795,0.4867304973251362,0.48977242794012404,0.017514083068817854
cvar,500,10,20,6001143,0.5,0.5,0.01,0.0,1.0,uniform,True,0.0007564415843755445,0.0006922397531284874,0.0007564415843755445,0.48683512598269707,0.48862076231563,0.01770462514832616
cvar,500,10,21,6001144,0.5,0.5,0.01,0.0,1.0,uniform,True,0.0008631055419640044,0.0002834440298170593,0.0008631055419640044,0.48603664166231464,0.4902399903377538,0.01722379121929407
cvar,500,10,22,6001145,0.5,0.5,0.01,0.0,1.0,uniform,True,0.0007414614264282804,0.0007414614264282804,0.0005499828541263296,0.48761757790465243,0.489219681533941,0.01743912510573864
cvar,500,10,23,6001146,0.5,0.5,0.01,0.0,1.0,uniform,True,0.0009780288261344583,0.0009780288261344583,0.0005742614498617793,0.48657429398686064,0.48599159256721836,0.0177023746073246
cvar,500,10,24,6001147,0.5,0.5,0.01,0.0,1.0,uniform,True,0.0007954238112614642,0.00047846943354890037,0.0007954238112614642,0.48664147011391024,0.48790568644655974,0.017551666125655174
cvar,500,10,25,6001148,0.5,0.5,0.01,0.0,1.0,uniform,True,0.0014489882854891167,0.0014489882854891167,0.0010806589739790762,0.4892135355534929,0.4871124984893368,0.017027333844453096
cvar,500,10,26,6001149,0.5,0.5,0.01,0.0,1.0,uniform,True,0.0007619294199598392,0.0007619294199598392,0.0005383078155188903,0.4869075401393658,0.48823655103421915,0.0168932918459177
cvar,500,10,27,6001150,0.5,0.5,0.01,0.0,1.0,uniform,True,0.0009595303320745763,0.0009595303320745763,0.0009582544695032613,0.4889207369077851,0.4882149308565343,0.016629249788820744
cvar,500,10,28,6001151,0.5,0.5,0.01,0.0,1.0,uniform,True,0.0009625593886207207,0.0009625593886207207,0.000638499093250533,0.4883522802184741,0.487754300847793,0.016574792098253965
cvar,500,10,29,6001152,0.5,0.5,0.01,0.0,1.0,uniform,True,0.0008248390975220121,0.0005312737604133977,0.0008248390975220121,0.48898809262932497,0.48838056430453647,0.017514833714812994
cvar,500,10,30,6001153,0.5,0.5,0.01,0.0,1.0,uniform,True,0.0007127089396915531,0.0005343267068266266,0.0007127089396915531,0.49033195855734973,0.4900201362160491,0.01594945788383484
cvar,500,10,31,6001154,0.5,0.5,0.01,0.0,1.0,uniform,True,0.0009266129131984546,0.0005317837249267376,0.0009266129131984546,0.48861570327743814,0.4891590127276845,0.01687770802527666
cvar,500,10,32,6001155,0.5,0.5,0.01,0.0,1.0,uniform,True,0.0006954795513578471,0.0006149965335622287,0.0006954795513578471,0.48947393012802104,0.48671434470290476,0.017298292368650436
cvar,500,10,33,6001156,0.5,0.5,0.01,0.0,1.0,uniform,True,0.0012178233416940132,0.00030619317711677585,0.0012178233416940132,0.4867871685218824,0.4901646169710171,0.017682249657809734
cvar,500,10,34,6001157,0.5,0.5,0.01,0.0,1.0,uniform,True,0.0006265186731438943,0.00044834075041810806,0.0006265186731438943,0.4866410933335036,0.4880511867522237,0.017367292195558548
cvar,500,10,35,6001158,0.5,0.5,0.01,0.0,1.0,uniform,True,0.0009903532731571074,0.0008194511321629738,0.0009903532731571074,0.488004439150296,0.4864891900743865,0.01677020825445652
cvar,500,10,36,6001159,0.5,0.5,0.01,0.0,1.0,uniform,True,0.0005178214720678587,0.000516453752823054,0.0005178214720678587,0.4867457116061268,0.48788878183656187,0.01723220804706216
cvar,500,10,37,6001160,0.5,0.5,0.01,0.0,1.0,uniform,True,0.0007989645709011173,0.0004955916991797316,0.0007989645709011173,0.49148463281567867,0.49107072988912703,0.01741470815613866
cvar,500,10,38,6001161,0.5,0.5,0.01,0.0,1.0,uniform,True,0.0011479236297411988,0.0011479236297411988,0.0008112140107635613,0.4884073912475998,0.4888499903946396,0.01631616661325097
cvar,500,10,39,6001162,0.5,0.5,0.01,0.0,1.0,uniform,True,0.0008070052548900808,0.0008070052548900808,0.000710040677102175,0.4866631256797374,0.4887275712111657,0.017419665586203337
cvar,500,10,40,6001163,0.5,0.5,0.01,0.0,1.0,uniform,True,0.001902666800029429,0.0007668398013765398,0.001902666800029429,0.49078110756192844,0.4887558140396064,0.017022375017404556
cvar,500,10,41,6001164,0.5,0.5,0.01,0.0,1.0,uniform,True,0.0004980196655104963,0.0004980196655104963,0.00046075421624647284,0.4929527359771953,0.4872994416247086,0.017748833168298006
cvar,500,10,42,6001165,0.5,0.5,0.01,0.0,1.0,uniform,True,0.0009752541235071299,0.000757122452139436,0.0009752541235071299,0.4873984927706305,0.488099996483518,0.017892541829496622
cvar,500,10,43,6001166,0.5,0.5,0.01,0.0,1.0,uniform,True,0.0008420951789255837,0.0006030463248917761,0.0008420951789255837,0.48850576122227163,0.4870608571097666,0.0173397078178823
cvar,500,10,44,6001167,0.5,0.5,0.01,0.0,1.0,uniform,True,0.0009632210493104587,0.0009632210493104587,0.0006294493197142592,0.4872812274720114,0.48917249057775464,0.01709920773282647
cvar,500,10,45,6001168,0.5,0.5,0.01,0.0,1.0,uniform,True,0.000929676705982041,0.000929676705982041,0.0004174847187771169,0.489334748294606,0.4866149782307132,0.018167249858379364
cvar,500,10,46,6001169,0.5,0.5,0.01,0.0,1.0,uniform,True,0.0006078445991020143,0.0005610961648887525,0.0006078445991020143,0.48721741189477213,0.4887046921751681,0.017434250097721815
cvar,500,10,47,6001170,0.5,0.5,0.01,0.0,1.0,uniform,True,0.0008375864337127892,0.0007503679178706424,0.0008375864337127892,0.4890169067009229,0.4873670350267416,0.01831341627985239
cvar,500,10,48,6001171,0.5,0.5,0.01,0.0,1.0,uniform,True,0.0005683201178718345,0.0005683201178718345,0.000471326045583198,0.4872543254827992,0.49033149890408056,0.01832174975425005
cvar,500,10,49,6001172,0.5,0.5,0.01,0.0,1.0,uniform,True,0.001254262945910023,0.0005491310089379975,0.001254262945910023,0.4906891501510036,0.4880075642257047,0.018159416038542986
cvar,500,10,50,6001173,0.5,0.5,0.01,0.0,1.0,uniform,True,0.0022586084258440775,0.00042158749558118824,0.0022586084258440775,0.4868771685689799,0.490716148158551,0.018783750012516975
cvar,500,10,51,6001174,0.5,0.5,0.01,0.0,1.0,uniform,True,0.0010259935903539907,0.0004787603730276868,0.0010259935903539907,0.48710295600000647,0.48667226111945083,0.017933583352714777
cvar,500,10,52,6001175,0.5,0.5,0.01,0.0,1.0,uniform,True,0.001814003795835073,0.001814003795835073,0.0003932740576549354,0.48953732051367693,0.4875725289057237,0.01810516696423292
cvar,500,10,53,6001176,0.5,0.5,0.01,0.0,1.0,uniform,True,0.0012030385309404479,0.0009053442994318428,0.0012030385309404479,0.48972184718686057,0.48718964445940355,0.01806054124608636
cvar,500,10,54,6001177,0.5,0.5,0.01,0.0,1.0,uniform,True,0.0012146670623694455,0.0012146670623694455,0.0006271633949208599,0.48871978482251316,0.4884825966062349,0.01804787525907159
cvar,500,10,55,6001178,0.5,0.5,0.01,0.0,1.0,uniform,True,0.0006356858972543233,0.0004874143849533108,0.0006356858972543233,0.4906841417357609,0.4894729625828799,0.019230958074331284
cvar,500,10,56,6001179,0.5,0.5,0.01,0.0,1.0,uniform,True,0.0009820730840762182,0.0007263602874671427,0.0009820730840762182,0.48735776614325577,0.48684705825153635,0.019770000129938126
cvar,500,10,57,6001180,0.5,0.5,0.01,0.0,1.0,uniform,True,0.0009144689282729046,0.0006680158145478954,0.0009144689282729046,0.4895065310178553,0.48682676742301506,0.019376957789063454
cvar,500,10,58,6001181,0.5,0.5,0.01,0.0,1.0,uniform,True,0.000583672596663809,0.0002119667048979812,0.000583672596663809,0.48780075198265616,0.4878310942161417,0.02029691683128476
cvar,500,10,59,6001182,0.5,0.5,0.01,0.0,1.0,uniform,True,0.0010833783026863442,0.0009451190436786661,0.0010833783026863442,0.48654382015563413,0.48610140084845777,0.017453082837164402
cvar,500,10,60,6001183,0.5,0.5,0.01,0.0,1.0,uniform,True,0.0004656074051362369,0.0004656074051362369,0.00040195177122992476,0.4885409057290585,0.4867891047482039,0.017734458204358816
cvar,500,10,61,6001184,0.5,0.5,0.01,0.0,1.0,uniform,True,0.0014936615236070816,0.0014936615236070816,0.0004954115882333521,0.4863460126561533,0.488808146696046,0.01800570823252201
cvar,500,10,62,6001185,0.5,0.5,0.01,0.0,1.0,uniform,True,0.0018858838162080782,0.0004923124518090294,0.0018858838162080782,0.4910225475227949,0.48740682552757264,0.01784166693687439
cvar,500,10,63,6001186,0.5,0.5,0.01,0.0,1.0,uniform,True,0.001124510522536759,0.0007391104729418951,0.001124510522536759,0.4893622194802808,0.4867100505433458,0.017698499839752913
cvar,500,10,64,6001187,0.5,0.5,0.01,0.0,1.0,uniform,True,0.0020657678023144888,0.00046166904970884604,0.0020657678023144888,0.4887386066631862,0.48973325108605326,0.017261250410228968
cvar,500,10,65,6001188,0.5,0.5,0.01,0.0,1.0,uniform,True,0.0010705976856674182,0.0006289895765522191,0.0010705976856674182,0.4857331562092666,0.4870889056280225,0.017250000033527613
cvar,500,10,66,6001189,0.5,0.5,0.01,0.0,1.0,uniform,True,0.0010348960082058323,0.0007186929575616063,0.0010348960082058323,0.4862604088841963,0.4895067241801525,0.017903749831020832
cvar,500,10,67,6001190,0.5,0.5,0.01,0.0,1.0,uniform,True,0.0009884391538627635,0.0009884391538627635,0.0008510468944690208,0.49124197632501226,0.4877266219997419,0.017449041828513145
cvar,500,10,68,6001191,0.5,0.5,0.01,0.0,1.0,uniform,True,0.0009168349185871283,0.0008947635986156777,0.0009168349185871283,0.4916808925716397,0.4903302917973398,0.017921917140483856
cvar,500,10,69,6001192,0.5,0.5,0.01,0.0,1.0,uniform,True,0.0009089760509942701,0.0006382039704186382,0.0009089760509942701,0.4907473076043782,0.488384487451445,0.017631959170103073
cvar,500,10,70,6001193,0.5,0.5,0.01,0.0,1.0,uniform,True,0.0007051537653121054,0.0007051537653121054,0.0006983932732558817,0.4890577479329872,0.49072946915683696,0.018431417178362608
cvar,500,10,71,6001194,0.5,0.5,0.01,0.0,1.0,uniform,True,0.0009231940269171512,0.0002462419078949063,0.0009231940269171512,0.48848763611746193,0.4870949554201422,0.018468874972313643
cvar,500,10,72,6001195,0.5,0.5,0.01,0.0,1.0,uniform,True,0.0013256233179357313,0.0013256233179357313,0.0006186836782094973,0.4897403497942201,0.48596612990460997,0.01797108305618167
cvar,500,10,73,6001196,0.5,0.5,0.01,0.0,1.0,uniform,True,0.0016305708654542617,0.00102948772707101,0.0016305708654542617,0.4871971605922354,0.4879434546891743,0.018261583987623453
cvar,500,10,74,6001197,0.5,0.5,0.01,0.0,1.0,uniform,True,0.0008844388303584916,0.0008807402589462998,0.0008844388303584916,0.4887867001583248,0.48933592207968707,0.0176599589176476
cvar,500,10,75,6001198,0.5,0.5,0.01,0.0,1.0,uniform,True,0.0010195234273651654,0.0010195234273651654,0.0007577622586908972,0.4891811812274124,0.48697534714664986,0.01787779200822115
cvar,500,10,76,6001199,0.5,0.5,0.01,0.0,1.0,uniform,True,0.0006040489102236979,0.0005683415545363335,0.0006040489102236979,0.48722390801640014,0.48704311508829423,0.01831041695550084
cvar,500,10,77,6001200,0.5,0.5,0.01,0.0,1.0,uniform,True,0.00037110805936746427,0.00037110805936746427,0.00027819219623453906,0.4883752384088268,0.486839572279538,0.018806833773851395
cvar,500,10,78,6001201,0.5,0.5,0.01,0.0,1.0,uniform,True,0.0012423610347616632,0.0008275610593127536,0.0012423610347616632,0.4878015712260716,0.4863305112980835,0.01838049991056323
cvar,500,10,79,6001202,0.5,0.5,0.01,0.0,1.0,uniform,True,0.000963347217167565,0.000963347217167565,0.0005140504953159986,0.4893373052903512,0.4882576004255874,0.018321333918720484
cvar,500,10,80,6001203,0.5,0.5,0.01,0.0,1.0,uniform,True,0.0010874370713315762,0.0001446714365103685,0.0010874370713315762,0.4891417801612524,0.4851262558734502,0.01742708310484886
cvar,500,10,81,6001204,0.5,0.5,0.01,0.0,1.0,uniform,True,0.0006761221492809777,0.0006761221492809777,0.00016608754003100135,0.4887485657304393,0.4876907643875994,0.01769120804965496
cvar,500,10,82,6001205,0.5,0.5,0.01,0.0,1.0,uniform,True,0.0004663213810096045,0.0004327141260639378,0.0004663213810096045,0.48632721867395745,0.48908717872936436,0.01844595791772008
cvar,500,10,83,6001206,0.5,0.5,0.01,0.0,1.0,uniform,True,0.0013138634259555748,0.0007082341276283266,0.0013138634259555748,0.4904202257916285,0.4916635002057993,0.017425541765987873
cvar,500,10,84,6001207,0.5,0.5,0.01,0.0,1.0,uniform,True,0.0007693943598079955,0.0007693943598079955,0.0004781603506803789,0.4894055889648267,0.4881503377928744,0.018746917136013508
cvar,500,10,85,6001208,0.5,0.5,0.01,0.0,1.0,uniform,True,0.001056640998300995,0.001056640998300995,0.0006775087531380453,0.48896515996881557,0.48902337718910893,0.01893137488514185
cvar,500,10,86,6001209,0.5,0.5,0.01,0.0,1.0,uniform,True,0.0008040589331191339,0.0008040589331191339,0.0004630385974839224,0.48839607876907887,0.49026306350430776,0.018220000434666872
cvar,500,10,87,6001210,0.5,0.5,0.01,0.0,1.0,uniform,True,0.0015195169065955194,0.0005836805653642307,0.0015195169065955194,0.48934430702353987,0.4893405675831664,0.017684707883745432
cvar,500,10,88,6001211,0.5,0.5,0.01,0.0,1.0,uniform,True,0.0009528508682291048,0.000925750442499429,0.0009528508682291048,0.488700592922969,0.48852304239097816,0.017772125080227852
cvar,500,10,89,6001212,0.5,0.5,0.01,0.0,1.0,uniform,True,0.0007632508094741475,0.0007632508094741475,0.0006855991484418511,0.4890073653881817,0.4887950597765342,0.018493750132620335
cvar,500,10,90,6001213,0.5,0.5,0.01,0.0,1.0,uniform,True,0.0013269739162046212,0.0013269739162046212,0.0013167752732839433,0.4895277621508673,0.489461335463408,0.017287209164351225
cvar,500,10,91,6001214,0.5,0.5,0.01,0.0,1.0,uniform,True,0.00105734350901171,0.00031173092512581935,0.00105734350901171,0.48858891966546597,0.48976808229474644,0.017234541941434145
cvar,500,10,92,6001215,0.5,0.5,0.01,0.0,1.0,uniform,True,0.0010926904590103925,0.0007499237561071626,0.0010926904590103925,0.48818508017504053,0.4875649065476312,0.017161250114440918
cvar,500,10,93,6001216,0.5,0.5,0.01,0.0,1.0,uniform,True,0.0007625051515070536,0.0007625051515070536,0.00042397056392246,0.4897506611613477,0.49051789518800637,0.018006499856710434
cvar,500,10,94,6001217,0.5,0.5,0.01,0.0,1.0,uniform,True,0.001273089721112175,0.0007668676725932078,0.001273089721112175,0.4869859636484307,0.4880325590655141,0.01704016700387001
cvar,500,10,95,6001218,0.5,0.5,0.01,0.0,1.0,uniform,True,0.001639366180864632,0.0005748249445660103,0.001639366180864632,0.48962199022028624,0.4870225203004348,0.01615629205480218
cvar,500,10,96,6001219,0.5,0.5,0.01,0.0,1.0,uniform,True,0.0009210773276789874,0.0003958159012781848,0.0009210773276789874,0.4883140359121704,0.4886983585505356,0.018696125131100416
cvar,500,10,97,6001220,0.5,0.5,0.01,0.0,1.0,uniform,True,0.0008708334405229667,0.0004430342665405762,0.0008708334405229667,0.4899541437375031,0.48909114475759197,0.01791008422151208
cvar,500,10,98,6001221,0.5,0.5,0.01,0.0,1.0,uniform,True,0.0010917711788233642,0.0010917711788233642,0.0006021449141215829,0.4884423641976076,0.48986704853260316,0.017791834194213152
cvar,500,10,99,6001222,0.5,0.5,0.01,0.0,1.0,uniform,True,0.0006259480463248757,0.0006259480463248757,0.000383327534717981,0.4868636508276466,0.4887032175294363,0.017388958018273115
cvar,500,20,0,6002123,0.5,0.5,0.01,0.0,1.0,uniform,True,0.001264931827269944,0.001264931827269944,0.0005662366239326255,0.4940173924479172,0.4942374568213857,0.025709332898259163
cvar,500,20,1,6002124,0.5,0.5,0.01,0.0,1.0,uniform,True,0.0006628010893686698,0.0006628010893686698,0.0005371736281253314,0.4928070389213368,0.4950401850555316,0.026487291790544987
cvar,500,20,2,6002125,0.5,0.5,0.01,0.0,1.0,uniform,True,0.0011136284933654927,0.0008980675775799307,0.0011136284933654927,0.49386159976717203,0.49474596393575465,0.026023708283901215
cvar,500,20,3,6002126,0.5,0.5,0.01,0.0,1.0,uniform,True,0.0011838829549323249,0.0005329789111711003,0.0011838829549323249,0.494718285164535,0.4950986010287074,0.02405120898038149
cvar,500,20,4,6002127,0.5,0.5,0.01,0.0,1.0,uniform,True,0.0011097963274295242,0.0006226060520842513,0.0011097963274295242,0.4951684299315569,0.4951920840907531,0.026086790952831507
cvar,500,20,5,6002128,0.5,0.5,0.01,0.0,1.0,uniform,True,0.0011563576546952947,0.0008373031818719179,0.0011563576546952947,0.49568993744669754,0.49377419557324587,0.02625787490978837
cvar,500,20,6,6002129,0.5,0.5,0.01,0.0,1.0,uniform,True,0.0012029795188041592,0.0009332597646967145,0.0012029795188041592,0.49427646419586146,0.4944099882229357,0.025065624620765448
cvar,500,20,7,6002130,0.5,0.5,0.01,0.0,1.0,uniform,True,0.001305587581526102,0.0007755854634100001,0.001305587581526102,0.4947496738589939,0.4935175691752278,0.024677999783307314
cvar,500,20,8,6002131,0.5,0.5,0.01,0.0,1.0,uniform,True,0.0013431531820359277,0.0009536226812735804,0.0013431531820359277,0.49360263897696005,0.49442028334458055,0.024990207981318235
cvar,500,20,9,6002132,0.5,0.5,0.01,0.0,1.0,uniform,True,0.000983205781323493,0.000898851121979849,0.000983205781323493,0.49405406201597246,0.4943999361551148,0.024571125395596027
cvar,500,20,10,6002133,0.5,0.5,0.01,0.0,1.0,uniform,True,0.0016702409099768611,0.0009713311400916802,0.0016702409099768611,0.49301782878477585,0.4931597747962688,0.024710332974791527
cvar,500,20,11,6002134,0.5,0.5,0.01,0.0,1.0,uniform,True,0.0010222253953475202,0.0010222253953475202,0.0007919699936113078,0.49478735880181873,0.49361294769532127,0.024834541603922844
cvar,500,20,12,6002135,0.5,0.5,0.01,0.0,1.0,uniform,True,0.0010870523802442578,0.0010870523802442578,0.0009804658762211926,0.49512159898604047,0.4967262466408233,0.024954750202596188
cvar,500,20,13,6002136,0.5,0.5,0.01,0.0,1.0,uniform,True,0.0006505843360857799,0.0005459675170312317,0.0006505843360857799,0.4944492514654437,0.493925110802674,0.02570054167881608
cvar,500,20,14,6002137,0.5,0.5,0.01,0.0,1.0,uniform,True,0.0009087822007529667,0.0009087822007529667,0.000801985620160206,0.4949057218325861,0.4939520825874906,0.02579304063692689
cvar,500,20,15,6002138,0.5,0.5,0.01,0.0,1.0,uniform,True,0.0010219422710972537,0.0005423572780017261,0.0010219422710972537,0.49389467555549466,0.49419624966686304,0.02608954068273306
cvar,500,20,16,6002139,0.5,0.5,0.01,0.0,1.0,uniform,True,0.0016556394195573199,0.0006502652570551382,0.0016556394195573199,0.4949905091629131,0.4936256581901885,0.024253790732473135
cvar,500,20,17,6002140,0.5,0.5,0.01,0.0,1.0,uniform,True,0.0010062935477977986,0.0010062935477977986,0.0005892165808253913,0.49386663807102343,0.49452565808656623,0.0238347090780735
cvar,500,20,18,6002141,0.5,0.5,0.01,0.0,1.0,uniform,True,0.0012698560877090204,0.000630723694117763,0.0012698560877090204,0.49245083204628026,0.4936373271585689,0.024828458204865456
cvar,500,20,19,6002142,0.5,0.5,0.01,0.0,1.0,uniform,True,0.0008616818050059538,0.0007599493352328235,0.0008616818050059538,0.4943507792591477,0.49468473188940293,0.02462762501090765
cvar,500,20,20,6002143,0.5,0.5,0.01,0.0,1.0,uniform,True,0.001142784788413953,0.0007225458821736863,0.001142784788413953,0.4946811657291431,0.49576995483544034,0.02430041693150997
cvar,500,20,21,6002144,0.5,0.5,0.01,0.0,1.0,uniform,True,0.0008670971839352393,0.0007553496330293674,0.0008670971839352393,0.4938483246020722,0.49282179982877866,0.023969125002622604
cvar,500,20,22,6002145,0.5,0.5,0.01,0.0,1.0,uniform,True,0.0014949843205634417,0.00133183280820387,0.0014949843205634417,0.4938672797895996,0.4949444990604215,0.023250875063240528
cvar,500,20,23,6002146,0.5,0.5,0.01,0.0,1.0,uniform,True,0.0007852235943726082,0.0006537120886602188,0.0007852235943726082,0.4946799217752885,0.49319853515554646,0.025504750199615955
cvar,500,20,24,6002147,0.5,0.5,0.01,0.0,1.0,uniform,True,0.0018190906872576629,0.0006956113446703882,0.0018190906872576629,0.4938444887753566,0.4942020455608596,0.024377791676670313
cvar,500,20,25,6002148,0.5,0.5,0.01,0.0,1.0,uniform,True,0.0012037396822279778,0.0008028752926556582,0.0012037396822279778,0.49403703859197357,0.4944515597355883,0.02661220822483301
cvar,500,20,26,6002149,0.5,0.5,0.01,0.0,1.0,uniform,True,0.0012813320007472595,0.0012813320007472595,0.001185909613056424,0.4944822337723698,0.49487915643539016,0.024307165760546923
cvar,500,20,27,6002150,0.5,0.5,0.01,0.0,1.0,uniform,True,0.00110263238820002,0.0006146329380810056,0.00110263238820002,0.493871118976296,0.49312970713991444,0.025335166603326797
cvar,500,20,28,6002151,0.5,0.5,0.01,0.0,1.0,uniform,True,0.0010739646450297347,0.000809527597470383,0.0010739646450297347,0.4950333540473577,0.4939949160662641,0.025220375042408705
cvar,500,20,29,6002152,0.5,0.5,0.01,0.0,1.0,uniform,True,0.0011536231015052412,0.0011536231015052412,0.0008686506859571508,0.49355064574335206,0.4946914705599742,0.02457033284008503
cvar,500,20,30,6002153,0.5,0.5,0.01,0.0,1.0,uniform,True,0.001192760927678338,0.001192760927678338,0.0010893830148041572,0.4932503998593398,0.4933510651313903,0.02416170807555318
cvar,500,20,31,6002154,0.5,0.5,0.01,0.0,1.0,uniform,True,0.0009435738063179322,0.0009435738063179322,0.0008881083516457666,0.4925629487278439,0.49499567818000334,0.02532212482765317
cvar,500,20,32,6002155,0.5,0.5,0.01,0.0,1.0,uniform,True,0.0013291596942464068,0.0008230118280919685,0.0013291596942464068,0.4934998449939326,0.49432604056695484,0.02522650035098195
cvar,500,20,33,6002156,0.5,0.5,0.01,0.0,1.0,uniform,True,0.0009285393927198626,0.00054381865968961,0.0009285393927198626,0.494521114647274,0.49412794479682226,0.026439249981194735
cvar,500,20,34,6002157,0.5,0.5,0.01,0.0,1.0,uniform,True,0.0011457365458451552,0.0011457365458451552,0.0008772670909379388,0.4949311277108379,0.49480164466146903,0.0252641667611897
cvar,500,20,35,6002158,0.5,0.5,0.01,0.0,1.0,uniform,True,0.0008913747720775689,0.0004985708888108897,0.0008913747720775689,0.4944807411333576,0.4950652563313725,0.025431415997445583
cvar,500,20,36,6002159,0.5,0.5,0.01,0.0,1.0,uniform,True,0.0014342593149874738,0.0012227010948593353,0.0014342593149874738,0.4949386417476671,0.4938047478036139,0.024155166000127792
cvar,500,20,37,6002160,0.5,0.5,0.01,0.0,1.0,uniform,True,0.0008077039890802551,0.0008077039890802551,0.0004021134650267211,0.49489951720407954,0.4937895693259612,0.02679774956777692
cvar,500,20,38,6002161,0.5,0.5,0.01,0.0,1.0,uniform,True,0.0010436329375678732,0.000910115180303317,0.0010436329375678732,0.49336009186860375,0.49490537773780124,0.025322749745100737
cvar,500,20,39,6002162,0.5,0.5,0.01,0.0,1.0,uniform,True,0.001201055789180283,0.0010717983696497124,0.001201055789180283,0.4930602051684539,0.49547878384262506,0.024482958018779755
cvar,500,20,40,6002163,0.5,0.5,0.01,0.0,1.0,uniform,True,0.0011064755567233853,0.0009592743472508491,0.0011064755567233853,0.49321476364844796,0.49325596526529153,0.02322150021791458
cvar,500,20,41,6002164,0.5,0.5,0.01,0.0,1.0,uniform,True,0.001003126782639363,0.001003126782639363,0.0009959847234294328,0.4945601649431829,0.4948696019076222,0.024279582779854536
cvar,500,20,42,6002165,0.5,0.5,0.01,0.0,1.0,uniform,True,0.0011277498333152614,0.0004886729196350581,0.0011277498333152614,0.49449394028411375,0.4935241495675395,0.023354292381554842
cvar,500,20,43,6002166,0.5,0.5,0.01,0.0,1.0,uniform,True,0.0013299200202699923,0.0013299200202699923,0.0007278565306656493,0.49358827161067553,0.4944907419369837,0.02446962520480156
cvar,500,20,44,6002167,0.5,0.5,0.01,0.0,1.0,uniform,True,0.001137426547352327,0.0006343048889422276,0.001137426547352327,0.49434890361990624,0.49370906970918393,0.023863458074629307
cvar,500,20,45,6002168,0.5,0.5,0.01,0.0,1.0,uniform,True,0.0010108484718576172,0.0010108484718576172,0.0008216554546547905,0.49470313817372563,0.49485235363462665,0.025866624899208546
cvar,500,20,46,6002169,0.5,0.5,0.01,0.0,1.0,uniform,True,0.0009352297962607614,0.0009352297962607614,0.0006034064350455282,0.49345388010666397,0.49430236353785173,0.025558334309607744
cvar,500,20,47,6002170,0.5,0.5,0.01,0.0,1.0,uniform,True,0.0011953201164655591,0.0007628449468778387,0.0011953201164655591,0.4939304867430917,0.4947497629987978,0.024074125103652477
cvar,500,20,48,6002171,0.5,0.5,0.01,0.0,1.0,uniform,True,0.001454899176352109,0.001004835707314522,0.001454899176352109,0.49422532766245514,0.4947705298061713,0.023779666982591152
cvar,500,20,49,6002172,0.5,0.5,0.01,0.0,1.0,uniform,True,0.001528690354507256,0.001528690354507256,0.0006457700317618609,0.4938190122785551,0.49452526963677357,0.024824750144034624
cvar,500,20,50,6002173,0.5,0.5,0.01,0.0,1.0,uniform,True,0.001055580391184252,0.001055580391184252,0.0008695137933633634,0.4927692520452628,0.49572615822294114,0.02531770756468177
cvar,500,20,51,6002174,0.5,0.5,0.01,0.0,1.0,uniform,True,0.000982020147327789,0.000982020147327789,0.0005972461799813589,0.4942117582762256,0.49453064745986286,0.025541750248521566
cvar,500,20,52,6002175,0.5,0.5,0.01,0.0,1.0,uniform,True,0.0013354201474972682,0.0012526532504580912,0.0013354201474972682,0.4942261546669138,0.49396335610510234,0.023189041763544083
cvar,500,20,53,6002176,0.5,0.5,0.01,0.0,1.0,uniform,True,0.0007667278836966385,0.0007667278836966385,0.0006122064808025129,0.49458950324532597,0.4950038057303129,0.026072582695633173
cvar,500,20,54,6002177,0.5,0.5,0.01,0.0,1.0,uniform,True,0.0010168515286334556,0.0010168515286334556,0.0007888638065784992,0.4948451815844473,0.49464344396053705,0.025749665684998035
cvar,500,20,55,6002178,0.5,0.5,0.01,0.0,1.0,uniform,True,0.0013384035848194031,0.0013384035848194031,0.000901936537265724,0.4949213920566332,0.4948027661916071,0.02535733301192522
cvar,500,20,56,6002179,0.5,0.5,0.01,0.0,1.0,uniform,True,0.0007839935170253498,0.0007839935170253498,0.0006573506743179358,0.4939254256468204,0.49457975153926603,0.02502637542784214
cvar,500,20,57,6002180,0.5,0.5,0.01,0.0,1.0,uniform,True,0.0009875278750677285,0.0009847777043590078,0.0009875278750677285,0.4939290566674678,0.49362956347249815,0.025035499595105648
cvar,500,20,58,6002181,0.5,0.5,0.01,0.0,1.0,uniform,True,0.0011583624439028828,0.0011421568028593398,0.0011583624439028828,0.49407492763210115,0.4946701471546407,0.024676333647221327
cvar,500,20,59,6002182,0.5,0.5,0.01,0.0,1.0,uniform,True,0.0006498715796829369,0.0006498715796829369,0.0006211150600670678,0.49408539942692575,0.4934670177328683,0.0259424583055079
cvar,500,20,60,6002183,0.5,0.5,0.01,0.0,1.0,uniform,True,0.0008929716044893676,0.0008929716044893676,0.0006846272471317527,0.49485815107371667,0.4944505750962733,0.025865207891911268
cvar,500,20,61,6002184,0.5,0.5,0.01,0.0,1.0,uniform,True,0.0008233504640798861,0.0006888965149590698,0.0008233504640798861,0.4952227043620053,0.4951912640481364,0.02513841586187482
cvar,500,20,62,6002185,0.5,0.5,0.01,0.0,1.0,uniform,True,0.0009514106652599441,0.0009514106652599441,0.000861303622841092,0.4954718799238462,0.4959497154503233,0.024339042138308287
cvar,500,20,63,6002186,0.5,0.5,0.01,0.0,1.0,uniform,True,0.0008165564771152045,0.0008165564771152045,0.0006135535510801704,0.49399085759050587,0.49603891049737026,0.024392208084464073
cvar,500,20,64,6002187,0.5,0.5,0.01,0.0,1.0,uniform,True,0.0009934958444386965,0.0006451770986994343,0.0009934958444386965,0.4941810794304703,0.49463409096941213,0.024846708867698908
cvar,500,20,65,6002188,0.5,0.5,0.01,0.0,1.0,uniform,True,0.001288383537769,0.0007883463108609434,0.001288383537769,0.4937678936655311,0.49433738294586754,0.02441954193636775
cvar,500,20,66,6002189,0.5,0.5,0.01,0.0,1.0,uniform,True,0.0007593882590869461,0.0007593882590869461,0.0006361291016272475,0.49489451274133767,0.49335912603773757,0.02425158303231001
cvar,500,20,67,6002190,0.5,0.5,0.01,0.0,1.0,uniform,True,0.0012970299117457396,0.0012970299117457396,0.0007696499249366662,0.4943408872646866,0.49421682207662715,0.02471699984744191
cvar,500,20,68,6002191,0.5,0.5,0.01,0.0,1.0,uniform,True,0.0014035796627945851,0.0014035796627945851,0.0007393569326958338,0.49322636274188525,0.49329932703553786,0.02429079171270132
cvar,500,20,69,6002192,0.5,0.5,0.01,0.0,1.0,uniform,True,0.0006778491142407916,0.0006778491142407916,0.0003081349022591162,0.4937240833134889,0.4946148522731736,0.026795709040015936
cvar,500,20,70,6002193,0.5,0.5,0.01,0.0,1.0,uniform,True,0.0010330144320951362,0.0006468214543227102,0.0010330144320951362,0.49450484573907777,0.4948576401782586,0.02497458318248391
cvar,500,20,71,6002194,0.5,0.5,0.01,0.0,1.0,uniform,True,0.0008769525856095473,0.0008769525856095473,0.0008361482028960143,0.49434215623074007,0.4947131814273018,0.02513449965044856
cvar,500,20,72,6002195,0.5,0.5,0.01,0.0,1.0,uniform,True,0.0009399933281953876,0.0009399933281953876,0.0007414916353867818,0.49460286500547274,0.49364824099470633,0.025979542173445225
cvar,500,20,73,6002196,0.5,0.5,0.01,0.0,1.0,uniform,True,0.0011980295866396706,0.0011980295866396706,0.0005463879705795427,0.4934570001876745,0.49376126342362103,0.025694292038679123
cvar,500,20,74,6002197,0.5,0.5,0.01,0.0,1.0,uniform,True,0.0010827688196062835,0.0010827688196062835,0.0009591025090746608,0.49417069524203805,0.4951814356279262,0.023609749972820282
cvar,500,20,75,6002198,0.5,0.5,0.01,0.0,1.0,uniform,True,0.0013361181314999193,0.0011870171007216102,0.0013361181314999193,0.49437270016820867,0.4936440678239084,0.0246720421127975
cvar,500,20,76,6002199,0.5,0.5,0.01,0.0,1.0,uniform,True,0.0011812022989656779,0.0011812022989656779,0.0006069523348989914,0.49384986430583033,0.49455030200816424,0.02477274974808097
cvar,500,20,77,6002200,0.5,0.5,0.01,0.0,1.0,uniform,True,0.0010687634933587709,0.0010687634933587709,0.0003009116318185012,0.49460012942076875,0.4948260328738668,0.025123709347099066
cvar,500,20,78,6002201,0.5,0.5,0.01,0.0,1.0,uniform,True,0.00125101539972311,0.0006524596666574456,0.00125101539972311,0.4950722599175628,0.4944463039003803,0.024718417320400476
cvar,500,20,79,6002202,0.5,0.5,0.01,0.0,1.0,uniform,True,0.0010833928886321287,0.0010313616241122703,0.0010833928886321287,0.49382503248830667,0.4937049142829616,0.02591304201632738
cvar,500,20,80,6002203,0.5,0.5,0.01,0.0,1.0,uniform,True,0.0009100967285070038,0.0009100967285070038,0.0007943050750410796,0.4931424614240395,0.4937253712952765,0.024398790672421455
cvar,500,20,81,6002204,0.5,0.5,0.01,0.0,1.0,uniform,True,0.0010062252021485474,0.0008152055211141929,0.0010062252021485474,0.49496702744327514,0.4934540418667053,0.025556917302310467
cvar,500,20,82,6002205,0.5,0.5,0.01,0.0,1.0,uniform,True,0.0013524803147009212,0.0010405649098426117,0.0013524803147009212,0.49429194228170903,0.4931291105412886,0.024907040875405073
cvar,500,20,83,6002206,0.5,0.5,0.01,0.0,1.0,uniform,True,0.0008597344106320293,0.0008597344106320293,0.0007121961483299022,0.494573106024302,0.493583459257426,0.02316137496381998
cvar,500,20,84,6002207,0.5,0.5,0.01,0.0,1.0,uniform,True,0.0011529242429201836,0.0011529242429201836,0.0008044133304389023,0.49323233881792783,0.49340031752730673,0.024677833076566458
cvar,500,20,85,6002208,0.5,0.5,0.01,0.0,1.0,uniform,True,0.000923033654471328,0.000923033654471328,0.0006148670610227613,0.49448427408429807,0.49522054005935195,0.024464665912091732
cvar,500,20,86,6002209,0.5,0.5,0.01,0.0,1.0,uniform,True,0.001080809815242667,0.001080809815242667,0.0009045147269740039,0.49425667263225764,0.4947176890886602,0.023237459361553192
cvar,500,20,87,6002210,0.5,0.5,0.01,0.0,1.0,uniform,True,0.0009722035424933884,0.0008797968888012431,0.0009722035424933884,0.49481329553766407,0.49449449291146946,0.023889416363090277
cvar,500,20,88,6002211,0.5,0.5,0.01,0.0,1.0,uniform,True,0.0011216427123035277,0.0011216427123035277,0.0005331766391717396,0.4948192266219432,0.49500394659226477,0.02356637455523014
cvar,500,20,89,6002212,0.5,0.5,0.01,0.0,1.0,uniform,True,0.0011795336713804616,0.0011795336713804616,0.0005197124857020397,0.4948684502073446,0.49471120595321316,0.02432920876890421
cvar,500,20,90,6002213,0.5,0.5,0.01,0.0,1.0,uniform,True,0.0013606989584107332,0.0011148616038033077,0.0013606989584107332,0.49445610035114795,0.4940408496229855,0.024656166788190603
cvar,500,20,91,6002214,0.5,0.5,0.01,0.0,1.0,uniform,True,0.0009654211406410762,0.0007901841571568702,0.0009654211406410762,0.49476260128686245,0.4946900068632498,0.025849500205367804
cvar,500,20,92,6002215,0.5,0.5,0.01,0.0,1.0,uniform,True,0.0007377136673690776,0.0006266252416125551,0.0007377136673690776,0.49418761226283364,0.4953752906883161,0.026180624961853027
cvar,500,20,93,6002216,0.5,0.5,0.01,0.0,1.0,uniform,True,0.0014697933721510847,0.0013812723742174238,0.0014697933721510847,0.4951291146464883,0.49416012188738795,0.024313250090926886
cvar,500,20,94,6002217,0.5,0.5,0.01,0.0,1.0,uniform,True,0.0010080200358305036,0.0010080200358305036,0.0007795347605967229,0.492689098693176,0.49363323111895896,0.026505165733397007
cvar,500,20,95,6002218,0.5,0.5,0.01,0.0,1.0,uniform,True,0.0008252684806458466,0.0005528899647322394,0.0008252684806458466,0.4942175429069453,0.4940090086522358,0.02589333290234208
cvar,500,20,96,6002219,0.5,0.5,0.01,0.0,1.0,uniform,True,0.00069157094686223,0.0006490643420993814,0.00069157094686223,0.49340600756893194,0.49497761234076476,0.025976667180657387
cvar,500,20,97,6002220,0.5,0.5,0.01,0.0,1.0,uniform,True,0.0010862577664072504,0.0010862577664072504,0.0010183067806969204,0.49387983327149143,0.4944782849013828,0.024681540671736002
cvar,500,20,98,6002221,0.5,0.5,0.01,0.0,1.0,uniform,True,0.0009486815722721254,0.0009486815722721254,0.0008150054660852613,0.49503128342356995,0.4934160693414461,0.025236541870981455
cvar,500,20,99,6002222,0.5,0.5,0.01,0.0,1.0,uniform,True,0.0009361271602044696,0.0009361271602044696,0.0006914721958346526,0.4940310345478487,0.4936120777642732,0.02535362495109439
cvar,500,50,0,6005123,0.5,0.5,0.01,0.0,1.0,uniform,True,0.0013188848575782508,0.0008349367151354592,0.0013188848575782508,0.4975102312693791,0.4977690421550186,0.04348629107698798
cvar,500,50,1,6005124,0.5,0.5,0.01,0.0,1.0,uniform,True,0.0009246542975191452,0.0009246542975191452,0.000805890387956032,0.49764693482261535,0.49724020000743374,0.04727958329021931
cvar,500,50,2,6005125,0.5,0.5,0.01,0.0,1.0,uniform,True,0.0011172464036342533,0.0011172464036342533,0.0009733772158588838,0.4976941181951605,0.49765741262292684,0.04486849997192621
cvar,500,50,3,6005126,0.5,0.5,0.01,0.0,1.0,uniform,True,0.0009565586438525231,0.0009195734063710548,0.0009565586438525231,0.4983453761905521,0.49752077610597123,0.044451292138546705
cvar,500,50,4,6005127,0.5,0.5,0.01,0.0,1.0,uniform,True,0.000794586163973432,0.0007169375886672547,0.000794586163973432,0.49784274993818056,0.4975269268821464,0.04634429095312953
cvar,500,50,5,6005128,0.5,0.5,0.01,0.0,1.0,uniform,True,0.0011734855719612303,0.0010351586516440525,0.0011734855719612303,0.49788122224272524,0.49794238973918553,0.04481724975630641
cvar,500,50,6,6005129,0.5,0.5,0.01,0.0,1.0,uniform,True,0.0011810569698308404,0.0011810569698308404,0.0009152017212507024,0.4977351410834501,0.49769815503284587,0.04167416598647833
cvar,500,50,7,6005130,0.5,0.5,0.01,0.0,1.0,uniform,True,0.0009857843558839785,0.0009857843558839785,0.0007419428411965523,0.4976434238803704,0.49762996881817056,0.046702582854777575
cvar,500,50,8,6005131,0.5,0.5,0.01,0.0,1.0,uniform,True,0.0010026224417773455,0.0010026224417773455,0.0009983761260719537,0.4983082993785523,0.4976693000524761,0.04717512521892786
cvar,500,50,9,6005132,0.5,0.5,0.01,0.0,1.0,uniform,True,0.0009979531828148147,0.0006221955596412698,0.0009979531828148147,0.4972879784753087,0.4977503989775599,0.05665925005450845
cvar,500,50,10,6005133,0.5,0.5,0.01,0.0,1.0,uniform,True,0.0009066456923437771,0.0004655847185341955,0.0009066456923437771,0.49800373246607244,0.4980744023582252,0.051603375002741814
cvar,500,50,11,6005134,0.5,0.5,0.01,0.0,1.0,uniform,True,0.0008405975958738487,0.0008405975958738487,0.0007881050870429118,0.49776361576961636,0.4976489913184366,0.051076916977763176
cvar,500,50,12,6005135,0.5,0.5,0.01,0.0,1.0,uniform,True,0.0010625817135547777,0.0010625817135547777,0.000796257197302308,0.49739089200560294,0.4971301160643642,0.04730258323252201
cvar,500,50,13,6005136,0.5,0.5,0.01,0.0,1.0,uniform,True,0.0009292438885797338,0.0007417430217330767,0.0009292438885797338,0.49777983596004416,0.4976375373655041,0.050539541989564896
cvar,500,50,14,6005137,0.5,0.5,0.01,0.0,1.0,uniform,True,0.0012001808717635454,0.00094716419406915,0.0012001808717635454,0.49814418866002647,0.49778043487141166,0.04678833298385143
cvar,500,50,15,6005138,0.5,0.5,0.01,0.0,1.0,uniform,True,0.001115791298305746,0.001115791298305746,0.0011124837690867362,0.4974742817054103,0.4978259489029208,0.04728395817801356
cvar,500,50,16,6005139,0.5,0.5,0.01,0.0,1.0,uniform,True,0.001194803974740144,0.000724317607686098,0.001194803974740144,0.49717262486024355,0.49750275607888816,0.04891141690313816
cvar,500,50,17,6005140,0.5,0.5,0.01,0.0,1.0,uniform,True,0.000997269260819722,0.0009224904413663859,0.000997269260819722,0.4977610871239869,0.4978737087925826,0.04698045924305916
cvar,500,50,18,6005141,0.5,0.5,0.01,0.0,1.0,uniform,True,0.0007797821987861053,0.0006696100842741304,0.0007797821987861053,0.49817137585325877,0.49764035005020374,0.05056745791807771
cvar,500,50,19,6005142,0.5,0.5,0.01,0.0,1.0,uniform,True,0.0010842110241731095,0.0009997982657452553,0.0010842110241731095,0.49792063194389724,0.49757032193590456,0.04639287479221821
cvar,500,50,20,6005143,0.5,0.5,0.01,0.0,1.0,uniform,True,0.0008414805126233382,0.0008414805126233382,0.0007247828269837941,0.49762787531774355,0.4979090705297542,0.04893512511625886
cvar,500,50,21,6005144,0.5,0.5,0.01,0.0,1.0,uniform,True,0.0009472372583157473,0.0005611513769973597,0.0009472372583157473,0.49780302333910736,0.49770467653693634,0.04924366716295481
cvar,500,50,22,6005145,0.5,0.5,0.01,0.0,1.0,uniform,True,0.0010617583300199795,0.0010617583300199795,0.0010509272318995344,0.49735264954975433,0.4978513246284931,0.04513066727668047
cvar,500,50,23,6005146,0.5,0.5,0.01,0.0,1.0,uniform,True,0.001207732680156448,0.001207732680156448,0.0009480869420499527,0.49803110183944627,0.49746816796637405,0.04639562498778105
cvar,500,50,24,6005147,0.5,0.5,0.01,0.0,1.0,uniform,True,0.0011295579674902578,0.0009559406749570787,0.0011295579674902578,0.4980820037999856,0.49792312581453035,0.043743833899497986
cvar,500,50,25,6005148,0.5,0.5,0.01,0.0,1.0,uniform,True,0.0013790973409653073,0.0013790973409653073,0.001036917265460402,0.49760013171328854,0.4978524889041548,0.044306875206530094
cvar,500,50,26,6005149,0.5,0.5,0.01,0.0,1.0,uniform,True,0.0008444884085422322,0.0007738888650954401,0.0008444884085422322,0.49792087933402684,0.49805461789922323,0.05076220910996199
cvar,500,50,27,6005150,0.5,0.5,0.01,0.0,1.0,uniform,True,0.0009826029871962128,0.0009826029871962128,0.0006691534274021471,0.4980700348741347,0.4976817218004207,0.04769183276221156
cvar,500,50,28,6005151,0.5,0.5,0.01,0.0,1.0,uniform,True,0.0012874219124293096,0.0012874219124293096,0.0006400446442709207,0.49798068445532223,0.4977207940676942,0.046842874959111214
cvar,500,50,29,6005152,0.5,0.5,0.01,0.0,1.0,uniform,True,0.0012217095014099288,0.0012217095014099288,0.0006983056647142383,0.4973413231984888,0.49751840743066034,0.04703474976122379
cvar,500,50,30,6005153,0.5,0.5,0.01,0.0,1.0,uniform,True,0.0011693179124807607,0.0011239357260382499,0.0011693179124807607,0.497987407825884,0.49806638088226074,0.044109000358730555
cvar,500,50,31,6005154,0.5,0.5,0.01,0.0,1.0,uniform,True,0.001046361083530567,0.0009000221258806396,0.001046361083530567,0.49799031333124044,0.497781753064682,0.05057029100134969
cvar,500,50,32,6005155,0.5,0.5,0.01,0.0,1.0,uniform,True,0.0010279327831453355,0.0010233247749697472,0.0010279327831453355,0.4975420112224402,0.4978406540382653,0.0490713338367641
cvar,500,50,33,6005156,0.5,0.5,0.01,0.0,1.0,uniform,True,0.0011947938399937685,0.0009449781003608715,0.0011947938399937685,0.49794278479933246,0.4975399140218547,0.04745704215019941
cvar,500,50,34,6005157,0.5,0.5,0.01,0.0,1.0,uniform,True,0.000955614055049625,0.000955614055049625,0.0008547977540825369,0.49774157408181136,0.4979470600946153,0.04747550003230572
cvar,500,50,35,6005158,0.5,0.5,0.01,0.0,1.0,uniform,True,0.0009133754128793359,0.0009133754128793359,0.0008601370051175561,0.4981627431765851,0.4974551643203172,0.046025834046304226
cvar,500,50,36,6005159,0.5,0.5,0.01,0.0,1.0,uniform,True,0.001130734816720269,0.001130734816720269,0.0008968943000781104,0.4973549489386593,0.4980561752489109,0.04582516709342599
cvar,500,50,37,6005160,0.5,0.5,0.01,0.0,1.0,uniform,True,0.0009408900583680047,0.0007859553446761813,0.0009408900583680047,0.4980931290644074,0.4980190846566177,0.046804750338196754
cvar,500,50,38,6005161,0.5,0.5,0.01,0.0,1.0,uniform,True,0.0009654379429790416,0.0009654379429790416,0.000820549845581886,0.4976675824517141,0.497570011231119,0.04963816702365875
cvar,500,50,39,6005162,0.5,0.5,0.01,0.0,1.0,uniform,True,0.00118485960624104,0.0006110522920322881,0.00118485960624104,0.4975357539859099,0.4980306808798556,0.04723925003781915
cvar,500,50,40,6005163,0.5,0.5,0.01,0.0,1.0,uniform,True,0.001312303612182264,0.0006799475228432272,0.001312303612182264,0.49746336829201837,0.4972008872151012,0.0464478749781847
cvar,500,50,41,6005164,0.5,0.5,0.01,0.0,1.0,uniform,True,0.0008511578535803643,0.0008511578535803643,0.0008173714060578097,0.49829077211268014,0.49734411277468027,0.04595175012946129
cvar,500,50,42,6005165,0.5,0.5,0.01,0.0,1.0,uniform,True,0.0009586671722750517,0.0009410399917540446,0.0009586671722750517,0.4976406145043392,0.4973724336724798,0.04491537483409047
cvar,500,50,43,6005166,0.5,0.5,0.01,0.0,1.0,uniform,True,0.0010670971610590163,0.0009282702749138783,0.0010670971610590163,0.49789529784834213,0.49769427200101835,0.04421850014477968
cvar,500,50,44,6005167,0.5,0.5,0.01,0.0,1.0,uniform,True,0.0010313770577881631,0.0009576578923613521,0.0010313770577881631,0.49763489154814644,0.4975808879520766,0.046446125023067
cvar,500,50,45,6005168,0.5,0.5,0.01,0.0,1.0,uniform,True,0.0010966701465256468,0.0010966701465256468,0.0009740805698479904,0.4979102067605521,0.4975716609822046,0.0444644158706069
cvar,500,50,46,6005169,0.5,0.5,0.01,0.0,1.0,uniform,True,0.0011949373242785,0.0011949373242785,0.0011710351832907584,0.4981274575145921,0.4980407200579009,0.06186670809984207
cvar,500,50,47,6005170,0.5,0.5,0.01,0.0,1.0,uniform,True,0.0011095370278001448,0.0011095370278001448,0.0008360057683270972,0.497601281959291,0.4975756326057895,0.11192016582936049
cvar,500,50,48,6005171,0.5,0.5,0.01,0.0,1.0,uniform,True,0.000827111457876617,0.000751049350962707,0.000827111457876617,0.4977735040341681,0.4978676540449213,0.19548829225823283
cvar,500,50,49,6005172,0.5,0.5,0.01,0.0,1.0,uniform,True,0.0011739585049653778,0.0011739585049653778,0.0006077944601897145,0.4974021319107761,0.4977030698622821,0.06923741614446044
cvar,500,50,50,6005173,0.5,0.5,0.01,0.0,1.0,uniform,True,0.0010926408219508188,0.0010926408219508188,0.0009010650658652919,0.4972459851890729,0.49800356132854895,0.05041562533006072
cvar,500,50,51,6005174,0.5,0.5,0.01,0.0,1.0,uniform,True,0.0008033799321190971,0.0007212952152784169,0.0008033799321190971,0.497683625082199,0.49798701891929353,0.05798095837235451
cvar,500,50,52,6005175,0.5,0.5,0.01,0.0,1.0,uniform,True,0.0007766807715519075,0.0007766807715519075,0.00076331067199642,0.4978406731066355,0.4976317616306579,0.06635520793497562
cvar,500,50,53,6005176,0.5,0.5,0.01,0.0,1.0,uniform,True,0.000761128355128593,0.000761128355128593,0.0007264931656814078,0.4982980415407974,0.49788316698611246,0.06838966673240066
cvar,500,50,54,6005177,0.5,0.5,0.01,0.0,1.0,uniform,True,0.0011636588579100327,0.0011636588579100327,0.0010635518365524899,0.4977407611755253,0.497837503745696,0.04837091686204076
cvar,500,50,55,6005178,0.5,0.5,0.01,0.0,1.0,uniform,True,0.001456990723096463,0.001456990723096463,0.0011440138284421475,0.49752576719353575,0.49778690320784913,0.05323737487196922
cvar,500,50,56,6005179,0.5,0.5,0.01,0.0,1.0,uniform,True,0.0009701736388219584,0.0009241111405703939,0.0009701736388219584,0.4977302980352806,0.4979390469323175,0.05307575035840273
cvar,500,50,57,6005180,0.5,0.5,0.01,0.0,1.0,uniform,True,0.0010551044461802328,0.0010551044461802328,0.0007518812116699691,0.49766540247324287,0.49796769426132814,0.05642204079777002
cvar,500,50,58,6005181,0.5,0.5,0.01,0.0,1.0,uniform,True,0.0008224504136616906,0.0007525154831590775,0.0008224504136616906,0.49761433350900897,0.49743443720133096,0.06358329160138965
cvar,500,50,59,6005182,0.5,0.5,0.01,0.0,1.0,uniform,True,0.0012629448722329961,0.0012629448722329961,0.0009202664818542261,0.4977933318545239,0.498107731900009,0.058605541940778494
cvar,500,50,60,6005183,0.5,0.5,0.01,0.0,1.0,uniform,True,0.0011920269428377095,0.0011920269428377095,0.0010921909381459982,0.49771220867515575,0.4980121234575844,0.05246062483638525
cvar,500,50,61,6005184,0.5,0.5,0.01,0.0,1.0,uniform,True,0.000995578335752756,0.0009689160380890738,0.000995578335752756,0.49809902213206686,0.4976843575055681,0.050508083775639534
cvar,500,50,62,6005185,0.5,0.5,0.01,0.0,1.0,uniform,True,0.0008393837321979958,0.0008204071678391545,0.0008393837321979958,0.49759570400117603,0.49787664202103327,0.05513570783659816
cvar,500,50,63,6005186,0.5,0.5,0.01,0.0,1.0,uniform,True,0.0010123522009076735,0.0010123522009076735,0.0008652957979839448,0.4978906630926836,0.49760109826907517,0.05351824965327978
cvar,500,50,64,6005187,0.5,0.5,0.01,0.0,1.0,uniform,True,0.0010216318299344773,0.000804519274137494,0.0010216318299344773,0.4978888438767831,0.49782373046990075,0.060572000220417976
cvar,500,50,65,6005188,0.5,0.5,0.01,0.0,1.0,uniform,True,0.0012210070091129843,0.0012210070091129843,0.000807955870653243,0.4976081984490608,0.49747005052816773,0.05066995834931731
cvar,500,50,66,6005189,0.5,0.5,0.01,0.0,1.0,uniform,True,0.0009729005956907177,0.0008732206788364949,0.0009729005956907177,0.49759208148527345,0.4974362552964749,0.05220245895907283
cvar,500,50,67,6005190,0.5,0.5,0.01,0.0,1.0,uniform,True,0.0011523489593348035,0.0011523489593348035,0.0011439956011813912,0.49751353378154206,0.4975770554884332,0.05344441719353199
cvar,500,50,68,6005191,0.5,0.5,0.01,0.0,1.0,uniform,True,0.0010118985718882145,0.0010118985718882145,0.0007300368457776596,0.4974458066348505,0.4977897773954507,0.05013175029307604
cvar,500,50,69,6005192,0.5,0.5,0.01,0.0,1.0,uniform,True,0.0009519604287653305,0.000861541324959636,0.0009519604287653305,0.4977343182214853,0.497199377233979,0.0528569589368999
cvar,500,50,70,6005193,0.5,0.5,0.01,0.0,1.0,uniform,True,0.0009232238767735712,0.0009232238767735712,0.000820554401787299,0.49708797218560163,0.49779924502179695,0.049413666129112244
cvar,500,50,71,6005194,0.5,0.5,0.01,0.0,1.0,uniform,True,0.0009061584834370584,0.0009061584834370584,0.0008760913782859814,0.49755749358799567,0.4977231385001,0.048541915602982044
cvar,500,50,72,6005195,0.5,0.5,0.01,0.0,1.0,uniform,True,0.0009167077425207837,0.0008965771513131382,0.0009167077425207837,0.49767575716662366,0.4975128648203897,0.04616395803168416
cvar,500,50,73,6005196,0.5,0.5,0.01,0.0,1.0,uniform,True,0.00103132152354668,0.00103132152354668,0.0008637937755709424,0.498046085551136,0.49751823071487017,0.04675320815294981
cvar,500,50,74,6005197,0.5,0.5,0.01,0.0,1.0,uniform,True,0.0009099330516460502,0.0007467181521856325,0.0009099330516460502,0.4974910192421881,0.4975281272744529,0.05046091694384813
cvar,500,50,75,6005198,0.5,0.5,0.01,0.0,1.0,uniform,True,0.001163420989011843,0.001163420989011843,0.0009489020903458711,0.49753385065877803,0.49760441487052376,0.046260292176157236
cvar,500,50,76,6005199,0.5,0.5,0.01,0.0,1.0,uniform,True,0.0010349299351066765,0.000727214859414349,0.0010349299351066765,0.49773868349976236,0.4977585291452974,0.051681708078831434
cvar,500,50,77,6005200,0.5,0.5,0.01,0.0,1.0,uniform,True,0.0009756865142944715,0.0009756865142944715,0.0009139647728804157,0.49793219594190574,0.49745700859752523,0.044836082961410284
cvar,500,50,78,6005201,0.5,0.5,0.01,0.0,1.0,uniform,True,0.000926345211909485,0.000926345211909485,0.0008545564038260345,0.49779234682446116,0.49738069264688173,0.04846458276733756
cvar,500,50,79,6005202,0.5,0.5,0.01,0.0,1.0,uniform,True,0.0010717398668259603,0.0010717398668259603,0.0009981367840517508,0.4978541023376051,0.49781464349097754,0.045932000037282705
cvar,500,50,80,6005203,0.5,0.5,0.01,0.0,1.0,uniform,True,0.0009353724802655949,0.0009353724802655949,0.0007311687668652977,0.49761769624401625,0.4976191819476618,0.049118957947939634
cvar,500,50,81,6005204,0.5,0.5,0.01,0.0,1.0,uniform,True,0.0008245053722479856,0.0008245053722479856,0.0007684005748436196,0.4977421682268913,0.49792834021454435,0.045911832712590694
cvar,500,50,82,6005205,0.5,0.5,0.01,0.0,1.0,uniform,True,0.0010037333094640166,0.000981586540806878,0.0010037333094640166,0.4974768033531442,0.498212404423406,0.05272779194638133
cvar,500,50,83,6005206,0.5,0.5,0.01,0.0,1.0,uniform,True,0.0012022576796925644,0.0009237210561809372,0.0012022576796925644,0.49813023148605756,0.49752581332030166,0.049652290996164083
cvar,500,50,84,6005207,0.5,0.5,0.01,0.0,1.0,uniform,True,0.000933606294613476,0.000931036741314506,0.000933606294613476,0.49792392164439087,0.49784412063106387,0.05056670820340514
cvar,500,50,85,6005208,0.5,0.5,0.01,0.0,1.0,uniform,True,0.0010793496549146853,0.0007940552991240746,0.0010793496549146853,0.4974356920296731,0.49766596459242124,0.052470916882157326
cvar,500,50,86,6005209,0.5,0.5,0.01,0.0,1.0,uniform,True,0.0011305776195500994,0.001129148215896325,0.0011305776195500994,0.4979276953618637,0.49750794112266583,0.04655570862814784
cvar,500,50,87,6005210,0.5,0.5,0.01,0.0,1.0,uniform,True,0.0010590539293998669,0.0010013518906145658,0.0010590539293998669,0.4976776643799931,0.4981042239121397,0.04750549979507923
cvar,500,50,88,6005211,0.5,0.5,0.01,0.0,1.0,uniform,True,0.000902840821689177,0.000902840821689177,0.0007460999042442906,0.4980220799240758,0.4979192590142082,0.045805458910763264
cvar,500,50,89,6005212,0.5,0.5,0.01,0.0,1.0,uniform,True,0.0010025893152136867,0.0008578376811706478,0.0010025893152136867,0.49746503490258204,0.4979052729372664,0.05250979075208306
cvar,500,50,90,6005213,0.5,0.5,0.01,0.0,1.0,uniform,True,0.0008727373080292811,0.0006761757860831441,0.0008727373080292811,0.4978146861035125,0.4974337557688753,0.05489237513393164
cvar,500,50,91,6005214,0.5,0.5,0.01,0.0,1.0,uniform,True,0.0011458449886355138,0.0011458449886355138,0.0008528546968117334,0.49789327724983873,0.497558329430265,0.05070749996230006
cvar,500,50,92,6005215,0.5,0.5,0.01,0.0,1.0,uniform,True,0.000863048113073972,0.0008189083762503713,0.000863048113073972,0.49740089375114105,0.4978475348405883,0.0514909578487277
cvar,500,50,93,6005216,0.5,0.5,0.01,0.0,1.0,uniform,True,0.001504024849186325,0.001504024849186325,0.0007893361987358349,0.4983748183439949,0.4975378606312765,0.043734916020184755
cvar,500,50,94,6005217,0.5,0.5,0.01,0.0,1.0,uniform,True,0.0009754079725085574,0.0009754079725085574,0.0009461800930666842,0.4975968383895225,0.49744218427695874,0.049795249942690134
cvar,500,50,95,6005218,0.5,0.5,0.01,0.0,1.0,uniform,True,0.0010307333847154876,0.0009997487781790437,0.0010307333847154876,0.49756261621557313,0.49748189781508284,0.047176582738757133
cvar,500,50,96,6005219,0.5,0.5,0.01,0.0,1.0,uniform,True,0.0012990067942000305,0.0012990067942000305,0.0008778519849816924,0.49741432967656496,0.4979455510052856,0.04797112522646785
cvar,500,50,97,6005220,0.5,0.5,0.01,0.0,1.0,uniform,True,0.0009916713470322636,0.0009270084054296968,0.0009916713470322636,0.4975876985669273,0.49713826074748985,0.050637665670365095
cvar,500,50,98,6005221,0.5,0.5,0.01,0.0,1.0,uniform,True,0.0011071566902332575,0.0011071566902332575,0.0009063688865180164,0.49803383179580346,0.4981433054415082,0.05111487489193678
cvar,500,50,99,6005222,0.5,0.5,0.01,0.0,1.0,uniform,True,0.001093490724122681,0.0007993670029659561,0.001093490724122681,0.4978142141305509,0.4976732789912677,0.06070416606962681
