risk,K,n,seed,gamma,alpha,epsilon,epsilon_scr,kappa,tau,max_candidates,n_screen_starts,n_support_starts,screen_maxiter,support_maxiter,stochastic_max_iter,stochastic_minibatch_size,methods,mcp_success,mcp_time_s,mcp_eta,mcp_regret1,mcp_regret2,mcp_has_profile,mcp_error,mcp_solver,mcp_candidate_index,mcp_support_eta,mcp_screen_eta,mcp_support_violation,mcp_residual_norm,mcp_objective,mcp_iterations,mcp_best_certificate_eta,screened_dual_success,screened_dual_time_s,screened_dual_eta,screened_dual_regret1,screened_dual_regret2,screened_dual_has_profile,screened_dual_error,screened_dual_solver,screened_dual_candidate_index,screened_dual_support_eta,screened_dual_screen_eta,screened_dual_support_violation,screened_dual_residual_norm,screened_dual_objective,screened_dual_iterations,screened_dual_best_certificate_eta,action_dual_success,action_dual_time_s,action_dual_eta,action_dual_regret1,action_dual_regret2,action_dual_has_profile,action_dual_error,action_dual_solver,action_dual_candidate_index,action_dual_support_eta,action_dual_screen_eta,action_dual_support_violation,action_dual_residual_norm,action_dual_objective,action_dual_iterations,action_dual_best_certificate_eta,restricted_mcp_success,restricted_mcp_time_s,restricted_mcp_eta,restricted_mcp_regret1,restricted_mcp_regret2,restricted_mcp_has_profile,restricted_mcp_error,restricted_mcp_solver,restricted_mcp_candidate_index,restricted_mcp_support_eta,restricted_mcp_screen_eta,restricted_mcp_support_violation,restricted_mcp_residual_norm,restricted_mcp_objective,restricted_mcp_iterations,restricted_mcp_best_certificate_eta,stochastic_full_batch_success,stochastic_full_batch_time_s,stochastic_full_batch_eta,stochastic_full_batch_regret1,stochastic_full_batch_regret2,stochastic_full_batch_has_profile,stochastic_full_batch_error,stochastic_full_batch_solver,stochastic_full_batch_candidate_index,stochastic_full_batch_support_eta,stochastic_full_batch_screen_eta,stochastic_full_batch_support_violation,stochastic_full_batch_residual_norm,stochastic_full_batch_objective,stochastic_full_batch_iterations,stochastic_full_batch_best_certificate_eta,stochastic_minibatch_success,stochastic_minibatch_time_s,stochastic_minibatch_eta,stochastic_minibatch_regret1,stochastic_minibatch_regret2,stochastic_minibatch_has_profile,stochastic_minibatch_error,stochastic_minibatch_solver,stochastic_minibatch_candidate_index,stochastic_minibatch_support_eta,stochastic_minibatch_screen_eta,stochastic_minibatch_support_violation,stochastic_minibatch_residual_norm,stochastic_minibatch_objective,stochastic_minibatch_iterations,stochastic_minibatch_best_certificate_eta,eta_diff_screened_dual_minus_mcp,time_ratio_screened_dual_over_mcp,x_l1_screened_dual_minus_mcp,y_l1_screened_dual_minus_mcp,eta_diff_action_dual_minus_mcp,time_ratio_action_dual_over_mcp,x_l1_action_dual_minus_mcp,y_l1_action_dual_minus_mcp,eta_diff_restricted_mcp_minus_mcp,time_ratio_restricted_mcp_over_mcp,x_l1_restricted_mcp_minus_mcp,y_l1_restricted_mcp_minus_mcp,eta_diff_stochastic_full_batch_minus_mcp,time_ratio_stochastic_full_batch_over_mcp,x_l1_stochastic_full_batch_minus_mcp,y_l1_stochastic_full_batch_minus_mcp,eta_diff_stochastic_minibatch_minus_mcp,time_ratio_stochastic_minibatch_over_mcp,x_l1_stochastic_minibatch_minus_mcp,y_l1_stochastic_minibatch_minus_mcp,eta_diff_action_dual_minus_screened_dual,time_ratio_action_dual_over_screened_dual,eta_diff_restricted_mcp_minus_action_dual,time_ratio_restricted_mcp_over_action_dual,eta_diff_stochastic_minibatch_minus_full_batch,time_ratio_stochastic_minibatch_over_full_batch
msd,5,5,50623,0.5,nan,0.01,0.006666666666666666,3,5,1000,3,20,1000,1000,1000,3,"mcp,screened_dual,action_dual,restricted_mcp,stochastic_full_batch,stochastic_minibatch",True,0.05784979183226824,0.0,0.0,0.0,True,,pathampl,,nan,nan,nan,nan,nan,,nan,True,0.8816487500444055,0.003696414886521948,0.003696414859012731,0.003696414886521948,True,,,1,0.003696414886521948,-0.08868250444668997,2.3702151352722467e-11,nan,nan,,nan,True,2.0364664997905493,0.0033733314395267833,0.003373331435811089,0.0033733314395267833,True,,,3,0.0033733314395267833,nan,1.0036527164913878e-11,nan,nan,,nan,True,0.15364095801487565,0.007559229287859903,0.0,0.007559229287859903,True,,pathampl,3,0.007559229287859903,nan,nan,nan,nan,,nan,False,53.92686295788735,0.0877019476789016,0.0877019476789016,0.021925431951970165,True,,,,nan,nan,nan,0.17046729465237095,0.01452954927304913,1000,nan,False,55.909871333278716,0.08769988838071363,0.08769988838071363,0.021926292030239325,True,,,,nan,nan,nan,0.17046901370145262,0.014529842316173021,1000,nan,0.003696414886521948,15.240309811324638,0.045938889568668484,0.32650646930153154,0.0033733314395267833,35.202659081214215,2.0,2.0,0.007559229287859903,2.655860170773782,2.0,2.0,0.0877019476789016,932.1876751820445,1.1949105424905415,1.2689773439630472,0.08769988838071363,966.466249271662,1.194873314796521,1.2690294745120054,-0.0003230834469951649,2.309838810170127,0.00418589784833312,0.07544487377065993,-2.0592981879730132e-06,1.036772181184356
msd,5,5,50624,0.5,nan,0.01,0.006666666666666666,3,5,1000,3,20,1000,1000,1000,3,"mcp,screened_dual,action_dual,restricted_mcp,stochastic_full_batch,stochastic_minibatch",True,0.06810604222118855,1.1102230246251565e-16,1.1102230246251565e-16,0.0,True,,pathampl,,nan,nan,nan,nan,nan,,nan,True,2.0012254589237273,0.0,0.0,0.0,True,,,4,0.0,-0.12440998273352263,2.220446049250313e-16,nan,nan,,nan,True,16.320808625314385,1.1102230246251565e-16,1.1102230246251565e-16,0.0,True,,,23,1.1102230246251565e-16,nan,1.6653345369377348e-16,nan,nan,,nan,True,1.139331374783069,1.1102230246251565e-16,1.1102230246251565e-16,0.0,True,,pathampl,23,1.1102230246251565e-16,nan,nan,nan,nan,,nan,False,55.97694241674617,0.056756797518835,0.056756797518835,0.03992512200614695,True,,,,nan,nan,nan,0.12987647205197586,0.008433948996333833,1000,nan,False,57.56431775027886,0.05675801114742074,0.05675801114742074,0.03992415962818141,True,,,,nan,nan,nan,0.12987403519913512,0.008433632509453094,1000,nan,-1.1102230246251565e-16,29.383963502450065,1.1657341758564144e-15,7.398695314263568e-16,0.0,239.63818910969988,1.2312821986378262e-14,6.87130423097732e-17,0.0,16.72878554714504,4.440892098500626e-16,0.0,0.05675679751883489,821.9086088566033,1.1966245663208523,1.1978047933139904,0.05675801114742063,845.2160171534672,1.1967625922328806,1.197747822913352,1.1102230246251565e-16,8.15540725435895,0.0,0.06980851261351777,1.213628585738924e-06,1.0283576641559795
msd,5,5,50625,0.5,nan,0.01,0.006666666666666666,3,5,1000,3,20,1000,1000,1000,3,"mcp,screened_dual,action_dual,restricted_mcp,stochastic_full_batch,stochastic_minibatch",True,0.06419608276337385,0.0,0.0,0.0,True,,pathampl,,nan,nan,nan,nan,nan,,nan,True,2.8888687500730157,0.007324027485684614,0.007324027484920559,0.007324027485684614,True,,,4,0.007324027485684614,-0.1038668941975286,1.31250565971186e-12,nan,nan,,nan,True,0.7640958330594003,0.002307274355653921,0.002307274351467825,0.002307274355653921,True,,,1,0.002307274355653921,nan,3.682301685792311e-11,nan,nan,,nan,True,0.15279829129576683,0.007775904869901151,0.007775904869901151,0.0,True,,pathampl,1,0.007775904869901151,nan,nan,nan,nan,,nan,False,54.894581167027354,0.0662098367196921,0.0662098367196921,0.04304377228129996,True,,,,nan,nan,nan,0.14398707347035353,0.010366138663278492,1000,nan,False,55.75354354083538,0.06621503611689317,0.06621503611689317,0.04304887053955364,True,,,,nan,nan,nan,0.14399097760311147,0.010366700815549874,1000,nan,0.007324027485684614,45.00070137801645,2.0,2.0,0.002307274355653921,11.902530499810249,2.0,2.0,0.007775904869901151,2.380180919433665,2.0,2.0,0.0662098367196921,855.1079568105154,1.5924685445854754,1.6043639550394282,0.06621503611689317,868.4882494519551,1.5925555655137682,1.6043065028747197,-0.005016753130030693,0.26449655528313215,0.00546863051424723,0.1999726797147556,5.199397201061107e-06,1.015647489343155
msd,5,5,50626,0.5,nan,0.01,0.006666666666666666,3,5,1000,3,20,1000,1000,1000,3,"mcp,screened_dual,action_dual,restricted_mcp,stochastic_full_batch,stochastic_minibatch",True,0.059627792332321405,0.0,0.0,0.0,True,,pathampl,,nan,nan,nan,nan,nan,,nan,True,11.395512332674116,2.220446049250313e-16,2.220446049250313e-16,0.0,True,,,6,2.220446049250313e-16,-0.04797155749215507,6.661338147750939e-16,nan,nan,,nan,True,2.311531125102192,0.007808171794879359,0.007808171793992846,0.007808171794879359,True,,,4,0.007808171794879359,nan,2.997269099580535e-12,nan,nan,,nan,True,0.5328317089006305,0.0,0.0,0.0,True,,pathampl,11,0.0,nan,nan,nan,nan,,nan,False,56.52743925014511,0.0737143759097677,0.0737143759097677,0.03072425309661131,True,,,,nan,nan,nan,0.15289708518029022,0.01168875932831446,1000,nan,False,58.330338708125055,0.07370616688561538,0.07370616688561538,0.030707109637653662,True,,,,nan,nan,nan,0.1528725827827087,0.011685013283328063,1000,nan,2.220446049250313e-16,191.11075367613682,9.327385743200706e-15,9.22883494433363e-16,0.007808171794879359,38.76600213905992,1.9999999999999323,2.0,0.0,8.93596237692348,2.498001805406602e-16,0.0,0.0737143759097677,948.0048990427616,1.1885112990126472,1.5980807406233295,0.07370616688561538,978.2407905198754,1.1883025557289058,1.598208745989964,0.007808171794879137,0.20284573941220588,-0.007808171794879359,0.23051028952814734,-8.209024152328048e-06,1.0318942354703484
msd,5,5,50627,0.5,nan,0.01,0.006666666666666666,3,5,1000,3,20,1000,1000,1000,3,"mcp,screened_dual,action_dual,restricted_mcp,stochastic_full_batch,stochastic_minibatch",True,0.08667483367025852,4.884981308350689e-15,7.771561172376096e-16,4.884981308350689e-15,True,,pathampl,,nan,nan,nan,nan,nan,,nan,True,4.6392420418560505,0.00044007173776838826,0.0004400716996592058,0.00044007173776838826,True,,,6,0.00044007173776838826,-0.04695679059952129,5.037337214019999e-11,nan,nan,,nan,True,24.55282508255914,0.00044007173271554123,0.00044007170292759135,0.00044007173271554123,True,,,35,0.00044007173271554123,nan,3.948352755855922e-11,nan,nan,,nan,True,1.7431517918594182,0.0068202864509908645,0.0068202864509908645,1.1102230246251565e-16,True,,pathampl,35,0.0068202864509908645,nan,nan,nan,nan,,nan,False,58.04303808277473,0.08407242826760103,0.08407242826760103,0.03731482101158101,True,,,,nan,nan,nan,0.16267898625635843,0.013232226284698228,1000,nan,False,60.71740625007078,0.08410846752634521,0.08410846752634521,0.0373155531353917,True,,,,nan,nan,nan,0.16274454071842523,0.013242892766825583,1000,nan,0.0004400717377635033,53.52467198847309,0.09353422938064951,3.647082635893639e-14,0.00044007173271065625,283.2751335406849,0.09353422938064956,3.6815934101124623e-14,0.0068202864509859795,20.11139471569082,0.11276654542329323,0.06465637261504742,0.08407242826759614,669.6642569121137,1.1000733964564102,1.1898937971151953,0.08410846752634032,700.5194435222235,1.100166823073087,1.190013467379922,-5.0528470296740124e-12,5.29242166307325,0.006380214718275323,0.0709959764710599,3.603925874418046e-05,1.0460756062334668
msd,5,5,50628,0.5,nan,0.01,0.006666666666666666,3,5,1000,3,20,1000,1000,1000,3,"mcp,screened_dual,action_dual,restricted_mcp,stochastic_full_batch,stochastic_minibatch",True,0.057493249885737896,0.0,0.0,0.0,True,,pathampl,,nan,nan,nan,nan,nan,,nan,True,0.7253787503577769,0.002097812899937712,0.002097812899937712,0.0020978128996800294,True,,,1,0.002097812899937712,-0.01712547843416368,2.3773427670903402e-11,nan,nan,,nan,True,0.8983326670713723,0.007392679395625323,0.007392679388183332,0.007392679395625323,True,,,2,0.007392679395625323,nan,9.870576578308032e-12,nan,nan,,nan,False,1.3471076251007617,nan,nan,nan,False,Cannot load a SolverResults object with bad status: error,,,nan,nan,nan,nan,nan,,nan,False,54.51426441594958,0.10972521293359194,0.10972521293359194,0.02953733276075704,True,,,,nan,nan,nan,0.19480601066147066,0.01897469089491851,1000,nan,False,54.73820591624826,0.10976137485542437,0.10976137485542437,0.02954512193469172,True,,,,nan,nan,nan,0.19485957274933915,0.0189851265460275,1000,nan,0.002097812899937712,12.616763738341367,7.802353207964074e-11,0.3550130245728988,0.007392679395625323,15.625011090114386,2.0,0.7971786719636959,nan,23.43070930549245,nan,nan,0.10972521293359194,948.1854743694478,1.4275963366168414,1.030364811764722,0.10976137485542437,952.0805664149268,1.4275321670462926,1.0304245814421882,0.005294866495687611,1.238432565922685,nan,1.4995643312097593,3.616192183242273e-05,1.0041079431722675
msd,5,5,50629,0.5,nan,0.01,0.006666666666666666,3,5,1000,3,20,1000,1000,1000,3,"mcp,screened_dual,action_dual,restricted_mcp,stochastic_full_batch,stochastic_minibatch",True,0.09011387499049306,0.0,0.0,0.0,True,,pathampl,,nan,nan,nan,nan,nan,,nan,True,3.189123834017664,1.1102230246251565e-16,1.1102230246251565e-16,0.0,True,,,2,1.1102230246251565e-16,-0.04213850236656494,2.42586378861578e-15,nan,nan,,nan,True,3.4135402496904135,0.005555497368267492,0.005555497368267492,0.0055554973682456765,True,,,4,0.005555497368267492,nan,5.573319583618286e-14,nan,nan,,nan,True,104.20973041607067,0.0,0.0,0.0,True,,pathampl,22,0.0,nan,nan,nan,nan,,nan,False,54.70489720907062,0.08338124770133704,0.0813552971153012,0.08338124770133704,True,,,,nan,nan,nan,0.1916145731782626,0.018358072327143878,1000,nan,False,55.907216041814536,0.08339700707758368,0.0813583356689741,0.08339700707758368,True,,,,nan,nan,nan,0.19163504193841674,0.01836199464936937,1000,nan,1.1102230246251565e-16,35.38993117712577,6.938893903907228e-15,0.0,0.005555497368267492,37.880295903938645,1.6477781571158485,1.1974457842888206,0.0,1156.4226976929438,0.0,0.0,0.08338124770133704,607.064086577588,1.2042907549351178,1.5913718911960504,0.08339700707758368,620.406303110511,1.2042472108190112,1.5913516422162997,0.005555497368267381,1.0703693012102415,-0.005555497368267492,30.528343828821658,1.5759376246649026e-05,1.0219782669209467
msd,5,5,50630,0.5,nan,0.01,0.006666666666666666,3,5,1000,3,20,1000,1000,1000,3,"mcp,screened_dual,action_dual,restricted_mcp,stochastic_full_batch,stochastic_minibatch",True,0.065590166952461,5.551115123125783e-17,5.551115123125783e-17,0.0,True,,pathampl,,nan,nan,nan,nan,nan,,nan,True,1.5419630003161728,0.0063012997325919695,0.006301299726645282,0.0063012997325919695,True,,,2,0.0063012997325919695,-0.11058344506095025,1.1854406345435109e-11,nan,nan,,nan,True,1.4478734997101128,0.00045936358426446056,0.00045936352402936587,0.00045936358426446056,True,,,2,0.00045936358426446056,nan,3.2749691847300255e-11,nan,nan,,nan,True,0.12699579214677215,0.0024172819948610202,0.0,0.0024172819948610202,True,,pathampl,2,0.0024172819948610202,nan,nan,nan,nan,,nan,False,73.50705099990591,0.08608482665666661,0.0567899061568396,0.08608482665666661,True,,,,nan,nan,nan,0.21325580478012537,0.022739019136209473,1000,nan,False,63.819518708623946,0.08610214942201078,0.056793914093982045,0.08610214942201078,True,,,,nan,nan,nan,0.21328121810515574,0.022744438998209507,1000,nan,0.006301299732591914,23.50905740846444,0.617911109480321,0.07422086643920214,0.00045936358426440504,22.074551216793132,0.7546820400982881,0.07422086643920212,0.0024172819948609647,1.9362016907018582,0.7939872043608547,0.07422086643920212,0.08608482665666656,1120.7023005930596,1.2068752398587228,1.5170379666087903,0.08610214942201072,973.0043644328516,1.206757872654519,1.517090198680892,-0.005841936148327509,0.9389807014910426,0.0019579184105965597,0.08771193904177313,1.7322765344163216e-05,0.8682094824985651
msd,5,5,50631,0.5,nan,0.01,0.006666666666666666,3,5,1000,3,20,1000,1000,1000,3,"mcp,screened_dual,action_dual,restricted_mcp,stochastic_full_batch,stochastic_minibatch",True,0.07187420781701803,1.1102230246251565e-16,0.0,1.1102230246251565e-16,True,,pathampl,,nan,nan,nan,nan,nan,,nan,True,1.1603135410696268,0.008809348671594885,0.008809348671594885,0.008809348659639782,True,,,1,0.008809348671594885,-0.08912264996549044,1.4307444118344392e-11,nan,nan,,nan,True,2.2006606669165194,0.005180472316242857,0.005180472316242857,0.005180472316237694,True,,,3,0.005180472316242857,nan,6.7390537594747e-14,nan,nan,,nan,True,3.416031540837139,0.0,0.0,0.0,True,,pathampl,53,0.0,nan,nan,nan,nan,,nan,False,74.13534575002268,0.08542937816912927,0.0373863987540633,0.08542937816912927,True,,,,nan,nan,nan,0.14648674476967058,0.010729183196607305,1000,nan,False,61.697467083111405,0.08543435573033303,0.037397918367797545,0.08543435573033303,True,,,,nan,nan,nan,0.1464973753311219,0.010730740489453801,1000,nan,0.008809348671594774,16.143670675628556,2.0,1.3219471556095685,0.005180472316242746,30.618225003872077,1.892396145998669,1.1954670140642607,-1.1102230246251565e-16,47.527919188116705,3.6637359812630166e-15,1.4432899320127035e-15,0.08542937816912916,1031.4596571103948,1.0927583891414216,1.1903276893704466,0.08543435573033292,858.4090031320384,1.0928643379484804,1.1903586897693976,-0.0036288763553520287,1.8966086226037282,-0.005180472316242857,1.5522754562717522,4.9775612037672445e-06,0.832227414048211
msd,5,5,50632,0.5,nan,0.01,0.006666666666666666,3,5,1000,3,20,1000,1000,1000,3,"mcp,screened_dual,action_dual,restricted_mcp,stochastic_full_batch,stochastic_minibatch",True,0.0939265419729054,2.120525977034049e-14,7.438494264988549e-15,2.120525977034049e-14,True,,pathampl,,nan,nan,nan,nan,nan,,nan,True,1.2139909169636667,0.0023154015001579653,0.0023154014958487457,0.0023154015001579653,True,,,1,0.0023154015001579653,-0.07878629587462692,1.1139200672971583e-11,nan,nan,,nan,True,1.6136233326978981,0.003825604314528608,0.003825604314528608,0.0038256042878146435,True,,,2,0.003825604314528608,nan,1.3025858169868343e-11,nan,nan,,nan,True,0.1346540004014969,0.00842741272784836,0.00842741272784836,0.005980260740888088,True,,pathampl,2,0.00842741272784836,nan,nan,nan,nan,,nan,False,76.33408324979246,0.041440949873987165,0.03527499795284306,0.041440949873987165,True,,,,nan,nan,nan,0.13445642688404172,0.009039265365211829,1000,nan,False,59.301969250198454,0.04144689455945483,0.03526885650868539,0.04144689455945483,True,,,,nan,nan,nan,0.13446357207652454,0.009040226107789356,1000,nan,0.00231540150013676,12.92489738751227,0.3362798845949599,1.5109251515413484,0.0038256043145074026,17.179631005295324,1.0113882545338932,0.4890748484586516,0.008427412727827155,1.4336096866031751,0.787371231996634,0.48907484845865157,0.04144094987396596,812.6998146254787,1.2269869163295963,1.1970014923839558,0.04144689455943362,631.3654053963261,1.2269374366403005,1.1970087608900108,0.0015102028143706425,1.3291889668612669,0.004601808413319752,0.08344822343164937,5.9446854676625804e-06,0.7768740610421845
msd,5,5,50633,0.5,nan,0.01,0.006666666666666666,3,5,1000,3,20,1000,1000,1000,3,"mcp,screened_dual,action_dual,restricted_mcp,stochastic_full_batch,stochastic_minibatch",True,0.07482304237782955,1.1102230246251565e-16,1.1102230246251565e-16,1.1102230246251565e-16,True,,pathampl,,nan,nan,nan,nan,nan,,nan,True,5.270081374794245,1.1102230246251565e-16,0.0,1.1102230246251565e-16,True,,,3,1.1102230246251565e-16,-0.07144044930296564,2.220446049250313e-16,nan,nan,,nan,True,9.731043541803956,1.1102230246251565e-16,1.1102230246251565e-16,1.1102230246251565e-16,True,,,12,1.1102230246251565e-16,nan,2.220446049250313e-16,nan,nan,,nan,True,0.7752570826560259,2.220446049250313e-16,5.551115123125783e-17,2.220446049250313e-16,True,,pathampl,12,2.220446049250313e-16,nan,nan,nan,nan,,nan,False,75.20308720879257,0.04224890937907355,0.04224890937907355,0.03208376728952578,True,,,,nan,nan,nan,0.125357728983681,0.007857280107973008,1000,nan,False,55.50324779190123,0.042234806960739224,0.042234806960739224,0.032084583338767736,True,,,,nan,nan,nan,0.12533464582076306,0.00785438672150806,1000,nan,0.0,70.43393595494584,2.0,1.9999999999999998,0.0,130.05410141792515,1.1102230246251565e-15,1.4988010832439613e-15,1.1102230246251565e-16,10.36120769777384,7.216449660063518e-16,6.106226635438361e-16,0.04224890937907344,1005.0792485694972,1.1969094835352583,1.2015293612116706,0.04223480696073911,741.7935174518796,1.1967529093726401,1.2015944370044893,0.0,1.846469314182815,1.1102230246251565e-16,0.07966844247747631,-1.410241833432746e-05,0.7380448044347296
msd,5,5,50634,0.5,nan,0.01,0.006666666666666666,3,5,1000,3,20,1000,1000,1000,3,"mcp,screened_dual,action_dual,restricted_mcp,stochastic_full_batch,stochastic_minibatch",True,0.06914220843464136,0.0,0.0,0.0,True,,pathampl,,nan,nan,nan,nan,nan,,nan,True,1.3322696657851338,1.1102230246251565e-16,1.1102230246251565e-16,1.1102230246251565e-16,True,,,1,1.1102230246251565e-16,-0.0575164437384181,5.828670879282072e-16,nan,nan,,nan,True,4.509210624732077,1.1102230246251565e-16,1.1102230246251565e-16,0.0,True,,,3,1.1102230246251565e-16,nan,2.220446049250313e-16,nan,nan,,nan,True,0.2177909999154508,0.0,0.0,0.0,True,,pathampl,3,0.0,nan,nan,nan,nan,,nan,False,73.72487699985504,0.07055071795090556,0.07055071795090556,0.023809177617728328,True,,,,nan,nan,nan,0.14047450593350527,0.009866543408631204,1000,nan,False,55.17414562497288,0.07053609956326573,0.07053609956326573,0.023809746573114687,True,,,,nan,nan,nan,0.14045422388242787,0.009863694503207586,1000,nan,1.1102230246251565e-16,19.26854371515338,4.0652184496565567e-16,1.658962959816524e-14,1.1102230246251565e-16,65.21646801308837,1.4933298669299814e-17,1.7193570659614946e-15,0.0,3.149899386296345,0.0,0.0,0.07055071795090556,1066.2788862109544,1.597814786747381,1.1945891310210313,0.07053609956326573,797.9806672956912,1.5978663796953838,1.1945660450610007,0.0,3.384608041852178,-1.1102230246251565e-16,0.04829914103389022,-1.4618387639830921e-05,0.7483789443973079
msd,5,5,50635,0.5,nan,0.01,0.006666666666666666,3,5,1000,3,20,1000,1000,1000,3,"mcp,screened_dual,action_dual,restricted_mcp,stochastic_full_batch,stochastic_minibatch",True,0.09659816604107618,1.528221993396528e-12,1.528221993396528e-12,2.220446049250313e-16,True,,pathampl,,nan,nan,nan,nan,nan,,nan,True,2.2186646251939237,0.008962969215537853,0.008962969215537853,0.0089629692142571,True,,,2,0.008962969215537853,-0.06398005025430215,2.2384455400370484e-12,nan,nan,,nan,True,1.3882886660285294,0.001039295787924388,0.001039295787924388,0.0010392957510824141,True,,,2,0.001039295787924388,nan,2.4537594178752897e-11,nan,nan,,nan,True,0.1373687917366624,0.006041724486904321,0.006041724486904321,0.0,True,,pathampl,2,0.006041724486904321,nan,nan,nan,nan,,nan,False,54.613068792037666,0.07514802610919813,0.06899316328142258,0.07514802610919813,True,,,,nan,nan,nan,0.18111903784302746,0.016402052934592008,1000,nan,False,59.07583933416754,0.07513802096690925,0.06899466745867322,0.07513802096690925,True,,,,nan,nan,nan,0.18111492683894553,0.016401308361938295,1000,nan,0.00896296921400963,22.967978752831463,0.8253180499308062,0.20059870953355471,0.001039295786396166,14.371791131502341,0.2219982162114459,9.46171029578549e-12,0.006041724485376099,1.4220641795440445,0.2682042604020798,0.08494764384736125,0.07514802610766991,565.3634124773621,0.9792458340548921,1.224427676923437,0.07513802096538102,611.5627423925096,0.9791122943848167,1.2244337267932712,-0.007923673427613465,0.6257316451814727,0.005002428698979933,0.09894829158955293,-1.0005142288882496e-05,1.0817161650286264
msd,5,5,50636,0.5,nan,0.01,0.006666666666666666,3,5,1000,3,20,1000,1000,1000,3,"mcp,screened_dual,action_dual,restricted_mcp,stochastic_full_batch,stochastic_minibatch",True,0.06914666574448347,1.1102230246251565e-16,0.0,1.1102230246251565e-16,True,,pathampl,,nan,nan,nan,nan,nan,,nan,True,2.8364741252735257,0.009269057900075706,0.009269057900075706,0.009269057879496945,True,,,3,0.009269057900075706,-0.1440363375773997,2.3017143746528745e-11,nan,nan,,nan,True,17.221195167396218,0.0013246551616947766,0.0013246551616947766,0.0013246551461232325,True,,,21,0.0013246551616947766,nan,1.909261637678128e-11,nan,nan,,nan,True,1.41356679238379,0.004453600154644244,0.004453600154644244,0.0,True,,pathampl,21,0.004453600154644244,nan,nan,nan,nan,,nan,False,56.85963541595265,0.067969919141316,0.067969919141316,0.03721432870452607,True,,,,nan,nan,nan,0.10768708736581094,0.005798254392665899,1000,nan,False,58.21324091684073,0.06797515891435185,0.06797515891435185,0.037211778256254935,True,,,,nan,nan,nan,0.1076795825319912,0.0057974462471319516,1000,nan,0.009269057900075595,41.02112653927669,0.6754094968160349,1.0428782237259355,0.0013246551616946656,249.05315364060235,0.024172240380199446,0.32000678141986516,0.004453600154644133,20.443021759101445,0.02417224038003174,0.32000678141986516,0.0679699191413159,822.3048039086241,1.1787213291124083,0.8808261177868103,0.06797515891435174,841.8806646723235,1.1785891649405444,0.8809488129402859,-0.007944402738380929,6.071338713775699,0.0031289449929494673,0.0820829668698027,5.239773035847772e-06,1.0238060882906805
msd,5,5,50637,0.5,nan,0.01,0.006666666666666666,3,5,1000,3,20,1000,1000,1000,3,"mcp,screened_dual,action_dual,restricted_mcp,stochastic_full_batch,stochastic_minibatch",True,0.07100124983116984,0.0,0.0,0.0,True,,pathampl,,nan,nan,nan,nan,nan,,nan,True,0.8586050420999527,7.056577544517495e-13,7.056577544517495e-13,0.0,True,,,1,7.056577544517495e-13,-0.11398059035341684,1.0775713654709307e-11,nan,nan,,nan,True,1.01941499998793,0.0,0.0,0.0,True,,,1,0.0,nan,1.2212453270876722e-15,nan,nan,,nan,True,0.06211675005033612,0.0,0.0,0.0,True,,pathampl,1,0.0,nan,nan,nan,nan,,nan,False,55.47614054195583,0.08104672033696547,0.08104672033696547,0.07305036346633653,True,,,,nan,nan,nan,0.25366211431713787,0.03217223411992036,1000,nan,False,59.715273917187005,0.08101807699429275,0.08101807699429275,0.07302146880594468,True,,,,nan,nan,nan,0.25361048180776147,0.03215913824138245,1000,nan,7.056577544517495e-13,12.092815889038357,2.0,2.0,0.0,14.357705003953361,7.377936639731988e-15,2.720121322773134e-18,0.0,0.8748684029934726,2.220446049250313e-16,0.0,0.08104672033696547,781.3403380062977,1.208201208676586,1.5840989252649043,0.08101807699429275,841.0453908794681,1.208492185817079,1.5838631402093255,-7.056577544517495e-13,1.1872921191968226,0.0,0.060933721841518504,-2.8643342672718397e-05,1.076413631767069
msd,5,5,50638,0.5,nan,0.01,0.006666666666666666,3,5,1000,3,20,1000,1000,1000,3,"mcp,screened_dual,action_dual,restricted_mcp,stochastic_full_batch,stochastic_minibatch",True,0.06481024995446205,0.0,0.0,0.0,True,,pathampl,,nan,nan,nan,nan,nan,,nan,True,4.129920499864966,0.009075459992271773,0.009075459992271773,0.00907545997652981,True,,,5,0.009075459992271773,-0.036424384718814984,2.6566537164596227e-11,nan,nan,,nan,True,0.8363027079030871,0.0027995552114681854,0.0027995552114681854,0.002799555206779769,True,,,1,0.0027995552114681854,nan,1.4770387109549705e-11,nan,nan,,nan,True,0.19060704205185175,0.0,0.0,0.0,True,,pathampl,3,0.0,nan,nan,nan,nan,,nan,False,57.265814249869436,0.05741418091804151,0.03784088144604769,0.05741418091804151,True,,,,nan,nan,nan,0.13984279933240448,0.009778004262561573,1000,nan,False,57.300798333249986,0.05740924705814371,0.037843227702446636,0.05740924705814371,True,,,,nan,nan,nan,0.13983768528972845,0.00977728911359457,1000,nan,0.009075459992271773,63.72326140952692,2.0,1.999999999999999,0.0027995552114681854,12.903864874625583,1.3895665357536253,2.0,0.0,2.9410014956859283,0.0,0.0,0.05741418091804151,883.591936308013,1.5995799273851026,1.5976995885506868,0.05740924705814371,884.131728754503,1.5995822662908608,1.5976891562852333,-0.006275904780803587,0.2024985003780173,-0.0027995552114681854,0.2279163277251277,-4.933859897804371e-06,1.0006109069405336
msd,5,5,50639,0.5,nan,0.01,0.006666666666666666,3,5,1000,3,20,1000,1000,1000,3,"mcp,screened_dual,action_dual,restricted_mcp,stochastic_full_batch,stochastic_minibatch",True,0.0723640420474112,4.0190073491430667e-14,9.880984919163893e-15,4.0190073491430667e-14,True,,pathampl,,nan,nan,nan,nan,nan,,nan,True,3.279408459085971,0.0007875758773050467,0.0007875758503183006,0.0007875758773050467,True,,,1,0.0007875758773050467,-0.03768591996945244,1.9010015783749168e-11,nan,nan,,nan,True,2.6438107090070844,0.001148498906330342,0.0011484989061320006,0.001148498906330342,True,,,3,0.001148498906330342,nan,2.3845370122899112e-12,nan,nan,,nan,True,0.2643758747726679,0.0013088906701879122,0.0,0.0013088906701879122,True,,pathampl,3,0.0013088906701879122,nan,nan,nan,nan,,nan,False,58.70047283405438,0.04518477036543206,0.016960009807543586,0.04518477036543206,True,,,,nan,nan,nan,0.08987729951979255,0.004038964484485251,1000,nan,False,56.07236195774749,0.04518574702199596,0.016959383744995005,0.04518574702199596,True,,,,nan,nan,nan,0.0898818802801324,0.0040393762013460266,1000,nan,0.0007875758772648567,45.31820454331974,0.34476645402747574,0.41574789963525416,0.0011484989062901518,36.534867790758874,1.8264289768401083,1.683005221093652,0.001308890670147722,3.6534149736889363,2.0,1.683005221093652,0.04518477036539187,811.1828910219695,0.6715527773487223,0.8838368365558923,0.04518574702195577,774.864979501977,0.6715910406902075,0.8837847460852011,0.00036092302902529516,0.8061852440741587,0.00016039176385757026,0.09999803460662941,9.766565639002245e-07,0.9552284547394272
msd,5,5,50640,0.5,nan,0.01,0.006666666666666666,3,5,1000,3,20,1000,1000,1000,3,"mcp,screened_dual,action_dual,restricted_mcp,stochastic_full_batch,stochastic_minibatch",True,0.10364412516355515,3.3306690738754696e-16,1.1102230246251565e-16,3.3306690738754696e-16,True,,pathampl,,nan,nan,nan,nan,nan,,nan,True,2.1015545418486,0.0013022836694034368,0.0013022836694029927,0.0013022836694034368,True,,,2,0.0013022836694034368,-0.11976364014193838,7.771561172376096e-16,nan,nan,,nan,True,0.5596963339485228,0.005822288224417549,0.005822288224417549,0.0,True,,,1,0.005822288224417549,nan,3.04906166084314e-14,nan,nan,,nan,True,0.07317829178646207,0.0058222882244155505,0.0058222882244155505,0.0,True,,pathampl,1,0.0058222882244155505,nan,nan,nan,nan,,nan,False,57.188070124946535,0.045303159407215965,0.032599563092487904,0.045303159407215965,True,,,,nan,nan,nan,0.10585491485501872,0.005602631499481631,1000,nan,False,54.66161724971607,0.04529916212984575,0.03262055213533477,0.04529916212984575,True,,,,nan,nan,nan,0.10587202417147956,0.005604442751083176,1000,nan,0.0013022836694031037,20.27663930331074,2.0,1.7461252758851713,0.005822288224417216,5.40017423144145,1.31737477182077,1.7461252758851717,0.005822288224415217,0.7060534465507176,1.31737477182077,1.7461252758851717,0.04530315940721563,551.7733883584926,1.2005790098656062,1.3432958569896127,0.045299162129845416,527.3971598820247,1.2006678783259634,1.3432600616123662,0.004520004555014112,0.26632491463019303,-1.9984014443252818e-15,0.13074641970621256,-3.997277370215713e-06,0.9558220294947779
msd,5,5,50641,0.5,nan,0.01,0.006666666666666666,3,5,1000,3,20,1000,1000,1000,3,"mcp,screened_dual,action_dual,restricted_mcp,stochastic_full_batch,stochastic_minibatch",True,0.08359766704961658,1.1102230246251565e-16,1.1102230246251565e-16,5.551115123125783e-17,True,,pathampl,,nan,nan,nan,nan,nan,,nan,True,1.652159416116774,4.440892098500626e-16,1.1102230246251565e-16,4.440892098500626e-16,True,,,1,4.440892098500626e-16,-0.08378805581780668,3.3306690738754696e-16,nan,nan,,nan,True,1.4257850833237171,1.1102230246251565e-15,1.1102230246251565e-15,2.220446049250313e-16,True,,,1,1.1102230246251565e-15,nan,1.2712078145040996e-14,nan,nan,,nan,True,0.06366850016638637,0.0,0.0,0.0,True,,pathampl,1,0.0,nan,nan,nan,nan,,nan,False,55.85640075011179,0.03923927399540511,0.03923927399540511,0.03836530435407215,True,,,,nan,nan,nan,0.13266230631131298,0.008799643757918316,1000,nan,False,56.614600542001426,0.03923741292805194,0.03923741292805194,0.038370088207954345,True,,,,nan,nan,nan,0.13266695898014486,0.008800261002519719,1000,nan,3.3306690738754696e-16,19.76322395619235,1.741982559792894,1.6653494762642223,9.992007221626409e-16,17.05532144189491,1.7419825597928933,1.6653494762642276,-1.1102230246251565e-16,0.7616061836821125,1.7419825597928937,1.6653494762642276,0.039239273995405,668.1574106243911,0.9330743817815969,0.8655015089771723,0.03923741292805183,677.2270392234718,0.9331118205198915,0.8656203558375745,6.661338147750939e-16,0.8629827542156157,-1.1102230246251565e-15,0.04465504718142065,-1.8610673531704869e-06,1.0135740896604069
msd,5,5,50642,0.5,nan,0.01,0.006666666666666666,3,5,1000,3,20,1000,1000,1000,3,"mcp,screened_dual,action_dual,restricted_mcp,stochastic_full_batch,stochastic_minibatch",True,0.08095762506127357,0.0,0.0,0.0,True,,pathampl,,nan,nan,nan,nan,nan,,nan,True,1.4660542919300497,0.00933684121171452,0.00933684121171452,0.009336841208503754,True,,,2,0.00933684121171452,-0.031114101914159163,2.3925486591913625e-11,nan,nan,,nan,True,0.8837472498416901,0.002489641410116261,0.0024896414101118203,0.002489641410116261,True,,,1,0.002489641410116261,nan,1.7486012637846216e-14,nan,nan,,nan,True,60.11586429178715,0.004844291307302573,1.1102230246251565e-16,0.004844291307302573,True,,pathampl,41,0.004844291307302573,nan,nan,nan,nan,,nan,False,56.40902024973184,0.0450460012394614,0.040766246924487715,0.0450460012394614,True,,,,nan,nan,nan,0.11655982241548103,0.0067930961007642374,1000,nan,False,41.870750499889255,0.04506320235177719,0.04076651349253235,0.04506320235177719,True,,,,nan,nan,nan,0.11657313327135403,0.006794647700350434,1000,nan,0.00933684121171452,18.10890933152315,0.19663332441702247,0.9191776179013422,0.002489641410116261,10.916170640786675,1.5940395228459656,1.0808223820986578,0.004844291307302573,742.5596322309093,0.9323049809402795,1.0808223820986578,0.0450460012394614,696.7721719484498,0.8007985880297391,1.130346221485733,0.04506320235177719,517.1934140632086,0.8007943723420294,1.130341840124201,-0.006847199801598258,0.6028066318596178,0.0023546498971863117,68.02382050134356,1.7201112315790024e-05,0.7422704793403729
msd,5,10,51123,0.5,nan,0.01,0.006666666666666666,4,5,1000,3,20,1000,1000,1000,3,"mcp,screened_dual,action_dual,restricted_mcp,stochastic_full_batch,stochastic_minibatch",True,0.09835270838811994,0.0,0.0,0.0,True,,pathampl,,nan,nan,nan,nan,nan,,nan,True,4.626673459075391,0.005358771553585551,0.005358771553585551,0.0053587715535599045,True,,,5,0.005358771553585551,-0.05175156795676713,3.356204203441848e-13,nan,nan,,nan,True,6.026606000028551,0.005358771553585551,0.005358771553585551,0.0053587715535599045,True,,,5,0.005358771553585551,nan,3.356204203441848e-13,nan,nan,,nan,False,66.84571891697124,nan,nan,nan,False,Cannot load a SolverResults object with bad status: error,,,nan,nan,nan,nan,nan,,nan,False,52.525391458999366,0.07465803639157986,0.07465803639157986,0.07339538447974647,True,,,,nan,nan,nan,0.19332658892081808,0.018687584991879492,1000,nan,False,33.88498054211959,0.07465666955907402,0.07465666955907402,0.0733981953553477,True,,,,nan,nan,nan,0.19332958657220975,0.018688164522090774,1000,nan,0.005358771553585551,47.04164770753023,1.170771351078132,0.7068040091301965,0.005358771553585551,61.27544527036641,1.170771351078132,0.7068040091301965,nan,679.6530569670165,nan,nan,0.07465803639157986,534.0512968054059,1.397512987899559,1.5705275325677055,0.07465666955907402,344.52513913905165,1.397504120269311,1.5705385523826527,0.0,1.3025786352410802,nan,11.091768553752239,-1.366832505844684e-06,0.6451161923956296
msd,5,10,51124,0.5,nan,0.01,0.006666666666666666,4,5,1000,3,20,1000,1000,1000,3,"mcp,screened_dual,action_dual,restricted_mcp,stochastic_full_batch,stochastic_minibatch",True,0.09187687514349818,0.0,0.0,0.0,True,,pathampl,,nan,nan,nan,nan,nan,,nan,True,2.702682750299573,2.220446049250313e-16,1.1102230246251565e-16,2.220446049250313e-16,True,,,3,2.220446049250313e-16,-0.060235857173601505,3.3306690738754696e-16,nan,nan,,nan,True,3.2569767087697983,2.220446049250313e-16,1.1102230246251565e-16,2.220446049250313e-16,True,,,3,2.220446049250313e-16,nan,3.3306690738754696e-16,nan,nan,,nan,True,1.0403466667048633,0.0032845548545732406,0.0032845548545732406,0.0,True,,pathampl,15,0.0032845548545732406,nan,nan,nan,nan,,nan,False,55.91797645809129,0.04953148302211152,0.04953148302211152,0.034884955577432264,True,,,,nan,nan,nan,0.1697814614954237,0.014412872333761019,1000,nan,False,53.79782870877534,0.049531184561293684,0.049531184561293684,0.034885607311348266,True,,,,nan,nan,nan,0.16978714026657754,0.014413836499951238,1000,nan,2.220446049250313e-16,29.4163547255866,3.980517761283298e-14,2.536408454619957e-15,2.220446049250313e-16,35.449363114307914,3.980517761283298e-14,2.536408454619957e-15,0.0032845548545732406,11.323270029373491,0.21437882171665557,0.15322656431104947,0.04953148302211152,608.6186145399006,1.5982191956577843,1.6018851616458807,0.049531184561293684,585.5426474262542,1.5982286073603302,1.601856683846383,0.0,1.205090278690233,0.0032845548545730185,0.31942097218675397,-2.984608178380199e-07,0.9620846839673297
msd,5,10,51125,0.5,nan,0.01,0.006666666666666666,4,5,1000,3,20,1000,1000,1000,3,"mcp,screened_dual,action_dual,restricted_mcp,stochastic_full_batch,stochastic_minibatch",True,0.19986641686409712,0.0,0.0,0.0,True,,pathampl,,nan,nan,nan,nan,nan,,nan,True,2.100821833126247,2.449485059230483e-12,1.1102230246251565e-16,2.449485059230483e-12,True,,,2,2.449485059230483e-12,-0.04908433617416606,2.192926396027417e-12,nan,nan,,nan,True,1.812467624899,2.449485059230483e-12,1.1102230246251565e-16,2.449485059230483e-12,True,,,2,2.449485059230483e-12,nan,2.192926396027417e-12,nan,nan,,nan,True,0.13164350017905235,0.00447843483759458,0.0,0.00447843483759458,True,,pathampl,2,0.00447843483759458,nan,nan,nan,nan,,nan,False,55.73033908428624,0.056438521522037766,0.056438521522037766,0.0480796719779607,True,,,,nan,nan,nan,0.16980686715169124,0.014417186065936059,1000,nan,False,53.5249559590593,0.056433493185939154,0.056433493185939154,0.04807742581229646,True,,,,nan,nan,nan,0.16979937957316502,0.014415914651715885,1000,nan,2.449485059230483e-12,10.51112971397661,3.677352951825296e-16,6.864431245645619e-11,2.449485059230483e-12,9.068395047735413,3.677352951825296e-16,6.864431245645619e-11,0.00447843483759458,0.6586574285191984,2.0,2.0,0.056438521522037766,278.8379356506957,1.7989456310994278,1.799173898180554,0.056433493185939154,267.80365005219755,1.798951546024124,1.7991612127208847,0.0,0.8627421879949976,0.004478434835145095,0.07263219401581764,-5.028336098611419e-06,0.960427602604543
msd,5,10,51126,0.5,nan,0.01,0.006666666666666666,4,5,1000,3,20,1000,1000,1000,3,"mcp,screened_dual,action_dual,restricted_mcp,stochastic_full_batch,stochastic_minibatch",True,0.1012089173309505,4.4694703493775023e-10,4.4694703493775023e-10,7.380929201161734e-11,True,,pathampl,,nan,nan,nan,nan,nan,,nan,True,11.046136541757733,0.0030991174393496523,0.0030991174393436016,0.0030991174393496523,True,,,7,0.0030991174393496523,-0.03392357698777519,8.54538662053983e-13,nan,nan,,nan,True,7.092905374709517,0.0030991174393496523,0.0030991174393436016,0.0030991174393496523,True,,,7,0.0030991174393496523,nan,8.54538662053983e-13,nan,nan,,nan,True,14.67376166721806,0.00610388386787597,0.0,0.00610388386787597,True,,pathampl,10,0.00610388386787597,nan,nan,nan,nan,,nan,False,48.60945904208347,0.05549600586763781,0.05549600586763781,0.055481188069505194,True,,,,nan,nan,nan,0.22886869384578748,0.0261904395113384,1000,nan,False,32.055927749723196,0.055493948736834,0.055493948736834,0.055481610429758854,True,,,,nan,nan,nan,0.2288619074804723,0.026188886347800134,1000,nan,0.0030991169924026174,109.14192971393179,1.6619843409790436,2.0,0.0030991169924026174,70.08182244965533,1.6619843409790436,2.0,0.006103883420928935,144.98486945804632,1.5774072146414093,2.0,0.055496005420690775,480.28830190063013,1.3985368489636056,1.5969401999647153,0.05549394828988696,316.7302703664061,1.3985105055514544,1.5969525623923375,0.0,0.6421163949853591,0.0030047664285263176,2.0687942235263512,-2.0571308038119795e-06,0.659458639973156
msd,5,10,51127,0.5,nan,0.01,0.006666666666666666,4,5,1000,3,20,1000,1000,1000,3,"mcp,screened_dual,action_dual,restricted_mcp,stochastic_full_batch,stochastic_minibatch",True,0.08994629187509418,1.1102230246251565e-16,0.0,1.1102230246251565e-16,True,,pathampl,,nan,nan,nan,nan,nan,,nan,True,9.631565582938492,0.004472552689018916,0.004472552684719022,0.004472552689018916,True,,,6,0.004472552689018916,-0.04905275393135967,1.8073764707082773e-11,nan,nan,,nan,True,7.107273958157748,0.004472552689018916,0.004472552684719022,0.004472552689018916,True,,,6,0.004472552689018916,nan,1.8073764707082773e-11,nan,nan,,nan,True,0.5612493329681456,0.007969233139826115,0.007969233139826115,0.0,True,,pathampl,8,0.007969233139826115,nan,nan,nan,nan,,nan,False,59.84019658295438,0.061822397346842695,0.04860173990429467,0.061822397346842695,True,,,,nan,nan,nan,0.2014744612017732,0.02029597925827241,1000,nan,False,60.36463666707277,0.06182973377516909,0.048607398068362284,0.06182973377516909,True,,,,nan,nan,nan,0.20149438339673023,0.020299993270214256,1000,nan,0.004472552689018805,107.08129687340052,0.06549447691536123,0.511677306025862,0.004472552689018805,79.01686450873834,0.06549447691536123,0.511677306025862,0.007969233139826004,6.239827359948717,0.7619295216358879,0.3712253927115892,0.061822397346842584,665.2880884300682,1.5333249584234059,1.395420315347269,0.06182973377516898,671.118679921785,1.5332772114555748,1.3954770385861053,0.0,0.7379147135485102,0.003496680450807199,0.07896829871373427,7.336428326398803e-06,1.008764010047851
msd,5,10,51128,0.5,nan,0.01,0.006666666666666666,4,5,1000,3,20,1000,1000,1000,3,"mcp,screened_dual,action_dual,restricted_mcp,stochastic_full_batch,stochastic_minibatch",True,0.08054512506350875,0.0,0.0,0.0,True,,pathampl,,nan,nan,nan,nan,nan,,nan,True,4.3257111250422895,0.009563018156974135,0.009563018156974135,0.009563018149475577,True,,,3,0.009563018156974135,-0.027656115532018192,1.4150038779581209e-11,nan,nan,,nan,True,3.2096225419081748,0.009563018156974135,0.009563018156974135,0.009563018149475577,True,,,3,0.009563018156974135,nan,1.4150038779581209e-11,nan,nan,,nan,True,0.36414387496188283,0.0,0.0,0.0,True,,pathampl,5,0.0,nan,nan,nan,nan,,nan,False,57.77164850011468,0.05665899815483216,0.05651642002310131,0.05665899815483216,True,,,,nan,nan,nan,0.16710163683990956,0.01396147851728851,1000,nan,False,60.036802374757826,0.05666516912710923,0.05651691069951714,0.05666516912710923,True,,,,nan,nan,nan,0.16710344675735397,0.013961780959093917,1000,nan,0.009563018156974135,53.70543681733096,2.0,2.0,0.009563018156974135,39.84874987005645,2.0,2.0,0.0,4.520992110630659,0.0,0.0,0.05665899815483216,717.2581637257688,1.7997104626941989,1.7989247672473245,0.05666516912710923,745.3809566677016,1.7996993717985097,1.798970686701411,0.0,0.7419872592340054,-0.009563018156974135,0.11345380031677904,6.170972277064202e-06,1.0392087456988293
msd,5,10,51129,0.5,nan,0.01,0.006666666666666666,4,5,1000,3,20,1000,1000,1000,3,"mcp,screened_dual,action_dual,restricted_mcp,stochastic_full_batch,stochastic_minibatch",True,0.07636287482455373,4.440892098500626e-16,4.440892098500626e-16,2.220446049250313e-16,True,,pathampl,,nan,nan,nan,nan,nan,,nan,True,1.1099183750338852,0.008933000095137533,0.008933000095131316,0.008933000095137533,True,,,1,0.008933000095137533,-0.08662512118940878,5.995204332975845e-15,nan,nan,,nan,True,1.0963007919490337,0.008933000095521448,0.008933000095521448,0.008933000095169175,True,,,1,0.008933000095521448,nan,1.2467804566540508e-12,nan,nan,,nan,True,0.49670949997380376,0.0011709389783267632,0.0011709389783267632,0.0,True,,pathampl,7,0.0011709389783267632,nan,nan,nan,nan,,nan,False,57.94934304105118,0.03913615676388027,0.025812134295596367,0.03913615676388027,True,,,,nan,nan,nan,0.11431549595528863,0.006534016307751805,1000,nan,False,60.47321016713977,0.03912916787072518,0.02581071625113629,0.03912916787072518,True,,,,nan,nan,nan,0.1143161076104108,0.006534086229597512,1000,nan,0.00893300009513709,14.534790336062649,2.0,2.0,0.008933000095521004,14.35646306490977,2.0,2.0,0.001170938978326319,6.504594033619223,0.5963079777863707,0.29751628816789544,0.039136156763879826,758.8680124234681,1.600735631343997,1.596858526307505,0.039129167870724735,791.918982962323,1.6006720011318714,1.5968984376456359,3.8391512191537913e-13,0.9877310049178745,-0.007762061117194685,0.45307775349750495,-6.988893155090992e-06,1.0435529894497801
msd,5,10,51130,0.5,nan,0.01,0.006666666666666666,4,5,1000,3,20,1000,1000,1000,3,"mcp,screened_dual,action_dual,restricted_mcp,stochastic_full_batch,stochastic_minibatch",True,0.08033558400347829,0.0,0.0,0.0,True,,pathampl,,nan,nan,nan,nan,nan,,nan,True,8.969059708993882,0.003415744965587275,0.003415744965067913,0.003415744965587275,True,,,6,0.003415744965587275,-0.052097139466150987,1.1280421041703903e-11,nan,nan,,nan,True,5.476974542252719,0.003415744965587275,0.003415744965067913,0.003415744965587275,True,,,6,0.003415744965587275,nan,1.1280421041703903e-11,nan,nan,,nan,False,2.5614092922769487,nan,nan,nan,False,Cannot load a SolverResults object with bad status: error,,,nan,nan,nan,nan,nan,,nan,False,58.841969332657754,0.0368718807789018,0.02876216010310506,0.0368718807789018,True,,,,nan,nan,nan,0.13556581561314943,0.009189045181429214,1000,nan,False,60.97683149995282,0.0368686563026388,0.02876733221155514,0.0368686563026388,True,,,,nan,nan,nan,0.13556486382552532,0.009188916152016613,1000,nan,0.003415744965587275,111.64491825447548,1.5324220592592583,1.2918302524835865,0.003415744965587275,68.17619626709359,1.5324220592592583,1.2918302524835865,nan,31.883869695477006,nan,nan,0.0368718807789018,732.4521264463588,1.1996525553775188,1.398393077616311,0.0368686563026388,759.0264296493159,1.1995801706533602,1.3984738542817452,0.0,0.6106520326495972,nan,0.4676686503683149,-3.2244762629973778e-06,1.0362812834360764
msd,5,10,51131,0.5,nan,0.01,0.006666666666666666,4,5,1000,3,20,1000,1000,1000,3,"mcp,screened_dual,action_dual,restricted_mcp,stochastic_full_batch,stochastic_minibatch",True,0.08226649975404143,0.0,0.0,0.0,True,,pathampl,,nan,nan,nan,nan,nan,,nan,True,1.9971515838988125,0.006313665860675721,0.006313665860675721,4.873879078104437e-14,True,,,2,0.006313665860675721,-0.04885973572765713,1.6376455747035834e-11,nan,nan,,nan,True,2.7394460840150714,0.006313665860675721,0.006313665860675721,4.873879078104437e-14,True,,,2,0.006313665860675721,nan,1.6376455747035834e-11,nan,nan,,nan,True,0.1494386252015829,0.006313665847688554,0.006313665847688554,0.0,True,,pathampl,2,0.006313665847688554,nan,nan,nan,nan,,nan,False,58.05087308306247,0.046431054472823585,0.016379201324339232,0.046431054472823585,True,,,,nan,nan,nan,0.14300967209322243,0.010225883156105502,1000,nan,False,60.35947108268738,0.04643116121876367,0.016378914423870627,0.04643116121876367,True,,,,nan,nan,nan,0.14300806330933108,0.010225653085742824,1000,nan,0.006313665860675721,24.276608216830088,2.0,1.9999999999972808,0.006313665860675721,33.29965529353269,2.0,1.9999999999972808,0.006313665847688554,1.816518578623999,2.0,2.0,0.046431054472823585,705.6441352995653,1.600610992067685,1.7458471192728595,0.04643116121876367,733.7065666237022,1.6006166342574515,1.74583909629117,0.0,1.3716765948567418,-1.2987166897460156e-11,0.054550672149954516,1.0674594008719396e-07,1.0397685319275325
msd,5,10,51132,0.5,nan,0.01,0.006666666666666666,4,5,1000,3,20,1000,1000,1000,3,"mcp,screened_dual,action_dual,restricted_mcp,stochastic_full_batch,stochastic_minibatch",True,0.07589174993336201,1.1102230246251565e-16,0.0,1.1102230246251565e-16,True,,pathampl,,nan,nan,nan,nan,nan,,nan,True,0.8809041660279036,0.0046845807839609455,0.004684580782972181,0.0046845807839609455,True,,,1,0.0046845807839609455,-0.030870714768986042,2.4916957386267313e-11,nan,nan,,nan,True,0.943525708746165,0.0046845807839609455,0.004684580782972181,0.0046845807839609455,True,,,1,0.0046845807839609455,nan,2.4916957386267313e-11,nan,nan,,nan,True,0.5596220418810844,0.0,0.0,0.0,True,,pathampl,8,0.0,nan,nan,nan,nan,,nan,False,60.22788937482983,0.060100992765492134,0.033498037446303974,0.060100992765492134,True,,,,nan,nan,nan,0.16715251997599817,0.013969982467163234,1000,nan,False,60.995600750204176,0.06010139728104552,0.0334983815851192,0.06010139728104552,True,,,,nan,nan,nan,0.16715387524090677,0.013970209004026313,1000,nan,0.0046845807839608344,11.607377176061902,2.0,2.0,0.0046845807839608344,12.432520129983077,2.0,2.0,-1.1102230246251565e-16,7.373950954780589,3.3306690738754696e-16,2.7755575615628914e-16,0.06010099276549202,793.6025908970859,1.5971959975555525,1.5982117827106295,0.06010139728104541,803.7184648365911,1.5971638932615961,1.598214780045494,0.0,1.0710878040237102,-0.0046845807839609455,0.5931179582003722,4.045155533871636e-07,1.012746775345164
msd,5,10,51133,0.5,nan,0.01,0.006666666666666666,4,5,1000,3,20,1000,1000,1000,3,"mcp,screened_dual,action_dual,restricted_mcp,stochastic_full_batch,stochastic_minibatch",True,0.1170655838213861,0.0,0.0,0.0,True,,pathampl,,nan,nan,nan,nan,nan,,nan,True,3.090927583165467,0.009478544260392074,0.009478544260316357,0.009478544260392074,True,,,2,0.009478544260392074,-0.014406731039041151,2.143030544687896e-12,nan,nan,,nan,True,2.7374934582039714,0.009478544260392074,0.009478544260316357,0.009478544260392074,True,,,2,0.009478544260392074,nan,2.143030544687896e-12,nan,nan,,nan,True,0.4430365418083966,0.004755533288425928,0.0,0.004755533288425928,True,,pathampl,6,0.004755533288425928,nan,nan,nan,nan,,nan,False,61.175463708117604,0.05630581641407317,0.046243128258568134,0.05630581641407317,True,,,,nan,nan,nan,0.1939434383561517,0.018807028640703206,1000,nan,False,62.4782879576087,0.056305820980307786,0.0462386858040395,0.056305820980307786,True,,,,nan,nan,nan,0.19393832338837386,0.01880603663934674,1000,nan,0.009478544260392074,26.40338417379337,1.8246178591616857,2.0,0.009478544260392074,23.384272036610927,1.8246178591616857,2.0,0.004755533288425928,3.784515716287408,2.0,2.0,0.05630581641407317,522.574284526327,1.4222965111081194,1.80035227677365,0.056305820980307786,533.7032962047626,1.4223104789563943,1.8003418152063249,0.0,0.8856543495595137,-0.004723010971966146,0.16184021937318757,4.566234612646269e-09,1.0212965161278904
msd,5,10,51134,0.5,nan,0.01,0.006666666666666666,4,5,1000,3,20,1000,1000,1000,3,"mcp,screened_dual,action_dual,restricted_mcp,stochastic_full_batch,stochastic_minibatch",True,0.10887562483549118,0.0,0.0,0.0,True,,pathampl,,nan,nan,nan,nan,nan,,nan,True,2.2109744157642126,0.0018424981668134777,0.0018424981635964954,0.0018424981668134777,True,,,2,0.0018424981668134777,-0.017899373395463433,7.851219674392951e-11,nan,nan,,nan,True,2.634963625110686,0.0018424981668134777,0.0018424981635964954,0.0018424981668134777,True,,,2,0.0018424981668134777,nan,7.851219674392951e-11,nan,nan,,nan,True,0.43732629204168916,0.009605190689027765,0.009605190689027765,0.0,True,,pathampl,6,0.009605190689027765,nan,nan,nan,nan,,nan,False,61.29513825010508,0.05768456913150638,0.05768456913150638,0.036571658229065274,True,,,,nan,nan,nan,0.13183023619543158,0.008689605587671638,1000,nan,False,62.41969604184851,0.05769689409861006,0.05769689409861006,0.03656889430552712,True,,,,nan,nan,nan,0.13184131202130142,0.00869106577774908,1000,nan,0.0018424981668134777,20.307340776275215,2.0,2.0,0.0018424981668134777,24.201593599045346,2.0,2.0,0.009605190689027765,4.016751157134392,2.0,2.0,0.05768456913150638,562.9831134629148,1.6497063990709804,1.799777530767138,0.05769689409861006,573.3119432027452,1.6496410919876678,1.7998407928312954,0.0,1.1917657691212693,0.007762692522214287,0.1659705234159802,1.2324967103682916e-05,1.0183466066616058
msd,5,10,51135,0.5,nan,0.01,0.006666666666666666,4,5,1000,3,20,1000,1000,1000,3,"mcp,screened_dual,action_dual,restricted_mcp,stochastic_full_batch,stochastic_minibatch",True,0.13572412496432662,1.1102230246251565e-16,1.1102230246251565e-16,0.0,True,,pathampl,,nan,nan,nan,nan,nan,,nan,True,1.1552659589797258,0.0025349050268432816,0.002534905026660872,0.0025349050268432816,True,,,1,0.0025349050268432816,-0.0008780703795605114,7.250866573826897e-13,nan,nan,,nan,True,1.036031334195286,0.0025349050268432816,0.002534905026660872,0.0025349050268432816,True,,,1,0.0025349050268432816,nan,7.250866573826897e-13,nan,nan,,nan,True,0.07445774972438812,0.00661832492812231,0.00661832492812231,0.0,True,,pathampl,1,0.00661832492812231,nan,nan,nan,nan,,nan,False,61.50239450018853,0.08515264794911492,0.08515264794911492,0.04839642392286836,True,,,,nan,nan,nan,0.1910148547288454,0.01824333736354096,1000,nan,False,62.86199495801702,0.08515666228777441,0.08515666228777441,0.04839620350142659,True,,,,nan,nan,nan,0.1910125212451406,0.018242891636212642,1000,nan,0.0025349050268431705,8.51186890527659,0.7349964456525023,0.18457551502287645,0.0025349050268431705,7.633361677355399,0.7349964456525023,0.18457551502287645,0.006618324928122199,0.5485962775148369,0.7349964456525022,0.1077913954465177,0.08515264794911481,453.14268569684026,1.4691935982600897,1.6007714550580388,0.0851566622877743,463.1600680758819,1.4692299300581249,1.600702655496834,0.0,0.8967903244636914,0.004083419901279028,0.0718682411108941,4.014338659485972e-06,1.0221064638031991
msd,5,10,51136,0.5,nan,0.01,0.006666666666666666,4,5,1000,3,20,1000,1000,1000,3,"mcp,screened_dual,action_dual,restricted_mcp,stochastic_full_batch,stochastic_minibatch",True,0.10622004233300686,0.0,0.0,0.0,True,,pathampl,,nan,nan,nan,nan,nan,,nan,True,1.8803099999204278,2.220446049250313e-16,2.220446049250313e-16,1.1102230246251565e-16,True,,,1,2.220446049250313e-16,-0.05047119916799147,1.1878116396403445e-15,nan,nan,,nan,True,1.4818895421922207,2.220446049250313e-16,2.220446049250313e-16,1.1102230246251565e-16,True,,,1,2.220446049250313e-16,nan,1.1878116396403445e-15,nan,nan,,nan,True,0.07632595812901855,0.0,0.0,0.0,True,,pathampl,1,0.0,nan,nan,nan,nan,,nan,False,60.84872087510303,0.06247972853276257,0.06247972853276257,0.027766352046327936,True,,,,nan,nan,nan,0.13983361998341098,0.009776720638832498,1000,nan,False,61.83597350027412,0.06247647393916628,0.06247647393916628,0.027758653360858032,True,,,,nan,nan,nan,0.13982598271133576,0.009775652720595383,1000,nan,2.220446049250313e-16,17.702026459616082,0.314785427376211,0.580878717447143,2.220446049250313e-16,13.951129275079735,0.314785427376211,0.580878717447143,0.0,0.7185645613822259,0.0,0.0,0.06247972853276257,572.8553626851161,1.5996481371998161,1.798946552964444,0.06247647393916628,582.1497726993391,1.599712136505267,1.7989026525789094,0.0,0.7881091640500408,-2.220446049250313e-16,0.05150583491945451,-3.254593596291322e-06,1.0162247063039749
msd,5,10,51137,0.5,nan,0.01,0.006666666666666666,4,5,1000,3,20,1000,1000,1000,3,"mcp,screened_dual,action_dual,restricted_mcp,stochastic_full_batch,stochastic_minibatch",True,0.108494708314538,0.0,0.0,0.0,True,,pathampl,,nan,nan,nan,nan,nan,,nan,True,9.167206833604723,0.001835888876084546,0.001835888876084546,0.0018358888760037217,True,,,5,0.001835888876084546,-0.08156351765692851,7.48179296294893e-12,nan,nan,,nan,True,5.147773917298764,0.001835888876084546,0.001835888876084546,0.0018358888760037217,True,,,5,0.001835888876084546,nan,7.48179296294893e-12,nan,nan,,nan,True,0.39309133403003216,0.00546795643550102,0.00546795643550102,0.0,True,,pathampl,5,0.00546795643550102,nan,nan,nan,nan,,nan,False,62.06193900015205,0.061053098698044095,0.061053098698044095,0.04467065696549466,True,,,,nan,nan,nan,0.14722565227623657,0.010837696344081662,1000,nan,False,63.96737129194662,0.06104934676187879,0.06104934676187879,0.04467202248083235,True,,,,nan,nan,nan,0.14723090907577632,0.010838470293639758,1000,nan,0.001835888876084546,84.49450646964264,1.335498977977743,0.054188849556344856,0.001835888876084546,47.44723495983607,1.335498977977743,0.054188849556344856,0.00546795643550102,3.6231383091092098,1.335498977977743,0.054188849556344953,0.061053098698044095,572.0273363031469,1.597574007421388,1.74764283174565,0.06104934676187879,589.5897807891075,1.5975931242483945,1.7476552475046558,0.0,0.5615422462628739,0.003632067559416474,0.07636142152806555,-3.751936165308223e-06,1.030702106999749
msd,5,10,51138,0.5,nan,0.01,0.006666666666666666,4,5,1000,3,20,1000,1000,1000,3,"mcp,screened_dual,action_dual,restricted_mcp,stochastic_full_batch,stochastic_minibatch",True,0.11772616626694798,0.0,0.0,0.0,True,,pathampl,,nan,nan,nan,nan,nan,,nan,True,13.29757883399725,0.002008791467122073,0.002008791467121962,0.002008791467122073,True,,,7,0.002008791467122073,-0.035326516903936685,9.242606680004428e-15,nan,nan,,nan,True,7.936707790941,0.002008791468102511,0.002008791468102511,0.0020087914657811456,True,,,7,0.002008791468102511,nan,7.417733094428058e-12,nan,nan,,nan,True,0.5504070422612131,0.002540361236501365,0.002540361236501365,0.0,True,,pathampl,7,0.002540361236501365,nan,nan,nan,nan,,nan,False,61.75201508309692,0.05309113161451495,0.045062617317104925,0.05309113161451495,True,,,,nan,nan,nan,0.15286587428493642,0.011683987760448994,1000,nan,False,63.78701624972746,0.05309188406508303,0.04506169229669166,0.05309188406508303,True,,,,nan,nan,nan,0.15286217167170155,0.011683421764094377,1000,nan,0.002008791467122073,112.95346867785152,0.8619963300142068,0.6938599116191333,0.002008791468102511,67.41668434988576,0.8619963299415022,0.6938599116191333,0.002540361236501365,4.675316114627795,0.8772906192954331,0.6938599116191333,0.05309113161451495,524.5394209395402,1.5975158392618247,1.4002331796893375,0.05309188406508303,541.8253075963443,1.5975117626796467,1.400222430154837,9.804379530464757e-13,0.5968535994424503,0.0005315697683988541,0.06934954098844996,7.524505680756022e-07,1.0329544090810985
msd,5,10,51139,0.5,nan,0.01,0.006666666666666666,4,5,1000,3,20,1000,1000,1000,3,"mcp,screened_dual,action_dual,restricted_mcp,stochastic_full_batch,stochastic_minibatch",True,0.13413037499412894,1.1102230246251565e-16,1.1102230246251565e-16,0.0,True,,pathampl,,nan,nan,nan,nan,nan,,nan,True,1.697537540923804,0.009718933474244018,0.00971893347416386,0.009718933474244018,True,,,1,0.009718933474244018,-0.0101810420140108,2.259237241730716e-11,nan,nan,,nan,True,1.18976050009951,0.009718933474244018,0.00971893347416386,0.009718933474244018,True,,,1,0.009718933474244018,nan,2.259237241730716e-11,nan,nan,,nan,False,0.6313687078654766,nan,nan,nan,False,Cannot load a SolverResults object with bad status: error,,,nan,nan,nan,nan,nan,,nan,False,65.01640408392996,0.05372614339478021,0.039286964442312944,0.05372614339478021,True,,,,nan,nan,nan,0.1562906511220966,0.012213383814084459,1000,nan,False,66.53969295835122,0.05372756236471754,0.03928576259913047,0.05372756236471754,True,,,,nan,nan,nan,0.15629197934157948,0.012213591403254355,1000,nan,0.009718933474243907,12.655877097175845,0.7115306909138146,0.5095990754128703,0.009718933474243907,8.870179481356011,0.7115306909138146,0.5095990754128703,nan,4.707126986658409,nan,nan,0.0537261433947801,484.7254328989672,1.271343404389609,1.2310100231255692,0.05372756236471743,496.08221076891607,1.2713142050096538,1.2309589612594947,0.0,0.7008743379260051,nan,0.5306687419969564,1.4189699373279296e-06,1.0234293005878154
msd,5,10,51140,0.5,nan,0.01,0.006666666666666666,4,5,1000,3,20,1000,1000,1000,3,"mcp,screened_dual,action_dual,restricted_mcp,stochastic_full_batch,stochastic_minibatch",True,0.10932858288288116,0.0,0.0,0.0,True,,pathampl,,nan,nan,nan,nan,nan,,nan,True,5.691519999876618,0.0,0.0,0.0,True,,,7,0.0,-0.07708947640285427,2.220446049250313e-16,nan,nan,,nan,True,7.282359917182475,0.0,0.0,0.0,True,,,7,0.0,nan,2.220446049250313e-16,nan,nan,,nan,False,0.31908233324065804,nan,nan,nan,False,Cannot load a SolverResults object with bad status: error,,,nan,nan,nan,nan,nan,,nan,False,64.35499416710809,0.06250026552128246,0.06250026552128246,0.05382940355873922,True,,,,nan,nan,nan,0.20262135564811162,0.020527706882339267,1000,nan,False,66.07348516676575,0.06249893385627181,0.06249893385627181,0.05383124864824557,True,,,,nan,nan,nan,0.2026210420930902,0.020527643349444916,1000,nan,0.0,52.058847282175876,6.526718910896623e-16,4.978285621295181e-16,0.0,66.60984460928888,6.526718910896623e-16,4.978285621295181e-16,nan,2.9185627841026416,nan,nan,0.06250026552128246,588.6383274175311,1.5979805100927973,1.5968852176079766,0.06249893385627181,604.3569158629572,1.5979966593799515,1.596920853661222,0.0,1.2795105555880228,nan,0.0438157873092477,-1.331665010650962e-06,1.026703304411703
msd,5,10,51141,0.5,nan,0.01,0.006666666666666666,4,5,1000,3,20,1000,1000,1000,3,"mcp,screened_dual,action_dual,restricted_mcp,stochastic_full_batch,stochastic_minibatch",True,0.11183679196983576,1.1102230246251565e-16,1.1102230246251565e-16,0.0,True,,pathampl,,nan,nan,nan,nan,nan,,nan,True,15.953766208142042,0.0007364612213323074,0.000736461215513684,0.0007364612213323074,True,,,10,0.0007364612213323074,-0.035138053902575794,2.7528757051697994e-11,nan,nan,,nan,True,11.043446458876133,0.0007364612213323074,0.000736461215513684,0.0007364612213323074,True,,,10,0.0007364612213323074,nan,2.7528757051697994e-11,nan,nan,,nan,True,0.743975916877389,0.005577154869382928,5.551115123125783e-17,0.005577154869382928,True,,pathampl,10,0.005577154869382928,nan,nan,nan,nan,,nan,False,64.1361633753404,0.056987693345476875,0.03919198319295403,0.056987693345476875,True,,,,nan,nan,nan,0.1498236992241436,0.011223570424603323,1000,nan,False,64.53112899977714,0.05697948592761626,0.03918956006071517,0.05697948592761626,True,,,,nan,nan,nan,0.14981998089141993,0.011223013337152716,1000,nan,0.0007364612213321964,142.65221602963217,1.9999999999999996,2.0,0.0007364612213321964,98.74609477223501,1.9999999999999996,2.0,0.005577154869382817,6.6523359958147905,2.0,2.0,0.056987693345476764,573.4799992531885,1.6004801296940823,1.5979209978906277,0.05697948592761615,577.0116243783375,1.6004666239422876,1.5978912962814829,0.0,0.6922156382885994,0.00484069364805062,0.06736809198539835,-8.207417860617294e-06,1.0061582359101418
msd,5,10,51142,0.5,nan,0.01,0.006666666666666666,4,5,1000,3,20,1000,1000,1000,3,"mcp,screened_dual,action_dual,restricted_mcp,stochastic_full_batch,stochastic_minibatch",True,0.11423558415845037,1.1102230246251565e-16,0.0,1.1102230246251565e-16,True,,pathampl,,nan,nan,nan,nan,nan,,nan,True,1.940659875050187,0.008873902476682072,0.008873902476682072,0.00887390246766595,True,,,2,0.008873902476682072,-0.016716754587149652,1.113464875857062e-11,nan,nan,,nan,True,2.3136972500942647,0.008873902476682072,0.008873902476682072,0.00887390246766595,True,,,2,0.008873902476682072,nan,1.113464875857062e-11,nan,nan,,nan,True,31.125358917284757,0.007903067157253196,0.0,0.007903067157253196,True,,pathampl,319,0.007903067157253196,nan,nan,nan,nan,,nan,False,65.24779916740954,0.07400066075967077,0.037227654907097896,0.07400066075967077,True,,,,nan,nan,nan,0.15277187070599327,0.011669622239504362,1000,nan,False,64.04373108409345,0.07400049455361546,0.03722636696710069,0.07400049455361546,True,,,,nan,nan,nan,0.1527635288935628,0.011668347880007196,1000,nan,0.00887390247668196,16.98822559841246,1.988150147010574,1.548541528103608,0.00887390247668196,20.253735008568373,1.988150147010574,1.548541528103608,0.007903067157253085,272.46640481228997,1.8070319052568766,1.5973529440111478,0.07400066075967066,571.1687793963363,1.2100334644175115,1.2616365777615206,0.07400049455361535,560.6285603202383,1.210042028133787,1.2616378634824015,0.0,1.1922219240166598,-0.0009708353194288755,13.452649829625136,-1.6620605530759391e-07,0.9815462268661852
msd,5,20,52123,0.5,nan,0.01,0.006666666666666666,5,5,1000,3,20,1000,1000,1000,3,"mcp,screened_dual,action_dual,restricted_mcp,stochastic_full_batch,stochastic_minibatch",False,0.7991248327307403,nan,nan,nan,False,Cannot load a SolverResults object with bad status: error,,,nan,nan,nan,nan,nan,,nan,True,2.483942124992609,0.0,0.0,0.0,True,,,4,0.0,-0.06226559998852035,5.551115123125783e-16,nan,nan,,nan,True,6.381412374787033,0.0,0.0,0.0,True,,,4,0.0,nan,5.551115123125783e-16,nan,nan,,nan,True,1.0306542087346315,0.005257383801470561,0.005257383801470561,0.0,True,,pathampl,13,0.005257383801470561,nan,nan,nan,nan,,nan,False,66.94416820863262,0.059588933164935076,0.03248067182435488,0.059588933164935076,True,,,,nan,nan,nan,0.16666420554445546,0.013888478704882249,1000,nan,False,63.94815416680649,0.05958750818606329,0.03248053718790511,0.05958750818606329,True,,,,nan,nan,nan,0.1666667600545659,0.013888904453543122,1000,nan,nan,3.1083280399441127,nan,nan,nan,7.985501280170086,nan,nan,nan,1.289728671317493,nan,nan,nan,83.77185324084279,nan,nan,nan,80.02273430583452,nan,nan,0.0,2.5690664490848474,0.005257383801470561,0.16150879275671753,-1.424978871789051e-06,0.9552460786055478
msd,5,20,52124,0.5,nan,0.01,0.006666666666666666,5,5,1000,3,20,1000,1000,1000,3,"mcp,screened_dual,action_dual,restricted_mcp,stochastic_full_batch,stochastic_minibatch",True,0.24635016731917858,0.0,0.0,0.0,True,,pathampl,,nan,nan,nan,nan,nan,,nan,True,24.12548208422959,0.005804791172295043,0.005804791172295043,0.005804791161194589,True,,,16,0.005804791172295043,-0.03953159220158506,2.382150032786967e-11,nan,nan,,nan,True,26.317456665914506,0.005804791172295043,0.005804791172295043,0.005804791161194589,True,,,16,0.005804791172295043,nan,2.382150032786967e-11,nan,nan,,nan,False,23.78069266723469,nan,nan,nan,False,Cannot load a SolverResults object with bad status: error,,,nan,nan,nan,nan,nan,,nan,False,64.43727449979633,0.055238291691394936,0.029680214004747185,0.055238291691394936,True,,,,nan,nan,nan,0.18018025836871873,0.01623246275290912,1000,nan,False,62.250955999828875,0.05523867472338684,0.029679988008819325,0.05523867472338684,True,,,,nan,nan,nan,0.18018058692770547,0.016232521952806216,1000,nan,0.005804791172295043,97.9316651040545,1.9999999999999998,1.7908658911088695,0.005804791172295043,106.82946535943216,1.9999999999999998,1.7908658911088695,nan,96.5320743477463,nan,nan,0.055238291691394936,261.56781300785354,1.4581431636405058,1.4901583442424966,0.05523867472338684,252.69297227297878,1.458145383525521,1.4901660267805341,0.0,1.0908572344391732,nan,0.9036090747338306,3.830319919018166e-07,0.9660705931940935
msd,5,20,52125,0.5,nan,0.01,0.006666666666666666,5,5,1000,3,20,1000,1000,1000,3,"mcp,screened_dual,action_dual,restricted_mcp,stochastic_full_batch,stochastic_minibatch",True,215.58875704184175,0.0,0.0,0.0,True,,pathampl,,nan,nan,nan,nan,nan,,nan,True,2.2755387923680246,3.3306690738754696e-16,0.0,3.3306690738754696e-16,True,,,3,3.3306690738754696e-16,-0.03346963412730678,1.4432899320127035e-15,nan,nan,,nan,True,4.237479832954705,3.3306690738754696e-16,0.0,3.3306690738754696e-16,True,,,3,3.3306690738754696e-16,nan,1.4432899320127035e-15,nan,nan,,nan,True,0.1698377919383347,0.0,0.0,0.0,True,,pathampl,3,0.0,nan,nan,nan,nan,,nan,False,33.62207499984652,0.053356144827028995,0.053356144827028995,0.033511309215767504,True,,,,nan,nan,nan,0.17597483837519495,0.015483571870587994,1000,nan,False,30.792759540956467,0.05335569425411513,0.05335569425411513,0.03350999004953048,True,,,,nan,nan,nan,0.17597695959787496,0.015483945154656058,1000,nan,3.3306690738754696e-16,0.010554997503540433,5.954578957221754e-17,2.1041264735360383e-13,3.3306690738754696e-16,0.01965538412623386,5.954578957221754e-17,2.1041264735360383e-13,0.0,0.0007877859414782579,0.0,1.6653345369377348e-16,0.053356144827028995,0.15595467714172637,1.899068525264704,1.7993480470580756,0.05335569425411513,0.14283100827461132,1.8990646569686893,1.799349764059672,0.0,1.8621874727721073,-3.3306690738754696e-16,0.040079905659376414,-4.5057291386818576e-07,0.9158494691686052
msd,5,20,52126,0.5,nan,0.01,0.006666666666666666,5,5,1000,3,20,1000,1000,1000,3,"mcp,screened_dual,action_dual,restricted_mcp,stochastic_full_batch,stochastic_minibatch",True,0.22490741731598973,0.0,0.0,0.0,True,,pathampl,,nan,nan,nan,nan,nan,,nan,True,27.786765832919627,0.00038319194696745384,0.00038319194525449074,0.00038319194696745384,True,,,21,0.00038319194696745384,0.004311819279102529,1.6379120282294934e-11,nan,nan,,nan,True,30.618345249909908,0.00038319194696745384,0.00038319194525449074,0.00038319194696745384,True,,,21,0.00038319194696745384,nan,1.6379120282294934e-11,nan,nan,,nan,True,200.5610474580899,0.000432407888530717,0.0,0.000432407888530717,True,,pathampl,21,0.000432407888530717,nan,nan,nan,nan,,nan,False,29.059108917135745,0.043542264840530254,0.031606844236723886,0.043542264840530254,True,,,,nan,nan,nan,0.1688251796880468,0.014250970648350646,1000,nan,False,24.77321616699919,0.043542054113804074,0.03160688461896621,0.043542054113804074,True,,,,nan,nan,nan,0.16882565801103566,0.014251051401429585,1000,nan,0.00038319194696745384,123.54757421752731,2.0,2.0,0.00038319194696745384,136.13755213280422,2.0,2.0,0.000432407888530717,891.7493689250197,2.0,2.0,0.043542264840530254,129.20476018053407,1.7993857365998185,1.6990688365254307,0.043542054113804074,110.14850671729245,1.7993821242880066,1.6990655743742695,0.0,1.1019038859727837,4.9215941563263144e-05,6.550355540807027,-2.1072672617972188e-07,0.8525112121518212
msd,5,20,52127,0.5,nan,0.01,0.006666666666666666,5,5,1000,3,20,1000,1000,1000,3,"mcp,screened_dual,action_dual,restricted_mcp,stochastic_full_batch,stochastic_minibatch",True,0.21435037488117814,6.8833827526759706e-15,6.8833827526759706e-15,0.0,True,,pathampl,,nan,nan,nan,nan,nan,,nan,True,7.375397374853492,0.0003750034004582625,0.000375003396433482,0.0003750034004582625,True,,,8,0.0003750034004582625,-0.0428992683997262,6.750489056628339e-12,nan,nan,,nan,True,13.468712625093758,0.00037500339722418286,0.00037500339722418286,0.0003750033972218514,True,,,8,0.00037500339722418286,nan,2.5928148517095906e-12,nan,nan,,nan,True,0.6426489995792508,0.005296021592213429,0.0,0.005296021592213429,True,,pathampl,8,0.005296021592213429,nan,nan,nan,nan,,nan,False,62.92389383306727,0.05749647742670744,0.03482293761938143,0.05749647742670744,True,,,,nan,nan,nan,0.16445434742160758,0.013522616192933405,1000,nan,False,60.403602874837816,0.05749777305604947,0.03482309465382988,0.05749777305604947,True,,,,nan,nan,nan,0.16445348135114507,0.01352247376425571,1000,nan,0.00037500340045137914,34.40813844595294,0.24834227111332208,1.0612598534573594,0.00037500339721729947,62.83503181442968,0.24834227146874754,1.0612598534573596,0.005296021592206546,2.9981239824539307,0.15366216180389136,1.0612598534573594,0.057496477426700554,293.55625744973935,1.6663469274379004,1.6757049273705995,0.05749777305604259,281.79844755728385,1.6663494950690867,1.675705221651715,-3.234079670733081e-12,1.8261677223000214,0.004921018194989246,0.047714211258908436,1.2956293420351983e-06,0.9599469962091728
msd,5,20,52128,0.5,nan,0.01,0.006666666666666666,5,5,1000,3,20,1000,1000,1000,3,"mcp,screened_dual,action_dual,restricted_mcp,stochastic_full_batch,stochastic_minibatch",True,0.21107395784929395,0.0,0.0,0.0,True,,pathampl,,nan,nan,nan,nan,nan,,nan,True,8.498443250078708,0.0036128774313811673,0.0036128774301633637,0.0036128774313811673,True,,,12,0.0036128774313811673,-0.015016304408285122,6.008860076178735e-12,nan,nan,,nan,True,18.10226708324626,0.0036128774313811673,0.0036128774301633637,0.0036128774313811673,True,,,12,0.0036128774313811673,nan,6.008860076178735e-12,nan,nan,,nan,False,15.510523791890591,nan,nan,nan,False,Cannot load a SolverResults object with bad status: error,,,nan,nan,nan,nan,nan,,nan,False,62.52135575003922,0.08350203529657574,0.04794230004415179,0.08350203529657574,True,,,,nan,nan,nan,0.17528326527003646,0.015362111541862985,1000,nan,False,58.003071582876146,0.08350109932320915,0.04794612102101603,0.08350109932320915,True,,,,nan,nan,nan,0.17528585727210402,0.01536256587980821,1000,nan,0.0036128774313811673,40.26286964376044,2.0,1.7428553612584317,0.0036128774313811673,85.7626742194848,2.0,1.7428553612584317,nan,73.48383452858286,nan,nan,0.08350203529657574,296.20591941844026,1.8007304376608593,1.7984173981709897,0.08350109932320915,274.7997534792527,1.800739785443526,1.798415328149101,0.0,2.1300685961606685,nan,0.8568276957003722,-9.359733665892378e-07,0.9277321466727753
msd,5,20,52129,0.5,nan,0.01,0.006666666666666666,5,5,1000,3,20,1000,1000,1000,3,"mcp,screened_dual,action_dual,restricted_mcp,stochastic_full_batch,stochastic_minibatch",True,0.34628304094076157,0.0,0.0,0.0,True,,pathampl,,nan,nan,nan,nan,nan,,nan,True,19.224717542063445,0.007304891631328303,0.007304891631328303,0.00730489161386072,True,,,16,0.007304891631328303,-0.010038234703865282,3.2790214987699073e-11,nan,nan,,nan,True,26.668122250121087,0.007304891631328303,0.007304891631328303,0.00730489161386072,True,,,16,0.007304891631328303,nan,3.2790214987699073e-11,nan,nan,,nan,True,1.380958375055343,0.0,0.0,0.0,True,,pathampl,16,0.0,nan,nan,nan,nan,,nan,False,60.831415834371,0.049067338058149224,0.049067338058149224,0.03260090803354698,True,,,,nan,nan,nan,0.16118392082098382,0.01299012816561259,1000,nan,False,56.70993841718882,0.04906476808298099,0.04906476808298099,0.032602570624526594,True,,,,nan,nan,nan,0.1611825363529087,0.012989905012578365,1000,nan,0.007304891631328303,55.51735219211098,0.9324417139320796,1.5183779185927255,0.007304891631328303,77.01249872841214,0.9324417139320796,1.5183779185927255,0.0,3.9879468867537833,0.0,0.0,0.049067338058149224,175.66963622910254,1.9003077674096063,1.8989957304349498,0.04906476808298099,163.76758810689248,1.9003067027733809,1.8990101469739384,0.0,1.387178885295535,-0.007304891631328303,0.05178311251550801,-2.569975168231764e-06,0.9322475506997249
msd,5,20,52130,0.5,nan,0.01,0.006666666666666666,5,5,1000,3,20,1000,1000,1000,3,"mcp,screened_dual,action_dual,restricted_mcp,stochastic_full_batch,stochastic_minibatch",True,0.23368304129689932,1.1102230246251565e-16,1.1102230246251565e-16,0.0,True,,pathampl,,nan,nan,nan,nan,nan,,nan,True,12.510046541690826,0.008328721350498558,0.008328721350202017,0.008328721350498558,True,,,10,0.008328721350498558,-0.0042783870448473895,9.775860676519699e-13,nan,nan,,nan,True,13.449535542167723,0.008328721350553625,0.008328721350078339,0.008328721350553625,True,,,10,0.008328721350553625,nan,7.976536098297515e-13,nan,nan,,nan,True,3.926484457682818,0.006387233429995809,4.107825191113079e-15,0.006387233429995809,True,,pathampl,47,0.006387233429995809,nan,nan,nan,nan,,nan,False,58.34461516700685,0.03597864627221692,0.03597864627221692,0.027580781912931673,True,,,,nan,nan,nan,0.14098521922406534,0.009938416019828882,1000,nan,False,42.31712362496182,0.03597958321608885,0.03597958321608885,0.027580318483815203,True,,,,nan,nan,nan,0.14098875392513902,0.0099389143666817,1000,nan,0.008328721350498447,53.53425080511745,0.8139219750140565,1.5132027422052892,0.008328721350553514,57.55460673365595,0.8139219750177343,1.5132027422052894,0.006387233429995698,16.802607651336306,2.0,2.0,0.03597864627221681,249.67415197613235,1.6996959770798858,1.6999251370796604,0.03597958321608874,181.08769635190177,1.69969635897786,1.699913982663596,5.5067062021407764e-14,1.075098761411156,-0.0019414879205578162,0.29194201133357267,9.369438719319945e-07,0.7252961306511733
msd,5,20,52131,0.5,nan,0.01,0.006666666666666666,5,5,1000,3,20,1000,1000,1000,3,"mcp,screened_dual,action_dual,restricted_mcp,stochastic_full_batch,stochastic_minibatch",True,0.17967695835977793,9.346634577411805e-12,9.346634577411805e-12,0.0,True,,pathampl,,nan,nan,nan,nan,nan,,nan,True,3.010131875053048,0.008321058399426873,0.008321058399426873,0.008321058382863455,True,,,8,0.008321058399426873,-0.014223155819071598,3.949177096451706e-11,nan,nan,,nan,True,10.643472958821803,0.008321058399426873,0.008321058399426873,0.008321058382863455,True,,,8,0.008321058399426873,nan,3.949177096451706e-11,nan,nan,,nan,False,1.3775277500972152,nan,nan,nan,False,Cannot load a SolverResults object with bad status: error,,,nan,nan,nan,nan,nan,,nan,False,65.09140895819291,0.06474729345530345,0.06474729345530345,0.03979067787994861,True,,,,nan,nan,nan,0.17808214447461673,0.015856625090339135,1000,nan,False,65.72022366663441,0.06474792818440878,0.06474792818440878,0.039789874395252056,True,,,,nan,nan,nan,0.17808292912218684,0.01585676482236891,1000,nan,0.008321058390080238,16.753021102603935,0.7453831001520872,0.8810103108039594,0.008321058390080238,59.236716026268326,0.7453831001520872,0.8810103108039594,nan,7.666691169932368,nan,nan,0.06474729344595681,362.2690942255183,1.4985456461463733,1.6990553176914773,0.06474792817506214,365.7687900918206,1.498548241756407,1.6990407050081648,0.0,3.5358826126626863,nan,0.12942464883658641,6.347291053310222e-07,1.009660486975253
msd,5,20,52132,0.5,nan,0.01,0.006666666666666666,5,5,1000,3,20,1000,1000,1000,3,"mcp,screened_dual,action_dual,restricted_mcp,stochastic_full_batch,stochastic_minibatch",True,0.24398079188540578,0.0,0.0,0.0,True,,pathampl,,nan,nan,nan,nan,nan,,nan,True,1.5222804583609104,3.219646771412954e-15,2.220446049250313e-16,3.219646771412954e-15,True,,,2,3.219646771412954e-15,-0.01935633948372556,3.219646771412954e-15,nan,nan,,nan,True,1.6496207499876618,4.96269692007445e-14,0.0,4.96269692007445e-14,True,,,2,4.96269692007445e-14,nan,1.1501910535116622e-13,nan,nan,,nan,True,0.13693791721016169,0.0,0.0,0.0,True,,pathampl,2,0.0,nan,nan,nan,nan,,nan,False,62.754903541877866,0.062369696129151386,0.04331438761698275,0.062369696129151386,True,,,,nan,nan,nan,0.19995385158599072,0.019990771382036202,1000,nan,False,66.80501383263618,0.062370361574026534,0.04331694723063528,0.062370361574026534,True,,,,nan,nan,nan,0.1999575805838974,0.019991517016482913,1000,nan,3.219646771412954e-15,6.239345509936304,9.32118430881393e-16,5.686681244503069e-13,4.96269692007445e-14,6.761273038094182,3.884530618695672e-16,9.014752066831514e-12,0.0,0.5612651559655542,0.0,0.0,0.062369696129151386,257.21247585487356,1.8997214438448018,1.9002204965623277,0.062370361574026534,273.8125953128864,1.8997144101729664,1.9002219466987857,4.6407322429331543e-14,1.0836510059150748,-4.96269692007445e-14,0.08301175722431105,6.65444875147525e-07,1.0645385469847082
msd,5,20,52133,0.5,nan,0.01,0.006666666666666666,5,5,1000,3,20,1000,1000,1000,3,"mcp,screened_dual,action_dual,restricted_mcp,stochastic_full_batch,stochastic_minibatch",True,0.16841345792636275,0.0,0.0,0.0,True,,pathampl,,nan,nan,nan,nan,nan,,nan,True,12.554435582831502,0.0003547942190721409,0.0003547942190721409,0.0003547942190720299,True,,,14,0.0003547942190721409,-0.054388625146425756,3.3306690738754696e-16,nan,nan,,nan,True,21.05298816692084,0.0003547942190721409,0.0003547942190721409,0.0003547942190719189,True,,,14,0.0003547942190721409,nan,4.440892098500626e-16,nan,nan,,nan,False,1.1809687078930438,nan,nan,nan,False,Cannot load a SolverResults object with bad status: error,,,nan,nan,nan,nan,nan,,nan,False,66.94215650018305,0.05274376025092037,0.03624789839109421,0.05274376025092037,True,,,,nan,nan,nan,0.17267607312340674,0.014908513114660056,1000,nan,False,64.2113924161531,0.05274343732572856,0.03624768329625927,0.05274343732572856,True,,,,nan,nan,nan,0.17267747558742957,0.014908755287623669,1000,nan,0.0003547942190721409,74.54532278721345,2.0,1.777905957581924,0.0003547942190721409,125.00775428603852,2.0,1.7779059575819338,nan,7.0123179135090945,nan,nan,0.05274376025092037,397.486978323626,1.9005522794260128,1.898936996436761,0.05274343732572856,381.27233539868854,1.9005448722864242,1.8989272959977574,0.0,1.6769362531686662,nan,0.05609506349073151,-3.2292519180909807e-07,0.959207109140225
msd,5,20,52134,0.5,nan,0.01,0.006666666666666666,5,5,1000,3,20,1000,1000,1000,3,"mcp,screened_dual,action_dual,restricted_mcp,stochastic_full_batch,stochastic_minibatch",True,0.2625290830619633,1.1102230246251565e-16,1.1102230246251565e-16,0.0,True,,pathampl,,nan,nan,nan,nan,nan,,nan,True,1.0198276666924357,0.0033999572125889,0.0033999572125889,0.0033999572125027466,True,,,1,0.0033999572125889,-0.03182200099651655,2.8910207561239076e-13,nan,nan,,nan,True,0.7888194159604609,0.0033999572125889,0.0033999572125889,0.0033999572125027466,True,,,1,0.0033999572125889,nan,2.8910207561239076e-13,nan,nan,,nan,True,0.06758299982175231,0.005292155967453915,0.005292155967453915,0.0,True,,pathampl,1,0.005292155967453915,nan,nan,nan,nan,,nan,False,61.84969333326444,0.048894503869411465,0.048894503869411465,0.04702715160094828,True,,,,nan,nan,nan,0.17929740898041016,0.016073780433544235,1000,nan,False,67.101459458936,0.04889632826942131,0.04889632826942131,0.04702719900579544,True,,,,nan,nan,nan,0.17929880343335333,0.016074030456316137,1000,nan,0.003399957212588789,3.8846273898413433,1.0738780877434628,1.1088215828970194,0.003399957212588789,3.004693448665572,1.0738780877434628,1.1088215828970194,0.005292155967453804,0.2574305255383879,1.0738780877434628,1.1088215828970194,0.048894503869411354,235.59177753523937,1.699469992027317,1.762357134661341,0.048896328269421196,255.59628928082765,1.6994555735020516,1.76235061331984,0.0,0.7734830518167896,0.0018921987548650154,0.08567613633021917,1.8244000098421864e-06,1.084911756916457
msd,5,20,52135,0.5,nan,0.01,0.006666666666666666,5,5,1000,3,20,1000,1000,1000,3,"mcp,screened_dual,action_dual,restricted_mcp,stochastic_full_batch,stochastic_minibatch",True,0.21378158265724778,0.0,0.0,0.0,True,,pathampl,,nan,nan,nan,nan,nan,,nan,True,15.906457582954317,3.4585667663122877e-12,3.4585667663122877e-12,2.180366998061345e-12,True,,,18,3.4585667663122877e-12,-0.07335019527302082,2.755240480212251e-12,nan,nan,,nan,True,4.023190124891698,0.0,0.0,0.0,True,,,3,0.0,nan,6.5503158452884236e-15,nan,nan,,nan,True,0.25347216660156846,0.0,0.0,0.0,True,,pathampl,3,0.0,nan,nan,nan,nan,,nan,False,66.41982458392158,0.052936648477931836,0.03443503304043333,0.052936648477931836,True,,,,nan,nan,nan,0.17092560254850603,0.014607780803284925,1000,nan,False,65.59765212517232,0.05293727759848038,0.034433264938553365,0.05293727759848038,True,,,,nan,nan,nan,0.1709279393547958,0.014608180226038376,1000,nan,3.4585667663122877e-12,74.40518207995896,2.6624296524412755e-11,8.824352934701222e-11,0.0,18.819161477263492,4.52441844097377e-16,1.9766191450776468e-17,0.0,1.185659510286047,0.0,0.0,0.052936648477931836,310.6901153894595,1.900805264063936,1.8994937458623748,0.05293727759848038,306.8442627742347,1.9007968834466678,1.8995045914704929,-3.4585667663122877e-12,0.2529281019303148,0.0,0.06300278106006531,6.291205485453588e-07,0.9876215803956174
msd,5,20,52136,0.5,nan,0.01,0.006666666666666666,5,5,1000,3,20,1000,1000,1000,3,"mcp,screened_dual,action_dual,restricted_mcp,stochastic_full_batch,stochastic_minibatch",True,0.19040258321911097,0.0,0.0,0.0,True,,pathampl,,nan,nan,nan,nan,nan,,nan,True,3.3499312079511583,0.0099240576216304,0.0099240576216304,0.009924057616669923,True,,,6,0.0099240576216304,-0.03648536938284999,7.492090281502328e-12,nan,nan,,nan,True,21.27655808441341,0.0033206135578979223,0.0033206135466574693,0.0033206135578979223,True,,,14,0.0033206135578979223,nan,1.7344015112996658e-11,nan,nan,,nan,True,237.27523454185575,0.0,0.0,0.0,True,,pathampl,58,0.0,nan,nan,nan,nan,,nan,False,64.69010716723278,0.05266431533176841,0.03594010980305329,0.05266431533176841,True,,,,nan,nan,nan,0.14281280838186927,0.010197749118958255,1000,nan,False,64.93130395794287,0.052664269664077334,0.0359416149337386,0.052664269664077334,True,,,,nan,nan,nan,0.14282279772490936,0.010199175774985187,1000,nan,0.0099240576216304,17.593937809636405,2.0,2.0,0.0033206135578979223,111.7451125120967,2.0,2.0,0.0,1246.1765514431324,0.0,0.0,0.05266431533176841,339.7543566559119,1.8992813567004487,1.899998232014641,0.052664269664077334,341.02112933636727,1.8992817623911737,1.900006846462355,-0.006603444063732478,6.351341792903951,-0.0033206135578979223,11.151955762792138,-4.566769107317015e-08,1.0037284957665407
msd,5,20,52137,0.5,nan,0.01,0.006666666666666666,5,5,1000,3,20,1000,1000,1000,3,"mcp,screened_dual,action_dual,restricted_mcp,stochastic_full_batch,stochastic_minibatch",True,0.3206682922318578,0.0,0.0,0.0,True,,pathampl,,nan,nan,nan,nan,nan,,nan,True,39.95601675007492,0.0037912377657355334,0.003791237750733867,0.0037912377657355334,True,,,27,0.0037912377657355334,-0.04055915431000705,3.583733310108528e-11,nan,nan,,nan,True,42.47382770804688,0.0037912377657355334,0.003791237750733867,0.0037912377657355334,True,,,27,0.0037912377657355334,nan,3.583733310108528e-11,nan,nan,,nan,True,25.362715083174407,0.0,0.0,0.0,True,,pathampl,64,0.0,nan,nan,nan,nan,,nan,False,63.48939404077828,0.04176819502609236,0.03522323004772998,0.04176819502609236,True,,,,nan,nan,nan,0.13953983754857274,0.009735683131541035,1000,nan,False,64.6720114578493,0.041767109920255396,0.035221652969212425,0.041767109920255396,True,,,,nan,nan,nan,0.1395389911306946,0.009735565022886033,1000,nan,0.0037912377657355334,124.60233118772125,1.9999999999999591,2.0,0.0037912377657355334,132.45409270878696,1.9999999999999591,2.0,0.0,79.09330513051165,0.0,0.0,0.04176819502609236,197.9908696269619,1.900080049368222,1.9003229566009054,0.041767109920255396,201.67884703451904,1.900083303197935,1.9003167658071243,0.0,1.0630145635817725,-0.0037912377657355334,0.597137495059559,-1.0851058369620858e-06,1.0186270074701207
msd,5,20,52138,0.5,nan,0.01,0.006666666666666666,5,5,1000,3,20,1000,1000,1000,3,"mcp,screened_dual,action_dual,restricted_mcp,stochastic_full_batch,stochastic_minibatch",True,0.3032566253095865,0.0,0.0,0.0,True,,pathampl,,nan,nan,nan,nan,nan,,nan,True,10.358124791178852,0.0018461244235922214,0.0018461244235922214,0.0018461244190576265,True,,,5,0.0018461244235922214,-0.04037065965597243,2.2555152190406602e-11,nan,nan,,nan,True,7.83473233319819,0.0018461244232808038,0.0018461244232808038,0.0018461244204501792,True,,,5,0.0018461244232808038,nan,2.4042379198618846e-11,nan,nan,,nan,True,0.43370825005695224,0.005071303555064577,0.0014684346513433866,0.005071303555064577,True,,pathampl,5,0.005071303555064577,nan,nan,nan,nan,,nan,False,62.78637579176575,0.04576685155899346,0.04576685155899346,0.026763488842739935,True,,,,nan,nan,nan,0.16601977203384585,0.013781282353085072,1000,nan,False,62.86938262498006,0.0457659886530295,0.0457659886530295,0.02676397298694927,True,,,,nan,nan,nan,0.16601826803616282,0.0137810326608636,1000,nan,0.0018461244235922214,34.15630171510522,0.5439541978477509,0.5546956694454819,0.0018461244232808038,25.835321240549725,0.5439541978477511,0.5546956694454819,0.005071303555064577,1.4301690840692802,0.5840398558839044,0.5546956694454817,0.04576685155899346,207.04040918370316,1.6588973315150797,1.7000821349560202,0.0457659886530295,207.31412730323171,1.658899633961031,1.7000803249709082,-3.114175584073564e-13,0.7563852039966129,0.003225179131783773,0.05535712409972143,-8.629059639608805e-07,1.001322051673911
msd,5,20,52139,0.5,nan,0.01,0.006666666666666666,5,5,1000,3,20,1000,1000,1000,3,"mcp,screened_dual,action_dual,restricted_mcp,stochastic_full_batch,stochastic_minibatch",True,0.2190577914007008,0.0,0.0,0.0,True,,pathampl,,nan,nan,nan,nan,nan,,nan,True,6.433579083997756,0.009280400568295044,0.009280400568295044,0.009280400548318801,True,,,4,0.009280400568295044,-0.021477039855645697,2.247457775439443e-11,nan,nan,,nan,True,5.635969249997288,0.009280400568295044,0.009280400568295044,0.009280400548318801,True,,,4,0.009280400568295044,nan,2.247457775439443e-11,nan,nan,,nan,True,1.4441928751766682,0.0,0.0,0.0,True,,pathampl,16,0.0,nan,nan,nan,nan,,nan,False,63.04672341700643,0.03704428175374669,0.03704428175374669,0.036103055911116844,True,,,,nan,nan,nan,0.1396504155924448,0.009751119287571273,1000,nan,False,62.60800329130143,0.03704689965549757,0.03704689965549757,0.03610425794235378,True,,,,nan,nan,nan,0.1396552968480615,0.009751800968860087,1000,nan,0.009280400568295044,29.369323240502524,2.0,2.0,0.009280400568295044,25.728230043586834,2.0,2.0,0.0,6.592748269496375,2.0,2.0,0.03704428175374669,287.80863266205984,1.8995353957055934,1.899914249176322,0.03704689965549757,285.8058729204422,1.899542251635613,1.8999132148657332,0.0,0.8760239326218335,-0.009280400568295044,0.25624569814275744,2.617901750878726e-06,0.993041349305289
msd,5,20,52140,0.5,nan,0.01,0.006666666666666666,5,5,1000,3,20,1000,1000,1000,3,"mcp,screened_dual,action_dual,restricted_mcp,stochastic_full_batch,stochastic_minibatch",False,0.36977533297613263,nan,nan,nan,False,Cannot load a SolverResults object with bad status: error,,,nan,nan,nan,nan,nan,,nan,True,25.307188916951418,0.008969564518405693,0.008969564503925942,0.008969564518405693,True,,,20,0.008969564518405693,-0.040816157077255055,3.019817729210672e-11,nan,nan,,nan,True,30.13147308304906,0.008969564518405693,0.008969564503925942,0.008969564518405693,True,,,20,0.008969564518405693,nan,3.019817729210672e-11,nan,nan,,nan,False,175.71659966697916,nan,nan,nan,False,Cannot load a SolverResults object with bad status: error,,,nan,nan,nan,nan,nan,,nan,False,65.3387563326396,0.051319857239640554,0.04751712573540512,0.051319857239640554,True,,,,nan,nan,nan,0.18264038576700245,0.016678755256559735,1000,nan,False,66.09045812487602,0.051319080120518445,0.04751341460032049,0.051319080120518445,True,,,,nan,nan,nan,0.182637496248132,0.016678227517893215,1000,nan,nan,68.43936482530295,nan,nan,nan,81.48589263793298,nan,nan,nan,475.19827310471493,nan,nan,nan,176.69852612060777,nan,nan,nan,178.73138695582452,nan,nan,0.0,1.1906290019776242,nan,5.83166309800603,-7.771191221084273e-07,1.0115046847296802
msd,5,20,52141,0.5,nan,0.01,0.006666666666666666,5,5,1000,3,20,1000,1000,1000,3,"mcp,screened_dual,action_dual,restricted_mcp,stochastic_full_batch,stochastic_minibatch",True,0.21797249978408217,0.0,0.0,0.0,True,,pathampl,,nan,nan,nan,nan,nan,,nan,True,5.989816584158689,0.0008920779288452696,0.0008920779288452696,0.000892077927592938,True,,,4,0.0008920779288452696,-0.009877347322351963,4.559019828320743e-12,nan,nan,,nan,True,6.459867249708623,0.0008920779288452696,0.0008920779288452696,0.000892077927592938,True,,,4,0.0008920779288452696,nan,4.559019828320743e-12,nan,nan,,nan,True,6.169339166022837,0.0073452135393763385,0.0073452135393763385,0.0,True,,pathampl,72,0.0073452135393763385,nan,nan,nan,nan,,nan,False,62.75082541629672,0.07167421260190548,0.04477162087353975,0.07167421260190548,True,,,,nan,nan,nan,0.19693966158552395,0.01939261515271035,1000,nan,False,63.601060916204005,0.07167287655458066,0.04477172508869337,0.07167287655458066,True,,,,nan,nan,nan,0.19694172716391836,0.01939302194915363,1000,nan,0.0008920779288452696,27.479689364906324,2.0,1.340429612235445,0.0008920779288452696,29.636157112055866,2.0,1.340429612235445,0.0073452135393763385,28.303291342412564,0.7600309146426566,0.0,0.07167421260190548,287.8841389554005,1.6995299509518582,1.8985350504896732,0.07167287655458066,291.78479385796624,1.6995243128510427,1.8985382039863732,0.0,1.0784749681305903,0.006453135610531069,0.9550256882292913,-1.3360473248291704e-06,1.0135493914903384
msd,5,20,52142,0.5,nan,0.01,0.006666666666666666,5,5,1000,3,20,1000,1000,1000,3,"mcp,screened_dual,action_dual,restricted_mcp,stochastic_full_batch,stochastic_minibatch",False,0.42568850005045533,nan,nan,nan,False,Cannot load a SolverResults object with bad status: error,,,nan,nan,nan,nan,nan,,nan,True,9.35822775028646,0.009369404255366809,0.009369404255366809,0.009369404252887459,True,,,9,0.009369404255366809,-0.018873847271962497,2.5136226433630782e-11,nan,nan,,nan,True,14.051147209014744,0.009369404255366809,0.009369404255366809,0.009369404252887459,True,,,9,0.009369404255366809,nan,2.5136226433630782e-11,nan,nan,,nan,True,29.94302499992773,0.0009253440314017647,0.0008353525005679874,0.0009253440314017647,True,,pathampl,128,0.0009253440314017647,nan,nan,nan,nan,,nan,False,64.06488712504506,0.04906490134902386,0.03845184470646934,0.04906490134902386,True,,,,nan,nan,nan,0.18150915264593223,0.016472786247122163,1000,nan,False,65.06438020896167,0.049065341561462195,0.038449851841035776,0.049065341561462195,True,,,,nan,nan,nan,0.18150795967802527,0.016472569713239824,1000,nan,nan,21.983745741727255,nan,nan,nan,33.00804980014567,nan,nan,nan,70.34022529708622,nan,nan,nan,150.49710555359536,nan,nan,nan,152.8450503155472,nan,nan,0.0,1.5014752348364926,-0.008444060223965044,2.1310021562308656,4.4021243833514134e-07,1.0156012619200552
msd,5,50,55123,0.5,nan,0.01,0.006666666666666666,8,5,1000,3,20,1000,1000,1000,3,"mcp,screened_dual,action_dual,restricted_mcp,stochastic_full_batch,stochastic_minibatch",False,1.0538154169917107,nan,nan,nan,False,Cannot load a SolverResults object with bad status: error,,,nan,nan,nan,nan,nan,,nan,True,43.47689845878631,0.0074167511801239705,0.0074167511801239705,0.007416751180098102,True,,,29,0.0074167511801239705,-0.026868126981158952,4.451994328746878e-14,nan,nan,,nan,True,48.17427358403802,0.007131559848109648,0.007131559848109648,0.007131559847125657,True,,,18,0.007131559848109648,nan,1.5725198920790717e-12,nan,nan,,nan,False,1.7237751660868526,nan,nan,nan,False,Cannot load a SolverResults object with bad status: error,,,nan,nan,nan,nan,nan,,nan,False,66.4530472913757,0.03892315392765078,0.034719070403586516,0.03892315392765078,True,,,,nan,nan,nan,0.1779161634970054,0.015827080616746578,1000,nan,False,65.79854199988768,0.03892300978657659,0.03471913423437023,0.03892300978657659,True,,,,nan,nan,nan,0.1779154542198237,0.01582695442512309,1000,nan,nan,41.25665439864057,nan,nan,nan,45.71414766502411,nan,nan,nan,1.635746771486464,nan,nan,nan,63.0594753311513,nan,nan,nan,62.4383938011843,nan,nan,-0.0002851913320143229,1.10804301345701,nan,0.035782068681944904,-1.4414107418758704e-07,0.9901508611242729
msd,5,50,55124,0.5,nan,0.01,0.006666666666666666,8,5,1000,3,20,1000,1000,1000,3,"mcp,screened_dual,action_dual,restricted_mcp,stochastic_full_batch,stochastic_minibatch",False,0.9806243749335408,nan,nan,nan,False,Cannot load a SolverResults object with bad status: error,,,nan,nan,nan,nan,nan,,nan,True,29.19836595794186,0.00916055279761474,0.00916055279761474,0.00916055279727579,True,,,20,0.00916055279761474,-0.016715588822772263,1.6436851879575443e-12,nan,nan,,nan,True,32.24304204201326,0.001710763417893446,0.001710763417893446,0.0017107634160637986,True,,,11,0.001710763417893446,nan,9.952039192739903e-12,nan,nan,,nan,False,2.8311364171095192,nan,nan,nan,False,Cannot load a SolverResults object with bad status: error,,,nan,nan,nan,nan,nan,,nan,False,66.74094462487847,0.03722724440442199,0.03274883618646163,0.03722724440442199,True,,,,nan,nan,nan,0.17338258819664504,0.015030760944883698,1000,nan,False,65.83034175029024,0.03722688488503484,0.032749314971714905,0.03722688488503484,True,,,,nan,nan,nan,0.1733828761412305,0.015030810869502637,1000,nan,nan,29.775280631710487,nan,nan,nan,32.88011481888612,nan,nan,nan,2.887075305772806,nan,nan,nan,68.05964274486003,nan,nan,nan,67.13104776204622,nan,nan,-0.007449789379721294,1.104275564203046,nan,0.08780611995048414,-3.5951938714973153e-07,0.9863561584315846
msd,5,50,55125,0.5,nan,0.01,0.006666666666666666,8,5,1000,3,20,1000,1000,1000,3,"mcp,screened_dual,action_dual,restricted_mcp,stochastic_full_batch,stochastic_minibatch",False,1.0611187918111682,nan,nan,nan,False,Cannot load a SolverResults object with bad status: error,,,nan,nan,nan,nan,nan,,nan,True,132.73666399996728,0.009515593465586392,0.009515593465586392,0.009515593465585392,True,,,66,0.009515593465586392,-0.016133362845791005,1.1796119636642288e-15,nan,nan,,nan,True,18.594646249897778,0.009692880252421432,0.00969288024987347,0.009692880252421432,True,,,6,0.009692880252421432,nan,7.239098209765871e-12,nan,nan,,nan,False,3.4299832498654723,nan,nan,nan,False,Cannot load a SolverResults object with bad status: error,,,nan,nan,nan,nan,nan,,nan,False,67.70026783365756,0.03946152354885413,0.03946152354885413,0.03844130724815492,True,,,,nan,nan,nan,0.18339280925521506,0.016816461243259848,1000,nan,False,67.45095537509769,0.03946240550794422,0.03946240550794422,0.03844166212302774,True,,,,nan,nan,nan,0.18339429488363868,0.01681673369793351,1000,nan,nan,125.09123862881177,nan,nan,nan,17.523623550346844,nan,nan,nan,3.2324215500990356,nan,nan,nan,63.80083771592011,nan,nan,nan,63.56588526716145,nan,nan,0.0001772867868350403,0.1400867378277818,nan,0.18446079606834834,8.819590900932539e-07,0.996317408091022
msd,5,50,55126,0.5,nan,0.01,0.006666666666666666,8,5,1000,3,20,1000,1000,1000,3,"mcp,screened_dual,action_dual,restricted_mcp,stochastic_full_batch,stochastic_minibatch",False,0.9907400002703071,nan,nan,nan,False,Cannot load a SolverResults object with bad status: error,,,nan,nan,nan,nan,nan,,nan,True,77.0996398339048,0.009248194473635007,0.009248194473635007,0.00924819444844438,True,,,44,0.009248194473635007,-0.010811658317081281,3.053313157863613e-11,nan,nan,,nan,True,2.317116292193532,0.008575016924187051,0.008575016924180057,0.008575016924187051,True,,,1,0.008575016924187051,nan,6.8833827526759706e-15,nan,nan,,nan,False,2.4675071658566594,nan,nan,nan,False,Cannot load a SolverResults object with bad status: error,,,nan,nan,nan,nan,nan,,nan,False,68.51246537500992,0.038928541186544874,0.03226213642211162,0.038928541186544874,True,,,,nan,nan,nan,0.17633567624080065,0.015547135357650234,1000,nan,False,67.20085770823061,0.03893023824329567,0.03226370150050667,0.03893023824329567,True,,,,nan,nan,nan,0.17633825084492472,0.015547589355523797,1000,nan,nan,77.82025537766663,nan,nan,nan,2.3387733326214195,nan,nan,nan,2.4905698419196165,nan,nan,nan,69.15282047390579,nan,nan,nan,67.82895380210344,nan,nan,-0.0006731775494479564,0.030053529396314678,nan,1.0649043270593717,1.6970567507934575e-06,0.9808559265879561
msd,5,50,55127,0.5,nan,0.01,0.006666666666666666,8,5,1000,3,20,1000,1000,1000,3,"mcp,screened_dual,action_dual,restricted_mcp,stochastic_full_batch,stochastic_minibatch",False,1.0743426671251655,nan,nan,nan,False,Cannot load a SolverResults object with bad status: error,,,nan,nan,nan,nan,nan,,nan,True,45.68160404171795,0.005603762747369623,0.005603762747369623,0.005603762747369512,True,,,34,0.005603762747369623,-0.013756012770635128,1.4432899320127035e-15,nan,nan,,nan,True,320.5505349589512,0.009389498969642474,0.009389498968785381,0.009389498969642474,True,,,124,0.009389498969642474,nan,1.191491350027718e-12,nan,nan,,nan,False,9.59204116743058,nan,nan,nan,False,Cannot load a SolverResults object with bad status: error,,,nan,nan,nan,nan,nan,,nan,False,37.40204175002873,0.04484580493668422,0.03556470694954261,0.04484580493668422,True,,,,nan,nan,nan,0.17744392918135324,0.01574317400165855,1000,nan,False,31.58320500003174,0.04484377812537288,0.035564415468812005,0.04484377812537288,True,,,,nan,nan,nan,0.17744213276742277,0.015742855240525846,1000,nan,nan,42.520515511086785,nan,nan,nan,298.368988561827,nan,nan,nan,8.92828839526399,nan,nan,nan,34.81388470785851,nan,nan,nan,29.39770146572068,nan,nan,0.0037857362222728508,7.017059529394237,nan,0.029923647354570506,-2.026811311339749e-06,0.8444246228886015
msd,5,50,55128,0.5,nan,0.01,0.006666666666666666,8,5,1000,3,20,1000,1000,1000,3,"mcp,screened_dual,action_dual,restricted_mcp,stochastic_full_batch,stochastic_minibatch",False,1.1029478339478374,nan,nan,nan,False,Cannot load a SolverResults object with bad status: error,,,nan,nan,nan,nan,nan,,nan,True,38.19982291711494,0.0031618438991962705,0.0031618438991962705,0.0031618438991948272,True,,,21,0.0031618438991962705,-0.020558797092787198,1.687538997430238e-14,nan,nan,,nan,True,58.99727649986744,0.00019087722165678223,0.00019087722165678223,0.00019087719094135203,True,,,19,0.00019087722165678223,nan,2.2998936088924893e-11,nan,nan,,nan,False,6.783744958229363,nan,nan,nan,False,Cannot load a SolverResults object with bad status: error,,,nan,nan,nan,nan,nan,,nan,False,67.43595754215494,0.03729158957454859,0.028492171853762627,0.03729158957454859,True,,,,nan,nan,nan,0.18104163986331412,0.016388037682198965,1000,nan,False,67.31525562470779,0.03729105082054718,0.028491258143321874,0.03729105082054718,True,,,,nan,nan,nan,0.1810404845365906,0.01638782852062175,1000,nan,nan,34.634297054997035,nan,nan,nan,53.49054115161139,nan,nan,nan,6.1505583033315,nan,nan,nan,61.14156578083841,nan,nan,nan,61.032130036252816,nan,nan,-0.0029709666775394883,1.5444384815049617,nan,0.11498403588587018,-5.387540014112346e-07,0.9982101252529603
msd,5,50,55129,0.5,nan,0.01,0.006666666666666666,8,5,1000,3,20,1000,1000,1000,3,"mcp,screened_dual,action_dual,restricted_mcp,stochastic_full_batch,stochastic_minibatch",False,1.0381200830452144,nan,nan,nan,False,Cannot load a SolverResults object with bad status: error,,,nan,nan,nan,nan,nan,,nan,True,12.219850625377148,0.0050729466477679175,0.005072946647767473,0.0050729466477679175,True,,,10,0.0050729466477679175,-0.004854854143540685,4.440892098500626e-16,nan,nan,,nan,True,24.7134418329224,0.005072946647769805,0.0050729466477682505,0.005072946647769805,True,,,10,0.005072946647769805,nan,1.554312234475219e-14,nan,nan,,nan,False,8.04717095894739,nan,nan,nan,False,Cannot load a SolverResults object with bad status: error,,,nan,nan,nan,nan,nan,,nan,False,66.51472712494433,0.0478635586725813,0.0478635586725813,0.031037018146759243,True,,,,nan,nan,nan,0.17833713749457047,0.015902067304878666,1000,nan,False,67.23821533285081,0.04786198500264749,0.04786198500264749,0.0310365679296431,True,,,,nan,nan,nan,0.17833576436221604,0.01590182242532792,1000,nan,nan,11.771134019035179,nan,nan,nan,23.805956783369567,nan,nan,nan,7.751676410441722,nan,nan,nan,64.07228625211688,nan,nan,nan,64.76920775447739,nan,nan,1.887379141862766e-15,2.022401303465987,nan,0.3256191919098547,-1.5736699338075866e-06,1.0108771130722292
msd,5,50,55130,0.5,nan,0.01,0.006666666666666666,8,5,1000,3,20,1000,1000,1000,3,"mcp,screened_dual,action_dual,restricted_mcp,stochastic_full_batch,stochastic_minibatch",False,0.9934427910484374,nan,nan,nan,False,Cannot load a SolverResults object with bad status: error,,,nan,nan,nan,nan,nan,,nan,True,13.11656495789066,0.009316644235161986,0.009316644235161986,0.009316644232870153,True,,,6,0.009316644235161986,-8.173209699074077e-05,5.7377436135652715e-12,nan,nan,,nan,True,15.093412583693862,0.009316644235161986,0.009316644235161986,0.009316644232870153,True,,,6,0.009316644235161986,nan,5.7377436135652715e-12,nan,nan,,nan,False,0.6040147496387362,nan,nan,nan,False,Cannot load a SolverResults object with bad status: error,,,nan,nan,nan,nan,nan,,nan,False,68.81543087493628,0.03979699540397702,0.027913753593831636,0.03979699540397702,True,,,,nan,nan,nan,0.18626127141113125,0.01734663061384555,1000,nan,False,67.76567854173481,0.03979645935078607,0.027914310046925017,0.03979645935078607,True,,,,nan,nan,nan,0.18626113384274987,0.01734660499019339,1000,nan,nan,13.203140710345277,nan,nan,nan,15.193036498624057,nan,nan,nan,0.6080015427977334,nan,nan,nan,69.26964642051647,nan,nan,nan,68.21296520780808,nan,nan,0.0,1.1507138211985883,nan,0.04001843494898446,-5.360531909470723e-07,0.9847453932954475
msd,5,50,55131,0.5,nan,0.01,0.006666666666666666,8,5,1000,3,20,1000,1000,1000,3,"mcp,screened_dual,action_dual,restricted_mcp,stochastic_full_batch,stochastic_minibatch",False,1.1443820842541754,nan,nan,nan,False,Cannot load a SolverResults object with bad status: error,,,nan,nan,nan,nan,nan,,nan,True,4.272864666301757,4.1522341120980855e-14,4.1522341120980855e-14,0.0,True,,,3,4.1522341120980855e-14,-0.04573609116283533,1.1102230246251565e-15,nan,nan,,nan,True,38.81005770806223,0.006391799104853768,0.006391799104853213,0.006391799104853768,True,,,14,0.006391799104853768,nan,5.551115123125783e-15,nan,nan,,nan,True,3.3890850418247283,0.0,0.0,0.0,True,,pathampl,29,0.0,nan,nan,nan,nan,,nan,False,68.11372687481344,0.039286726157790275,0.03806200992318687,0.039286726157790275,True,,,,nan,nan,nan,0.18473048338651674,0.017062675746108067,1000,nan,False,62.357436791062355,0.03928627378057037,0.038061172434515955,0.03928627378057037,True,,,,nan,nan,nan,0.184726650162806,0.01706196764018586,1000,nan,nan,3.733774519099098,nan,nan,nan,33.91354884182392,nan,nan,nan,2.9614978148084923,nan,nan,nan,59.520091944820145,nan,nan,nan,54.4900498260617,nan,nan,0.006391799104812246,9.08291292587393,-0.006391799104853768,0.08732491632241748,-4.5237721990609714e-07,0.9154900143060649
msd,5,50,55132,0.5,nan,0.01,0.006666666666666666,8,5,1000,3,20,1000,1000,1000,3,"mcp,screened_dual,action_dual,restricted_mcp,stochastic_full_batch,stochastic_minibatch",False,1.056345292367041,nan,nan,nan,False,Cannot load a SolverResults object with bad status: error,,,nan,nan,nan,nan,nan,,nan,True,4.980738542042673,0.009913427523903229,0.009913427523903229,0.009913427523814633,True,,,2,0.009913427523903229,-0.017097944672031355,1.5787371410169726e-12,nan,nan,,nan,True,5.4149083332158625,0.009913427523903229,0.009913427523903229,0.009913427523814633,True,,,2,0.009913427523903229,nan,1.5787371410169726e-12,nan,nan,,nan,False,0.6700254157185555,nan,nan,nan,False,Cannot load a SolverResults object with bad status: error,,,nan,nan,nan,nan,nan,,nan,False,67.67551391664892,0.0353734433214834,0.0353734433214834,0.034393593403910794,True,,,,nan,nan,nan,0.1790171724656446,0.016023574018797174,1000,nan,False,59.071595000103116,0.035372444473028564,0.035372444473028564,0.034393416192282755,True,,,,nan,nan,nan,0.17901492807230204,0.016023172236365738,1000,nan,nan,4.7150667286848185,nan,nan,nan,5.126077971230624,nan,nan,nan,0.634286365036165,nan,nan,nan,64.06571260899241,nan,nan,nan,55.920725379233204,nan,nan,0.0,1.0871697615741802,nan,0.12373716681564464,-9.988484548362209e-07,0.8728651114915412
msd,5,50,55133,0.5,nan,0.01,0.006666666666666666,8,5,1000,3,20,1000,1000,1000,3,"mcp,screened_dual,action_dual,restricted_mcp,stochastic_full_batch,stochastic_minibatch",False,1.0305619169957936,nan,nan,nan,False,Cannot load a SolverResults object with bad status: error,,,nan,nan,nan,nan,nan,,nan,True,34.15439595794305,0.006875067270769586,0.00687506727076892,0.006875067270769586,True,,,20,0.006875067270769586,0.004383069614791226,3.9968028886505635e-15,nan,nan,,nan,True,47.609789832960814,0.00971768494288816,0.00971768494288816,0.009717684941031868,True,,,17,0.00971768494288816,nan,9.130807221424675e-12,nan,nan,,nan,False,1.4934710417874157,nan,nan,nan,False,Cannot load a SolverResults object with bad status: error,,,nan,nan,nan,nan,nan,,nan,False,50.537823958322406,0.03992161594791921,0.03992161594791921,0.033184144729502485,True,,,,nan,nan,nan,0.1896847532037389,0.017990152798981668,1000,nan,False,41.590947499964386,0.039921142179358715,0.039921142179358715,0.033183813186103195,True,,,,nan,nan,nan,0.18968386778791915,0.017989984849492397,1000,nan,nan,33.14152734995976,nan,nan,nan,46.19789364209074,nan,nan,nan,1.4491812836836193,nan,nan,nan,49.039095201233486,nan,nan,nan,40.35754360223865,nan,nan,0.0028426176721185747,1.393957893197304,nan,0.031368990433002675,-4.7376856049385907e-07,0.8229667255611096
msd,5,50,55134,0.5,nan,0.01,0.006666666666666666,8,5,1000,3,20,1000,1000,1000,3,"mcp,screened_dual,action_dual,restricted_mcp,stochastic_full_batch,stochastic_minibatch",False,1.1138927498832345,nan,nan,nan,False,Cannot load a SolverResults object with bad status: error,,,nan,nan,nan,nan,nan,,nan,True,13.316174665931612,0.003007431738824007,0.0030074317047468213,0.003007431738824007,True,,,8,0.003007431738824007,-0.004798044887612135,4.865396974196301e-11,nan,nan,,nan,True,69.71008420782164,0.009664091625968707,0.009664091625968707,0.009664091624088433,True,,,25,0.009664091625968707,nan,3.452571561979312e-12,nan,nan,,nan,False,159.3943469170481,nan,nan,nan,False,Cannot load a SolverResults object with bad status: error,,,nan,nan,nan,nan,nan,,nan,False,24.81860079197213,0.04697360120230076,0.04697360120230076,0.038275338562533845,True,,,,nan,nan,nan,0.17667141541353407,0.015606394512110761,1000,nan,False,24.803804791998118,0.046974560420737166,0.046974560420737166,0.038275193889377446,True,,,,nan,nan,nan,0.17667343851355577,0.015606751938101586,1000,nan,nan,11.954629085544816,nan,nan,nan,62.582402313983195,nan,nan,nan,143.09667329620095,nan,nan,nan,22.280960886560916,nan,nan,nan,22.26767774060673,nan,nan,0.0066566598871447,5.234993228661187,nan,2.2865321241308108,9.592184364026757e-07,0.9994038342411794
msd,5,50,55135,0.5,nan,0.01,0.006666666666666666,8,5,1000,3,20,1000,1000,1000,3,"mcp,screened_dual,action_dual,restricted_mcp,stochastic_full_batch,stochastic_minibatch",False,0.6674804999493062,nan,nan,nan,False,Cannot load a SolverResults object with bad status: error,,,nan,nan,nan,nan,nan,,nan,True,40.57157066697255,0.0015809137423363762,0.0015809137423363762,0.0015809137409728002,True,,,25,0.0015809137423363762,-0.008706892713483431,4.987121826616203e-12,nan,nan,,nan,True,68.64802983263507,0.0015809137423363762,0.0015809137423363762,0.0015809137409728002,True,,,25,0.0015809137423363762,nan,4.987121826616203e-12,nan,nan,,nan,False,6.931571625173092,nan,nan,nan,False,Cannot load a SolverResults object with bad status: error,,,nan,nan,nan,nan,nan,,nan,False,65.26639108313248,0.04384503017454289,0.03248100718509439,0.04384503017454289,True,,,,nan,nan,nan,0.18047784057353652,0.016286125469043435,1000,nan,False,65.33580141700804,0.043844508448786734,0.03248063691958625,0.043844508448786734,True,,,,nan,nan,nan,0.1804797264918752,0.01628646583729104,1000,nan,nan,60.78315496865283,nan,nan,nan,102.84649489812624,nan,nan,nan,10.384680340024211,nan,nan,nan,97.78022142682718,nan,nan,nan,97.88420998361774,nan,nan,0.0,1.6920229782604468,nan,0.10097262284252538,-5.217257561529465e-07,1.001063492752145
msd,5,50,55136,0.5,nan,0.01,0.006666666666666666,8,5,1000,3,20,1000,1000,1000,3,"mcp,screened_dual,action_dual,restricted_mcp,stochastic_full_batch,stochastic_minibatch",False,0.662813208065927,nan,nan,nan,False,Cannot load a SolverResults object with bad status: error,,,nan,nan,nan,nan,nan,,nan,True,42.84007804095745,0.004591617316212049,0.0045916173161509866,0.004591617316212049,True,,,41,0.004591617316212049,-0.02489818154481745,1.0691447727140257e-13,nan,nan,,nan,True,513.1373221669346,0.008226004853304603,0.008226004853302271,0.008226004853304603,True,,,192,0.008226004853304603,nan,1.0751399770470016e-12,nan,nan,,nan,False,8.00904812477529,nan,nan,nan,False,Cannot load a SolverResults object with bad status: error,,,nan,nan,nan,nan,nan,,nan,False,64.58901016693562,0.03270827900399981,0.03200603729454282,0.03270827900399981,True,,,,nan,nan,nan,0.15752875845770023,0.01240765487061223,1000,nan,False,68.11067012511194,0.032710014381121644,0.032005970408461426,0.032710014381121644,True,,,,nan,nan,nan,0.1575256405213069,0.012407163710824004,1000,nan,nan,64.63371206190017,nan,nan,nan,774.1808942888404,nan,nan,nan,12.083416605630868,nan,nan,nan,97.44677592561078,nan,nan,nan,102.75997716439181,nan,nan,0.003634387537092554,11.977973561961006,nan,0.015608001559804248,1.7353771218364678e-06,1.054524135748083
msd,5,50,55137,0.5,nan,0.01,0.006666666666666666,8,5,1000,3,20,1000,1000,1000,3,"mcp,screened_dual,action_dual,restricted_mcp,stochastic_full_batch,stochastic_minibatch",False,0.7246627500280738,nan,nan,nan,False,Cannot load a SolverResults object with bad status: error,,,nan,nan,nan,nan,nan,,nan,True,13.00458695879206,0.0077568723205964085,0.0077568723205964085,0.007756872320595964,True,,,6,0.0077568723205964085,-0.01844664454691924,4.440892098500626e-16,nan,nan,,nan,True,14.379647625144571,0.0077568723205964085,0.0077568723205964085,0.007756872320595964,True,,,6,0.0077568723205964085,nan,4.440892098500626e-16,nan,nan,,nan,True,0.11920050019398332,0.008218149625949023,0.008218149625949023,0.0,True,,pathampl,1,0.008218149625949023,nan,nan,nan,nan,,nan,False,58.92734112543985,0.036303527638066546,0.036303527638066546,0.03601885471709898,True,,,,nan,nan,nan,0.17448615892636327,0.01522270982843805,1000,nan,False,63.88102649990469,0.03630351374741103,0.03630351374741103,0.036018289575002305,True,,,,nan,nan,nan,0.17448330871986814,0.015222212510916407,1000,nan,nan,17.945709170629037,nan,nan,nan,19.843227245484186,nan,nan,nan,0.16449099969518985,nan,nan,nan,81.31691759119256,nan,nan,nan,88.15276692148163,nan,nan,0.0,1.105736588998151,0.00046127730535261424,0.008289528596343812,-1.3890655514714467e-08,1.0840642947714174
msd,5,50,55138,0.5,nan,0.01,0.006666666666666666,8,5,1000,3,20,1000,1000,1000,3,"mcp,screened_dual,action_dual,restricted_mcp,stochastic_full_batch,stochastic_minibatch",False,0.6927307499572635,nan,nan,nan,False,Cannot load a SolverResults object with bad status: error,,,nan,nan,nan,nan,nan,,nan,True,43.86745662521571,0.005355501893942627,0.0053555018930597775,0.005355501893942627,True,,,32,0.005355501893942627,-0.006976413012892764,1.7860379841749818e-11,nan,nan,,nan,True,87.60899112513289,0.005355501893878456,0.005355501893878456,0.005355501893408943,True,,,32,0.005355501893878456,nan,5.51436674101069e-12,nan,nan,,nan,True,4.001793792005628,0.003709109477446182,0.003709109477446182,0.003549639076138922,True,,pathampl,35,0.003709109477446182,nan,nan,nan,nan,,nan,False,65.31720091681927,0.04470432361577198,0.032228440442020445,0.04470432361577198,True,,,,nan,nan,nan,0.2180428911305753,0.023771351186289955,1000,nan,False,66.66789720766246,0.04470470628432438,0.032228119016999124,0.04470470628432438,True,,,,nan,nan,nan,0.2180428931776696,0.023771351632644315,1000,nan,nan,63.325406917365825,nan,nan,nan,126.46903740094942,nan,nan,nan,5.776838681193971,nan,nan,nan,94.28944928581397,nan,nan,nan,96.23926354038043,nan,nan,-6.417089082333405e-14,1.9971294865263252,-0.001646392416432274,0.04567788922817091,3.8266855240109976e-07,1.0206790289829364
msd,5,50,55139,0.5,nan,0.01,0.006666666666666666,8,5,1000,3,20,1000,1000,1000,3,"mcp,screened_dual,action_dual,restricted_mcp,stochastic_full_batch,stochastic_minibatch",False,0.6698430408723652,nan,nan,nan,False,Cannot load a SolverResults object with bad status: error,,,nan,nan,nan,nan,nan,,nan,True,42.816379957832396,0.006915800552818818,0.006915800551238305,0.006915800552818818,True,,,30,0.006915800552818818,-0.005762054428351499,8.29736279683857e-12,nan,nan,,nan,True,81.58271120907739,0.0069158005590623794,0.0069158005590623794,0.00691580054211971,True,,,30,0.0069158005590623794,nan,3.9478802171810656e-11,nan,nan,,nan,False,0.15884091705083847,nan,nan,nan,False,Cannot load a SolverResults object with bad status: error,,,nan,nan,nan,nan,nan,,nan,False,65.91750899981707,0.039701806617420954,0.037343482981152865,0.039701806617420954,True,,,,nan,nan,nan,0.19110406857209747,0.018260382512404465,1000,nan,False,66.70582166593522,0.0397021869776395,0.03734434022193478,0.0397021869776395,True,,,,nan,nan,nan,0.191106948566199,0.018260932895141916,1000,nan,nan,63.9200190869652,nan,nan,nan,121.79377291556054,nan,nan,nan,0.23713154777867537,nan,nan,nan,98.40739543098019,nan,nan,nan,99.58425720010672,nan,nan,6.243561223584493e-12,1.905408894666572,nan,0.0019469923798409493,3.8036021854370716e-07,1.0119590785222228
msd,5,50,55140,0.5,nan,0.01,0.006666666666666666,8,5,1000,3,20,1000,1000,1000,3,"mcp,screened_dual,action_dual,restricted_mcp,stochastic_full_batch,stochastic_minibatch",False,0.7009781249798834,nan,nan,nan,False,Cannot load a SolverResults object with bad status: error,,,nan,nan,nan,nan,nan,,nan,True,6.62214587489143,0.004817803492271233,0.004817803492259798,0.004817803492271233,True,,,8,0.004817803492271233,-0.00820154684503526,8.434808407287164e-12,nan,nan,,nan,True,19.030925709288567,0.004817803492271233,0.004817803492259798,0.004817803492271233,True,,,8,0.004817803492271233,nan,8.434808407287164e-12,nan,nan,,nan,False,217.3328554998152,nan,nan,nan,False,Cannot load a SolverResults object with bad status: error,,,nan,nan,nan,nan,nan,,nan,False,67.47569712530822,0.056028041977874254,0.042826539982205536,0.056028041977874254,True,,,,nan,nan,nan,0.21232322890062888,0.022540576765394425,1000,nan,False,66.84190775034949,0.0560272557659921,0.042826802823293486,0.0560272557659921,True,,,,nan,nan,nan,0.21232493578964184,0.022540939179037767,1000,nan,nan,9.447007886417955,nan,nan,nan,27.149100708149366,nan,nan,nan,310.04227914537586,nan,nan,nan,96.25934778955424,nan,nan,nan,95.35519778490621,nan,nan,0.0,2.8738306387127994,nan,11.419983390179485,-7.862118821533315e-07,0.9906071459509085
msd,5,50,55141,0.5,nan,0.01,0.006666666666666666,8,5,1000,3,20,1000,1000,1000,3,"mcp,screened_dual,action_dual,restricted_mcp,stochastic_full_batch,stochastic_minibatch",False,1.0786769171245396,nan,nan,nan,False,Cannot load a SolverResults object with bad status: error,,,nan,nan,nan,nan,nan,,nan,True,80.88263120828196,0.0032024593661398315,0.0032024593661398315,0.0032024593661391654,True,,,55,0.0032024593661398315,-0.012684004263015797,7.771561172376096e-16,nan,nan,,nan,True,5.144777207635343,0.009086573911358475,0.009086573911356477,0.009086573911358475,True,,,2,0.009086573911358475,nan,1.9984014443252818e-15,nan,nan,,nan,False,19.964307125192136,nan,nan,nan,False,Cannot load a SolverResults object with bad status: error,,,nan,nan,nan,nan,nan,,nan,False,66.40393054066226,0.0395098450340462,0.0395098450340462,0.0281676906694891,True,,,,nan,nan,nan,0.1798467346781079,0.01617242398718887,1000,nan,False,66.2911464581266,0.03951052007325495,0.03951052007325495,0.02816796034461211,True,,,,nan,nan,nan,0.17984607451372867,0.01617230525899882,1000,nan,nan,74.98318534885603,nan,nan,nan,4.769525634561575,nan,nan,nan,18.508143456347955,nan,nan,nan,61.56053725306104,nan,nan,nan,61.45597945568432,nan,nan,0.005884114545218644,0.0636079357308117,nan,3.880499838858559,6.750392087528923e-07,0.998301545079977
msd,5,50,55142,0.5,nan,0.01,0.006666666666666666,8,5,1000,3,20,1000,1000,1000,3,"mcp,screened_dual,action_dual,restricted_mcp,stochastic_full_batch,stochastic_minibatch",False,1.128821374848485,nan,nan,nan,False,Cannot load a SolverResults object with bad status: error,,,nan,nan,nan,nan,nan,,nan,True,29.29766779206693,0.004254851435995688,0.004254851435995688,0.004254851416642724,True,,,23,0.004254851435995688,-0.002234417116569722,3.366484868649877e-11,nan,nan,,nan,True,61.80027295835316,0.004254851435995688,0.004254851435995688,0.004254851416642724,True,,,23,0.004254851435995688,nan,3.366484868649877e-11,nan,nan,,nan,False,294.9376269169152,nan,nan,nan,False,Cannot load a SolverResults object with bad status: error,,,nan,nan,nan,nan,nan,,nan,False,69.2171654580161,0.048015043212784214,0.036407331982487634,0.048015043212784214,True,,,,nan,nan,nan,0.18933316748418297,0.017923524154796838,1000,nan,False,72.80720025021583,0.048015619263765685,0.03640754438937949,0.048015619263765685,True,,,,nan,nan,nan,0.1893314609682832,0.017923201056192273,1000,nan,nan,25.954210688116518,nan,nan,nan,54.747610503608904,nan,nan,nan,261.2792718923336,nan,nan,nan,61.318085394428955,nan,nan,nan,64.49842452707658,nan,nan,0.0,2.109392235483232,nan,4.7724324310941455,5.760509814711767e-07,1.0518662497726416
msd,10,5,100623,0.5,nan,0.01,0.006666666666666666,3,5,1000,3,20,1000,1000,1000,4,"mcp,screened_dual,action_dual,restricted_mcp,stochastic_full_batch,stochastic_minibatch",True,0.10887966677546501,1.1102230246251565e-16,1.1102230246251565e-16,0.0,True,,pathampl,,nan,nan,nan,nan,nan,,nan,True,13.465351375285536,2.220446049250313e-16,2.220446049250313e-16,0.0,True,,,4,2.220446049250313e-16,-0.04367398680344585,1.3322676295501878e-15,nan,nan,,nan,True,6.923371583223343,0.008403644812138233,0.008403644801797339,0.008403644812138233,True,,,3,0.008403644812138233,nan,1.996252235890612e-11,nan,nan,,nan,True,59.11449629208073,9.992007221626409e-16,1.1102230246251565e-16,9.992007221626409e-16,True,,pathampl,41,9.992007221626409e-16,nan,nan,nan,nan,,nan,False,68.7788359997794,0.05239801845790737,0.05239801845790737,0.02880274225018037,True,,,,nan,nan,nan,0.11788337418286818,0.006948244954369056,1000,nan,False,64.89140870934352,0.05240218989536655,0.05240218989536655,0.028797077453161735,True,,,,nan,nan,nan,0.11788678912488695,0.006948647525087783,1000,nan,1.1102230246251565e-16,123.67186430735683,0.5519252050321451,1.1874140247261042,0.008403644812138122,63.58736932489821,1.1626266021435974,0.9467926696223642,8.881784197001252e-16,542.9342139151514,7.016609515630989e-14,1.5601409053545012e-13,0.05239801845790726,631.695871568171,1.191665189311426,0.8910403312265489,0.052402189895366436,595.991984831884,1.1916937601443025,0.8910366192130001,0.008403644812138011,0.5141619695072035,-0.008403644812137234,8.538397164082092,4.171437459177252e-06,0.9434793096753142
msd,10,5,100624,0.5,nan,0.01,0.006666666666666666,3,5,1000,3,20,1000,1000,1000,4,"mcp,screened_dual,action_dual,restricted_mcp,stochastic_full_batch,stochastic_minibatch",True,0.18414304126054049,5.551115123125783e-17,5.551115123125783e-17,5.551115123125783e-17,True,,pathampl,,nan,nan,nan,nan,nan,,nan,True,2.007961249910295,0.007902722597576073,0.007902722595896916,0.007902722597576073,True,,,1,0.007902722597576073,-0.11787203404087582,1.4334533560145246e-11,nan,nan,,nan,True,2.0608941661193967,0.008890421214030109,0.008890421206816046,0.008890421214030109,True,,,1,0.008890421214030109,nan,2.1108004233383326e-11,nan,nan,,nan,True,1.789994291961193,0.00863183706596371,0.00863183706596371,0.00786154173158099,True,,pathampl,13,0.00863183706596371,nan,nan,nan,nan,,nan,False,69.30234237527475,0.041749920420720565,0.009736567837124066,0.041749920420720565,True,,,,nan,nan,nan,0.07172109698186543,0.0025719578761410735,1000,nan,False,67.22149112494662,0.0417453530415946,0.009736899636273055,0.0417453530415946,True,,,,nan,nan,nan,0.07171143430332678,0.0025712649049201767,1000,nan,0.007902722597576017,10.904355853823816,0.904459878902215,0.8247833609867381,0.008890421214030053,11.191811278947418,0.7743734370712818,1.0157999840506053,0.008631837065963655,9.720673014347385,0.3783736962654707,0.7435488712317733,0.04174992042072051,376.35059082803014,0.5496721497338161,0.47266713196630933,0.041745353041594546,365.05040138788746,0.549618380193546,0.47259750039734694,0.0009876986164540358,1.0263615227691603,-0.0002585841480663986,0.8685522630847657,-4.567379125963722e-06,0.9699743013149507
msd,10,5,100625,0.5,nan,0.01,0.006666666666666666,3,5,1000,3,20,1000,1000,1000,4,"mcp,screened_dual,action_dual,restricted_mcp,stochastic_full_batch,stochastic_minibatch",True,0.10773895820602775,0.0,0.0,0.0,True,,pathampl,,nan,nan,nan,nan,nan,,nan,True,3.8007585830055177,0.0,0.0,0.0,True,,,1,0.0,-0.07643040974007637,2.6645352591003757e-14,nan,nan,,nan,True,6.831138750072569,0.000967630416511378,0.000967630416511378,0.0009676304082368858,True,,,3,0.000967630416511378,nan,7.248202038567797e-12,nan,nan,,nan,True,185.16189312469214,0.006328661494878984,0.000708994478063274,0.006328661494878984,True,,pathampl,8,0.006328661494878984,nan,nan,nan,nan,,nan,False,68.05705270916224,0.05241941568061992,0.05241941568061992,0.024705395960820997,True,,,,nan,nan,nan,0.09844700924944301,0.004845906815079959,1000,nan,False,72.12991229211912,0.052414341536311915,0.052414341536311915,0.024702621794683743,True,,,,nan,nan,nan,0.09843771671862873,0.004844992036388499,1000,nan,0.0,35.27747665554162,7.196174194710178e-16,9.475368649345358e-16,0.000967630416511378,63.40453689007717,2.0,1.9890175152674365,0.006328661494878984,1718.6159603530746,2.0,2.0,0.05241941568061992,631.6847112909488,1.5937075237306808,1.6027851518183769,0.052414341536311915,669.487746059193,1.5936698198541808,1.6027816903361884,0.000967630416511378,1.7973093004688352,0.005361031078367606,27.10556759262504,-5.074144308003792e-06,1.0598447834695692
msd,10,5,100626,0.5,nan,0.01,0.006666666666666666,3,5,1000,3,20,1000,1000,1000,4,"mcp,screened_dual,action_dual,restricted_mcp,stochastic_full_batch,stochastic_minibatch",False,0.2626261659897864,nan,nan,nan,False,Cannot load a SolverResults object with bad status: error,,,nan,nan,nan,nan,nan,,nan,True,2.57366762496531,0.006205830116947919,0.006205830116947919,0.006205830110534549,True,,,1,0.006205830116947919,-0.07688432565859157,1.0904645242337807e-11,nan,nan,,nan,True,8.123027124907821,0.004467477437841982,0.004467477437841982,0.004467477436664202,True,,,4,0.004467477437841982,nan,2.195466031196247e-12,nan,nan,,nan,True,1.0833883327431977,0.0,0.0,0.0,True,,pathampl,10,0.0,nan,nan,nan,nan,,nan,False,64.57592795835808,0.039856023550513875,0.02618624877516701,0.039856023550513875,True,,,,nan,nan,nan,0.10618193230259092,0.005637301373756,1000,nan,False,65.46099187480286,0.03984763119532497,0.02617942905111542,0.03984763119532497,True,,,,nan,nan,nan,0.1061520882629918,0.0056341329212970005,1000,nan,nan,9.799738024068024,nan,nan,nan,30.929999279750856,nan,nan,nan,4.1252109387506,nan,nan,nan,245.88535462559148,nan,nan,nan,249.25540693210536,nan,nan,-0.0017383526791059367,3.156206747954608,-0.004467477437841982,0.13337248738480506,-8.392355188902023e-06,1.0137057870390265
msd,10,5,100627,0.5,nan,0.01,0.006666666666666666,3,5,1000,3,20,1000,1000,1000,4,"mcp,screened_dual,action_dual,restricted_mcp,stochastic_full_batch,stochastic_minibatch",True,0.13914899993687868,0.0,0.0,0.0,True,,pathampl,,nan,nan,nan,nan,nan,,nan,True,6.668497500009835,0.0026819711629474385,0.0026819711383014866,0.0026819711629474385,True,,,3,0.0026819711629474385,-0.17015672266058426,3.9480307911787804e-11,nan,nan,,nan,True,48.506264582742006,0.008854454340945228,0.008854454338636741,0.008854454340945228,True,,,22,0.008854454340945228,nan,1.4419306969505889e-11,nan,nan,,nan,False,0.984479583799839,nan,nan,nan,False,Cannot load a SolverResults object with bad status: error,,,nan,nan,nan,nan,nan,,nan,False,65.54005479207262,0.04056475641678037,0.037877336221499636,0.04056475641678037,True,,,,nan,nan,nan,0.09733085471440744,0.004736647639718545,1000,nan,False,65.40190379181877,0.040572188386191144,0.037879615213646245,0.040572188386191144,True,,,,nan,nan,nan,0.09734486697872526,0.0047380115635528575,1000,nan,0.0026819711629474385,47.923431020236045,0.8830577024661856,0.08242256597990959,0.008854454340945228,348.59226156670627,1.0774773841651417,0.49723754830266254,nan,7.075002941066214,nan,nan,0.04056475641678037,471.00629412933733,0.8473246941543923,1.1958414304074625,0.040572188386191144,470.0134662950265,0.847382162405942,1.1959333911150662,0.0061724831779977896,7.2739420810565605,nan,0.020295926562650755,7.4319694107760625e-06,0.9978921134458593
msd,10,5,100628,0.5,nan,0.01,0.006666666666666666,3,5,1000,3,20,1000,1000,1000,4,"mcp,screened_dual,action_dual,restricted_mcp,stochastic_full_batch,stochastic_minibatch",True,0.1031984998844564,0.0,0.0,0.0,True,,pathampl,,nan,nan,nan,nan,nan,,nan,True,2.4494348750449717,0.0014582101466523723,0.0014582101463234132,0.0014582101466523723,True,,,1,0.0014582101466523723,-0.06205436753054331,4.426459199180499e-13,nan,nan,,nan,True,1.9393502078019083,0.0014582101505256073,0.001458210127838866,0.0014582101505256073,True,,,1,0.0014582101505256073,nan,3.041167317974214e-11,nan,nan,,nan,True,0.10660166712477803,0.0017716503355627022,0.0,0.0017716503355627022,True,,pathampl,1,0.0017716503355627022,nan,nan,nan,nan,,nan,False,65.70576429180801,0.08640221675907783,0.006313959059541463,0.08640221675907783,True,,,,nan,nan,nan,0.11356372992009876,0.006448360376682567,1000,nan,False,66.33470012480393,0.08640172235306881,0.006311641071182539,0.08640172235306881,True,,,,nan,nan,nan,0.11355882415796123,0.006447803272069379,1000,nan,0.0014582101466523723,23.735179075155354,0.01872728407314337,0.42568169572042813,0.0014582101505256073,18.792426343146975,0.018727283835693165,0.42568169572042824,0.0017716503355627022,1.0329769060997196,0.0,0.42568169572042813,0.08640221675907783,636.6930174893415,1.600191213209715,1.1939165327244512,0.08640172235306881,642.7874455449828,1.6001674555627383,1.1939569906958936,3.873235066009784e-12,0.7917541419697071,0.0003134401850370949,0.05496772408403851,-4.944060090217306e-07,1.0095720039143405
msd,10,5,100629,0.5,nan,0.01,0.006666666666666666,3,5,1000,3,20,1000,1000,1000,4,"mcp,screened_dual,action_dual,restricted_mcp,stochastic_full_batch,stochastic_minibatch",True,0.11855416605249047,0.0,0.0,0.0,True,,pathampl,,nan,nan,nan,nan,nan,,nan,True,2.5725378752686083,1.6653345369377348e-16,1.6653345369377348e-16,0.0,True,,,1,1.6653345369377348e-16,-0.06618610434633626,5.551115123125783e-16,nan,nan,,nan,True,43.06284312531352,0.0,0.0,0.0,True,,,23,0.0,nan,2.4424906541753444e-15,nan,nan,,nan,False,39.076113833114505,nan,nan,nan,False,Cannot load a SolverResults object with bad status: error,,,nan,nan,nan,nan,nan,,nan,False,69.23709024954587,0.05863232953236297,0.040952941870145976,0.05863232953236297,True,,,,nan,nan,nan,0.12866849592978732,0.008277790922416848,1000,nan,False,73.5527743329294,0.05863206814251121,0.04095093605674771,0.05863206814251121,True,,,,nan,nan,nan,0.12866447298479225,0.008277273304227168,1000,nan,1.6653345369377348e-16,21.699261703967483,2.9417289044117335e-14,3.5787675159593474e-16,0.0,363.2334869299087,2.0,2.0,nan,329.605572998703,nan,nan,0.05863232953236297,584.0122920597391,1.20289197089965,1.5931510064439751,0.05863206814251121,620.4149274717477,1.2029192993845963,1.5931482387478684,-1.6653345369377348e-16,16.73943988903066,nan,0.9074206670331177,-2.613898517633828e-07,1.0623319678488632
msd,10,5,100630,0.5,nan,0.01,0.006666666666666666,3,5,1000,3,20,1000,1000,1000,4,"mcp,screened_dual,action_dual,restricted_mcp,stochastic_full_batch,stochastic_minibatch",True,0.1350396671332419,0.0,0.0,0.0,True,,pathampl,,nan,nan,nan,nan,nan,,nan,True,2.2969980840571225,0.0050653303559415885,0.0050653303559415885,0.005065330355724096,True,,,1,0.0050653303559415885,-0.03908198096049505,6.882272529651345e-13,nan,nan,,nan,True,20.578517667017877,0.0003318527786472236,0.00033185277602343355,0.0003318527786472236,True,,,11,0.0003318527786472236,nan,1.6876167130419617e-11,nan,nan,,nan,True,1.0936109581962228,0.0,0.0,0.0,True,,pathampl,11,0.0,nan,nan,nan,nan,,nan,False,70.29011629102752,0.036809004868455064,0.036809004868455064,0.02426837280935734,True,,,,nan,nan,nan,0.09607732323906876,0.004615426020392251,1000,nan,False,74.80696979118511,0.03680386945194841,0.03680386945194841,0.02426606884558946,True,,,,nan,nan,nan,0.09607199013499976,0.004614913644249746,1000,nan,0.0050653303559415885,17.009802621852614,1.9214833279945385,2.0000000000000004,0.0003318527786472236,152.3886877380505,0.07861282183852514,0.12231811873365225,0.0,8.098442342257634,5.551115123125783e-17,0.0,0.036809004868455064,520.5145849602337,1.4069578435580985,1.5997939366743599,0.03680386945194841,553.962930887367,1.406921610065271,1.5998058395852879,-0.004733477577294365,8.958874545803114,-0.0003318527786472236,0.05314333014126681,-5.135416506651946e-06,1.064260151191899
msd,10,5,100631,0.5,nan,0.01,0.006666666666666666,3,5,1000,3,20,1000,1000,1000,4,"mcp,screened_dual,action_dual,restricted_mcp,stochastic_full_batch,stochastic_minibatch",True,0.10616625007241964,0.0,0.0,0.0,True,,pathampl,,nan,nan,nan,nan,nan,,nan,True,3.084197832737118,0.0,0.0,0.0,True,,,1,0.0,-0.11206380459019419,3.552713678800501e-15,nan,nan,,nan,True,45.49189624981955,0.0,0.0,0.0,True,,,21,0.0,nan,5.551115123125783e-16,nan,nan,,nan,True,2.0614638752304018,3.3306690738754696e-16,3.3306690738754696e-16,1.1102230246251565e-16,True,,pathampl,21,3.3306690738754696e-16,nan,nan,nan,nan,,nan,False,73.27671912498772,0.059138182435147735,0.0500747914252504,0.059138182435147735,True,,,,nan,nan,nan,0.15271268673888339,0.011660582345504164,1000,nan,False,72.76888208277524,0.059135576331226625,0.050075204683577845,0.059135576331226625,True,,,,nan,nan,nan,0.15271254137462625,0.011660560146548468,1000,nan,0.0,29.05064303046666,8.881784197001252e-16,1.6653345369377348e-16,0.0,428.4967795206854,5.440092820663267e-15,4.440892098500626e-16,3.3306690738754696e-16,19.417318345747415,5.10702591327572e-15,4.796163466380676e-14,0.059138182435147735,690.2072840945513,1.1924596027632868,1.1949904225054597,0.059135576331226625,685.4238708924643,1.19247214022307,1.1949624522526088,0.0,14.749992937206326,3.3306690738754696e-16,0.04531496915208451,-2.606103921110048e-06,0.9930695990721654
msd,10,5,100632,0.5,nan,0.01,0.006666666666666666,3,5,1000,3,20,1000,1000,1000,4,"mcp,screened_dual,action_dual,restricted_mcp,stochastic_full_batch,stochastic_minibatch",True,0.12186408415436745,0.0,0.0,0.0,True,,pathampl,,nan,nan,nan,nan,nan,,nan,True,8.057545166928321,0.00012781119763211057,0.00012781119755522763,0.00012781119763211057,True,,,3,0.00012781119763211057,-0.018123108822778594,9.288542157648294e-13,nan,nan,,nan,True,25.037828375119716,0.0,0.0,0.0,True,,,11,0.0,nan,5.551115123125783e-16,nan,nan,,nan,False,12.405214708764106,nan,nan,nan,False,Cannot load a SolverResults object with bad status: error,,,nan,nan,nan,nan,nan,,nan,False,72.86417916696519,0.036875045039676424,0.019067256181873993,0.036875045039676424,True,,,,nan,nan,nan,0.09294892694815243,0.004319751510406489,1000,nan,False,70.46705925045535,0.03688329951559077,0.019060481768632065,0.03688329951559077,True,,,,nan,nan,nan,0.0929436239490872,0.004319258616394668,1000,nan,0.00012781119763211057,66.11911313198466,2.0,1.9528870342290916,0.0,205.4569937390564,5.1258860547584336e-17,2.8726235668513186e-17,nan,101.79549450394421,nan,nan,0.036875045039676424,597.9134842934266,1.5987068859535374,1.597616149230969,0.03688329951559077,578.2430462546573,1.5986463484381601,1.59768203659324,-0.00012781119763211057,3.107376732790265,nan,0.49545889215740707,8.254475914348802e-06,0.9671015313159991
msd,10,5,100633,0.5,nan,0.01,0.006666666666666666,3,5,1000,3,20,1000,1000,1000,4,"mcp,screened_dual,action_dual,restricted_mcp,stochastic_full_batch,stochastic_minibatch",True,0.14733287505805492,5.551115123125783e-17,5.551115123125783e-17,0.0,True,,pathampl,,nan,nan,nan,nan,nan,,nan,True,2.87894191686064,0.0022158659579554207,0.0022158659545616355,0.0022158659579554207,True,,,1,0.0022158659579554207,-0.08631365958943508,4.306277556764826e-12,nan,nan,,nan,True,2.1411535842344165,0.004764515196215513,0.0047645151880962855,0.004764515196215513,True,,,1,0.004764515196215513,nan,1.3546351540494328e-11,nan,nan,,nan,True,0.32869675010442734,0.0014230063246232216,0.0014230063246232216,9.011886092230581e-05,True,,pathampl,2,0.0014230063246232216,nan,nan,nan,nan,,nan,False,73.1009945422411,0.03827080311240916,0.03827080311240916,0.032793645455308496,True,,,,nan,nan,nan,0.09652310994434564,0.004658355376664118,1000,nan,False,70.7913473341614,0.03827232172801798,0.03827232172801798,0.03279584846633837,True,,,,nan,nan,nan,0.09652259032063452,0.004658305221102525,1000,nan,0.0022158659579553652,19.540390532162114,1.3674296002291724,1.011051185407829,0.0047645151962154575,14.532761838732313,1.1227885529495636,1.083750220724938,0.0014230063246231661,2.2309803563862305,1.4005849467348435,2.0,0.0382708031124091,496.16213973586304,0.80149844537065,1.5967870327209355,0.03827232172801792,480.48575245862025,0.8016194605661958,1.596750451721072,0.0025486492382600923,0.7437293443451095,-0.0033415088715922914,0.15351385931614758,1.5186156088198288e-06,0.9684047088204104
msd,10,5,100634,0.5,nan,0.01,0.006666666666666666,3,5,1000,3,20,1000,1000,1000,4,"mcp,screened_dual,action_dual,restricted_mcp,stochastic_full_batch,stochastic_minibatch",True,0.16905679134652019,3.4661162828797387e-13,3.4661162828797387e-13,4.5130565951012613e-14,True,,pathampl,,nan,nan,nan,nan,nan,,nan,True,5.848457582760602,1.4055423491754482e-13,1.6209256159527285e-14,1.4055423491754482e-13,True,,,1,1.4055423491754482e-13,-0.06739423650843976,2.0961010704922955e-13,nan,nan,,nan,True,4.13997537503019,0.009873895591060222,0.009873895583662362,0.009873895591060222,True,,,2,0.009873895591060222,nan,2.2929435337298303e-11,nan,nan,,nan,False,0.39276945823803544,nan,nan,nan,False,Cannot load a SolverResults object with bad status: error,,,nan,nan,nan,nan,nan,,nan,False,70.99633037485182,0.06919592052865631,0.06919592052865631,0.05829151720855358,True,,,,nan,nan,nan,0.1780861363484287,0.015857335979755572,1000,nan,False,67.53112812479958,0.06919366872745614,0.06919366872745614,0.0582921072464998,True,,,,nan,nan,nan,0.1780804433342843,0.015856322149067622,1000,nan,-2.0605739337042905e-13,34.59463258576145,2.58796165053532e-10,1.1813230949009323e-11,0.00987389559071361,24.48866645377394,2.0,1.0179388002186616,nan,2.3232989051174258,nan,nan,0.0691959205283097,419.955506131243,1.4307793987981803,1.5522828041495833,0.06919366872710953,399.4582387783478,1.4307261884515592,1.5522702906173802,0.009873895590919668,0.70787473730399,nan,0.09487241412279446,-2.2518012001704335e-06,0.9511918118618751
msd,10,5,100635,0.5,nan,0.01,0.006666666666666666,3,5,1000,3,20,1000,1000,1000,4,"mcp,screened_dual,action_dual,restricted_mcp,stochastic_full_batch,stochastic_minibatch",True,0.11856958409771323,0.0,0.0,0.0,True,,pathampl,,nan,nan,nan,nan,nan,,nan,True,2.039813000243157,0.0,0.0,0.0,True,,,1,0.0,-0.13337079002208016,3.885780586188048e-16,nan,nan,,nan,True,2.3516502915881574,0.005881658632619358,0.005881658632609477,0.005881658632619358,True,,,1,0.005881658632619358,nan,1.6431300764452317e-14,nan,nan,,nan,True,211.9711692496203,0.0,0.0,0.0,True,,pathampl,12,0.0,nan,nan,nan,nan,,nan,False,26.603021832648665,0.058530512169941595,0.058530512169941595,0.03556786627823061,True,,,,nan,nan,nan,0.13592196972319606,0.009237390926716714,1000,nan,False,25.193254583049566,0.058530236120847345,0.058530236120847345,0.03556544820765423,True,,,,nan,nan,nan,0.13591613357586277,0.009236597683105885,1000,nan,0.0,17.203509785124545,0.0,4.95045738537629e-17,0.005881658632619358,19.833503756327268,2.0,2.0,0.0,1787.7364659973402,0.0,0.0,0.058530512169941595,224.36632493140152,1.5967239738331185,1.597095964278543,0.058530236120847345,212.47653666633255,1.5967852773381925,1.5970794528242465,0.005881658632619358,1.1528754308889233,-0.005881658632619358,90.13719854854278,-2.760490942499416e-07,0.9470072513390582
msd,10,5,100636,0.5,nan,0.01,0.006666666666666666,3,5,1000,3,20,1000,1000,1000,4,"mcp,screened_dual,action_dual,restricted_mcp,stochastic_full_batch,stochastic_minibatch",True,3.275150583125651,5.551115123125783e-17,5.551115123125783e-17,0.0,True,,pathampl,,nan,nan,nan,nan,nan,,nan,True,9.4295001658611,0.007989747704370553,0.007989747704370553,0.007989747681330761,True,,,4,0.007989747704370553,-0.06104379647408582,3.1190050542306835e-11,nan,nan,,nan,True,49.78604037500918,0.0006946665461196599,0.0006946665461196599,0.0006946665452574052,True,,,21,0.0006946665461196599,nan,6.8327565827530634e-12,nan,nan,,nan,True,2.30197075009346,0.0026433194845709163,0.0026433194845709163,0.0,True,,pathampl,21,0.0026433194845709163,nan,nan,nan,nan,,nan,False,68.26904366724193,0.04477961133674058,0.04477961133674058,0.03316746254238839,True,,,,nan,nan,nan,0.12337704517212039,0.007610947637701718,1000,nan,False,50.653200333938,0.04479604000247217,0.04479604000247217,0.03316967658666836,True,,,,nan,nan,nan,0.1233976686396331,0.007613492312848345,1000,nan,0.007989747704370498,2.8791043118579376,1.3541822011014724,1.179929418959159,0.0006946665461196044,15.201145447027265,0.38755400394895906,0.30470850140526795,0.0026433194845708607,0.7028595149040648,0.387554003948959,0.10498186719709612,0.04477961133674052,20.844551093003222,0.8064366834827343,1.2009207177641976,0.044796040002472115,15.46591493988559,0.8064910135292651,1.2010054543469204,-0.007295081158250893,5.279817540621755,0.0019486529384512563,0.04623727319453522,1.642866573159374e-05,0.7419644045525619
msd,10,5,100637,0.5,nan,0.01,0.006666666666666666,3,5,1000,3,20,1000,1000,1000,4,"mcp,screened_dual,action_dual,restricted_mcp,stochastic_full_batch,stochastic_minibatch",True,0.1155338753014803,0.0,0.0,0.0,True,,pathampl,,nan,nan,nan,nan,nan,,nan,True,2.393855874892324,0.0003691599671489243,0.0003691599671489243,0.00036915996543285257,True,,,1,0.0003691599671489243,-0.11491421755043822,2.2173443636752665e-12,nan,nan,,nan,True,2.6881783748976886,2.220446049250313e-16,0.0,2.220446049250313e-16,True,,,1,2.220446049250313e-16,nan,5.551115123125783e-16,nan,nan,,nan,True,0.09180670883506536,1.1102230246251565e-16,1.1102230246251565e-16,0.0,True,,pathampl,1,1.1102230246251565e-16,nan,nan,nan,nan,,nan,False,71.00737433414906,0.0499610956891367,0.0499610956891367,0.02626807524674113,True,,,,nan,nan,nan,0.11254661949760102,0.006333370780168893,1000,nan,False,58.85504770791158,0.04996134738129138,0.04996134738129138,0.026270746723507654,True,,,,nan,nan,nan,0.11254631545116905,0.0063333365608170275,1000,nan,0.0003691599671489243,20.71994788234765,0.2425179996812031,0.10967473894911821,2.220446049250313e-16,23.267447472726175,1.8309273249075644,2.0,1.1102230246251565e-16,0.7946302207512733,1.8309273249075648,2.0,0.0499610956891367,614.6022034564202,0.9566027798684031,1.3341460945396901,0.04996134738129138,509.41810403513307,0.9566309895659018,1.3341716543612925,-0.00036915996714870225,1.122949131187191,-1.1102230246251565e-16,0.03415201524287223,2.516921546735773e-07,0.8288582454964378
msd,10,5,100638,0.5,nan,0.01,0.006666666666666666,3,5,1000,3,20,1000,1000,1000,4,"mcp,screened_dual,action_dual,restricted_mcp,stochastic_full_batch,stochastic_minibatch",True,0.11605279194191098,4.440892098500626e-14,1.4432899320127035e-15,4.440892098500626e-14,True,,pathampl,,nan,nan,nan,nan,nan,,nan,True,4.7756742080673575,0.006985738109664519,0.006985738109664519,0.006985738109625161,True,,,3,0.006985738109664519,-0.03690456631143672,5.730138585846589e-14,nan,nan,,nan,True,2.067157791927457,0.005487237957795488,0.005487237957470192,0.005487237957795488,True,,,1,0.005487237957795488,nan,2.0696222513549856e-12,nan,nan,,nan,False,1.631253917235881,nan,nan,nan,False,Cannot load a SolverResults object with bad status: error,,,nan,nan,nan,nan,nan,,nan,False,60.693667999934405,0.013359666359484157,0.013359666359484157,0.01306395551327394,True,,,,nan,nan,nan,0.05089574493775317,0.001295188426384414,1000,nan,False,43.020703916903585,0.01335669288953184,0.01335669288953184,0.013066211747408463,True,,,,nan,nan,nan,0.050894448220024265,0.0012951224298103656,1000,nan,0.00698573810962011,41.15087735638253,1.0307349243492139,1.3345608995396965,0.005487237957751079,17.812219398927958,2.0,1.9012894857037583,nan,14.05613677999568,nan,nan,0.013359666359439748,522.98326463627,0.8630152715534071,1.1007679718298593,0.013356692889487431,370.69943081108426,0.8629572280627738,1.1008831581557514,-0.001498500151869031,0.43285150993664706,nan,0.7891288819877021,-2.97346995231651e-06,0.7088170040563387
msd,10,5,100639,0.5,nan,0.01,0.006666666666666666,3,5,1000,3,20,1000,1000,1000,4,"mcp,screened_dual,action_dual,restricted_mcp,stochastic_full_batch,stochastic_minibatch",True,0.08281487505882978,1.1102230246251565e-16,0.0,1.1102230246251565e-16,True,,pathampl,,nan,nan,nan,nan,nan,,nan,True,4.0506992088630795,0.007698211043491443,0.007698211043491443,0.006413654077023323,True,,,2,0.007698211043491443,-0.05856813334544153,1.7763568394002505e-15,nan,nan,,nan,True,1.6318877497687936,0.007095819431316819,0.007095819431316819,0.007095819431028216,True,,,1,0.007095819431316819,nan,6.596251322932289e-13,nan,nan,,nan,True,1.6433655000291765,9.460925287252397e-05,9.460925287252397e-05,0.0,True,,pathampl,17,9.460925287252397e-05,nan,nan,nan,nan,,nan,False,77.02031987486407,0.05799105756612566,0.05799105756612566,0.04012776972245591,True,,,,nan,nan,nan,0.1476174529756511,0.010895456211509282,1000,nan,False,74.90614037495106,0.05798816183240868,0.05798816183240868,0.04012004001627384,True,,,,nan,nan,nan,0.14760098227959148,0.01089302498495014,1000,nan,0.007698211043491332,48.912700840103376,0.7059172195822179,0.3155568294221883,0.007095819431316708,19.70524919115724,1.2940827804177824,1.3874606464266317,9.460925287241295e-05,19.843844464678202,1.2940827804177824,2.0,0.05799105756612555,930.0300196088034,1.1894478208108734,1.6057922846863015,0.05798816183240857,904.5010370629608,1.1894244961082268,1.605823534598637,-0.0006023916121746242,0.40286569444558185,-0.007001210178444295,1.0070334189726033,-2.895733716978821e-06,0.9725503671842971
msd,10,5,100640,0.5,nan,0.01,0.006666666666666666,3,5,1000,3,20,1000,1000,1000,4,"mcp,screened_dual,action_dual,restricted_mcp,stochastic_full_batch,stochastic_minibatch",True,0.0767999580129981,0.0,0.0,0.0,True,,pathampl,,nan,nan,nan,nan,nan,,nan,True,1.417166667059064,0.005438944811118174,0.00543894481028806,0.005438944811118174,True,,,1,0.005438944811118174,-0.1154766858760516,1.969069352014685e-11,nan,nan,,nan,True,2.841899124905467,1.1102230246251565e-16,1.1102230246251565e-16,0.0,True,,,1,1.1102230246251565e-16,nan,4.6573935080605885e-15,nan,nan,,nan,True,0.10262933326885104,0.0,0.0,0.0,True,,pathampl,1,0.0,nan,nan,nan,nan,,nan,False,77.51785562513396,0.08496735232566699,0.08496735232566699,0.04052944897389976,True,,,,nan,nan,nan,0.13369802858595953,0.008937581423886025,1000,nan,False,75.9559813332744,0.08495995451769,0.08495995451769,0.040521885028610094,True,,,,nan,nan,nan,0.13368432327912144,0.008935749145298325,1000,nan,0.005438944811118174,18.452701065529407,0.5907291238855108,0.06631223228952392,1.1102230246251565e-16,37.00391508579323,4.007905118896815e-14,3.598683850913886e-15,0.0,1.3363201741787596,6.106226635438361e-16,6.661338147750939e-16,0.08496735232566699,1009.3476302684222,1.1940574155045522,1.581988461369119,0.08495995451769,989.0107143081918,1.1940903265937957,1.5819177827394895,-0.005438944811118063,2.0053386739634793,-1.1102230246251565e-16,0.03611294024106676,-7.397807976983195e-06,0.9798514254649588
msd,10,5,100641,0.5,nan,0.01,0.006666666666666666,3,5,1000,3,20,1000,1000,1000,4,"mcp,screened_dual,action_dual,restricted_mcp,stochastic_full_batch,stochastic_minibatch",True,0.07322541670873761,0.0,0.0,0.0,True,,pathampl,,nan,nan,nan,nan,nan,,nan,True,7.660934917163104,4.440892098500626e-16,1.1102230246251565e-16,4.440892098500626e-16,True,,,3,4.440892098500626e-16,-0.08318358383036455,4.440892098500626e-16,nan,nan,,nan,True,2.189383666962385,0.0016460274073196723,0.0016460274073195613,0.0016460274073196723,True,,,1,0.0016460274073196723,nan,7.771561172376096e-16,nan,nan,,nan,False,1.3055502502247691,nan,nan,nan,False,Cannot load a SolverResults object with bad status: error,,,nan,nan,nan,nan,nan,,nan,False,77.92415616707876,0.05092126637844513,0.01698949241199882,0.05092126637844513,True,,,,nan,nan,nan,0.10558026078356,0.005573595733562269,1000,nan,False,75.3767642909661,0.05092767784772201,0.01699354753357396,0.05092767784772201,True,,,,nan,nan,nan,0.10560109301590599,0.005575795423077015,1000,nan,4.440892098500626e-16,104.62125395114295,8.736755905292786e-16,3.002291152599676e-14,0.0016460274073196723,29.899231241945767,2.0,2.0,nan,17.829195228997374,nan,nan,0.05092126637844513,1064.1681491145475,1.6033732296942989,1.595660674620723,0.05092767784772201,1029.3797929588534,1.6033059564246923,1.595731309190323,0.0016460274073192283,0.2857854414162193,nan,0.5963094865123059,6.411469276879078e-06,0.967309342809555
msd,10,5,100642,0.5,nan,0.01,0.006666666666666666,3,5,1000,3,20,1000,1000,1000,4,"mcp,screened_dual,action_dual,restricted_mcp,stochastic_full_batch,stochastic_minibatch",True,0.11792233306914568,0.0,0.0,0.0,True,,pathampl,,nan,nan,nan,nan,nan,,nan,True,4.754692875314504,0.009665953000626615,0.009665953000624339,0.009665953000626615,True,,,2,0.009665953000626615,-0.08251791526531911,3.583244811977693e-14,nan,nan,,nan,True,73.37504799989983,0.004158848113555602,0.004158848113555602,0.0041588480956218365,True,,,29,0.004158848113555602,nan,7.73391906072618e-11,nan,nan,,nan,False,2.848051375243813,nan,nan,nan,False,Cannot load a SolverResults object with bad status: error,,,nan,nan,nan,nan,nan,,nan,False,75.12743220804259,0.031613223787799016,0.0048378351748478154,0.031613223787799016,True,,,,nan,nan,nan,0.054942292065788406,0.0015093277287211977,1000,nan,False,71.89715691609308,0.031621727530313226,0.004846890691313277,0.031621727530313226,True,,,,nan,nan,nan,0.05496843227014004,0.0015107642731184865,1000,nan,0.009665953000626615,40.32054617276366,0.3222868188413315,0.9217515417031323,0.004158848113555602,622.231990244589,0.662943764492036,0.15702942717738305,nan,24.151925264010945,nan,nan,0.031613223787799016,637.0924849662736,1.0401693047367755,0.682391156820082,0.031621727530313226,609.6992405495829,1.0402283251857742,0.6823254441778267,-0.005507104887071013,15.432131984980495,nan,0.03881498483309613,8.503742514209822e-06,0.9570027192862889
msd,10,10,101123,0.5,nan,0.01,0.006666666666666666,4,5,1000,3,20,1000,1000,1000,4,"mcp,screened_dual,action_dual,restricted_mcp,stochastic_full_batch,stochastic_minibatch",True,0.13497345801442862,2.1561641361245165e-12,2.1561641361245165e-12,0.0,True,,pathampl,,nan,nan,nan,nan,nan,,nan,True,2.77712708292529,0.00018237518933406083,0.00018237518932584518,0.00018237518933406083,True,,,1,0.00018237518933406083,-0.019699905002603848,4.674038933671909e-14,nan,nan,,nan,True,2.77902870811522,0.00018237518933406083,0.00018237518932584518,0.00018237518933406083,True,,,1,0.00018237518933406083,nan,4.674038933671909e-14,nan,nan,,nan,True,0.09755483362823725,0.0016580913911540263,0.0016580913911540263,0.001174439473340727,True,,pathampl,1,0.0016580913911540263,nan,nan,nan,nan,,nan,False,77.99147154064849,0.029786714542329285,0.010639296926220454,0.029786714542329285,True,,,,nan,nan,nan,0.086564561036001,0.0037467116136777716,1000,nan,False,75.43069525016472,0.029787255248492128,0.010639769869434379,0.029787255248492128,True,,,,nan,nan,nan,0.08656828093949352,0.0037470336324095387,1000,nan,0.0001823751871778967,20.575356990767887,1.9999999999999833,1.476755246058593,0.0001823751871778967,20.589445873263045,1.9999999999999833,1.476755246058593,0.0016580913889978621,0.722770499202952,2.0,1.476755246058611,0.02978671454017312,577.8282092491935,1.198539403850064,1.5464538196957758,0.029787255246335964,558.8557658654727,1.1985283741565815,1.546459872969318,0.0,1.0006847454701018,0.0014757162018199654,0.03510393157989376,5.407061628437404e-07,0.9671659446873095
msd,10,10,101124,0.5,nan,0.01,0.006666666666666666,4,5,1000,3,20,1000,1000,1000,4,"mcp,screened_dual,action_dual,restricted_mcp,stochastic_full_batch,stochastic_minibatch",True,0.17891833279281855,1.1102230246251565e-16,0.0,1.1102230246251565e-16,True,,pathampl,,nan,nan,nan,nan,nan,,nan,True,66.26904633408412,0.009807039134714202,0.009807039134714202,0.0058153963578422285,True,,,20,0.009807039134714202,-0.02666721002806045,9.992007221626409e-16,nan,nan,,nan,True,33.019558374769986,0.001621567788809175,0.001621567788809175,0.0016215677888015145,True,,,10,0.001621567788809175,nan,2.0324020244544272e-14,nan,nan,,nan,False,2.0025152498856187,nan,nan,nan,False,Cannot load a SolverResults object with bad status: error,,,nan,nan,nan,nan,nan,,nan,False,75.35411824984476,0.04188453647671303,0.02669653920098125,0.04188453647671303,True,,,,nan,nan,nan,0.107721098061938,0.005801917483834831,1000,nan,False,73.47228087484837,0.0418793929886731,0.02669682618519914,0.0418793929886731,True,,,,nan,nan,nan,0.10771287940554823,0.005801032194917088,1000,nan,0.00980703913471409,370.38712187655733,1.3705186139197,2.0,0.001621567788809064,184.55100636895344,1.4203416632946864,2.0,nan,11.192342442652114,nan,nan,0.04188453647671292,421.1648804994305,1.1992681193362333,1.7027585116478592,0.04187939298867299,410.64702385711814,1.1992447519851128,1.7027595334107664,-0.008185471345905027,0.4982651811270604,nan,0.06064633654869614,-5.1434880399270355e-06,0.975026748123348
msd,10,10,101125,0.5,nan,0.01,0.006666666666666666,4,5,1000,3,20,1000,1000,1000,4,"mcp,screened_dual,action_dual,restricted_mcp,stochastic_full_batch,stochastic_minibatch",True,0.2101797922514379,0.0,0.0,0.0,True,,pathampl,,nan,nan,nan,nan,nan,,nan,True,11.44439012510702,0.008727247455423637,0.008727247455423637,0.008727247455411868,True,,,5,0.008727247455423637,-0.011367088161161028,2.353672812205332e-14,nan,nan,,nan,True,11.828374584205449,6.467794424924733e-06,6.467794424924733e-06,6.467792827313801e-06,True,,,4,6.467794424924733e-06,nan,1.5194130350594526e-11,nan,nan,,nan,True,5.0844077076762915,0.009066852162016414,0.009066852162016414,1.1102230246251565e-16,True,,pathampl,4,0.009066852162016414,nan,nan,nan,nan,,nan,False,73.54781729215756,0.029886882861395403,0.029886882861395403,0.01911219829053623,True,,,,nan,nan,nan,0.1068970577142331,0.005713490473980042,1000,nan,False,73.16109533375129,0.029890705716298593,0.029890705716298593,0.01911518606517315,True,,,,nan,nan,nan,0.10690835868453587,0.005714698578310688,1000,nan,0.008727247455423637,54.45047786238225,1.5295525667637146,1.5162776372824356,6.467794424924733e-06,56.277411151188,0.5210406692393661,0.3872490860059349,0.009066852162016414,24.19075427381629,1.1756262216178532,1.4238997111637284,0.029886882861395403,349.9281091884056,1.0922326782649936,1.0002298868712107,0.029890705716298593,348.0881513396337,1.0922690494809544,1.0002293250509982,-0.008720779660998712,1.0335521993658738,0.00906038436759149,0.4298483846179131,3.8228549031904535e-06,0.9947418975485013
msd,10,10,101126,0.5,nan,0.01,0.006666666666666666,4,5,1000,3,20,1000,1000,1000,4,"mcp,screened_dual,action_dual,restricted_mcp,stochastic_full_batch,stochastic_minibatch",True,0.23289591632783413,1.8854917627209034e-12,1.8854917627209034e-12,1.8774981569436022e-12,True,,pathampl,,nan,nan,nan,nan,nan,,nan,True,3.99979383405298,0.000982229668408996,0.0009822296670822794,0.000982229668408996,True,,,2,0.000982229668408996,-0.02017450381938147,3.3960612100258913e-12,nan,nan,,nan,True,6.585162415634841,0.0005798763010878005,0.0005798763010878005,0.0005798762890275588,True,,,2,0.0005798763010878005,nan,5.0558557340707466e-11,nan,nan,,nan,True,0.20209533302113414,0.00484402950334184,0.0,0.00484402950334184,True,,pathampl,2,0.00484402950334184,nan,nan,nan,nan,,nan,False,72.46545104170218,0.0636531180103933,0.0636531180103933,0.03438004553037072,True,,,,nan,nan,nan,0.15607582667966716,0.012179831836870752,1000,nan,False,72.74172837520018,0.0636519656502168,0.0636519656502168,0.03438096137366886,True,,,,nan,nan,nan,0.1560750889467735,0.01217971669487163,1000,nan,0.0009822296665235042,17.17416903275668,0.012720812992305916,0.4087145548729788,0.0005798762992023088,28.275130450828893,0.9211738089316359,1.1326571807052672,0.004844029501456348,0.8677495776124138,0.05707420639890848,0.6261257516240519,0.06365311800850781,311.1495134148112,1.742646100497892,1.1964822247198965,0.06365196564833131,312.33578296326095,1.742625690392629,1.19646681017123,-0.0004023533673211954,1.6463754605477037,0.00426415320225404,0.03068949864339089,-1.152360176503997e-06,1.003812538658443
msd,10,10,101127,0.5,nan,0.01,0.006666666666666666,4,5,1000,3,20,1000,1000,1000,4,"mcp,screened_dual,action_dual,restricted_mcp,stochastic_full_batch,stochastic_minibatch",True,0.25871366634964943,0.0,0.0,0.0,True,,pathampl,,nan,nan,nan,nan,nan,,nan,True,6.323330957908183,1.1102230246251565e-16,0.0,1.1102230246251565e-16,True,,,4,1.1102230246251565e-16,0.0035036754856606054,7.494005416219807e-16,nan,nan,,nan,True,8.746051624882966,0.0022397652662535794,0.0022397652662535794,0.002239765266185856,True,,,3,0.0022397652662535794,nan,6.050715484207103e-14,nan,nan,,nan,True,0.20197799988090992,0.0060345501741294605,0.0,0.0060345501741294605,True,,pathampl,2,0.0060345501741294605,nan,nan,nan,nan,,nan,False,72.63430916611105,0.0424037611288815,0.024205160740771614,0.0424037611288815,True,,,,nan,nan,nan,0.11660505496406849,0.006798369421586717,1000,nan,False,72.35327079193667,0.042402174772279366,0.0242038586787508,0.042402174772279366,True,,,,nan,nan,nan,0.11659380936235123,0.00679705819081215,1000,nan,1.1102230246251565e-16,24.441426102949865,2.0,1.8376489851217044,0.0022397652662535794,33.80591272307489,0.1270015856328871,0.42825505988624796,0.0060345501741294605,0.7807009298377701,2.0,2.0,0.0424037611288815,280.75172908703775,1.8004581167323839,1.4344594608041878,0.042402174772279366,279.6654379059814,1.8004719588218292,1.4344270885481472,0.0022397652662534684,1.3831399436628953,0.003794784907875881,0.02309362081813834,-1.5863566021345754e-06,0.9961307765241951
msd,10,10,101128,0.5,nan,0.01,0.006666666666666666,4,5,1000,3,20,1000,1000,1000,4,"mcp,screened_dual,action_dual,restricted_mcp,stochastic_full_batch,stochastic_minibatch",True,0.23130633402615786,5.551115123125783e-16,4.440892098500626e-16,5.551115123125783e-16,True,,pathampl,,nan,nan,nan,nan,nan,,nan,True,3.1636208747513592,0.009105926419350985,0.009105926419350985,0.009105926417974808,True,,,1,0.009105926419350985,-0.015392577832937859,1.0878520306789596e-11,nan,nan,,nan,True,2.3980787093751132,0.009105926419350985,0.009105926419350985,0.009105926417974808,True,,,1,0.009105926419350985,nan,1.0878520306789596e-11,nan,nan,,nan,True,0.5472094579599798,0.008841189250800019,0.0,0.008841189250800019,True,,pathampl,4,0.008841189250800019,nan,nan,nan,nan,,nan,False,73.16383524984121,0.03274425584122326,0.03274425584122326,0.03172524627851114,True,,,,nan,nan,nan,0.09696860522850198,0.004701455199980531,1000,nan,False,73.06216666661203,0.03274573089313104,0.03274573089313104,0.031722946124139284,True,,,,nan,nan,nan,0.09696455718194037,0.0047010626747448925,1000,nan,0.00910592641935043,13.677190847672996,1.7235405442689031,1.9133916619240412,0.00910592641935043,10.367544492335089,1.7235405442689031,1.9133916619240412,0.008841189250799464,2.365734860931639,0.17271251377311914,0.498181220359716,0.0327442558412227,316.307097935188,1.431488025360855,1.4004641542134006,0.03274573089313049,315.86755708276286,1.431456894952084,1.4005073347700103,0.0,0.7580170963322485,-0.00026473716855096585,0.22818661281662875,1.4750519077844082e-06,0.9986103983903796
msd,10,10,101129,0.5,nan,0.01,0.006666666666666666,4,5,1000,3,20,1000,1000,1000,4,"mcp,screened_dual,action_dual,restricted_mcp,stochastic_full_batch,stochastic_minibatch",True,0.2668082909658551,0.0,0.0,0.0,True,,pathampl,,nan,nan,nan,nan,nan,,nan,True,5.618359209038317,0.001978890852116888,0.001978890852116888,0.001978890843943759,True,,,2,0.001978890852116888,-0.09519232361183962,4.9613646524448995e-12,nan,nan,,nan,True,11.07138695800677,0.0019788908525282256,0.0019788908525282256,0.0019788908195835786,True,,,3,0.0019788908525282256,nan,4.349720583718408e-11,nan,nan,,nan,True,2.922447666991502,0.0,0.0,0.0,True,,pathampl,17,0.0,nan,nan,nan,nan,,nan,False,73.0720049161464,0.05143820493706919,0.048012847611994314,0.05143820493706919,True,,,,nan,nan,nan,0.14105894287278561,0.009948812682193898,1000,nan,False,73.37809041701257,0.05143555596114768,0.04801377718544858,0.05143555596114768,True,,,,nan,nan,nan,0.14106178102620295,0.009949213033142217,1000,nan,0.001978890852116888,21.05766349576194,0.5787751556255039,0.5202572265347324,0.0019788908525282256,41.4956631142457,0.5787751556255037,0.5202572150274406,0.0,10.953361518160255,1.917118408467644e-10,3.3968713952781115e-10,0.05143820493706919,273.8745660849715,1.5206087626666316,1.1976771088788634,0.05143555596114768,275.0217774394543,1.520624020988294,1.1976780071974145,4.113376306236205e-13,1.9705729993547059,-0.0019788908525282256,0.26396400722657454,-2.6489759215042596e-06,1.0041888203453213
msd,10,10,101130,0.5,nan,0.01,0.006666666666666666,4,5,1000,3,20,1000,1000,1000,4,"mcp,screened_dual,action_dual,restricted_mcp,stochastic_full_batch,stochastic_minibatch",True,0.18919745879247785,3.3306690738754696e-16,3.3306690738754696e-16,0.0,True,,pathampl,,nan,nan,nan,nan,nan,,nan,True,24.709687624592334,0.001795097017053604,0.001795097017053604,0.0017950970155015122,True,,,8,0.001795097017053604,0.005022927654863638,7.842865246132646e-12,nan,nan,,nan,True,7.758106667082757,0.00036752483384061563,0.00036752483384061563,0.0003675248337752235,True,,,2,0.00036752483384061563,nan,3.388844760365828e-12,nan,nan,,nan,True,0.27091450011357665,0.0020649588773341554,0.0020649588773341554,3.059441588959544e-12,True,,pathampl,2,0.0020649588773341554,nan,nan,nan,nan,,nan,False,74.1382864578627,0.0245617605627641,0.021964893333179136,0.0245617605627641,True,,,,nan,nan,nan,0.11365096206905961,0.006458270589611414,1000,nan,False,74.21514050010592,0.024560338856475017,0.02195991291336208,0.024560338856475017,True,,,,nan,nan,nan,0.1136407807951362,0.006457113529864098,1000,nan,0.001795097017053271,130.60264013215567,1.7573766570162968,2.0,0.00036752483384028256,41.00534286558401,1.887394574639127,1.9999999999999862,0.0020649588773338223,1.4319140534056038,1.887394574639127,2.0,0.024561760562763768,391.85667149568667,1.2869632238680704,1.5983606932921874,0.024560338856474684,392.26288224890567,1.2869282761701766,1.598335345697967,-0.0014275721832129884,0.31397024458380834,0.0016974340434935398,0.034920182428407796,-1.4217062890842236e-06,1.0010366309489347
msd,10,10,101131,0.5,nan,0.01,0.006666666666666666,4,5,1000,3,20,1000,1000,1000,4,"mcp,screened_dual,action_dual,restricted_mcp,stochastic_full_batch,stochastic_minibatch",True,0.22221408411860466,1.1102230246251565e-16,0.0,1.1102230246251565e-16,True,,pathampl,,nan,nan,nan,nan,nan,,nan,True,2.601756749674678,0.000762803309232507,0.000762803309232507,0.0007628033092151876,True,,,1,0.000762803309232507,-0.03368613910181301,6.689093723366568e-14,nan,nan,,nan,True,2.439535124693066,0.000762803309232507,0.000762803309232507,0.0007628033092151876,True,,,1,0.000762803309232507,nan,6.689093723366568e-14,nan,nan,,nan,True,0.32485600002110004,0.007231875229637197,0.0014208788319480803,0.007231875229637197,True,,pathampl,3,0.007231875229637197,nan,nan,nan,nan,,nan,False,73.56681125005707,0.05468806454995634,0.03666686571867661,0.05468806454995634,True,,,,nan,nan,nan,0.15137015769268344,0.011456462319953927,1000,nan,False,73.72283512493595,0.05468422808943518,0.03666985161503594,0.05468422808943518,True,,,,nan,nan,nan,0.15136939578069616,0.01145634698950652,1000,nan,0.000762803309232396,11.708334149900304,2.0000000000000004,1.9860232390591768,0.000762803309232396,10.978310102932031,2.0000000000000004,1.9860232390591768,0.007231875229637086,1.4619055372192846,0.57322933326708,0.887104743809219,0.05468806454995623,331.0627746294942,1.364185897880257,1.3201830032505726,0.05468422808943507,331.76490777959464,1.3641997275561653,1.3202018028212152,0.0,0.9376491960665054,0.00646907192040469,0.13316307551094284,-3.836460521156049e-06,1.0021208459661048
msd,10,10,101132,0.5,nan,0.01,0.006666666666666666,4,5,1000,3,20,1000,1000,1000,4,"mcp,screened_dual,action_dual,restricted_mcp,stochastic_full_batch,stochastic_minibatch",True,0.1841822499409318,2.220446049250313e-16,2.220446049250313e-16,0.0,True,,pathampl,,nan,nan,nan,nan,nan,,nan,True,3.2418436659500003,0.002488522193572762,0.002488522156291806,0.002488522193572762,True,,,1,0.002488522193572762,-0.00218045830571336,4.263167596718631e-11,nan,nan,,nan,True,2.752293874975294,0.002488522193572762,0.002488522156291806,0.002488522193572762,True,,,1,0.002488522193572762,nan,4.263167596718631e-11,nan,nan,,nan,False,0.914401417132467,nan,nan,nan,False,Cannot load a SolverResults object with bad status: error,,,nan,nan,nan,nan,nan,,nan,False,73.85824904078618,0.04177305095885597,0.04177305095885597,0.02623727909276563,True,,,,nan,nan,nan,0.12000527078792314,0.0072006325084413795,1000,nan,False,73.90623449999839,0.04177312205711248,0.04177312205711248,0.026235380523946028,True,,,,nan,nan,nan,0.12000385665762309,0.007200462806351674,1000,nan,0.00248852219357254,17.601281703256834,1.1351859504823696,0.40325100332270725,0.00248852219357254,14.943317696781143,1.1351859504823696,0.40325100332270725,nan,4.9646554834991985,nan,nan,0.04177305095885575,401.00633510814913,1.1327653671830489,1.427334430245209,0.041773122057112255,401.26686759283535,1.1327950588769404,1.4273143476558237,0.0,0.8489903149505369,nan,0.33223247904102365,7.109825650442048e-08,1.000649696680268
msd,10,10,101133,0.5,nan,0.01,0.006666666666666666,4,5,1000,3,20,1000,1000,1000,4,"mcp,screened_dual,action_dual,restricted_mcp,stochastic_full_batch,stochastic_minibatch",True,0.38362091640010476,1.2975176488794204e-12,1.2975176488794204e-12,1.0447198661722723e-13,True,,pathampl,,nan,nan,nan,nan,nan,,nan,True,6.399997458793223,0.00809995096587901,0.008099950964840175,0.00809995096587901,True,,,2,0.00809995096587901,-0.011353212575361937,2.105648988504072e-12,nan,nan,,nan,True,9.92305029090494,0.00809995096587901,0.008099950964840175,0.00809995096587901,True,,,3,0.00809995096587901,nan,2.105648988504072e-12,nan,nan,,nan,False,0.9786237920634449,nan,nan,nan,False,Cannot load a SolverResults object with bad status: error,,,nan,nan,nan,nan,nan,,nan,False,73.26436408283189,0.0567693928353179,0.027559174446976975,0.0567693928353179,True,,,,nan,nan,nan,0.13000011964387478,0.00845001555371088,1000,nan,False,72.73029395798221,0.0567692380874103,0.0275594556913753,0.0567692380874103,True,,,,nan,nan,nan,0.12999561160591586,0.008449429518398062,1000,nan,0.008099950964581493,16.683129582325023,1.393850736343747,1.7300931151135193,0.008099950964581493,25.866812435627217,1.393850736343747,1.7300931151135193,nan,2.551017815313205,nan,nan,0.05676939283402038,190.98115079423724,1.0762234405888043,0.9484828686800583,0.05676923808611278,189.58896881974695,1.076222872186028,0.9484491749732608,0.0,1.550477223591901,nan,0.09862126698686706,-1.5474790759917312e-07,0.9927103697474824
msd,10,10,101134,0.5,nan,0.01,0.006666666666666666,4,5,1000,3,20,1000,1000,1000,4,"mcp,screened_dual,action_dual,restricted_mcp,stochastic_full_batch,stochastic_minibatch",True,0.17574100010097027,1.1102230246251565e-16,0.0,1.1102230246251565e-16,True,,pathampl,,nan,nan,nan,nan,nan,,nan,True,4.504057708196342,0.0017332204403200935,0.0017332204401666607,0.0017332204403200935,True,,,1,0.0017332204403200935,-0.012293064934414769,3.93796106834543e-13,nan,nan,,nan,True,3.131756041198969,0.0017332204398381457,0.0017332204398314843,0.0017332204398381457,True,,,1,0.0017332204398381457,nan,6.328271240363392e-15,nan,nan,,nan,True,3.0508595001883805,0.007766248329813985,0.001598299961099059,0.007766248329813985,True,,pathampl,25,0.007766248329813985,nan,nan,nan,nan,,nan,False,73.95932999998331,0.04300274586057712,0.04300274586057712,0.04086320308823721,True,,,,nan,nan,nan,0.1601793039430482,0.012828704705839706,1000,nan,False,72.84529750002548,0.04300159617504157,0.04300159617504157,0.04085940799540422,True,,,,nan,nan,nan,0.16016899641258658,0.012827053705907587,1000,nan,0.0017332204403199825,25.62895229689475,1.4715742340714524,2.0,0.0017332204398380346,17.820292586247085,1.4715742340714524,1.9999999999999998,0.007766248329813874,17.35997575088078,2.0,1.9513603271608781,0.04300274586057701,420.8427740680359,1.263146926601816,1.3967865377095987,0.04300159617504146,414.50371545725204,1.2632054326874222,1.3967182068146367,-4.819478149897805e-13,0.6953188089708305,0.006033027889975839,0.9741689518767184,-1.1496855355508373e-06,0.984937228339439
msd,10,10,101135,0.5,nan,0.01,0.006666666666666666,4,5,1000,3,20,1000,1000,1000,4,"mcp,screened_dual,action_dual,restricted_mcp,stochastic_full_batch,stochastic_minibatch",False,0.39946466591209173,nan,nan,nan,False,Cannot load a SolverResults object with bad status: error,,,nan,nan,nan,nan,nan,,nan,True,6.67855937499553,0.006350449719659257,0.006350449719659257,0.0063504496968677104,True,,,4,0.006350449719659257,-0.02245602892100407,1.850480879639349e-11,nan,nan,,nan,True,5.91097320895642,0.005798345827551343,0.005798345817428496,0.005798345827551343,True,,,2,0.005798345827551343,nan,5.4111604086415355e-11,nan,nan,,nan,True,185.48242858285084,0.0,0.0,0.0,True,,pathampl,16,0.0,nan,nan,nan,nan,,nan,False,62.176626375410706,0.06943631440657927,0.023209027911544444,0.06943631440657927,True,,,,nan,nan,nan,0.14805212861497227,0.010959716393712146,1000,nan,False,49.32238824991509,0.06943589663073413,0.023207892292200383,0.06943589663073413,True,,,,nan,nan,nan,0.14804359595657013,0.010958453151876093,1000,nan,nan,16.718773761244876,nan,nan,nan,14.797236685402408,nan,nan,nan,464.32749730027206,nan,nan,nan,155.6498776517411,nan,nan,nan,123.4712165024609,nan,nan,-0.0005521038921079136,0.8850671046044832,-0.005798345827551343,31.379338397576273,-4.1777584514068877e-07,0.7932625348972111
msd,10,10,101136,0.5,nan,0.01,0.006666666666666666,4,5,1000,3,20,1000,1000,1000,4,"mcp,screened_dual,action_dual,restricted_mcp,stochastic_full_batch,stochastic_minibatch",True,0.17573320772498846,0.0,0.0,0.0,True,,pathampl,,nan,nan,nan,nan,nan,,nan,True,7.572565707843751,0.0014442042186783022,0.0004604516569873818,0.0014442042186783022,True,,,3,0.0014442042186783022,0.002855513898047583,2.4639045115952637e-11,nan,nan,,nan,True,15.46576724993065,0.0019935214428900006,0.0007335291930048449,0.0019935214428900006,True,,,5,0.0019935214428900006,nan,1.9147627927651456e-11,nan,nan,,nan,True,2.9187368750572205,0.0036202736734889385,0.0,0.0036202736734889385,True,,pathampl,5,0.0036202736734889385,nan,nan,nan,nan,,nan,False,69.81749866716564,0.04010342630726543,0.038076783852797724,0.04010342630726543,True,,,,nan,nan,nan,0.13014643964449815,0.0084690478760695,1000,nan,False,69.743328332901,0.04010190390389706,0.038078070871315484,0.04010190390389706,True,,,,nan,nan,nan,0.13014836938894117,0.00846929902730014,1000,nan,0.0014442042186783022,43.09126206638386,1.7975053039143094,2.0,0.0019935214428900006,88.00708443297532,1.8737302000050182,1.9999999999999998,0.0036202736734889385,16.608909111958294,2.0,2.0,0.04010342630726543,397.29257532489635,1.5979436198935715,1.3975134504374684,0.04010190390389706,396.8705131818055,1.5979451692673021,1.397512935583365,0.0005493172242116984,2.0423417698325195,0.001626752230598938,0.18872241046239127,-1.5224033683702842e-06,0.9989376540884367
msd,10,10,101137,0.5,nan,0.01,0.006666666666666666,4,5,1000,3,20,1000,1000,1000,4,"mcp,screened_dual,action_dual,restricted_mcp,stochastic_full_batch,stochastic_minibatch",True,0.19136529183015227,8.253842054273264e-12,0.0,8.253842054273264e-12,True,,pathampl,,nan,nan,nan,nan,nan,,nan,True,7.9738107500597835,0.006746523778984659,0.006746523778984659,0.0067465237782310394,True,,,3,0.006746523778984659,-0.02072991766608267,3.2202018829252665e-12,nan,nan,,nan,True,15.211342417169362,0.006746523779829983,0.006746523779829983,0.0067465237764291475,True,,,5,0.006746523779829983,nan,3.624741132246534e-12,nan,nan,,nan,False,8.7967688748613,nan,nan,nan,False,Cannot load a SolverResults object with bad status: error,,,nan,nan,nan,nan,nan,,nan,False,69.41721129184589,0.026296795598648948,0.022925099157816597,0.026296795598648948,True,,,,nan,nan,nan,0.12136525591203136,0.007364762671296431,1000,nan,False,68.22938404232264,0.02629970652463065,0.022926618342247185,0.02629970652463065,True,,,,nan,nan,nan,0.12136780025574272,0.007365071469458931,1000,nan,0.006746523770730817,41.668009249749424,1.5493768380315547,0.9065817349491319,0.006746523771576141,79.48851263305524,1.5493768380743955,0.9065817349515837,nan,45.968465810764364,nan,nan,0.026296795590395106,362.7471346970153,1.0000514346343925,1.1705922481509787,0.02629970651637681,356.5400151187298,1.0000296148202479,1.1706710474786728,8.453238109495942e-13,1.907662834492945,nan,0.578303257767191,2.9109259817028388e-06,0.9828885772358479
msd,10,10,101138,0.5,nan,0.01,0.006666666666666666,4,5,1000,3,20,1000,1000,1000,4,"mcp,screened_dual,action_dual,restricted_mcp,stochastic_full_batch,stochastic_minibatch",True,300.27347375033423,5.349369086582456e-08,5.349369086582456e-08,3.575283913370697e-08,True,,ipopt,,nan,nan,nan,nan,nan,,nan,True,2.07965033268556,0.005164261857187213,0.005164261857187213,0.005164261857178221,True,,,1,0.005164261857187213,-0.04224820323271068,1.3988810110276972e-14,nan,nan,,nan,True,1.8488756250590086,0.005164261857180996,0.005164261857180996,0.005164261857180219,True,,,1,0.005164261857180996,nan,4.241051954068098e-14,nan,nan,,nan,True,27.685874209273607,7.616129948928574e-13,4.296563105299356e-14,7.616129948928574e-13,True,,pathampl,49,7.616129948928574e-13,nan,nan,nan,nan,,nan,False,38.43568570818752,0.02194809120446728,0.020408302671026446,0.02194809120446728,True,,,,nan,nan,nan,0.08173072815694658,0.0033399559625323506,1000,nan,False,28.19764120876789,0.021943937346160514,0.020408657342722347,0.021943937346160514,True,,,,nan,nan,nan,0.08172595932599484,0.003339566213877082,1000,nan,0.005164208363496348,0.0069258543111094415,1.4655338946050025,1.5388284360378073,0.00516420836349013,0.006157305878428266,1.4655338946045178,1.538828436037792,-5.349292925282967e-08,0.09220219776154233,1.3121463988848923,1.5388284360378073,0.021948037710776414,0.12800226815954213,0.7516708687409696,0.7566410580224951,0.021943883852469648,0.09390653412233523,0.7516732413451952,0.7566618454880193,-6.217248937900877e-15,0.8890319665765446,-0.005164261856419383,14.974438428431327,-4.153858306765734e-06,0.7336317978779098
msd,10,10,101139,0.5,nan,0.01,0.006666666666666666,4,5,1000,3,20,1000,1000,1000,4,"mcp,screened_dual,action_dual,restricted_mcp,stochastic_full_batch,stochastic_minibatch",True,0.24975266680121422,0.0,0.0,0.0,True,,pathampl,,nan,nan,nan,nan,nan,,nan,True,5.553029333706945,0.009557591057371417,0.009557591057371417,0.0061511025046186996,True,,,1,0.009557591057371417,-0.05324302176540742,3.0595970201829914e-11,nan,nan,,nan,True,2.147547542117536,0.009557591057371417,0.009557591057371417,0.0061511025046186996,True,,,1,0.009557591057371417,nan,3.0595970201829914e-11,nan,nan,,nan,True,0.10192749975249171,0.009804945749067873,0.009804945749067873,0.005728201340327033,True,,pathampl,1,0.009804945749067873,nan,nan,nan,nan,,nan,False,69.20900958310813,0.04838996260778772,0.04362445714518026,0.04838996260778772,True,,,,nan,nan,nan,0.1414939200149759,0.0100102647006022,1000,nan,False,68.04590408317745,0.048390029151410885,0.043624492521516955,0.048390029151410885,True,,,,nan,nan,nan,0.1414979314911957,0.010010832308143555,1000,nan,0.009557591057371417,22.234114273249265,2.0,1.9999999999998754,0.009557591057371417,8.598697141547781,2.0,1.9999999999998754,0.009804945749067873,0.40811375933622734,2.0,2.0,0.04838996260778772,277.1101925337746,1.5988065480954172,1.7997653840787513,0.048390029151410885,272.4531631821864,1.5987825231299366,1.799764929767649,0.0,0.3867344134276224,0.0002473546916964553,0.047462278600821396,6.654362316727003e-08,0.9831943050921139
msd,10,10,101140,0.5,nan,0.01,0.006666666666666666,4,5,1000,3,20,1000,1000,1000,4,"mcp,screened_dual,action_dual,restricted_mcp,stochastic_full_batch,stochastic_minibatch",True,0.15939274989068508,1.1102230246251565e-16,0.0,1.1102230246251565e-16,True,,pathampl,,nan,nan,nan,nan,nan,,nan,True,3.2885825829580426,0.0011746693321502688,0.0011746693321502688,0.0011746692987623097,True,,,1,0.0011746693321502688,-0.032473785570839304,3.754585531368093e-11,nan,nan,,nan,True,2.94613845879212,0.0011746693321502688,0.0011746693321502688,0.0011746692987623097,True,,,1,0.0011746693321502688,nan,3.754585531368093e-11,nan,nan,,nan,True,0.28281595930457115,0.0,0.0,0.0,True,,pathampl,3,0.0,nan,nan,nan,nan,,nan,False,69.87519387481734,0.041112062026906426,0.030827203634369083,0.041112062026906426,True,,,,nan,nan,nan,0.12576429093258112,0.007908328436887454,1000,nan,False,68.74709404120222,0.041115156524411445,0.030827829931389716,0.041115156524411445,True,,,,nan,nan,nan,0.12577357620887059,0.007909496236184288,1000,nan,0.0011746693321501578,20.631945839527972,1.537332610592714,2.0,0.0011746693321501578,18.48351609977646,1.537332610592714,2.0,-1.1102230246251565e-16,1.7743338984899395,1.5373326105936742,1.060448662577539,0.041112062026906315,438.3837654017465,1.5986439479044066,1.5990463948535476,0.041115156524411334,431.30628016864273,1.5986927676900764,1.5990088656482169,0.0,0.895868777648911,-0.0011746693321502688,0.09599547450343598,3.0944975050184453e-06,0.983855503347352
msd,10,10,101141,0.5,nan,0.01,0.006666666666666666,4,5,1000,3,20,1000,1000,1000,4,"mcp,screened_dual,action_dual,restricted_mcp,stochastic_full_batch,stochastic_minibatch",True,0.22918941592797637,0.0,0.0,0.0,True,,pathampl,,nan,nan,nan,nan,nan,,nan,True,2.8972930000163615,0.0033094366992525437,0.0033094366991560653,0.0033094366992525437,True,,,2,0.0033094366992525437,-0.009780931541974043,4.4193294856942344e-12,nan,nan,,nan,True,8.629937957972288,0.003309436699975965,0.003309436699975965,0.003309436698242574,True,,,3,0.003309436699975965,nan,6.918576822556588e-12,nan,nan,,nan,True,166.23572108289227,0.0,0.0,0.0,True,,pathampl,12,0.0,nan,nan,nan,nan,,nan,False,41.1999631668441,0.027760196284523586,0.021374917377113167,0.027760196284523586,True,,,,nan,nan,nan,0.09830661997143078,0.0048320957651036564,1000,nan,False,35.94009987497702,0.0277596847503635,0.02137150894245765,0.0277596847503635,True,,,,nan,nan,nan,0.09829660902392377,0.0048311116728010665,1000,nan,0.0033094366992525437,12.641478177713262,1.422888081277186,2.0,0.003309436699975965,37.65417317824257,1.4228875072415264,1.9999999999999998,0.0,725.3202352726989,0.0,0.0,0.027760196284523586,179.76381239084506,1.799397187945753,1.7998174019243511,0.0277596847503635,156.81395988317075,1.7993736535572797,1.7998525156574054,7.23421322845752e-13,2.978621063842543,-0.003309436699975965,19.262678583839023,-5.115341600858692e-07,0.8723333011108131
msd,10,10,101142,0.5,nan,0.01,0.006666666666666666,4,5,1000,3,20,1000,1000,1000,4,"mcp,screened_dual,action_dual,restricted_mcp,stochastic_full_batch,stochastic_minibatch",True,0.26270174980163574,0.0,0.0,0.0,True,,pathampl,,nan,nan,nan,nan,nan,,nan,True,11.335968582890928,0.009288319576195025,0.009288319576195025,0.009288319572855475,True,,,5,0.009288319576195025,-0.001392695565744839,1.2279732786169006e-11,nan,nan,,nan,True,14.190007166005671,0.007812656846495125,0.007812656846495125,0.007812656846035049,True,,,6,0.007812656846495125,nan,3.7487790649493036e-12,nan,nan,,nan,False,90.79851450026035,nan,nan,nan,False,Cannot load a SolverResults object with bad status: error,,,nan,nan,nan,nan,nan,,nan,False,40.07432129094377,0.029811802606780957,0.029811802606780957,0.022293271356449318,True,,,,nan,nan,nan,0.11000549473165752,0.006050604435578365,1000,nan,False,41.54899629112333,0.029811212308117285,0.029811212308117285,0.02229039853245285,True,,,,nan,nan,nan,0.10998944764376982,0.006048839296490791,1000,nan,0.009288319576195025,43.15147726062212,2.0,1.1954561459111532,0.007812656846495125,54.015655307665234,0.4796800692141101,0.6772583567946683,nan,345.63345911788434,nan,nan,0.029811802606780957,152.5468380823638,1.6007568984498501,1.5982538952606238,0.029811212308117285,158.16033323910742,1.6007636642880008,1.5982172917369981,-0.0014756627296999003,1.25176839210919,nan,6.398764527602358,-5.902986636718843e-07,1.0367985021997819
msd,10,20,102123,0.5,nan,0.01,0.006666666666666666,5,5,1000,3,20,1000,1000,1000,4,"mcp,screened_dual,action_dual,restricted_mcp,stochastic_full_batch,stochastic_minibatch",False,0.29147879173979163,nan,nan,nan,False,Cannot load a SolverResults object with bad status: error,,,nan,nan,nan,nan,nan,,nan,True,26.72205666685477,0.008898107765904162,0.008898107765904162,0.008898107765816676,True,,,27,0.008898107765904162,-0.013855277762121008,1.262989712813578e-12,nan,nan,,nan,True,5.8680650419555604,0.00671602250166059,0.006716022497569973,0.00671602250166059,True,,,2,0.00671602250166059,nan,2.7822744108618735e-11,nan,nan,,nan,False,2.662273125257343,nan,nan,nan,False,Cannot load a SolverResults object with bad status: error,,,nan,nan,nan,nan,nan,,nan,False,74.78906883299351,0.04887323933146853,0.04887323933146853,0.017490282050535155,True,,,,nan,nan,nan,0.129345858008255,0.00836517549194583,1000,nan,False,87.13796770805493,0.04887259460899901,0.04887259460899901,0.017490525111247046,True,,,,nan,nan,nan,0.12934677290079305,0.008365293829924667,1000,nan,nan,91.677533405964,nan,nan,nan,20.132048053753728,nan,nan,nan,9.133676962795983,nan,nan,nan,256.58494186348577,nan,nan,nan,298.9513137060228,nan,nan,-0.0021820852642435717,0.21959631008619673,nan,0.4536884145323188,-6.447224695227405e-07,1.1651163608232231
msd,10,20,102124,0.5,nan,0.01,0.006666666666666666,5,5,1000,3,20,1000,1000,1000,4,"mcp,screened_dual,action_dual,restricted_mcp,stochastic_full_batch,stochastic_minibatch",False,0.2163645839318633,nan,nan,nan,False,Cannot load a SolverResults object with bad status: error,,,nan,nan,nan,nan,nan,,nan,True,22.817681541200727,0.004977168761236772,0.004977168761234996,0.004977168761236772,True,,,16,0.004977168761236772,-0.00920241075479019,9.992007221626409e-16,nan,nan,,nan,True,5.194221375044435,0.007074737385043495,0.007074737385043495,0.0070747373847540596,True,,,2,0.007074737385043495,nan,3.6348257737017775e-11,nan,nan,,nan,True,0.4385904590599239,0.007711293194448077,0.007711293194448077,0.0,True,,pathampl,3,0.007711293194448077,nan,nan,nan,nan,,nan,False,70.8966306662187,0.027407629591114868,0.020131040268361877,0.027407629591114868,True,,,,nan,nan,nan,0.09783555323061063,0.004785897737969823,1000,nan,False,90.07885804213583,0.027408036977280115,0.020131997691654968,0.027408036977280115,True,,,,nan,nan,nan,0.09783720230010721,0.004786059076956052,1000,nan,nan,105.45941080813107,nan,nan,nan,24.006800376720523,nan,nan,nan,2.02708988268636,nan,nan,nan,327.6720680337647,nan,nan,nan,416.3290331771817,nan,nan,0.0020975686238067226,0.22764019059804538,0.000636555809404582,0.08443815297652227,4.0738616524649274e-07,1.2705661354518674
msd,10,20,102125,0.5,nan,0.01,0.006666666666666666,5,5,1000,3,20,1000,1000,1000,4,"mcp,screened_dual,action_dual,restricted_mcp,stochastic_full_batch,stochastic_minibatch",False,0.27908662520349026,nan,nan,nan,False,Cannot load a SolverResults object with bad status: error,,,nan,nan,nan,nan,nan,,nan,True,10.571939333807677,0.004723575006156833,0.004723575006156833,0.004723575006110092,True,,,15,0.004723575006156833,-0.00989221590696395,2.3214874467214486e-11,nan,nan,,nan,True,20.561292374972254,0.005453310062188521,0.005453310062188521,0.005453310061703021,True,,,5,0.005453310062188521,nan,1.0014877815933687e-11,nan,nan,,nan,False,1.5155210420489311,nan,nan,nan,False,Cannot load a SolverResults object with bad status: error,,,nan,nan,nan,nan,nan,,nan,False,70.76324154203758,0.03484049736463263,0.02781237506693668,0.03484049736463263,True,,,,nan,nan,nan,0.11671653753673347,0.006811375067281857,1000,nan,False,89.3795945411548,0.03484015414801772,0.027812501104703014,0.03484015414801772,True,,,,nan,nan,nan,0.11671768175327521,0.006811508616929416,1000,nan,nan,37.88049436657656,nan,nan,nan,73.67351394922781,nan,nan,nan,5.430289039985059,nan,nan,nan,253.55296582357545,nan,nan,nan,320.2575346489124,nan,nan,0.0007297350560316884,1.9448931483384448,nan,0.07370747978340424,-3.432166149064386e-07,1.2630794264569976
msd,10,20,102126,0.5,nan,0.01,0.006666666666666666,5,5,1000,3,20,1000,1000,1000,4,"mcp,screened_dual,action_dual,restricted_mcp,stochastic_full_batch,stochastic_minibatch",False,0.2037753751501441,nan,nan,nan,False,Cannot load a SolverResults object with bad status: error,,,nan,nan,nan,nan,nan,,nan,True,4.087558582890779,0.0042953862238636065,0.0042953862238636065,0.004295386221604747,True,,,5,0.0042953862238636065,-0.006730900568898269,1.2302103780115203e-11,nan,nan,,nan,True,3.4260611250065267,0.005701343881245102,0.005701343881245102,0.005701343881244769,True,,,1,0.005701343881245102,nan,5.995204332975845e-15,nan,nan,,nan,False,0.35729666566476226,nan,nan,nan,False,Cannot load a SolverResults object with bad status: error,,,nan,nan,nan,nan,nan,,nan,False,68.53447225037962,0.030484481910393657,0.030484481910393657,0.015490324035227154,True,,,,nan,nan,nan,0.09455544011977504,0.0044703656281221815,1000,nan,False,89.12663929210976,0.030484521461099034,0.030484521461099034,0.015490052188284253,True,,,,nan,nan,nan,0.09456435040256661,0.0044712081835297,1000,nan,nan,20.059139039145517,nan,nan,nan,16.812930033779423,nan,nan,nan,1.753384899434006,nan,nan,nan,336.3236220268647,nan,nan,nan,437.37688730269883,nan,nan,0.0014059576573814958,0.8381680789474014,nan,0.10428788414102845,3.9550705377422446e-08,1.3004643702004441
msd,10,20,102127,0.5,nan,0.01,0.006666666666666666,5,5,1000,3,20,1000,1000,1000,4,"mcp,screened_dual,action_dual,restricted_mcp,stochastic_full_batch,stochastic_minibatch",False,0.3169495421461761,nan,nan,nan,False,Cannot load a SolverResults object with bad status: error,,,nan,nan,nan,nan,nan,,nan,True,29.860433999914676,0.0006806424660658061,0.0006806424196622585,0.0006806424660658061,True,,,41,0.0006806424660658061,-0.022125022888324825,5.4014459571760653e-11,nan,nan,,nan,True,19.7777507500723,0.000680642458508629,0.0006806424471100803,0.000680642458508629,True,,,6,0.000680642458508629,nan,1.345823452680861e-11,nan,nan,,nan,True,1.2165934168733656,0.0008529339183165341,0.0,0.0008529339183165341,True,,pathampl,6,0.0008529339183165341,nan,nan,nan,nan,,nan,False,82.07191770803183,0.04311478094336041,0.04311478094336041,0.02838433631715548,True,,,,nan,nan,nan,0.14772215221398255,0.010910917127365515,1000,nan,False,78.455280166585,0.043118098278782546,0.043118098278782546,0.028383246388638206,True,,,,nan,nan,nan,0.14771911273295546,0.010910468133305802,1000,nan,nan,94.21194868343788,nan,nan,nan,62.40031336265779,nan,nan,nan,3.8384450996060333,nan,nan,nan,258.9431653767164,nan,nan,nan,247.5323978553081,nan,nan,-7.557177106320978e-12,0.662339695067018,0.00017229145980790506,0.061513234353452365,3.317335422137191e-06,0.9559333126062327
msd,10,20,102128,0.5,nan,0.01,0.006666666666666666,5,5,1000,3,20,1000,1000,1000,4,"mcp,screened_dual,action_dual,restricted_mcp,stochastic_full_batch,stochastic_minibatch",False,0.19546954100951552,nan,nan,nan,False,Cannot load a SolverResults object with bad status: error,,,nan,nan,nan,nan,nan,,nan,True,11.026346334256232,0.0019236703965088697,0.0019236703965088697,0.0019236703964370383,True,,,11,0.0019236703965088697,-0.008236632037960651,1.268984917146554e-13,nan,nan,,nan,True,4.901821332983673,1.1180247998288095e-05,1.1180247998288095e-05,1.118024790880412e-05,True,,,1,1.1180247998288095e-05,nan,1.582067810090848e-13,nan,nan,,nan,True,0.1176299168728292,0.00493363251686052,1.1102230246251565e-16,0.00493363251686052,True,,pathampl,1,0.00493363251686052,nan,nan,nan,nan,,nan,False,68.82355641713366,0.056263634255307116,0.03589652543519578,0.056263634255307116,True,,,,nan,nan,nan,0.14680606215980113,0.010776009943433697,1000,nan,False,89.21307145897299,0.056263402202970325,0.035896431859934685,0.056263402202970325,True,,,,nan,nan,nan,0.14680720158080993,0.01077617721799428,1000,nan,nan,56.40953714481514,nan,nan,nan,25.077161933608114,nan,nan,nan,0.6017813121436804,nan,nan,nan,352.093508081565,nan,nan,nan,456.4039542847756,nan,nan,-0.0019124901485105816,0.44455535717709876,0.004922452268862232,0.023997185715708136,-2.32052336790467e-07,1.2962577946170093
msd,10,20,102129,0.5,nan,0.01,0.006666666666666666,5,5,1000,3,20,1000,1000,1000,4,"mcp,screened_dual,action_dual,restricted_mcp,stochastic_full_batch,stochastic_minibatch",False,0.46014620875939727,nan,nan,nan,False,Cannot load a SolverResults object with bad status: error,,,nan,nan,nan,nan,nan,,nan,True,4.318082249723375,0.008724354586298944,0.008724354586298944,0.008724354585457172,True,,,2,0.008724354586298944,0.0010255295925810089,4.981015599980765e-12,nan,nan,,nan,True,16.505584000144154,0.00872435458583598,0.008724354585632699,0.00872435458583598,True,,,3,0.00872435458583598,nan,3.6153302573893598e-12,nan,nan,,nan,False,60.72683499986306,nan,nan,nan,False,Cannot load a SolverResults object with bad status: error,,,nan,nan,nan,nan,nan,,nan,False,65.94670637510717,0.029824012196999927,0.029824012196999927,0.0263269923122722,True,,,,nan,nan,nan,0.09948066507846018,0.004948201362226384,1000,nan,False,70.85738291684538,0.02982384993390963,0.02982384993390963,0.02632681600250225,True,,,,nan,nan,nan,0.09947964373400321,0.004948099758722103,1000,nan,nan,9.384152618284915,nan,nan,nan,35.87030314700397,nan,nan,nan,131.97291174817894,nan,nan,nan,143.31685259975617,nan,nan,nan,153.98884434554913,nan,nan,-4.629630012686903e-13,3.8224339059779453,nan,3.679169122360814,-1.6226309029754304e-07,1.0744643184119933
msd,10,20,102130,0.5,nan,0.01,0.006666666666666666,5,5,1000,3,20,1000,1000,1000,4,"mcp,screened_dual,action_dual,restricted_mcp,stochastic_full_batch,stochastic_minibatch",False,0.3900508340448141,nan,nan,nan,False,Cannot load a SolverResults object with bad status: error,,,nan,nan,nan,nan,nan,,nan,True,37.98759641684592,0.009472773097053522,0.00947277309703698,0.009472773097053522,True,,,38,0.009472773097053522,0.0014594128522328362,4.645173135031655e-13,nan,nan,,nan,True,11.741004583891481,0.008555218859741531,0.008555218859741531,0.008555218859738867,True,,,3,0.008555218859741531,nan,3.316791286067655e-15,nan,nan,,nan,False,1.11784612480551,nan,nan,nan,False,Cannot load a SolverResults object with bad status: error,,,nan,nan,nan,nan,nan,,nan,False,63.91779820807278,0.0277024629044611,0.024655260085049868,0.0277024629044611,True,,,,nan,nan,nan,0.1376583534856423,0.009474911142189022,1000,nan,False,68.36200720770285,0.027702786647453292,0.024655107875742044,0.027702786647453292,True,,,,nan,nan,nan,0.13765207446324032,0.009474046802016729,1000,nan,nan,97.39139902077842,nan,nan,nan,30.10121645462889,nan,nan,nan,2.8658985630500595,nan,nan,nan,163.87043079807663,nan,nan,nan,175.26435336335808,nan,nan,-0.0009175542373119905,0.30907468993444487,nan,0.0952087291013566,3.237429921920665e-07,1.06953007024996
msd,10,20,102131,0.5,nan,0.01,0.006666666666666666,5,5,1000,3,20,1000,1000,1000,4,"mcp,screened_dual,action_dual,restricted_mcp,stochastic_full_batch,stochastic_minibatch",False,0.3922899579629302,nan,nan,nan,False,Cannot load a SolverResults object with bad status: error,,,nan,nan,nan,nan,nan,,nan,True,20.950702833011746,0.009295558374527002,0.009295558371598456,0.009295558374527002,True,,,40,0.009295558374527002,0.0020981394936587404,3.0703217746008704e-12,nan,nan,,nan,True,121.50092712463811,0.00704553861247581,0.00704553861247581,0.007045538612294955,True,,,35,0.00704553861247581,nan,4.00679489587219e-12,nan,nan,,nan,False,18.748098957818,nan,nan,nan,False,Cannot load a SolverResults object with bad status: error,,,nan,nan,nan,nan,nan,,nan,False,71.00133120920509,0.03581314622078108,0.03581314622078108,0.024813033935477624,True,,,,nan,nan,nan,0.12106696365162398,0.0073286048439118205,1000,nan,False,69.31872983416542,0.035815368254389246,0.035815368254389246,0.024813131773537833,True,,,,nan,nan,nan,0.12106020459500347,0.007327786568292049,1000,nan,nan,53.40616655548318,nan,nan,nan,309.72224666561425,nan,nan,nan,47.79143227415885,nan,nan,nan,180.991967211953,nan,nan,nan,176.70278942168528,nan,nan,-0.002250019762051192,5.799372369178503,nan,0.1543041637746996,2.2220336081679726e-06,0.9763018334109554
msd,10,20,102132,0.5,nan,0.01,0.006666666666666666,5,5,1000,3,20,1000,1000,1000,4,"mcp,screened_dual,action_dual,restricted_mcp,stochastic_full_batch,stochastic_minibatch",False,0.3802873329259455,nan,nan,nan,False,Cannot load a SolverResults object with bad status: error,,,nan,nan,nan,nan,nan,,nan,True,20.151838957797736,0.007135901097596209,0.007135901097595543,0.007135901097596209,True,,,16,0.007135901097596209,-0.04056248715821153,2.4980018054066022e-15,nan,nan,,nan,True,9.145607207901776,0.007714918784736402,0.007246932081863555,0.007714918784736402,True,,,2,0.007714918784736402,nan,2.5607006091656977e-16,nan,nan,,nan,True,35.12976241623983,0.007177015443802559,0.007177015443802559,0.0,True,,pathampl,4,0.007177015443802559,nan,nan,nan,nan,,nan,False,65.91578012472019,0.03370090699644768,0.03370090699644768,0.026666534668690844,True,,,,nan,nan,nan,0.1042995282345644,0.005439195794976348,1000,nan,False,70.35140066687018,0.03370012345845819,0.03370012345845819,0.026666020927342493,True,,,,nan,nan,nan,0.10429293163161425,0.005438507794158282,1000,nan,nan,52.99108651016247,nan,nan,nan,24.049202842322195,nan,nan,nan,92.37689340307517,nan,nan,nan,173.3315165076933,nan,nan,nan,184.99538263760658,nan,nan,0.0005790176871401931,0.4538348697136095,-0.000537903340933843,3.8411623873249034,-7.835379894904904e-07,1.0672922407010474
msd,10,20,102133,0.5,nan,0.01,0.006666666666666666,5,5,1000,3,20,1000,1000,1000,4,"mcp,screened_dual,action_dual,restricted_mcp,stochastic_full_batch,stochastic_minibatch",False,0.37697687512263656,nan,nan,nan,False,Cannot load a SolverResults object with bad status: error,,,nan,nan,nan,nan,nan,,nan,True,29.04590733302757,0.0047285832393790805,0.0047285832393788585,0.0047285832393790805,True,,,26,0.0047285832393790805,-0.008268766169607053,7.771561172376096e-16,nan,nan,,nan,True,54.65988020924851,0.0036548669151479363,0.0036548669151477142,0.0036548669151479363,True,,,15,0.0036548669151479363,nan,5.995204332975845e-15,nan,nan,,nan,False,11.539972750004381,nan,nan,nan,False,Cannot load a SolverResults object with bad status: error,,,nan,nan,nan,nan,nan,,nan,False,69.43399662477896,0.03973717124604237,0.03973717124604237,0.028040809234376962,True,,,,nan,nan,nan,0.12857461344606544,0.008265715611402576,1000,nan,False,71.0456373328343,0.03973798826333674,0.03973798826333674,0.028041460998362577,True,,,,nan,nan,nan,0.12858035453670383,0.008266453786392226,1000,nan,nan,77.04957319617677,nan,nan,nan,144.99531354931727,nan,nan,nan,30.611885002893732,nan,nan,nan,184.18635520332904,nan,nan,nan,188.4615264788378,nan,nan,-0.0010737163242311443,1.8818444740783071,nan,0.21112327187376098,8.170172943744447e-07,1.02321111827632
msd,10,20,102134,0.5,nan,0.01,0.006666666666666666,5,5,1000,3,20,1000,1000,1000,4,"mcp,screened_dual,action_dual,restricted_mcp,stochastic_full_batch,stochastic_minibatch",False,0.3650857503525913,nan,nan,nan,False,Cannot load a SolverResults object with bad status: error,,,nan,nan,nan,nan,nan,,nan,True,49.54043258307502,0.00886287798026486,0.008862877976740235,0.00886287798026486,True,,,49,0.00886287798026486,0.000913583832231666,2.591382664007824e-11,nan,nan,,nan,True,5.4450896247290075,0.009847393956843642,0.009847393956843642,0.009847393956842976,True,,,2,0.009847393956843642,nan,2.7755575615628914e-15,nan,nan,,nan,False,1.2590651670470834,nan,nan,nan,False,Cannot load a SolverResults object with bad status: error,,,nan,nan,nan,nan,nan,,nan,False,66.85915983375162,0.022495874705707908,0.021828517363561284,0.022495874705707908,True,,,,nan,nan,nan,0.09589122097708758,0.00459756313023832,1000,nan,False,70.78576966701075,0.022497199454630024,0.021831201367218722,0.022497199454630024,True,,,,nan,nan,nan,0.09589318952113478,0.004597751898268137,1000,nan,nan,135.69533331615935,nan,nan,nan,14.914549854302084,nan,nan,nan,3.4486834006287777,nan,nan,nan,183.13275653508964,nan,nan,nan,193.88806492350773,nan,nan,0.0009845159765787814,0.10991203226976397,nan,0.231229466146711,1.3247489221157593e-06,1.0587295718794976
msd,10,20,102135,0.5,nan,0.01,0.006666666666666666,5,5,1000,3,20,1000,1000,1000,4,"mcp,screened_dual,action_dual,restricted_mcp,stochastic_full_batch,stochastic_minibatch",False,0.36967733409255743,nan,nan,nan,False,Cannot load a SolverResults object with bad status: error,,,nan,nan,nan,nan,nan,,nan,True,9.64892041683197,0.007233948706539262,0.007233948706539262,0.0072339487052891505,True,,,10,0.007233948706539262,-0.004472506178910806,9.273594707949679e-12,nan,nan,,nan,True,29.614361625164747,0.0053378038319837895,0.005337803828592946,0.0053378038319837895,True,,,8,0.0053378038319837895,nan,1.9224954961316598e-11,nan,nan,,nan,False,2.96005129115656,nan,nan,nan,False,Cannot load a SolverResults object with bad status: error,,,nan,nan,nan,nan,nan,,nan,False,69.36459912499413,0.04105644840181827,0.0238816698311225,0.04105644840181827,True,,,,nan,nan,nan,0.11754221858537452,0.0069080865749859815,1000,nan,False,69.16116616595536,0.041056931302585864,0.023882331315967065,0.041056931302585864,True,,,,nan,nan,nan,0.11754143160829558,0.006907994072263814,1000,nan,nan,26.10092512303212,nan,nan,nan,80.1086755774702,nan,nan,nan,8.007121395263692,nan,nan,nan,187.6355208394439,nan,nan,nan,187.08522213222636,nan,nan,-0.001896144874555472,3.069189126433694,nan,0.09995323649459532,4.829007675954955e-07,0.9970671933290902
msd,10,20,102136,0.5,nan,0.01,0.006666666666666666,5,5,1000,3,20,1000,1000,1000,4,"mcp,screened_dual,action_dual,restricted_mcp,stochastic_full_batch,stochastic_minibatch",False,0.39014187501743436,nan,nan,nan,False,Cannot load a SolverResults object with bad status: error,,,nan,nan,nan,nan,nan,,nan,True,16.183683875016868,0.004850633445337205,0.004850633445337205,0.004850633439596241,True,,,18,0.004850633445337205,-0.004197848246489609,1.9162227360425277e-11,nan,nan,,nan,True,17.83420379087329,0.004850042077046646,0.004850042077046646,0.004850042076955718,True,,,4,0.004850042077046646,nan,8.292255770925294e-12,nan,nan,,nan,True,0.47467133309692144,0.005183711753389497,0.002746814313350887,0.005183711753389497,True,,pathampl,4,0.005183711753389497,nan,nan,nan,nan,,nan,False,69.60411674994975,0.03190500505609528,0.03190500505609528,0.031767093200197216,True,,,,nan,nan,nan,0.1188295717313925,0.007060233558933078,1000,nan,False,69.94226725026965,0.031905319218553385,0.031905319218553385,0.0317666939955904,True,,,,nan,nan,nan,0.11883136375932452,0.007060446506450452,1000,nan,nan,41.481535080779686,nan,nan,nan,45.71209842592859,nan,nan,nan,1.216663381944606,nan,nan,nan,178.40719288807267,nan,nan,nan,179.27393014949786,nan,nan,-5.913682905589468e-07,1.101986663148084,0.0003336696763428515,0.026615784963713154,3.1416245810378385e-07,1.004858196843941
msd,10,20,102137,0.5,nan,0.01,0.006666666666666666,5,5,1000,3,20,1000,1000,1000,4,"mcp,screened_dual,action_dual,restricted_mcp,stochastic_full_batch,stochastic_minibatch",False,0.3743652501143515,nan,nan,nan,False,Cannot load a SolverResults object with bad status: error,,,nan,nan,nan,nan,nan,,nan,True,27.574004209134728,0.008023131418399387,0.008023131418399387,0.008023131418399387,True,,,20,0.008023131418399387,-0.015495269221231695,5.551115123125783e-16,nan,nan,,nan,True,14.46021645795554,0.00435904963413547,0.00435904963413547,0.004359049633572809,True,,,4,0.00435904963413547,nan,4.885647442165464e-12,nan,nan,,nan,True,0.12804858293384314,0.0004528408112062232,0.0,0.0004528408112062232,True,,pathampl,1,0.0004528408112062232,nan,nan,nan,nan,,nan,False,68.60916520887986,0.05249981567941536,0.04557505985818955,0.05249981567941536,True,,,,nan,nan,nan,0.13626518681133779,0.009284100568364392,1000,nan,False,70.09305220795795,0.052498592611791295,0.04557394698662165,0.052498592611791295,True,,,,nan,nan,nan,0.13626408518025945,0.009283950455006502,1000,nan,nan,73.65535182742556,nan,nan,nan,38.6259580811483,nan,nan,nan,0.3420418505583254,nan,nan,nan,183.26798544449008,nan,nan,nan,187.23172673357828,nan,nan,-0.0036640817842639173,0.5244148201429937,-0.003906208822929247,0.008855232790335928,-1.223067624067653e-06,1.021628116222671
msd,10,20,102138,0.5,nan,0.01,0.006666666666666666,5,5,1000,3,20,1000,1000,1000,4,"mcp,screened_dual,action_dual,restricted_mcp,stochastic_full_batch,stochastic_minibatch",False,0.3650469998829067,nan,nan,nan,False,Cannot load a SolverResults object with bad status: error,,,nan,nan,nan,nan,nan,,nan,True,67.57826854195446,0.001660650586813528,0.001660650586813528,0.0016606505851225473,True,,,68,0.001660650586813528,-0.0011641301613786292,5.04911390475371e-12,nan,nan,,nan,True,38.93267370900139,0.004208423966322261,0.004208423965347929,0.004208423966322261,True,,,11,0.004208423966322261,nan,1.9874990542234627e-11,nan,nan,,nan,False,14.745699499733746,nan,nan,nan,False,Cannot load a SolverResults object with bad status: error,,,nan,nan,nan,nan,nan,,nan,False,70.46690158266574,0.02264436191474306,0.02264436191474306,0.012570105680570931,True,,,,nan,nan,nan,0.09431118442809708,0.00444729975411527,1000,nan,False,69.17997966567054,0.022643931488046276,0.022643931488046276,0.012569972303357602,True,,,,nan,nan,nan,0.09430825391715003,0.004447023378450822,1000,nan,nan,185.12210362948065,nan,nan,nan,106.65112635219445,nan,nan,nan,40.3939753085592,nan,nan,nan,193.03514781731906,nan,nan,nan,189.50978829537257,nan,nan,0.002547773379508733,0.5761123294366578,nan,0.3787486985853859,-4.304266967847248e-07,0.981737214378789
msd,10,20,102139,0.5,nan,0.01,0.006666666666666666,5,5,1000,3,20,1000,1000,1000,4,"mcp,screened_dual,action_dual,restricted_mcp,stochastic_full_batch,stochastic_minibatch",False,0.3683792082592845,nan,nan,nan,False,Cannot load a SolverResults object with bad status: error,,,nan,nan,nan,nan,nan,,nan,True,13.376477291807532,0.006895859058914433,0.006895859058044795,0.006895859058914433,True,,,19,0.006895859058914433,-0.012806033702823445,2.7923538481466892e-11,nan,nan,,nan,True,30.481235375162214,0.000637200815493677,0.0006372008152926156,0.000637200815493677,True,,,8,0.000637200815493677,nan,2.7278179715040096e-12,nan,nan,,nan,True,1.1410842090845108,0.002448522660960295,1.1102230246251565e-16,0.002448522660960295,True,,pathampl,8,0.002448522660960295,nan,nan,nan,nan,,nan,False,69.55808216705918,0.025592572598554686,0.025475214793172718,0.025592572598554686,True,,,,nan,nan,nan,0.11918063151657869,0.007102011464345255,1000,nan,False,70.71463416703045,0.02559314537293539,0.02547416040502265,0.02559314537293539,True,,,,nan,nan,nan,0.11918039664252943,0.00710198347193532,1000,nan,nan,36.31170541631782,nan,nan,nan,82.74417961642376,nan,nan,nan,3.0975803832048965,nan,nan,nan,188.8219546801908,nan,nan,nan,191.96152383621447,nan,nan,-0.006258658243420756,2.2787191807091505,0.001811321845466618,0.03743562867580915,5.727743807026897e-07,1.0166271404262348
msd,10,20,102140,0.5,nan,0.01,0.006666666666666666,5,5,1000,3,20,1000,1000,1000,4,"mcp,screened_dual,action_dual,restricted_mcp,stochastic_full_batch,stochastic_minibatch",False,0.36329054180532694,nan,nan,nan,False,Cannot load a SolverResults object with bad status: error,,,nan,nan,nan,nan,nan,,nan,True,10.215379416942596,0.004199253845337592,0.004199253845337592,0.004199253823032989,True,,,10,0.004199253845337592,-0.004092749612564526,6.24229556933642e-11,nan,nan,,nan,True,10.908789209090173,0.0031316559654502862,0.0031316559556399115,0.0031316559654502862,True,,,3,0.0031316559654502862,nan,5.011135950638845e-11,nan,nan,,nan,False,0.7358554587699473,nan,nan,nan,False,Cannot load a SolverResults object with bad status: error,,,nan,nan,nan,nan,nan,,nan,False,70.47803870821372,0.03062552719255396,0.025591130671051454,0.03062552719255396,True,,,,nan,nan,nan,0.1226192784910626,0.007517743728834385,1000,nan,False,69.45557483285666,0.03062333857698174,0.025592048589058725,0.03062333857698174,True,,,,nan,nan,nan,0.12261999271473342,0.007517831306680639,1000,nan,nan,28.119034880948305,nan,nan,nan,30.027726994708722,nan,nan,nan,2.025528809842408,nan,nan,nan,193.99910154000133,nan,nan,nan,191.1846493104551,nan,nan,-0.0010675978798873054,1.0678790051593707,nan,0.06745528258596903,-2.1886155722183886e-06,0.9854924470927722
msd,10,20,102141,0.5,nan,0.01,0.006666666666666666,5,5,1000,3,20,1000,1000,1000,4,"mcp,screened_dual,action_dual,restricted_mcp,stochastic_full_batch,stochastic_minibatch",False,0.37105854181572795,nan,nan,nan,False,Cannot load a SolverResults object with bad status: error,,,nan,nan,nan,nan,nan,,nan,True,18.00847537489608,0.004372457734058921,0.004372457699929333,0.004372457734058921,True,,,17,0.004372457734058921,-0.013016987012660823,4.460087854596395e-11,nan,nan,,nan,True,20.87730379216373,1.2212453270876722e-15,1.1102230246251565e-16,1.2212453270876722e-15,True,,,6,1.2212453270876722e-15,nan,1.2212453270876722e-15,nan,nan,,nan,True,0.8050989997573197,1.1102230246251565e-16,0.0,1.1102230246251565e-16,True,,pathampl,6,1.1102230246251565e-16,nan,nan,nan,nan,,nan,False,69.1249264581129,0.03251982015128052,0.03178793377093736,0.03251982015128052,True,,,,nan,nan,nan,0.14167102821576064,0.010035340117855424,1000,nan,False,67.08310225000605,0.032518697364859295,0.03178782334043262,0.032518697364859295,True,,,,nan,nan,nan,0.14166737962447018,0.010034823224831874,1000,nan,nan,48.53270669036181,nan,nan,nan,56.264177857227835,nan,nan,nan,2.1697357937582296,nan,nan,nan,186.29116074207275,nan,nan,nan,180.7884597447707,nan,nan,-0.0043724577340577,1.1593043474000477,-1.1102230246251565e-15,0.03856336085215719,-1.1227864212259853e-06,0.9704618245150088
msd,10,20,102142,0.5,nan,0.01,0.006666666666666666,5,5,1000,3,20,1000,1000,1000,4,"mcp,screened_dual,action_dual,restricted_mcp,stochastic_full_batch,stochastic_minibatch",False,0.3729522912763059,nan,nan,nan,False,Cannot load a SolverResults object with bad status: error,,,nan,nan,nan,nan,nan,,nan,True,33.38590299990028,0.0013963175604327915,0.0013963175604327915,0.0013963175587310417,True,,,29,0.0013963175604327915,-0.00687639019681329,4.622302540724377e-12,nan,nan,,nan,True,6.34724441729486,0.00939859409004784,0.00939859409004784,0.009398594087814627,True,,,2,0.00939859409004784,nan,2.7617019782155694e-11,nan,nan,,nan,True,2.8557122917845845,0.005826458960163428,0.0,0.005826458960163428,True,,pathampl,10,0.005826458960163428,nan,nan,nan,nan,,nan,False,69.3128042081371,0.03898412643824756,0.03789283384330999,0.03898412643824756,True,,,,nan,nan,nan,0.13992077263339525,0.009788911307163145,1000,nan,False,64.3476313748397,0.03898514066596698,0.03789213568426214,0.03898514066596698,True,,,,nan,nan,nan,0.13992440922831548,0.00978942014894655,1000,nan,nan,89.51789218306735,nan,nan,nan,17.018917877065494,nan,nan,nan,7.657044502962707,nan,nan,nan,185.84898344755288,nan,nan,nan,172.53582530524534,nan,nan,0.008002276529615049,0.19011750011116424,-0.003572135129884413,0.4499137112166959,1.0142277194202798e-06,0.928365719869194
msd,10,50,105123,0.5,nan,0.01,0.006666666666666666,8,5,1000,3,20,1000,1000,1000,4,"mcp,screened_dual,action_dual,restricted_mcp,stochastic_full_batch,stochastic_minibatch",False,1.9929283326491714,nan,nan,nan,False,Cannot load a SolverResults object with bad status: error,,,nan,nan,nan,nan,nan,,nan,True,216.65348970890045,3.523847880160247e-13,3.3306690738754696e-16,3.523847880160247e-13,True,,,189,3.523847880160247e-13,0.0032692969670350728,4.057865155004947e-13,nan,nan,,nan,True,28.554958417080343,4.440892098500626e-16,2.220446049250313e-16,4.440892098500626e-16,True,,,6,4.440892098500626e-16,nan,5.828670879282072e-16,nan,nan,,nan,True,0.8601948749274015,0.0,0.0,0.0,True,,pathampl,6,0.0,nan,nan,nan,nan,,nan,False,48.49195620790124,0.020651094863696873,0.01773291552185663,0.020651094863696873,True,,,,nan,nan,nan,0.10760940560594534,0.005789892087432431,1000,nan,False,34.34852770809084,0.02065081277805536,0.017732887576305312,0.02065081277805536,True,,,,nan,nan,nan,0.10760945540808331,0.005789897446612135,1000,nan,nan,108.71112932641489,nan,nan,nan,14.328141132462422,nan,nan,nan,0.4316235866765749,nan,nan,nan,24.33201205155309,nan,nan,nan,17.23520467112424,nan,nan,-3.519406988061746e-13,0.1318001314239032,-4.440892098500626e-16,0.030124185872141565,-2.8208564151199766e-07,0.7083345444103598
msd,10,50,105124,0.5,nan,0.01,0.006666666666666666,8,5,1000,3,20,1000,1000,1000,4,"mcp,screened_dual,action_dual,restricted_mcp,stochastic_full_batch,stochastic_minibatch",False,1.9493011659942567,nan,nan,nan,False,Cannot load a SolverResults object with bad status: error,,,nan,nan,nan,nan,nan,,nan,True,80.4494396247901,0.007622795884951961,0.007622795884951961,0.0076227958849514055,True,,,62,0.007622795884951961,0.005896848497497948,1.5543122344752192e-15,nan,nan,,nan,True,67.2924729171209,0.009098547083729036,0.009098547083729036,0.009098547083728592,True,,,13,0.009098547083729036,nan,2.9976021664879227e-14,nan,nan,,nan,False,1.672832665964961,nan,nan,nan,False,Cannot load a SolverResults object with bad status: error,,,nan,nan,nan,nan,nan,,nan,False,51.782858916092664,0.029775600275596947,0.029775600275596947,0.02376568393596107,True,,,,nan,nan,nan,0.1458752176263885,0.010639789558773103,1000,nan,False,48.46624374995008,0.029775334076994397,0.029775334076994397,0.02376639745466025,True,,,,nan,nan,nan,0.14587502160675123,0.010639760964385068,1000,nan,nan,41.270913406423894,nan,nan,nan,34.521332101495894,nan,nan,nan,0.8581704536721596,nan,nan,nan,26.564832474042255,nan,nan,nan,24.86339442844866,nan,nan,0.0014757511987770755,0.8364567016372983,nan,0.02485913495890192,-2.661986025498386e-07,0.935951485963401
msd,10,50,105125,0.5,nan,0.01,0.006666666666666666,8,5,1000,3,20,1000,1000,1000,4,"mcp,screened_dual,action_dual,restricted_mcp,stochastic_full_batch,stochastic_minibatch",False,1.9787758332677186,nan,nan,nan,False,Cannot load a SolverResults object with bad status: error,,,nan,nan,nan,nan,nan,,nan,True,27.540709542110562,0.0033657242628404305,0.0033657242628404305,0.0033657242616172978,True,,,22,0.0033657242628404305,-0.021598184858954178,3.1095126473701384e-12,nan,nan,,nan,True,59.18048720899969,0.005321905953862727,0.005321905945868899,0.005321905953862727,True,,,11,0.005321905953862727,nan,4.1713410503518844e-11,nan,nan,,nan,True,0.4612387497909367,0.004159164437963492,0.004159164437963492,0.00392090959852176,True,,pathampl,4,0.004159164437963492,nan,nan,nan,nan,,nan,False,51.87177174957469,0.02335354201203038,0.02296185983458371,0.02335354201203038,True,,,,nan,nan,nan,0.12346937138378564,0.007622342834953591,1000,nan,False,52.26588337495923,0.023353583606314343,0.02296206249666627,0.023353583606314343,True,,,,nan,nan,nan,0.12346975431197175,0.007622390114929334,1000,nan,nan,13.918054323834285,nan,nan,nan,29.907625823017046,nan,nan,nan,0.23309297699944842,nan,nan,nan,26.214071789988704,nan,nan,nan,26.413241205118315,nan,nan,0.0019561816910222962,2.148836692769697,-0.001162741515899235,0.007793763984437005,4.1594283961554623e-08,1.0075978053590924
msd,10,50,105126,0.5,nan,0.01,0.006666666666666666,8,5,1000,3,20,1000,1000,1000,4,"mcp,screened_dual,action_dual,restricted_mcp,stochastic_full_batch,stochastic_minibatch",False,1.9309583753347397,nan,nan,nan,False,Cannot load a SolverResults object with bad status: error,,,nan,nan,nan,nan,nan,,nan,False,586.4705715840682,0.01313842884974703,0.013138428847289885,0.01313842884974703,True,,,556,0.01313842884974703,0.005050673754065529,1.2091661005797505e-11,nan,nan,,nan,True,60.26942754117772,0.007938389923971445,0.007938389923971445,0.007938389921676059,True,,,25,0.007938389923971445,nan,3.3993363679485356e-11,nan,nan,,nan,False,0.7904804167337716,nan,nan,nan,False,Cannot load a SolverResults object with bad status: error,,,nan,nan,nan,nan,nan,,nan,False,25.15176070900634,0.026313041063837583,0.02172368433402555,0.026313041063837583,True,,,,nan,nan,nan,0.13504174453444476,0.00911813638345312,1000,nan,False,24.89029233297333,0.02631321741929804,0.021723803382176665,0.02631321741929804,True,,,,nan,nan,nan,0.1350437547376627,0.009118407846822997,1000,nan,nan,303.7199450155942,nan,nan,nan,31.212183706823698,nan,nan,nan,0.40937206458256176,nan,nan,nan,13.025532310941802,nan,nan,nan,12.89012370795331,nan,nan,-0.005200038925775585,0.10276632871516271,nan,0.01311577774973379,1.7635546045724482e-07,0.9896043708805093
msd,10,50,105127,0.5,nan,0.01,0.006666666666666666,8,5,1000,3,20,1000,1000,1000,4,"mcp,screened_dual,action_dual,restricted_mcp,stochastic_full_batch,stochastic_minibatch",False,1.885396083816886,nan,nan,nan,False,Cannot load a SolverResults object with bad status: error,,,nan,nan,nan,nan,nan,,nan,True,301.62529854197055,0.0017925517814005865,0.0017925517814005865,0.001792551776923057,True,,,250,0.0017925517814005865,-0.005567876819719694,1.833858065403149e-11,nan,nan,,nan,True,382.51475554239005,0.008907733011412455,0.008907733011412455,0.008907733007976204,True,,,68,0.008907733011412455,nan,1.672750826742231e-11,nan,nan,,nan,False,0.3141539581120014,nan,nan,nan,False,Cannot load a SolverResults object with bad status: error,,,nan,nan,nan,nan,nan,,nan,False,60.52636812487617,0.028105476603249746,0.028105476603249746,0.024933025950812926,True,,,,nan,nan,nan,0.11865926558923275,0.007040010655088037,1000,nan,False,61.8505610418506,0.028105075440628402,0.028105075440628402,0.024932999278162116,True,,,,nan,nan,nan,0.11865939226821325,0.007040025686730853,1000,nan,nan,159.979805374023,nan,nan,nan,202.8829691679474,nan,nan,nan,0.1666249128278728,nan,nan,nan,32.102733555245166,nan,nan,nan,32.805075587426366,nan,nan,0.007115181230011869,1.2681786222555993,nan,0.0008212858551470626,-4.0116262134404224e-07,1.0218779510153722
msd,10,50,105128,0.5,nan,0.01,0.006666666666666666,8,5,1000,3,20,1000,1000,1000,4,"mcp,screened_dual,action_dual,restricted_mcp,stochastic_full_batch,stochastic_minibatch",False,2.152752125170082,nan,nan,nan,False,Cannot load a SolverResults object with bad status: error,,,nan,nan,nan,nan,nan,,nan,False,1098.3132437500171,0.011810345012586043,0.011810345010364931,0.011810345012586043,True,,,896,0.011810345012586043,0.0027576686030852306,7.950973213155521e-12,nan,nan,,nan,True,101.76872025011107,0.0052924618408956015,0.0052924618408956015,0.005292461839032869,True,,,19,0.0052924618408956015,nan,5.083378162851204e-12,nan,nan,,nan,False,1.0215444173663855,nan,nan,nan,False,Cannot load a SolverResults object with bad status: error,,,nan,nan,nan,nan,nan,,nan,False,65.66362479189411,0.025998207958046027,0.025712037194902504,0.025998207958046027,True,,,,nan,nan,nan,0.13611155382863097,0.009263177542822153,1000,nan,False,62.557604500092566,0.025998049207478724,0.025712118292529396,0.025998049207478724,True,,,,nan,nan,nan,0.13611283419495881,0.009263351816292174,1000,nan,nan,510.1902959047099,nan,nan,nan,47.27377530381983,nan,nan,nan,0.47452951290696166,nan,nan,nan,30.50217627201564,nan,nan,nan,29.05936255673193,nan,nan,-0.006517883171690442,0.09265910324693695,nan,0.010037901772330389,-1.5875056730285664e-07,0.9526980074334098
msd,10,50,105129,0.5,nan,0.01,0.006666666666666666,8,5,1000,3,20,1000,1000,1000,4,"mcp,screened_dual,action_dual,restricted_mcp,stochastic_full_batch,stochastic_minibatch",False,2.161211166996509,nan,nan,nan,False,Cannot load a SolverResults object with bad status: error,,,nan,nan,nan,nan,nan,,nan,True,317.58338687522337,0.00548024600488306,0.00548024600488306,0.005480246002641742,True,,,283,0.00548024600488306,0.004828360832809336,2.577591244089864e-11,nan,nan,,nan,True,5.988178584259003,0.007697673793996995,0.007697673793996995,0.007697673793692905,True,,,1,0.007697673793996995,nan,1.913425154175625e-12,nan,nan,,nan,True,185.6895101671107,0.0034495475216431704,0.0034495475216431704,0.0005434676955575757,True,,pathampl,18,0.0034495475216431704,nan,nan,nan,nan,,nan,False,64.61487445794046,0.027683523908549668,0.027683523908549668,0.01902517565252726,True,,,,nan,nan,nan,0.12520834931824704,0.007838565369500087,1000,nan,False,65.240245167166,0.02768392044561646,0.02768392044561646,0.019024752170853643,True,,,,nan,nan,nan,0.1252100346485957,0.007838776388351268,1000,nan,nan,146.94694887986222,nan,nan,nan,2.7707512693361336,nan,nan,nan,85.91918874136128,nan,nan,nan,29.897529424548285,nan,nan,nan,30.186890648835604,nan,nan,0.002217427789113935,0.018855452872324596,-0.004248126272353825,31.009347425814713,3.965370667935453e-07,1.0096784326282737
msd,10,50,105130,0.5,nan,0.01,0.006666666666666666,8,5,1000,3,20,1000,1000,1000,4,"mcp,screened_dual,action_dual,restricted_mcp,stochastic_full_batch,stochastic_minibatch",False,2.1296981661580503,nan,nan,nan,False,Cannot load a SolverResults object with bad status: error,,,nan,nan,nan,nan,nan,,nan,True,817.6133781662211,0.0090600473747533,0.0090600473747533,0.009060047374753077,True,,,754,0.0090600473747533,-0.0037643939258776866,7.771561172376096e-16,nan,nan,,nan,True,139.42476983275265,0.008002307281751886,0.008002307281721799,0.008002307281751886,True,,,26,0.008002307281751886,nan,3.383959779057477e-13,nan,nan,,nan,False,0.3997989590279758,nan,nan,nan,False,Cannot load a SolverResults object with bad status: error,,,nan,nan,nan,nan,nan,,nan,False,62.2417205828242,0.0267669186103211,0.0267669186103211,0.020312225633319914,True,,,,nan,nan,nan,0.129199151987406,0.008346210437132419,1000,nan,False,59.84587475005537,0.026766674557874737,0.026766674557874737,0.020312544580284975,True,,,,nan,nan,nan,0.1291975589749589,0.008346004622543993,1000,nan,nan,383.91044851261046,nan,nan,nan,65.46691547576117,nan,nan,nan,0.18772564365269107,nan,nan,nan,29.225606507004468,nan,nan,nan,28.100636841894175,nan,nan,-0.0010577400930014136,0.1705265270309796,nan,0.002867488750439077,-2.4405244636316326e-07,0.9615073971231128
msd,10,50,105131,0.5,nan,0.01,0.006666666666666666,8,5,1000,3,20,1000,1000,1000,4,"mcp,screened_dual,action_dual,restricted_mcp,stochastic_full_batch,stochastic_minibatch",False,2.16094958409667,nan,nan,nan,False,Cannot load a SolverResults object with bad status: error,,,nan,nan,nan,nan,nan,,nan,True,435.5383069999516,0.009703955350011118,0.009703955350011118,0.009703955349926963,True,,,385,0.009703955350011118,-0.003460668848105086,2.1197369190377543e-12,nan,nan,,nan,True,361.5157125829719,0.009711975179232835,0.00971197517923017,0.009711975179232835,True,,,65,0.009711975179232835,nan,6.5503158452884236e-15,nan,nan,,nan,False,1.2280699582770467,nan,nan,nan,False,Cannot load a SolverResults object with bad status: error,,,nan,nan,nan,nan,nan,,nan,False,63.79564791638404,0.025650955956527888,0.02042078450743795,0.025650955956527888,True,,,,nan,nan,nan,0.12750591517227908,0.008128879201960214,1000,nan,False,62.28134091710672,0.025650376375733197,0.020421739876604506,0.025650376375733197,True,,,,nan,nan,nan,0.1275062170484818,0.008128917693007276,1000,nan,nan,201.54949944471625,nan,nan,nan,167.2948389187406,nan,nan,nan,0.5683010688055501,nan,nan,nan,29.522043635762184,nan,nan,nan,28.821283650234648,nan,nan,8.019829221717067e-06,0.8300434353826243,nan,0.003397002994704389,-5.795807946906706e-07,0.9762631613795646
msd,10,50,105132,0.5,nan,0.01,0.006666666666666666,8,5,1000,3,20,1000,1000,1000,4,"mcp,screened_dual,action_dual,restricted_mcp,stochastic_full_batch,stochastic_minibatch",False,2.1609320002608,nan,nan,nan,False,Cannot load a SolverResults object with bad status: error,,,nan,nan,nan,nan,nan,,nan,True,239.1078519579023,0.00046256064856042833,0.00046256064360294946,0.00046256064856042833,True,,,221,0.00046256064856042833,0.0037882543669744626,1.3737149792683332e-11,nan,nan,,nan,True,87.45269099995494,0.008976621196714718,0.008976621196714718,0.008976621196146173,True,,,16,0.008976621196714718,nan,8.854028621385623e-12,nan,nan,,nan,False,1.48623212473467,nan,nan,nan,False,Cannot load a SolverResults object with bad status: error,,,nan,nan,nan,nan,nan,,nan,False,63.7474248749204,0.02369992323969372,0.020551648903478714,0.02369992323969372,True,,,,nan,nan,nan,0.12349787990472968,0.007625863170481518,1000,nan,False,59.55330299958587,0.023700277662247582,0.020551603965591525,0.023700277662247582,True,,,,nan,nan,nan,0.12350036158979863,0.007626169656405504,1000,nan,nan,110.65033602586509,nan,nan,nan,40.46989492931771,nan,nan,nan,0.6877736664343433,nan,nan,nan,29.499968007890484,nan,nan,nan,27.559082373900917,nan,nan,0.00851406054815429,0.36574579330565854,nan,0.016994698593499377,3.54422553860978e-07,0.9342071952935531
msd,10,50,105133,0.5,nan,0.01,0.006666666666666666,8,5,1000,3,20,1000,1000,1000,4,"mcp,screened_dual,action_dual,restricted_mcp,stochastic_full_batch,stochastic_minibatch",False,1.726900083012879,nan,nan,nan,False,Cannot load a SolverResults object with bad status: error,,,nan,nan,nan,nan,nan,,nan,True,5.920547958929092,0.00527692835078708,0.00527692835078708,0.005276928350786636,True,,,1,0.00527692835078708,0.000962341825308076,1.5543122344752192e-15,nan,nan,,nan,True,5.446228082757443,0.00527692835078708,0.00527692835078708,0.005276928350786636,True,,,1,0.00527692835078708,nan,1.5543122344752192e-15,nan,nan,,nan,False,0.9905130830593407,nan,nan,nan,False,Cannot load a SolverResults object with bad status: error,,,nan,nan,nan,nan,nan,,nan,False,60.23947679111734,0.02027580278942498,0.01585446994135392,0.02027580278942498,True,,,,nan,nan,nan,0.12472899599263781,0.00777866122066573,1000,nan,False,62.824883833061904,0.020275339865509112,0.015854141435129365,0.020275339865509112,True,,,,nan,nan,nan,0.12472740468971882,0.007778462740316447,1000,nan,nan,3.4284253137562315,nan,nan,nan,3.1537598129334423,nan,nan,nan,0.573578687500679,nan,nan,nan,34.88301227365688,nan,nan,nan,36.38014987146964,nan,nan,0.0,0.9198858147147847,nan,0.18187139209157774,-4.6292391586710835e-07,1.0429188163587404
msd,10,50,105134,0.5,nan,0.01,0.006666666666666666,8,5,1000,3,20,1000,1000,1000,4,"mcp,screened_dual,action_dual,restricted_mcp,stochastic_full_batch,stochastic_minibatch",False,1.8049462912604213,nan,nan,nan,False,Cannot load a SolverResults object with bad status: error,,,nan,nan,nan,nan,nan,,nan,False,1140.6045655827038,0.011308598778053902,0.011308598777975853,0.011308598778053902,True,,,441,0.011308598778053902,-0.010501748889100077,1.0667022820598504e-12,nan,nan,,nan,True,156.83844916708767,0.007420882204290158,0.00742088220320769,0.007420882204290158,True,,,28,0.007420882204290158,nan,6.4408235689317195e-12,nan,nan,,nan,False,0.43941583298146725,nan,nan,nan,False,Cannot load a SolverResults object with bad status: error,,,nan,nan,nan,nan,nan,,nan,False,64.9939875411801,0.020812930393168505,0.020812930393168505,0.016582171516984934,True,,,,nan,nan,nan,0.12635144399896894,0.007982343700312292,1000,nan,False,65.37074612500146,0.02081293810440288,0.02081293810440288,0.01658231276411165,True,,,,nan,nan,nan,0.12635253633792284,0.007982481719513056,1000,nan,nan,631.9326902443188,nan,nan,nan,86.89369314006846,nan,nan,nan,0.24345091879416342,nan,nan,nan,36.0088207919992,nan,nan,nan,36.217557520424656,nan,nan,-0.0038877165737637442,0.13750466542009954,nan,0.002801709882462151,7.711234373264375e-09,1.0057968221073164
msd,10,50,105135,0.5,nan,0.01,0.006666666666666666,8,5,1000,3,20,1000,1000,1000,4,"mcp,screened_dual,action_dual,restricted_mcp,stochastic_full_batch,stochastic_minibatch",False,1.7910213340073824,nan,nan,nan,False,Cannot load a SolverResults object with bad status: error,,,nan,nan,nan,nan,nan,,nan,True,484.47781050018966,0.0015299710648694065,0.0015299710648694065,0.0015299710648686293,True,,,394,0.0015299710648694065,-0.021299285196076743,2.456368441983159e-15,nan,nan,,nan,True,15.70525124995038,3.1807889655510735e-13,2.4868995751603507e-14,3.1807889655510735e-13,True,,,3,3.1807889655510735e-13,nan,4.222001220854921e-12,nan,nan,,nan,True,0.3945888327434659,0.0,0.0,0.0,True,,pathampl,3,0.0,nan,nan,nan,nan,,nan,False,60.1174873332493,0.028603572060088678,0.028603572060088678,0.0216654202325115,True,,,,nan,nan,nan,0.12031410780844247,0.007237742268870758,1000,nan,False,62.76622695894912,0.02860402394782896,0.02860402394782896,0.021665473400881374,True,,,,nan,nan,nan,0.12031589527451,0.007237957327853429,1000,nan,nan,270.50365135304,nan,nan,nan,8.76888005281887,nan,nan,nan,0.22031498187717258,nan,nan,nan,33.56603642388634,nan,nan,nan,35.04493540482327,nan,nan,-0.0015299710645513276,0.03241686390907315,-3.1807889655510735e-13,0.02512464311863286,4.5188774028259715e-07,1.0440593867640717
msd,10,50,105136,0.5,nan,0.01,0.006666666666666666,8,5,1000,3,20,1000,1000,1000,4,"mcp,screened_dual,action_dual,restricted_mcp,stochastic_full_batch,stochastic_minibatch",False,1.8179356660693884,nan,nan,nan,False,Cannot load a SolverResults object with bad status: error,,,nan,nan,nan,nan,nan,,nan,True,793.0535219581798,0.0037191980786791534,0.0037191980786789314,0.0037191980786791534,True,,,733,0.0037191980786791534,0.003997469117933833,1.199040866595169e-14,nan,nan,,nan,True,127.04954800009727,0.008348644897161694,0.008348644897161694,0.008348644897149704,True,,,22,0.008348644897161694,nan,6.106226635438361e-14,nan,nan,,nan,False,0.28677258314564824,nan,nan,nan,False,Cannot load a SolverResults object with bad status: error,,,nan,nan,nan,nan,nan,,nan,False,62.44194237468764,0.027222747437214867,0.027222747437214867,0.026336082808747552,True,,,,nan,nan,nan,0.1468393162776143,0.010780892402438621,1000,nan,False,64.9751517912373,0.027222572128098976,0.027222572128098976,0.026335965011495044,True,,,,nan,nan,nan,0.14684329943249136,0.01078147729411016,1000,nan,nan,436.23849664210826,nan,nan,nan,69.8867129191622,nan,nan,nan,0.15774627699872767,nan,nan,nan,34.347718425974435,nan,nan,nan,35.74117225595885,nan,nan,0.004629446818482541,0.16020299321840348,nan,0.0022571712191012962,-1.753091158906983e-07,1.040569036135182
msd,10,50,105137,0.5,nan,0.01,0.006666666666666666,8,5,1000,3,20,1000,1000,1000,4,"mcp,screened_dual,action_dual,restricted_mcp,stochastic_full_batch,stochastic_minibatch",False,1.8023859169334173,nan,nan,nan,False,Cannot load a SolverResults object with bad status: error,,,nan,nan,nan,nan,nan,,nan,True,817.0856142919511,0.002002058342880808,0.002002058340197732,0.002002058342880808,True,,,750,0.002002058342880808,0.006220555316192534,3.204470022666328e-11,nan,nan,,nan,True,200.3182517089881,0.008994639831560569,0.008994639827035411,0.008994639831560569,True,,,32,0.008994639831560569,nan,1.602151744606317e-11,nan,nan,,nan,False,65.3997015003115,nan,nan,nan,False,Cannot load a SolverResults object with bad status: error,,,nan,nan,nan,nan,nan,,nan,False,64.97756833396852,0.020273228950749234,0.015644874957936206,0.020273228950749234,True,,,,nan,nan,nan,0.10970953951890929,0.006018091530725559,1000,nan,False,64.0038139577955,0.020273246776562115,0.015644469665835714,0.020273246776562115,True,,,,nan,nan,nan,0.1097079415280547,0.006017916217161534,1000,nan,nan,453.33555184571236,nan,nan,nan,111.14059970564458,nan,nan,nan,36.28507129681898,nan,nan,nan,36.050863315954814,nan,nan,nan,35.51060478029683,nan,nan,0.006992581488679761,0.24516188781829762,nan,0.32647899501100264,1.782581288134466e-08,0.9850139917337601
msd,10,50,105138,0.5,nan,0.01,0.006666666666666666,8,5,1000,3,20,1000,1000,1000,4,"mcp,screened_dual,action_dual,restricted_mcp,stochastic_full_batch,stochastic_minibatch",False,1.7932512909173965,nan,nan,nan,False,Cannot load a SolverResults object with bad status: error,,,nan,nan,nan,nan,nan,,nan,True,17.188919874839485,2.6356694604601216e-13,2.6356694604601216e-13,2.220446049250313e-16,True,,,9,2.6356694604601216e-13,-0.020107079538538044,3.944844451098106e-12,nan,nan,,nan,True,102.76027183281258,0.008151014060695294,0.008151014060692852,0.008151014060695294,True,,,17,0.008151014060695294,nan,5.10702591327572e-15,nan,nan,,nan,True,1.4108105832710862,0.0,0.0,0.0,True,,pathampl,9,0.0,nan,nan,nan,nan,,nan,False,63.00030350033194,0.025854267068703696,0.023752527210307073,0.025854267068703696,True,,,,nan,nan,nan,0.1313431269546252,0.008625508499109395,1000,nan,False,62.430455500259995,0.0258545093050499,0.02375274576912012,0.0258545093050499,True,,,,nan,nan,nan,0.131345648001056,0.008625839624408653,1000,nan,nan,9.585338073865781,nan,nan,nan,57.30388839159412,nan,nan,nan,0.78673334318323,nan,nan,nan,35.131887995520174,nan,nan,nan,34.81411434998697,nan,nan,0.008151014060431727,5.978285580540132,-0.008151014060695294,0.013729144134285928,2.422363462040167e-07,0.9909548372244121
msd,10,50,105139,0.5,nan,0.01,0.006666666666666666,8,5,1000,3,20,1000,1000,1000,4,"mcp,screened_dual,action_dual,restricted_mcp,stochastic_full_batch,stochastic_minibatch",False,1.8500571246258914,nan,nan,nan,False,Cannot load a SolverResults object with bad status: error,,,nan,nan,nan,nan,nan,,nan,False,1048.9162765410729,0.022476306283163994,0.022476306282667613,0.022476306283163994,True,,,85,0.022476306283163994,0.005187886837948713,2.2304380564719395e-12,nan,nan,,nan,True,52.418464791961014,0.004589566816350699,0.00458956681633782,0.004589566816350699,True,,,21,0.004589566816350699,nan,4.4853010194856324e-14,nan,nan,,nan,False,1.1505249170586467,nan,nan,nan,False,Cannot load a SolverResults object with bad status: error,,,nan,nan,nan,nan,nan,,nan,False,31.062943207565695,0.026949282146548237,0.026949282146548237,0.021359119487365297,True,,,,nan,nan,nan,0.13418489879419424,0.009002793532204074,1000,nan,False,24.717948750127107,0.0269492283192721,0.0269492283192721,0.021359285522354887,True,,,,nan,nan,nan,0.13418718901802437,0.0090031008482795,1000,nan,nan,566.9642642808551,nan,nan,nan,28.333430408296604,nan,nan,nan,0.621886157861909,nan,nan,nan,16.79026165954042,nan,nan,nan,13.360640826226074,nan,nan,-0.017886739466813295,0.049973926388879375,nan,0.02194884801805743,-5.3827276136342306e-08,0.7957374993399466
msd,10,50,105140,0.5,nan,0.01,0.006666666666666666,8,5,1000,3,20,1000,1000,1000,4,"mcp,screened_dual,action_dual,restricted_mcp,stochastic_full_batch,stochastic_minibatch",False,1.8086890000849962,nan,nan,nan,False,Cannot load a SolverResults object with bad status: error,,,nan,nan,nan,nan,nan,,nan,True,70.02925520855933,0.0035630066281649997,0.003563006628141352,0.0035630066281649997,True,,,65,0.0035630066281649997,-0.006811933211327654,5.10702591327572e-14,nan,nan,,nan,True,94.91420266730711,0.0062850772257222465,0.006285077212410228,0.0062850772257222465,True,,,16,0.0062850772257222465,nan,1.36475275525072e-11,nan,nan,,nan,False,3.423420375213027,nan,nan,nan,False,Cannot load a SolverResults object with bad status: error,,,nan,nan,nan,nan,nan,,nan,False,60.45173733308911,0.03277704027531103,0.024927130843481637,0.03277704027531103,True,,,,nan,nan,nan,0.11841619606916516,0.007011197745745483,1000,nan,False,60.397764791268855,0.03277681492282819,0.024927329773544116,0.03277681492282819,True,,,,nan,nan,nan,0.11841608803347917,0.007011184952576344,1000,nan,nan,38.718240231055994,nan,nan,nan,52.476795437384084,nan,nan,nan,1.8927634187260216,nan,nan,nan,33.422958468950874,nan,nan,nan,33.39311777117601,nan,nan,0.002722070597557247,1.3553507371260205,nan,0.03606857855839327,-2.253524828410569e-07,0.9991071796411265
msd,10,50,105141,0.5,nan,0.01,0.006666666666666666,8,5,1000,3,20,1000,1000,1000,4,"mcp,screened_dual,action_dual,restricted_mcp,stochastic_full_batch,stochastic_minibatch",False,1.8031776249408722,nan,nan,nan,False,Cannot load a SolverResults object with bad status: error,,,nan,nan,nan,nan,nan,,nan,True,378.6532322089188,0.007383435570236019,0.007383435569077723,0.007383435570236019,True,,,345,0.007383435570236019,-0.015311752329220328,2.8894220349684474e-11,nan,nan,,nan,True,48.54023708309978,0.009844466855723155,0.009844466855719713,0.009844466855723155,True,,,8,0.009844466855723155,nan,7.904787935331115e-14,nan,nan,,nan,True,8.450829416979104,9.182311342825766e-05,0.0,9.182311342825766e-05,True,,pathampl,14,9.182311342825766e-05,nan,nan,nan,nan,,nan,False,63.57441737502813,0.023797963346645246,0.023797963346645246,0.01692153076987385,True,,,,nan,nan,nan,0.12020354898439727,0.0072244465942221964,1000,nan,False,62.84742237534374,0.023797886404112345,0.023797886404112345,0.016921307694104937,True,,,,nan,nan,nan,0.12020183746853683,0.007224240865406272,1000,nan,nan,209.99219764682647,nan,nan,nan,26.919276510372327,nan,nan,nan,4.686631699556617,nan,nan,nan,35.256880129661546,nan,nan,nan,34.853705761463495,nan,nan,0.0024610312854871363,0.12819179384772322,-0.009752643742294897,0.17409946726282932,-7.694253290058128e-08,0.9885646612316425
msd,10,50,105142,0.5,nan,0.01,0.006666666666666666,8,5,1000,3,20,1000,1000,1000,4,"mcp,screened_dual,action_dual,restricted_mcp,stochastic_full_batch,stochastic_minibatch",False,1.790118083357811,nan,nan,nan,False,Cannot load a SolverResults object with bad status: error,,,nan,nan,nan,nan,nan,,nan,True,207.99035379104316,0.00859689852235912,0.00859689852235912,0.008596898520453422,True,,,169,0.00859689852235912,-0.0059084684191808125,1.9832135933484096e-11,nan,nan,,nan,True,65.09562087478116,0.00018006675181181375,0.0001800667516755894,0.00018006675181181375,True,,,11,0.00018006675181181375,nan,1.27675647831893e-13,nan,nan,,nan,False,0.6839276249520481,nan,nan,nan,False,Cannot load a SolverResults object with bad status: error,,,nan,nan,nan,nan,nan,,nan,False,64.82717616669834,0.027883232877140007,0.027883232877140007,0.025350872497887755,True,,,,nan,nan,nan,0.12974463908120268,0.008416835685155773,1000,nan,False,65.18618729198352,0.027882821700307037,0.027882821700307037,0.025351350143045626,True,,,,nan,nan,nan,0.12974369653148263,0.008416713394826728,1000,nan,nan,116.18806363930229,nan,nan,nan,36.363869780410326,nan,nan,nan,0.3820572683502375,nan,nan,nan,36.21391056231267,nan,nan,nan,36.41446220671132,nan,nan,-0.008416831770547306,0.3129742302384815,nan,0.010506507438767052,-4.1117683297065e-07,1.0055379725990534
msd,30,5,300623,0.5,nan,0.01,0.006666666666666666,3,6,1000,3,20,1000,1000,1000,6,"mcp,screened_dual,action_dual,restricted_mcp,stochastic_full_batch,stochastic_minibatch",False,0.15133687481284142,nan,nan,nan,False,Cannot load a SolverResults object with bad status: error,,,nan,nan,nan,nan,nan,,nan,True,25.561529833823442,0.0003932473376737633,0.0003932473366881628,0.0003932473376737633,True,,,2,0.0003932473376737633,-0.09045458354124063,1.857555775863773e-11,nan,nan,,nan,True,8.472976500168443,0.0069577628649971635,0.006957762864722605,0.0069577628649971635,True,,,1,0.0069577628649971635,nan,5.625944154985518e-12,nan,nan,,nan,False,0.10571670811623335,nan,nan,nan,False,Cannot load a SolverResults object with bad status: error,,,nan,nan,nan,nan,nan,,nan,False,69.37462320784107,0.02002975495168763,0.014367769382231554,0.02002975495168763,True,,,,nan,nan,nan,0.07506258388338005,0.002817195749624733,1000,nan,False,68.87478308286518,0.02003023097651324,0.014366969648481553,0.02003023097651324,True,,,,nan,nan,nan,0.07506200949900366,0.0028171526350142576,1000,nan,nan,168.90483476307696,nan,nan,nan,55.98752128750503,nan,nan,nan,0.6985522084222592,nan,nan,nan,458.41189263116996,nan,nan,nan,455.10906160869746,nan,nan,0.0065645155273234,0.3314737637086517,nan,0.012476926864382511,4.760248256130417e-07,0.9927950581658886
msd,30,5,300624,0.5,nan,0.01,0.006666666666666666,3,6,1000,3,20,1000,1000,1000,6,"mcp,screened_dual,action_dual,restricted_mcp,stochastic_full_batch,stochastic_minibatch",False,0.13680458394810557,nan,nan,nan,False,Cannot load a SolverResults object with bad status: error,,,nan,nan,nan,nan,nan,,nan,True,10.142739832866937,0.0076695126274885506,0.0076695126274885506,0.007669512623251384,True,,,1,0.0076695126274885506,-0.0624449546699647,2.5361490685327226e-11,nan,nan,,nan,True,17.746374750044197,0.0006014857580536326,0.0006014857580536326,0.0006014857578171551,True,,,1,0.0006014857580536326,nan,1.461053500406706e-11,nan,nan,,nan,False,0.10520683322101831,nan,nan,nan,False,Cannot load a SolverResults object with bad status: error,,,nan,nan,nan,nan,nan,,nan,False,70.5278447503224,0.02053308057325892,0.013017056815874395,0.02053308057325892,True,,,,nan,nan,nan,0.058019903246179325,0.0016831545863480052,1000,nan,False,67.70688791712746,0.02053294278245571,0.013017969781790706,0.02053294278245571,True,,,,nan,nan,nan,0.05802767065809846,0.0016836052810023706,1000,nan,nan,74.14035071159903,nan,nan,nan,129.72061489383992,nan,nan,nan,0.7690300294391209,nan,nan,nan,515.5371458684156,nan,nan,nan,494.916807340395,nan,nan,-0.007068026869434918,1.7496628171944368,nan,0.005928356337722232,-1.3779080321185688e-07,0.9600022254588739
msd,30,5,300625,0.5,nan,0.01,0.006666666666666666,3,6,1000,3,20,1000,1000,1000,6,"mcp,screened_dual,action_dual,restricted_mcp,stochastic_full_batch,stochastic_minibatch",False,0.140282915905118,nan,nan,nan,False,Cannot load a SolverResults object with bad status: error,,,nan,nan,nan,nan,nan,,nan,True,41.68703974969685,0.0038255402086611046,0.0038255402086611046,0.0038255402030896724,True,,,2,0.0038255402086611046,-0.15362457176942138,1.341676769683886e-11,nan,nan,,nan,True,50.063330583274364,0.007032776699685661,0.007032776699680943,0.007032776699685661,True,,,3,0.007032776699685661,nan,8.859579736508749e-14,nan,nan,,nan,False,0.10420374991372228,nan,nan,nan,False,Cannot load a SolverResults object with bad status: error,,,nan,nan,nan,nan,nan,,nan,False,70.10733429063112,0.03134982785285434,0.03134982785285434,0.01417497483247232,True,,,,nan,nan,nan,0.06168173581087035,0.0019023182663210029,1000,nan,False,64.50580016709864,0.031349044935855885,0.031349044935855885,0.014172141616753953,True,,,,nan,nan,nan,0.061678361903403055,0.0019021101635435806,1000,nan,nan,297.1640522349305,nan,nan,nan,356.8740374425585,nan,nan,nan,0.7428114053759883,nan,nan,nan,499.75675112177623,nan,nan,nan,459.82648529153687,nan,nan,0.0032072364910245565,1.2009327331437207,nan,0.0020814386238325036,-7.829169984541196e-07,0.9201005974594438
msd,30,5,300626,0.5,nan,0.01,0.006666666666666666,3,6,1000,3,20,1000,1000,1000,6,"mcp,screened_dual,action_dual,restricted_mcp,stochastic_full_batch,stochastic_minibatch",False,0.14128454122692347,nan,nan,nan,False,Cannot load a SolverResults object with bad status: error,,,nan,nan,nan,nan,nan,,nan,True,12.292161458171904,0.001703913178977834,0.001703913178977834,0.001703913178976002,True,,,1,0.001703913178977834,-0.07347596870880782,4.1815617808638184e-14,nan,nan,,nan,True,15.76565591711551,0.008168310805487966,0.008168310805487966,0.004967071698602221,True,,,1,0.008168310805487966,nan,4.308249784701346e-08,nan,nan,,nan,False,0.10926499962806702,nan,nan,nan,False,Cannot load a SolverResults object with bad status: error,,,nan,nan,nan,nan,nan,,nan,False,67.94629533402622,0.013821391413320616,0.013821391413320616,0.013781877961717981,True,,,,nan,nan,nan,0.06127769406230389,0.001877477894796657,1000,nan,False,67.48970954120159,0.013820423228810164,0.013820423228810164,0.01378341252451798,True,,,,nan,nan,nan,0.06127944418385391,0.0018775851397410332,1000,nan,nan,87.00287626251276,nan,nan,nan,111.58797544448673,nan,nan,nan,0.7733684002453713,nan,nan,nan,480.91811562663895,nan,nan,nan,477.6864401095611,nan,nan,0.006464397626510132,1.2825780047523216,nan,0.0069305711226037075,-9.681845104525522e-07,0.9932801959167894
msd,30,5,300627,0.5,nan,0.01,0.006666666666666666,3,6,1000,3,20,1000,1000,1000,6,"mcp,screened_dual,action_dual,restricted_mcp,stochastic_full_batch,stochastic_minibatch",False,0.1570520419627428,nan,nan,nan,False,Cannot load a SolverResults object with bad status: error,,,nan,nan,nan,nan,nan,,nan,True,21.229349582921714,0.0007480304620487432,0.0007480304619650879,0.0007480304620487432,True,,,2,0.0007480304620487432,-0.12120108338448814,3.0973695830383008e-12,nan,nan,,nan,True,43.81317383283749,0.007277684737167223,0.0072776847371564535,0.007277684737167223,True,,,3,0.007277684737167223,nan,3.2284452888831083e-12,nan,nan,,nan,False,0.12176441587507725,nan,nan,nan,False,Cannot load a SolverResults object with bad status: error,,,nan,nan,nan,nan,nan,,nan,False,68.39829883398488,0.041589464983275204,0.011815932923853578,0.041589464983275204,True,,,,nan,nan,nan,0.08054640712997814,0.003243861850774097,1000,nan,False,69.21069095795974,0.041588414628025316,0.011816190140585214,0.041588414628025316,True,,,,nan,nan,nan,0.08054060679242508,0.0032433946712460146,1000,nan,nan,135.1739800235002,nan,nan,nan,278.9723284414934,nan,nan,nan,0.7753125292313182,nan,nan,nan,435.5135914132902,nan,nan,nan,440.6863488879596,nan,nan,0.006529654275118479,2.0638019860996444,nan,0.0027791735960433013,-1.0503552498875024e-06,1.0118773732362363
msd,30,5,300628,0.5,nan,0.01,0.006666666666666666,3,6,1000,3,20,1000,1000,1000,6,"mcp,screened_dual,action_dual,restricted_mcp,stochastic_full_batch,stochastic_minibatch",False,0.23000374995172024,nan,nan,nan,False,Cannot load a SolverResults object with bad status: error,,,nan,nan,nan,nan,nan,,nan,True,18.11317649995908,0.003886719039786324,0.003886719039786324,0.0038867190394149542,True,,,1,0.003886719039786324,-0.03793749884827342,7.818190539410352e-13,nan,nan,,nan,True,18.46904437476769,1.1102230246251565e-16,1.1102230246251565e-16,0.0,True,,,1,1.1102230246251565e-16,nan,1.942890293094024e-16,nan,nan,,nan,False,0.10660833306610584,nan,nan,nan,False,Cannot load a SolverResults object with bad status: error,,,nan,nan,nan,nan,nan,,nan,False,67.57139754109085,0.020441504662030263,0.020441504662030263,0.005443629340408762,True,,,,nan,nan,nan,0.04778877729961236,0.0011418836178959729,1000,nan,False,67.88344220817089,0.0204405332666594,0.0204405332666594,0.005444565058453588,True,,,,nan,nan,nan,0.04779601196992545,0.0011422293801146286,1000,nan,nan,78.75165732628791,nan,nan,nan,80.29888372969789,nan,nan,nan,0.4635069345107801,nan,nan,nan,293.78389506812243,nan,nan,nan,295.1405888922255,nan,nan,-0.003886719039786213,1.0196469059311277,nan,0.005772271207044885,-9.71395370863437e-07,1.0046179993079214
msd,30,5,300629,0.5,nan,0.01,0.006666666666666666,3,6,1000,3,20,1000,1000,1000,6,"mcp,screened_dual,action_dual,restricted_mcp,stochastic_full_batch,stochastic_minibatch",False,0.14294479181990027,nan,nan,nan,False,Cannot load a SolverResults object with bad status: error,,,nan,nan,nan,nan,nan,,nan,True,28.067264499608427,0.00860073645688042,0.00860073645688042,0.008600736456627733,True,,,2,0.00860073645688042,-0.1396415690994622,4.6775222584116705e-12,nan,nan,,nan,True,13.580439832992852,0.007607897097663963,0.007607897097642646,0.007607897097663963,True,,,1,0.007607897097663963,nan,3.2240876635114546e-13,nan,nan,,nan,False,0.11013808287680149,nan,nan,nan,False,Cannot load a SolverResults object with bad status: error,,,nan,nan,nan,nan,nan,,nan,False,66.22195437503979,0.013041278905926879,0.004925442964960669,0.013041278905926879,True,,,,nan,nan,nan,0.0460710383382066,0.0010612702867802512,1000,nan,False,45.2102233748883,0.013043149165005152,0.004929139655854287,0.013043149165005152,True,,,,nan,nan,nan,0.04608683518769552,0.001061998188808905,1000,nan,nan,196.3503821459342,nan,nan,nan,95.00478933225625,nan,nan,nan,0.7704938492307382,nan,nan,nan,463.26944502094545,nan,nan,nan,316.27751385198974,nan,nan,-0.0009928393592164575,0.48385334570749905,nan,0.008110052710459916,1.8702590782737616e-06,0.6827074767205726
msd,30,5,300630,0.5,nan,0.01,0.006666666666666666,3,6,1000,3,20,1000,1000,1000,6,"mcp,screened_dual,action_dual,restricted_mcp,stochastic_full_batch,stochastic_minibatch",False,0.22751887515187263,nan,nan,nan,False,Cannot load a SolverResults object with bad status: error,,,nan,nan,nan,nan,nan,,nan,True,19.473105458077043,0.009012026257043226,0.009012026257043226,0.009012026251353722,True,,,2,0.009012026257043226,-0.08275557551619685,1.0535683436785348e-11,nan,nan,,nan,True,16.22974304202944,0.004918054935628247,0.004918054934429594,0.004918054935628247,True,,,1,0.004918054935628247,nan,1.0554196405720973e-11,nan,nan,,nan,False,0.11521191662177444,nan,nan,nan,False,Cannot load a SolverResults object with bad status: error,,,nan,nan,nan,nan,nan,,nan,False,49.55640554102138,0.022528359661015962,0.018008396420586548,0.022528359661015962,True,,,,nan,nan,nan,0.0631759419064617,0.0019955998178843117,1000,nan,False,38.3287534173578,0.022529802573631408,0.01800571026405945,0.022529802573631408,True,,,,nan,nan,nan,0.06317130198736925,0.001995306697389701,1000,nan,nan,85.58896682782218,nan,nan,nan,71.33361146935971,nan,nan,nan,0.506383993613139,nan,nan,nan,217.81228264222761,nan,nan,nan,168.4640599236996,nan,nan,-0.00409397132141498,0.8334440070162347,nan,0.00709881335295422,1.4429126154458238e-06,0.773436914943929
msd,30,5,300631,0.5,nan,0.01,0.006666666666666666,3,6,1000,3,20,1000,1000,1000,6,"mcp,screened_dual,action_dual,restricted_mcp,stochastic_full_batch,stochastic_minibatch",False,0.09950424963608384,nan,nan,nan,False,Cannot load a SolverResults object with bad status: error,,,nan,nan,nan,nan,nan,,nan,True,35.8515472500585,0.005663810283786874,0.005663810283786763,0.005663810283786874,True,,,2,0.005663810283786874,-0.029659499816186884,7.216449660063518e-16,nan,nan,,nan,True,27.677290124818683,0.006829717874894725,0.0064439447706919895,0.006829717874894725,True,,,2,0.006829717874894725,nan,4.402078701559731e-11,nan,nan,,nan,False,0.1039366670884192,nan,nan,nan,False,Cannot load a SolverResults object with bad status: error,,,nan,nan,nan,nan,nan,,nan,False,68.1203271667473,0.026273346503991157,0.026273346503991157,0.005328303961229575,True,,,,nan,nan,nan,0.05273076055744203,0.0013902665544831422,1000,nan,False,71.37427425011992,0.026277475906293812,0.026277475906293812,0.005327334369514103,True,,,,nan,nan,nan,0.05273883288939764,0.001390692247267905,1000,nan,nan,360.3016693375218,nan,nan,nan,278.1518400072623,nan,nan,nan,1.0445450065554587,nan,nan,nan,684.5971646023488,nan,nan,nan,717.2987536829486,nan,nan,0.001165907591107851,0.7719970893243253,nan,0.0037553050396078144,4.129402302655016e-06,1.0477676373369067
msd,30,5,300632,0.5,nan,0.01,0.006666666666666666,3,6,1000,3,20,1000,1000,1000,6,"mcp,screened_dual,action_dual,restricted_mcp,stochastic_full_batch,stochastic_minibatch",False,0.15341741684824228,nan,nan,nan,False,Cannot load a SolverResults object with bad status: error,,,nan,nan,nan,nan,nan,,nan,True,32.636732041835785,1.0014766793631225e-11,1.0014766793631225e-11,0.0,True,,,2,1.0014766793631225e-11,-0.017778830566034177,1.2562173523633646e-11,nan,nan,,nan,True,15.732602625153959,0.0015963553883014403,0.0015963553883014403,0.0015963553858752144,True,,,1,0.0015963553883014403,nan,2.07520667316885e-11,nan,nan,,nan,False,0.10506387474015355,nan,nan,nan,False,Cannot load a SolverResults object with bad status: error,,,nan,nan,nan,nan,nan,,nan,False,66.83526454214007,0.017233534993181143,0.017233534993181143,0.012489329383689629,True,,,,nan,nan,nan,0.05270318817325065,0.0013888130218125336,1000,nan,False,69.90486745815724,0.017235110212660554,0.017235110212660554,0.01249032627119362,True,,,,nan,nan,nan,0.052714256474525066,0.001389396417831004,1000,nan,nan,212.73159666167138,nan,nan,nan,102.54769600713824,nan,nan,nan,0.6848236458320819,nan,nan,nan,435.64326603316687,nan,nan,nan,455.6514435861338,nan,nan,0.0015963553782866735,0.4820520205572952,nan,0.006678098801794747,1.5752194794105279e-06,1.0459278935610672
msd,30,5,300633,0.5,nan,0.01,0.006666666666666666,3,6,1000,3,20,1000,1000,1000,6,"mcp,screened_dual,action_dual,restricted_mcp,stochastic_full_batch,stochastic_minibatch",False,0.20137558318674564,nan,nan,nan,False,Cannot load a SolverResults object with bad status: error,,,nan,nan,nan,nan,nan,,nan,True,15.975907249841839,0.003569443647665871,0.003569443646218917,0.003569443647665871,True,,,1,0.003569443647665871,-0.033094379708844754,8.160749853658444e-12,nan,nan,,nan,True,15.083344417158514,0.0042243312399080635,0.004224331239904733,0.0042243312399080635,True,,,1,0.0042243312399080635,nan,2.2697989321418532e-14,nan,nan,,nan,False,0.1072472077794373,nan,nan,nan,False,Cannot load a SolverResults object with bad status: error,,,nan,nan,nan,nan,nan,,nan,False,65.30320558417588,0.025819878823927556,0.025819878823927556,0.004630861093680938,True,,,,nan,nan,nan,0.052761910021905806,0.0013919095745798422,1000,nan,False,69.40897920867428,0.02582359351099206,0.02582359351099206,0.0046287648175967755,True,,,,nan,nan,nan,0.05275776288038719,0.0013916907720715804,1000,nan,nan,79.33388446118903,nan,nan,nan,74.90155548386905,nan,nan,nan,0.532573046256465,nan,nan,nan,324.28561869696466,nan,nan,nan,344.67425548959363,nan,nan,0.0006548875922421926,0.9441306951320614,nan,0.007110306893041241,3.714687064504396e-06,1.0628724667919411
msd,30,5,300634,0.5,nan,0.01,0.006666666666666666,3,6,1000,3,20,1000,1000,1000,6,"mcp,screened_dual,action_dual,restricted_mcp,stochastic_full_batch,stochastic_minibatch",False,0.10681941686198115,nan,nan,nan,False,Cannot load a SolverResults object with bad status: error,,,nan,nan,nan,nan,nan,,nan,True,149.59549474995583,0.006345201666152933,0.006345201666143108,0.006345201666152933,True,,,11,0.006345201666152933,-0.018800530464193232,1.7974510768681284e-12,nan,nan,,nan,True,75.96635512495413,0.009429691801119744,0.009429691801119744,0.00942969180040476,True,,,5,0.009429691801119744,nan,1.4464762720933777e-11,nan,nan,,nan,False,0.09798245830461383,nan,nan,nan,False,Cannot load a SolverResults object with bad status: error,,,nan,nan,nan,nan,nan,,nan,False,67.40302958292887,0.016869468266993426,0.014854823832671615,0.016869468266993426,True,,,,nan,nan,nan,0.06154987880829464,0.001894193790657879,1000,nan,False,69.6856523337774,0.01686799611692197,0.014848359615811102,0.01686799611692197,True,,,,nan,nan,nan,0.061539680146161825,0.001893566116245952,1000,nan,nan,1400.4522693027302,nan,nan,nan,711.1661658208495,nan,nan,nan,0.917271982782069,nan,nan,nan,630.9997897668617,nan,nan,nan,652.3687769594977,nan,nan,0.003084490134966811,0.5078117843851482,nan,0.0012898138675134045,-1.472150071457623e-06,1.033865284171539
msd,30,5,300635,0.5,nan,0.01,0.006666666666666666,3,6,1000,3,20,1000,1000,1000,6,"mcp,screened_dual,action_dual,restricted_mcp,stochastic_full_batch,stochastic_minibatch",False,0.09868620801717043,nan,nan,nan,False,Cannot load a SolverResults object with bad status: error,,,nan,nan,nan,nan,nan,,nan,True,42.94348308304325,0.008119518981848428,0.00811729101305897,0.008119518981848428,True,,,2,0.008119518981848428,-0.07907675812927166,3.367445211566178e-14,nan,nan,,nan,True,19.094845707993954,0.008474761650590412,0.0050491333074282885,0.008474761650590412,True,,,1,0.008474761650590412,nan,2.858824288409778e-15,nan,nan,,nan,False,0.209200874902308,nan,nan,nan,False,Cannot load a SolverResults object with bad status: error,,,nan,nan,nan,nan,nan,,nan,False,66.58554699970409,0.022463493427155368,0.022463493427155368,0.01080537164244233,True,,,,nan,nan,nan,0.0651586877969343,0.0021228272977091775,1000,nan,False,70.11310604214668,0.022463768559413566,0.022463768559413566,0.010804948056673314,True,,,,nan,nan,nan,0.06515971514052196,0.0021228942385969835,1000,nan,nan,435.15182056211444,nan,nan,nan,193.49052001949087,nan,nan,nan,2.1198592904279905,nan,nan,nan,674.7198857627487,nan,nan,nan,710.465093865474,nan,nan,0.00035524266874198407,0.444650604401807,nan,0.010955881922351808,2.7513225819841836e-07,1.052977848818427
msd,30,5,300636,0.5,nan,0.01,0.006666666666666666,3,6,1000,3,20,1000,1000,1000,6,"mcp,screened_dual,action_dual,restricted_mcp,stochastic_full_batch,stochastic_minibatch",False,0.18738829204812646,nan,nan,nan,False,Cannot load a SolverResults object with bad status: error,,,nan,nan,nan,nan,nan,,nan,True,53.933999666944146,0.005960769207576266,0.005960769207576266,0.005960769207559391,True,,,3,0.005960769207576266,-0.18903799821254555,3.220756994437579e-12,nan,nan,,nan,True,45.47047866601497,0.004495380815719763,0.004495380815719763,0.0044953808145781204,True,,,3,0.004495380815719763,nan,7.912670518805953e-12,nan,nan,,nan,False,0.1092269578948617,nan,nan,nan,False,Cannot load a SolverResults object with bad status: error,,,nan,nan,nan,nan,nan,,nan,False,68.60388404177502,0.033032797108600964,0.007300840152049903,0.033032797108600964,True,,,,nan,nan,nan,0.07529347349191533,0.002834553575238878,1000,nan,False,68.45950324973091,0.03303477153936313,0.007299357070608914,0.03303477153936313,True,,,,nan,nan,nan,0.07529949316518196,0.002835006835466642,1000,nan,nan,287.8194740848186,nan,nan,nan,242.65378679227678,nan,nan,nan,0.5828910477865352,nan,nan,nan,366.1054983315375,nan,nan,nan,365.3350084014248,nan,nan,-0.0014653883918565036,0.8430763330516275,nan,0.0024021510461137694,1.974430762163859e-06,0.9978954428883912
msd,30,5,300637,0.5,nan,0.01,0.006666666666666666,3,6,1000,3,20,1000,1000,1000,6,"mcp,screened_dual,action_dual,restricted_mcp,stochastic_full_batch,stochastic_minibatch",False,0.2364430408924818,nan,nan,nan,False,Cannot load a SolverResults object with bad status: error,,,nan,nan,nan,nan,nan,,nan,True,14.205466084182262,0.0,0.0,0.0,True,,,1,0.0,-0.008264590161961289,8.881784197001252e-16,nan,nan,,nan,True,340.1135591669008,0.007710469966608402,0.007710469966608402,0.007710469966608291,True,,,22,0.007710469966608402,nan,2.886579864025407e-15,nan,nan,,nan,False,0.11155566666275263,nan,nan,nan,False,Cannot load a SolverResults object with bad status: error,,,nan,nan,nan,nan,nan,,nan,False,72.0217189998366,0.027716298462739597,0.027716298462739597,0.021864690375593132,True,,,,nan,nan,nan,0.08319244816441142,0.00346049171579414,1000,nan,False,67.7491627917625,0.02771328555012731,0.02771328555012731,0.02186767821993202,True,,,,nan,nan,nan,0.08319382458071081,0.0034606062241830412,1000,nan,nan,60.07986545326974,nan,nan,nan,1438.4587420424918,nan,nan,nan,0.4718077818728467,nan,nan,nan,304.60494302552627,nan,nan,nan,286.53481420318144,nan,nan,0.007710469966608402,23.942442799931506,nan,0.00032799535230528676,-3.012912612287977e-06,0.9406768365514326
msd,30,5,300638,0.5,nan,0.01,0.006666666666666666,3,6,1000,3,20,1000,1000,1000,6,"mcp,screened_dual,action_dual,restricted_mcp,stochastic_full_batch,stochastic_minibatch",False,0.23038254212588072,nan,nan,nan,False,Cannot load a SolverResults object with bad status: error,,,nan,nan,nan,nan,nan,,nan,True,16.921867958270013,0.001988136441660071,0.001988136441639199,0.001988136441660071,True,,,1,0.001988136441660071,-0.0840080972228111,1.3222756223285614e-13,nan,nan,,nan,True,14.049644208978862,0.007794353486230976,0.007794353464749715,0.007794353486230976,True,,,1,0.007794353486230976,nan,5.899530863828772e-11,nan,nan,,nan,False,0.12270716577768326,nan,nan,nan,False,Cannot load a SolverResults object with bad status: error,,,nan,nan,nan,nan,nan,,nan,False,66.77201420906931,0.021595550966535537,0.021595550966535537,0.00901022426764203,True,,,,nan,nan,nan,0.047828984654645704,0.0011438058865471672,1000,nan,False,68.77081145811826,0.021595703094852592,0.021595703094852592,0.009009326684514818,True,,,,nan,nan,nan,0.04782622608086061,0.0011436739505687958,1000,nan,nan,73.45117300174562,nan,nan,nan,60.983979425412166,nan,nan,nan,0.5326235427623515,nan,nan,nan,289.831050534138,nan,nan,nan,298.50704321398615,nan,nan,0.005806217044570905,0.8302655619123038,nan,0.008733827273666008,1.5212831705468943e-07,1.0299346555997326
msd,30,5,300639,0.5,nan,0.01,0.006666666666666666,3,6,1000,3,20,1000,1000,1000,6,"mcp,screened_dual,action_dual,restricted_mcp,stochastic_full_batch,stochastic_minibatch",False,0.1443542498163879,nan,nan,nan,False,Cannot load a SolverResults object with bad status: error,,,nan,nan,nan,nan,nan,,nan,True,28.355962125118822,0.004448079626673873,0.004277886987174184,0.004448079626673873,True,,,3,0.004448079626673873,-0.013167536035490562,1.7763568394002505e-15,nan,nan,,nan,True,16.17682291660458,0.006133507661085669,0.006133507661085669,0.0061335076610848915,True,,,1,0.006133507661085669,nan,1.0307726894254188e-14,nan,nan,,nan,False,0.1047537918202579,nan,nan,nan,False,Cannot load a SolverResults object with bad status: error,,,nan,nan,nan,nan,nan,,nan,False,67.32792958337814,0.018788917422020435,0.013496749267895847,0.018788917422020435,True,,,,nan,nan,nan,0.05037363494222756,0.0012687515486464048,1000,nan,False,69.36828812491149,0.018786448849512194,0.01349952106022878,0.018786448849512194,True,,,,nan,nan,nan,0.05038099909116629,0.0012691225347120493,1000,nan,nan,196.43316467084503,nan,nan,nan,112.06336451597905,nan,nan,nan,0.7256716858249758,nan,nan,nan,466.4076718836905,nan,nan,nan,480.54205687151455,nan,nan,0.0016854280344117956,0.5704910609354537,nan,0.006475547909517768,-2.4685725082407295e-06,1.0303047866488542
msd,30,5,300640,0.5,nan,0.01,0.006666666666666666,3,6,1000,3,20,1000,1000,1000,6,"mcp,screened_dual,action_dual,restricted_mcp,stochastic_full_batch,stochastic_minibatch",False,0.15380066679790616,nan,nan,nan,False,Cannot load a SolverResults object with bad status: error,,,nan,nan,nan,nan,nan,,nan,True,11.267512583173811,0.0021623729402749925,0.0021623729402749925,0.00216237293970456,True,,,1,0.0021623729402749925,-0.046910647020353004,1.3796686015865589e-11,nan,nan,,nan,True,16.399465375114232,0.005214053092455484,0.005214053092455484,0.005214053084400039,True,,,1,0.005214053092455484,nan,4.1367909098255495e-11,nan,nan,,nan,False,0.11520083295181394,nan,nan,nan,False,Cannot load a SolverResults object with bad status: error,,,nan,nan,nan,nan,nan,,nan,False,68.30730333318934,0.013752569523568514,0.005029426472555443,0.013752569523568514,True,,,,nan,nan,nan,0.04433864119032614,0.000982957551302243,1000,nan,False,71.07557608326897,0.013752487984376116,0.005029133127283147,0.013752487984376116,True,,,,nan,nan,nan,0.04433543030924173,0.0009828151903528153,1000,nan,nan,73.26049241372475,nan,nan,nan,106.6280512077565,nan,nan,nan,0.7490268758274479,nan,nan,nan,444.1287853644031,nan,nan,nan,462.1278799568676,nan,nan,0.0030516801521804915,1.4554645716219703,nan,0.007024670031416283,-8.153919239806129e-08,1.0405267462627905
msd,30,5,300641,0.5,nan,0.01,0.006666666666666666,3,6,1000,3,20,1000,1000,1000,6,"mcp,screened_dual,action_dual,restricted_mcp,stochastic_full_batch,stochastic_minibatch",False,0.21372820809483528,nan,nan,nan,False,Cannot load a SolverResults object with bad status: error,,,nan,nan,nan,nan,nan,,nan,True,14.964753333944827,0.0012970376361489677,0.0012970376361489677,0.0012970376358477642,True,,,1,0.0012970376361489677,-0.07803742511287504,8.007150498201554e-12,nan,nan,,nan,True,19.594747207593173,0.00018836934071370104,0.00018836934071370104,0.00018836934058596988,True,,,1,0.00018836934071370104,nan,8.253842054273264e-12,nan,nan,,nan,False,0.10543737467378378,nan,nan,nan,False,Cannot load a SolverResults object with bad status: error,,,nan,nan,nan,nan,nan,,nan,False,68.26806754199788,0.01265715457704819,0.01265715457704819,0.002041038540894491,True,,,,nan,nan,nan,0.05127849423909459,0.0013147419857144286,1000,nan,False,67.45063195796683,0.012655485706311032,0.012655485706311032,0.0020374500279453645,True,,,,nan,nan,nan,0.05126784073917643,0.0013141957470287793,1000,nan,nan,70.01768024604726,nan,nan,nan,91.6806788503023,nan,nan,nan,0.4933245621326653,nan,nan,nan,319.41533665835084,nan,nan,nan,315.59068669137815,nan,nan,-0.0011086682954352667,1.30939326364612,nan,0.005380899970627111,-1.668870737159267e-06,0.9880260916492448
msd,30,5,300642,0.5,nan,0.01,0.006666666666666666,3,6,1000,3,20,1000,1000,1000,6,"mcp,screened_dual,action_dual,restricted_mcp,stochastic_full_batch,stochastic_minibatch",False,0.23318254109472036,nan,nan,nan,False,Cannot load a SolverResults object with bad status: error,,,nan,nan,nan,nan,nan,,nan,True,42.050288333091885,1.1102230246251565e-16,1.1102230246251565e-16,0.0,True,,,2,1.1102230246251565e-16,-0.03899678069342187,2.103406337994329e-11,nan,nan,,nan,True,15.125832583755255,0.00701248900736845,0.00701248900736845,0.007012489006802236,True,,,1,0.00701248900736845,nan,3.831273839849381e-12,nan,nan,,nan,False,0.10706070810556412,nan,nan,nan,False,Cannot load a SolverResults object with bad status: error,,,nan,nan,nan,nan,nan,,nan,False,63.072410457767546,0.038517258511590435,0.038517258511590435,0.015444062423660199,True,,,,nan,nan,nan,0.07966465755171262,0.0031732288314158213,1000,nan,False,67.89119700016454,0.038519472578526226,0.038519472578526226,0.015443965623923195,True,,,,nan,nan,nan,0.07966712779758472,0.0031734256257583485,1000,nan,nan,180.33206146428762,nan,nan,nan,64.86691719175938,nan,nan,nan,0.45912831896825124,nan,nan,nan,270.48513221299487,nan,nan,nan,291.15042953660355,nan,nan,0.007012489007368339,0.3597081775977225,nan,0.007078004302423954,2.214066935790626e-06,1.0764008622379129
msd,30,10,301123,0.5,nan,0.01,0.006666666666666666,4,6,1000,3,20,1000,1000,1000,6,"mcp,screened_dual,action_dual,restricted_mcp,stochastic_full_batch,stochastic_minibatch",False,0.3863057908602059,nan,nan,nan,False,Cannot load a SolverResults object with bad status: error,,,nan,nan,nan,nan,nan,,nan,True,43.42154312506318,0.004241388217151809,0.004241388217151809,0.004241388217129161,True,,,5,0.004241388217151809,-0.003038872424325769,1.7053025658242404e-13,nan,nan,,nan,True,34.990030208136886,0.008614966119376954,0.008614966111616051,0.008614966119376954,True,,,2,0.008614966119376954,nan,7.827072323607354e-12,nan,nan,,nan,False,0.12931187497451901,nan,nan,nan,False,Cannot load a SolverResults object with bad status: error,,,nan,nan,nan,nan,nan,,nan,False,66.23218562500551,0.025431675662901887,0.017088923715522397,0.025431675662901887,True,,,,nan,nan,nan,0.08501184353489652,0.0036135067706008638,1000,nan,False,71.81949229212478,0.025432003010442628,0.017089138430848083,0.025432003010442628,True,,,,nan,nan,nan,0.08501404444687106,0.0036136938766072844,1000,nan,nan,112.4019990183795,nan,nan,nan,90.57599196279943,nan,nan,nan,0.3347396752364855,nan,nan,nan,171.45014957586602,nan,nan,nan,185.91357932326312,nan,nan,0.004373577902225145,0.8058218959966079,nan,0.003695677717490158,3.273475407405968e-07,1.0843593883305251
msd,30,10,301124,0.5,nan,0.01,0.006666666666666666,4,6,1000,3,20,1000,1000,1000,6,"mcp,screened_dual,action_dual,restricted_mcp,stochastic_full_batch,stochastic_minibatch",False,0.3944620001129806,nan,nan,nan,False,Cannot load a SolverResults object with bad status: error,,,nan,nan,nan,nan,nan,,nan,True,23.551779834087938,0.006129103690983961,0.006129103690983961,0.006129103690983073,True,,,1,0.006129103690983961,-0.012605576516230269,2.6645352591003757e-15,nan,nan,,nan,True,70.70882412465289,0.0010063916156173303,0.0010063916156173303,0.0010063916155191865,True,,,3,0.0010063916156173303,nan,1.4978684959032762e-11,nan,nan,,nan,False,0.12337029166519642,nan,nan,nan,False,Cannot load a SolverResults object with bad status: error,,,nan,nan,nan,nan,nan,,nan,True,68.73375141713768,0.008019638178793198,0.007973390088432952,0.008019638178793198,True,,,,nan,nan,nan,0.044245345529704765,0.0009788253005214827,1000,nan,True,72.57532437471673,0.008019937639464458,0.007971963650788783,0.008019937639464458,True,,,,nan,nan,nan,0.044242247247996615,0.000978688220776432,1000,nan,nan,59.706080249408835,nan,nan,nan,179.25382953085642,nan,nan,nan,0.3127558335907162,nan,nan,nan,174.2468257967844,nan,nan,nan,183.98559139772632,nan,nan,-0.005122712075366631,3.0022709376007186,nan,0.0017447651434240568,2.9946067126029874e-07,1.0558906341989827
msd,30,10,301125,0.5,nan,0.01,0.006666666666666666,4,6,1000,3,20,1000,1000,1000,6,"mcp,screened_dual,action_dual,restricted_mcp,stochastic_full_batch,stochastic_minibatch",False,0.3610514998435974,nan,nan,nan,False,Cannot load a SolverResults object with bad status: error,,,nan,nan,nan,nan,nan,,nan,True,20.172771166078746,0.00685772206296148,0.006857722062938776,0.00685772206296148,True,,,1,0.00685772206296148,-0.04181627823271215,2.01325145516015e-12,nan,nan,,nan,True,55.51703491713852,0.005080174690294981,0.005080174690294981,0.005080174690067718,True,,,3,0.005080174690294981,nan,1.9882567814377694e-12,nan,nan,,nan,False,0.11635379074141383,nan,nan,nan,False,Cannot load a SolverResults object with bad status: error,,,nan,nan,nan,nan,nan,,nan,False,67.17787937493995,0.027085425039628686,0.02388258953735395,0.027085425039628686,True,,,,nan,nan,nan,0.0883731683569013,0.003904908442718611,1000,nan,False,72.66659450018778,0.02708648311268158,0.02388501154782463,0.02708648311268158,True,,,,nan,nan,nan,0.08838376335050657,0.0039058448119991744,1000,nan,nan,55.872281862330766,nan,nan,nan,153.76486440629034,nan,nan,nan,0.3222636958766733,nan,nan,nan,186.06176516103795,nan,nan,nan,201.26379348006023,nan,nan,-0.0017775473726664992,2.752077761655892,nan,0.002095821416166708,1.058073052895292e-06,1.0817042034717064
msd,30,10,301126,0.5,nan,0.01,0.006666666666666666,4,6,1000,3,20,1000,1000,1000,6,"mcp,screened_dual,action_dual,restricted_mcp,stochastic_full_batch,stochastic_minibatch",False,0.3561853328719735,nan,nan,nan,False,Cannot load a SolverResults object with bad status: error,,,nan,nan,nan,nan,nan,,nan,True,42.39399904105812,0.007343571629228218,0.007343571616668765,0.007343571629228218,True,,,3,0.007343571629228218,-0.006046928655516196,2.182709568643304e-11,nan,nan,,nan,True,67.59840979194269,0.004220317430561948,0.004220317430175924,0.004220317430561948,True,,,4,0.004220317430561948,nan,2.4467650128201512e-12,nan,nan,,nan,False,0.1253986656665802,nan,nan,nan,False,Cannot load a SolverResults object with bad status: error,,,nan,nan,nan,nan,nan,,nan,False,72.69457179214805,0.015424195083952985,0.012393983104931616,0.015424195083952985,True,,,,nan,nan,nan,0.06163772780386125,0.0018996047444114453,1000,nan,False,67.41586633399129,0.015423980371377266,0.012393553238402355,0.015423980371377266,True,,,,nan,nan,nan,0.06163564136466506,0.0018994761432168054,1000,nan,nan,119.02230420110008,nan,nan,nan,189.78437221680915,nan,nan,nan,0.3520601610837615,nan,nan,nan,204.09198550092245,nan,nan,nan,189.27187649869654,nan,nan,-0.00312325419866627,1.5945277945228609,nan,0.0018550534850233554,-2.147125757190338e-07,0.9273851495645383
msd,30,10,301127,0.5,nan,0.01,0.006666666666666666,4,6,1000,3,20,1000,1000,1000,6,"mcp,screened_dual,action_dual,restricted_mcp,stochastic_full_batch,stochastic_minibatch",False,0.3763350839726627,nan,nan,nan,False,Cannot load a SolverResults object with bad status: error,,,nan,nan,nan,nan,nan,,nan,True,19.348143917042762,0.006209538326865549,0.006209538326865549,0.0062095383263248705,True,,,1,0.006209538326865549,0.006473794236627364,1.5606001745781439e-12,nan,nan,,nan,True,77.61911795800552,0.0019671670322942703,0.001967167031049488,0.0019671670322942703,True,,,3,0.0019671670322942703,nan,4.501665706868607e-11,nan,nan,,nan,False,0.12069474998861551,nan,nan,nan,False,Cannot load a SolverResults object with bad status: error,,,nan,nan,nan,nan,nan,,nan,False,67.95480225002393,0.012518708888132501,0.012518708888132501,0.00906110495860446,True,,,,nan,nan,nan,0.0510500183006198,0.0013030521842468084,1000,nan,False,67.00787529116496,0.012518669927234327,0.012518669927234327,0.009060444827247216,True,,,,nan,nan,nan,0.05105187886820232,0.0013031471679868013,1000,nan,nan,51.41201216958084,nan,nan,nan,206.2500183045486,nan,nan,nan,0.3207108641441011,nan,nan,nan,180.56993659129645,nan,nan,nan,178.05375619997332,nan,nan,-0.004242371294571279,4.011708734998344,nan,0.0015549616275453597,-3.8960898174345004e-08,0.9860653415578348
msd,30,10,301128,0.5,nan,0.01,0.006666666666666666,4,6,1000,3,20,1000,1000,1000,6,"mcp,screened_dual,action_dual,restricted_mcp,stochastic_full_batch,stochastic_minibatch",False,0.40461591677740216,nan,nan,nan,False,Cannot load a SolverResults object with bad status: error,,,nan,nan,nan,nan,nan,,nan,True,48.82623437512666,0.002774368060833421,0.002774368060833421,0.0027743680602587695,True,,,5,0.002774368060833421,0.0012618470106745335,1.0525691429563722e-11,nan,nan,,nan,True,107.56715524988249,0.00995003892802393,0.00995003892802393,0.009950038893192792,True,,,6,0.00995003892802393,nan,4.1568193331897874e-11,nan,nan,,nan,False,0.12467779126018286,nan,nan,nan,False,Cannot load a SolverResults object with bad status: error,,,nan,nan,nan,nan,nan,,nan,False,68.63526187511161,0.017281985718802406,0.00975312237156345,0.017281985718802406,True,,,,nan,nan,nan,0.06684346749707973,0.002234024573516577,1000,nan,False,62.90039712516591,0.017281791536880753,0.009752919031473128,0.017281791536880753,True,,,,nan,nan,nan,0.06684308477850573,0.002233998991353252,1000,nan,nan,120.67304411553394,nan,nan,nan,265.8500340436685,nan,nan,nan,0.30813862255639796,nan,nan,nan,169.63065225353213,nan,nan,nan,155.45705079063984,nan,nan,0.007175670867190509,2.2030606420199375,nan,0.00115906933645825,-1.941819216533247e-07,0.9164443378917847
msd,30,10,301129,0.5,nan,0.01,0.006666666666666666,4,6,1000,3,20,1000,1000,1000,6,"mcp,screened_dual,action_dual,restricted_mcp,stochastic_full_batch,stochastic_minibatch",False,0.30411050003021955,nan,nan,nan,False,Cannot load a SolverResults object with bad status: error,,,nan,nan,nan,nan,nan,,nan,True,20.274907083250582,0.002411309605006129,0.002411309605006129,0.002411309605001133,True,,,2,0.002411309605006129,-0.07588409438071804,9.048317650695026e-14,nan,nan,,nan,True,14.86426154198125,0.0025890872963859612,0.0025890872963859612,0.002589087296301029,True,,,1,0.0025890872963859612,nan,2.353894856810257e-12,nan,nan,,nan,False,0.12865887535735965,nan,nan,nan,False,Cannot load a SolverResults object with bad status: error,,,nan,nan,nan,nan,nan,,nan,False,66.50744020799175,0.030742051971226647,0.030742051971226647,0.011258601381875843,True,,,,nan,nan,nan,0.09529005878198138,0.0045400976513367336,1000,nan,False,67.15542874997482,0.03074246251884777,0.03074246251884777,0.011258689050169302,True,,,,nan,nan,nan,0.0952942008775562,0.004540492360446017,1000,nan,nan,66.66953979305502,nan,nan,nan,48.877830724372174,nan,nan,nan,0.4230662056869946,nan,nan,nan,218.69498159840876,nan,nan,nan,220.82574834904273,nan,nan,0.00017777769137983235,0.7331358649855836,nan,0.008655584738870974,4.105476211213599e-07,1.009743098515844
msd,30,10,301130,0.5,nan,0.01,0.006666666666666666,4,6,1000,3,20,1000,1000,1000,6,"mcp,screened_dual,action_dual,restricted_mcp,stochastic_full_batch,stochastic_minibatch",False,0.3153214999474585,nan,nan,nan,False,Cannot load a SolverResults object with bad status: error,,,nan,nan,nan,nan,nan,,nan,True,39.72695270786062,6.108804686266733e-05,6.108804686233427e-05,6.108804686266733e-05,True,,,5,6.108804686266733e-05,0.005287582058804478,5.100087019371813e-16,nan,nan,,nan,True,22.74080687528476,0.004106670758880326,0.004106670758880326,0.004106670758196707,True,,,1,0.004106670758880326,nan,3.5523806118931134e-12,nan,nan,,nan,False,0.22788074985146523,nan,nan,nan,False,Cannot load a SolverResults object with bad status: error,,,nan,nan,nan,nan,nan,,nan,False,67.35342595912516,0.026055766156809823,0.006360772462716158,0.026055766156809823,True,,,,nan,nan,nan,0.06931327825921946,0.002402165271519992,1000,nan,False,69.67175974976271,0.026055328794804045,0.006360235591578112,0.026055328794804045,True,,,,nan,nan,nan,0.06931194516454872,0.0024020728712467044,1000,nan,nan,125.98872171571001,nan,nan,nan,72.11943010252718,nan,nan,nan,0.722693345964156,nan,nan,nan,213.60238984765755,nan,nan,nan,220.95467566078432,nan,nan,0.004045582712017659,0.5724276674960052,nan,0.010020785590467826,-4.373620057784855e-07,1.0344204286214702
msd,30,10,301131,0.5,nan,0.01,0.006666666666666666,4,6,1000,3,20,1000,1000,1000,6,"mcp,screened_dual,action_dual,restricted_mcp,stochastic_full_batch,stochastic_minibatch",False,0.3623397909104824,nan,nan,nan,False,Cannot load a SolverResults object with bad status: error,,,nan,nan,nan,nan,nan,,nan,True,59.03182420833036,0.006130405250756588,0.006130405250756588,0.0061304052507560325,True,,,3,0.006130405250756588,-0.01464518014677359,3.635980405647388e-15,nan,nan,,nan,True,20.523133041802794,0.0045724522939419865,0.004572452293940876,0.0045724522939419865,True,,,1,0.0045724522939419865,nan,5.376810724828581e-15,nan,nan,,nan,False,0.12155633280053735,nan,nan,nan,False,Cannot load a SolverResults object with bad status: error,,,nan,nan,nan,nan,nan,,nan,False,68.02101758308709,0.017457562187360998,0.017457562187360998,0.007087849139669311,True,,,,nan,nan,nan,0.06217438554409124,0.001932827108892651,1000,nan,False,62.54239262500778,0.017457229969556398,0.017457229969556398,0.0070866998091180244,True,,,,nan,nan,nan,0.06217453590309031,0.0019328364573823328,1000,nan,nan,162.91841439770116,nan,nan,nan,56.64057207250838,nan,nan,nan,0.33547608032529985,nan,nan,nan,187.72715359846296,nan,nan,nan,172.60702300415895,nan,nan,-0.0015579529568146011,0.3476621858977999,nan,0.005922893573458977,-3.3221780459946615e-07,0.9194568803475012
msd,30,10,301132,0.5,nan,0.01,0.006666666666666666,4,6,1000,3,20,1000,1000,1000,6,"mcp,screened_dual,action_dual,restricted_mcp,stochastic_full_batch,stochastic_minibatch",False,0.35531187476590276,nan,nan,nan,False,Cannot load a SolverResults object with bad status: error,,,nan,nan,nan,nan,nan,,nan,True,49.38650079071522,0.00020338433393662925,0.00020338433393662925,0.00020338433160105307,True,,,3,0.00020338433393662925,0.004166872407069143,2.259678728855352e-11,nan,nan,,nan,True,32.2298900000751,0.00024416547593919535,0.00024416547593919535,0.00024416547437866587,True,,,2,0.00024416547593919535,nan,2.0040358261752544e-12,nan,nan,,nan,False,0.11554674990475178,nan,nan,nan,False,Cannot load a SolverResults object with bad status: error,,,nan,nan,nan,nan,nan,,nan,False,69.33572499966249,0.022717698850842016,0.0214786411627782,0.022717698850842016,True,,,,nan,nan,nan,0.07953841824573522,0.003163179988516753,1000,nan,False,61.11336816614494,0.0227187353144227,0.021478214517203442,0.0227187353144227,True,,,,nan,nan,nan,0.07954149261254459,0.0031634245235157427,1000,nan,nan,138.99479386455496,nan,nan,nan,90.70873305686663,nan,nan,nan,0.32519810935359184,nan,nan,nan,195.14046651366306,nan,nan,nan,171.9992280201991,nan,nan,4.0781142002566106e-05,0.6526052561742621,nan,0.0035850804921916434,1.0364635806836553e-06,0.8814124056024859
msd,30,10,301133,0.5,nan,0.01,0.006666666666666666,4,6,1000,3,20,1000,1000,1000,6,"mcp,screened_dual,action_dual,restricted_mcp,stochastic_full_batch,stochastic_minibatch",False,0.30114279175177217,nan,nan,nan,False,Cannot load a SolverResults object with bad status: error,,,nan,nan,nan,nan,nan,,nan,True,85.1935384166427,0.0059733398355223954,0.0059733398355223954,0.005973339835481317,True,,,10,0.0059733398355223954,-0.02695258417918651,5.962341731446941e-12,nan,nan,,nan,True,14.920919958967716,0.007319922942517598,0.007319922941609547,0.007319922942517598,True,,,1,0.007319922942517598,nan,1.6472601060968373e-11,nan,nan,,nan,False,0.11732045793905854,nan,nan,nan,False,Cannot load a SolverResults object with bad status: error,,,nan,nan,nan,nan,nan,,nan,False,37.480654375161976,0.027840184422372405,0.027840184422372405,0.013875726307506275,True,,,,nan,nan,nan,0.08677039530442208,0.003764550750642837,1000,nan,False,33.885907374788076,0.027839606021152485,0.027839606021152485,0.013875853144677763,True,,,,nan,nan,nan,0.0867728978488742,0.003764767900545578,1000,nan,nan,282.90080569773875,nan,nan,nan,49.54765768149889,nan,nan,nan,0.3895841479604937,nan,nan,nan,124.46140303453373,nan,nan,nan,112.52438478660237,nan,nan,0.0013465831069952028,0.17514145129172015,nan,0.00786281665350983,-5.784012199194777e-07,0.9040906019304695
msd,30,10,301134,0.5,nan,0.01,0.006666666666666666,4,6,1000,3,20,1000,1000,1000,6,"mcp,screened_dual,action_dual,restricted_mcp,stochastic_full_batch,stochastic_minibatch",False,0.29265241557732224,nan,nan,nan,False,Cannot load a SolverResults object with bad status: error,,,nan,nan,nan,nan,nan,,nan,True,70.47918550018221,0.001842432702913288,0.001842432702913288,0.0018424327029104015,True,,,7,0.001842432702913288,0.0051203204624166235,2.369215934550084e-13,nan,nan,,nan,True,18.265299499966204,0.006187145787176107,0.006187145787176107,0.00618714578195434,True,,,1,0.006187145787176107,nan,9.928724509222775e-12,nan,nan,,nan,False,0.1288377079181373,nan,nan,nan,False,Cannot load a SolverResults object with bad status: error,,,nan,nan,nan,nan,nan,,nan,False,38.95119912503287,0.017828287705283774,0.017828287705283774,0.013587138792555964,True,,,,nan,nan,nan,0.06578044949269403,0.0021635337677304353,1000,nan,False,34.38758729211986,0.01782816017732386,0.01782816017732386,0.01358689380110123,True,,,,nan,nan,nan,0.06577967809213557,0.00216348302495249,1000,nan,nan,240.8289894383625,nan,nan,nan,62.41294630674352,nan,nan,nan,0.44024139580046234,nan,nan,nan,133.0971386249894,nan,nan,nan,117.5031725751611,nan,nan,0.004344713084262819,0.2591587767415244,nan,0.007053687125052381,-1.2752795991444188e-07,0.8828377062728191
msd,30,10,301135,0.5,nan,0.01,0.006666666666666666,4,6,1000,3,20,1000,1000,1000,6,"mcp,screened_dual,action_dual,restricted_mcp,stochastic_full_batch,stochastic_minibatch",False,0.1765788751654327,nan,nan,nan,False,Cannot load a SolverResults object with bad status: error,,,nan,nan,nan,nan,nan,,nan,True,16.76862037507817,0.003900606765291914,0.003900606765291914,0.003900606754489111,True,,,2,0.003900606765291914,-0.01817527223239061,1.8071139456845545e-11,nan,nan,,nan,True,64.4656360000372,0.0058252817204452745,0.0058252817204452745,0.005825281720423181,True,,,3,0.0058252817204452745,nan,8.393286066166183e-14,nan,nan,,nan,False,0.13070083409547806,nan,nan,nan,False,Cannot load a SolverResults object with bad status: error,,,nan,nan,nan,nan,nan,,nan,False,70.54109337506816,0.021497615475510767,0.021497615475510767,0.01887627840931322,True,,,,nan,nan,nan,0.073989923821801,0.0027372544135779576,1000,nan,False,73.56610358320177,0.021497290380069423,0.021497290380069423,0.018876163391042755,True,,,,nan,nan,nan,0.07398762031214544,0.002737083979727098,1000,nan,nan,94.96390980726339,nan,nan,nan,365.0812473442297,nan,nan,nan,0.7401838638570296,nan,nan,nan,399.4877264280896,nan,nan,nan,416.6189387846047,nan,nan,0.0019246749551533604,3.8444209814569597,nan,0.002027449695763533,-3.25095441344736e-07,1.0428829503967223
msd,30,10,301136,0.5,nan,0.01,0.006666666666666666,4,6,1000,3,20,1000,1000,1000,6,"mcp,screened_dual,action_dual,restricted_mcp,stochastic_full_batch,stochastic_minibatch",False,0.17104675015434623,nan,nan,nan,False,Cannot load a SolverResults object with bad status: error,,,nan,nan,nan,nan,nan,,nan,True,23.1109886248596,0.006641842354492833,0.006641842354492833,0.006641842354490168,True,,,4,0.006641842354492833,0.005671645843572353,2.4424906541753444e-15,nan,nan,,nan,True,32.351784833241254,0.008176545523587764,0.008176545523586931,0.008176545523587764,True,,,2,0.008176545523587764,nan,4.8183679268731794e-14,nan,nan,,nan,False,0.11556520778685808,nan,nan,nan,False,Cannot load a SolverResults object with bad status: error,,,nan,nan,nan,nan,nan,,nan,True,66.50926679186523,0.007721655064098443,0.007721655064098443,0.004324297292081336,True,,,,nan,nan,nan,0.03897462715540113,0.0007595107809512655,1000,nan,True,71.34714295901358,0.007723015497267061,0.007723015497267061,0.004323840663049416,True,,,,nan,nan,nan,0.038977164539874654,0.000759609677784231,1000,nan,nan,135.11504079443253,nan,nan,nan,189.1400146687862,nan,nan,nan,0.6756352148320639,nan,nan,nan,388.8367755122488,nan,nan,nan,417.12071638094596,nan,nan,0.0015347031690949309,1.3998442627608618,nan,0.0035721431872319936,1.3604331686178917e-06,1.0727398812302058
msd,30,10,301137,0.5,nan,0.01,0.006666666666666666,4,6,1000,3,20,1000,1000,1000,6,"mcp,screened_dual,action_dual,restricted_mcp,stochastic_full_batch,stochastic_minibatch",False,0.24677516613155603,nan,nan,nan,False,Cannot load a SolverResults object with bad status: error,,,nan,nan,nan,nan,nan,,nan,True,49.83804391603917,0.0031364725803798565,0.0031364725803782467,0.0031364725803798565,True,,,10,0.0031364725803798565,-0.005330172949367508,3.019806626980426e-14,nan,nan,,nan,True,39.52452554227784,0.0038303227695946074,0.0038303227695946074,0.0038303227695941078,True,,,2,0.0038303227695946074,nan,7.28583859910259e-15,nan,nan,,nan,False,0.1272179172374308,nan,nan,nan,False,Cannot load a SolverResults object with bad status: error,,,nan,nan,nan,nan,nan,,nan,False,70.03273824974895,0.027671398166934702,0.027671398166934702,0.01442476029594908,True,,,,nan,nan,nan,0.07311966018114158,0.0026732423525028105,1000,nan,False,72.87403791677207,0.027669399971855746,0.027669399971855746,0.014423288674638879,True,,,,nan,nan,nan,0.07311679786771362,0.0026730330652140455,1000,nan,nan,201.95729050576534,nan,nan,nan,160.16411279086034,nan,nan,nan,0.5155215544242034,nan,nan,nan,283.791677045876,nan,nan,nan,295.3053950247281,nan,nan,0.0006938501892147508,0.7930593265029374,nan,0.0032187082701688797,-1.9981950789560443e-06,1.0405710206116825
msd,30,10,301138,0.5,nan,0.01,0.006666666666666666,4,6,1000,3,20,1000,1000,1000,6,"mcp,screened_dual,action_dual,restricted_mcp,stochastic_full_batch,stochastic_minibatch",False,0.1727224998176098,nan,nan,nan,False,Cannot load a SolverResults object with bad status: error,,,nan,nan,nan,nan,nan,,nan,True,18.093049749732018,0.007355127380171633,0.007355127374916226,0.007355127380171633,True,,,1,0.007355127380171633,-0.006519577574658507,1.2146041117322426e-11,nan,nan,,nan,True,15.230075041763484,0.00866893808428948,0.00866893808428948,0.008668938084216982,True,,,1,0.00866893808428948,nan,1.0864885380268419e-12,nan,nan,,nan,False,0.12163749989122152,nan,nan,nan,False,Cannot load a SolverResults object with bad status: error,,,nan,nan,nan,nan,nan,,nan,False,63.897314541973174,0.018347507059642054,0.017336566722351177,0.018347507059642054,True,,,,nan,nan,nan,0.060275320486158454,0.0018165571298545565,1000,nan,False,70.68867474980652,0.018345196535288155,0.017335113679957492,0.018345196535288155,True,,,,nan,nan,nan,0.0602729300480919,0.0018164130482910897,1000,nan,nan,104.75212997054686,nan,nan,nan,88.17655521339736,nan,nan,nan,0.7042365645452525,nan,nan,nan,369.9420435058952,nan,nan,nan,409.2615312101887,nan,nan,0.001313810704117846,0.841763840393412,nan,0.007986664514631122,-2.3105243538990017e-06,1.1062855341654807
msd,30,10,301139,0.5,nan,0.01,0.006666666666666666,4,6,1000,3,20,1000,1000,1000,6,"mcp,screened_dual,action_dual,restricted_mcp,stochastic_full_batch,stochastic_minibatch",False,0.16515679191797972,nan,nan,nan,False,Cannot load a SolverResults object with bad status: error,,,nan,nan,nan,nan,nan,,nan,True,89.39894729154184,0.0077228123972875595,0.007722812397273016,0.0077228123972875595,True,,,6,0.0077228123972875595,0.0005505704080539318,2.393085729579525e-13,nan,nan,,nan,True,34.173994875047356,5.551115123125783e-16,5.551115123125783e-16,3.3306690738754696e-16,True,,,2,5.551115123125783e-16,nan,1.0436096431476471e-14,nan,nan,,nan,False,0.1296560000628233,nan,nan,nan,False,Cannot load a SolverResults object with bad status: error,,,nan,nan,nan,nan,nan,,nan,False,72.06859429227188,0.011606244295804313,0.010278947720811615,0.011606244295804313,True,,,,nan,nan,nan,0.05508932046787104,0.0015174166148058973,1000,nan,False,72.02154958434403,0.011606412794367638,0.010280051113046973,0.011606412794367638,True,,,,nan,nan,nan,0.05509225445718965,0.0015175782505878663,1000,nan,nan,541.2974316910879,nan,nan,nan,206.91849531697653,nan,nan,nan,0.7850479447869946,nan,nan,nan,436.3647020224432,nan,nan,nan,436.0798532591468,nan,nan,-0.007722812397287004,0.3822639517622217,nan,0.003793996005936477,1.6849856332434854e-07,0.9993472231782812
msd,30,10,301140,0.5,nan,0.01,0.006666666666666666,4,6,1000,3,20,1000,1000,1000,6,"mcp,screened_dual,action_dual,restricted_mcp,stochastic_full_batch,stochastic_minibatch",False,0.25012112502008677,nan,nan,nan,False,Cannot load a SolverResults object with bad status: error,,,nan,nan,nan,nan,nan,,nan,True,44.13100270787254,0.008485548861991987,0.008485548861991599,0.008485548861991987,True,,,5,0.008485548861991987,-0.016757216332913417,5.551115123125783e-16,nan,nan,,nan,True,14.261329167056829,0.001033291105955625,0.001033291105955625,0.0010332911016039947,True,,,1,0.001033291105955625,nan,1.5012768805888754e-11,nan,nan,,nan,False,0.12515279185026884,nan,nan,nan,False,Cannot load a SolverResults object with bad status: error,,,nan,nan,nan,nan,nan,,nan,False,67.60021879104897,0.027548538635858932,0.027548538635858932,0.013519344025528679,True,,,,nan,nan,nan,0.0727792581342856,0.002648410207288488,1000,nan,False,72.14431670913473,0.027548281031731237,0.027548281031731237,0.013519217940454631,True,,,,nan,nan,nan,0.07278313049882977,0.002648692042604842,1000,nan,nan,176.43852635129664,nan,nan,nan,57.01769159206975,nan,nan,nan,0.5003687387069686,nan,nan,nan,270.2699293617048,nan,nan,nan,288.437518835488,nan,nan,-0.007452257756036362,0.32315896517150167,nan,0.008775675141091857,-2.5760412769582075e-07,1.0672201658419402
msd,30,10,301141,0.5,nan,0.01,0.006666666666666666,4,6,1000,3,20,1000,1000,1000,6,"mcp,screened_dual,action_dual,restricted_mcp,stochastic_full_batch,stochastic_minibatch",False,0.33084300020709634,nan,nan,nan,False,Cannot load a SolverResults object with bad status: error,,,nan,nan,nan,nan,nan,,nan,True,15.697491334285587,0.008318139289155702,0.00831813928908498,0.008318139289155702,True,,,1,0.008318139289155702,-0.05126457745101024,3.800293413291911e-13,nan,nan,,nan,True,17.05166320875287,0.006883227043680273,0.006883227043668283,0.006883227043680273,True,,,1,0.006883227043680273,nan,7.245315458703772e-13,nan,nan,,nan,False,0.21867170790210366,nan,nan,nan,False,Cannot load a SolverResults object with bad status: error,,,nan,nan,nan,nan,nan,,nan,False,71.508558166679,0.02853644014451784,0.02853644014451784,0.01884170927063117,True,,,,nan,nan,nan,0.0781734951838033,0.003055547674626059,1000,nan,False,70.35489341570064,0.028536294813051644,0.028536294813051644,0.01884190684190651,True,,,,nan,nan,nan,0.07817521537836453,0.003055682149726841,1000,nan,nan,47.44695013785843,nan,nan,nan,51.54004527246796,nan,nan,nan,0.6609531039351677,nan,nan,nan,216.14045974047235,nan,nan,nan,212.65341376925278,nan,nan,-0.0014349122454754282,1.0862667699971635,nan,0.012824069137716504,-1.4533146619477577e-07,0.9838667597200145
msd,30,10,301142,0.5,nan,0.01,0.006666666666666666,4,6,1000,3,20,1000,1000,1000,6,"mcp,screened_dual,action_dual,restricted_mcp,stochastic_full_batch,stochastic_minibatch",False,0.31671945797279477,nan,nan,nan,False,Cannot load a SolverResults object with bad status: error,,,nan,nan,nan,nan,nan,,nan,True,28.320346666965634,0.00986191074093451,0.00986191074093451,0.009861910740291413,True,,,2,0.00986191074093451,-0.00027575696221987707,4.409618503675716e-12,nan,nan,,nan,True,41.3861381248571,0.004421935781331876,0.004421935781331876,0.004421935781329878,True,,,2,0.004421935781331876,nan,2.4424906541753444e-15,nan,nan,,nan,False,0.2575177503749728,nan,nan,nan,False,Cannot load a SolverResults object with bad status: error,,,nan,nan,nan,nan,nan,,nan,False,70.360559000168,0.01469388892483836,0.01469388892483836,0.007662699762341574,True,,,,nan,nan,nan,0.06474011074780238,0.0020956409698188586,1000,nan,False,67.00190791720524,0.014693454381638382,0.014693454381638382,0.0076633612108880644,True,,,,nan,nan,nan,0.06474930266205714,0.00209623609761134,1000,nan,nan,89.41776690397805,nan,nan,nan,130.67128363301265,nan,nan,nan,0.8130784007501453,nan,nan,nan,222.1542037565995,nan,nan,nan,211.54970504830968,nan,nan,-0.005439974959602634,1.4613570452204987,nan,0.006222318922294033,-4.345431999785987e-07,0.9522651449805177
msd,30,20,302123,0.5,nan,0.01,0.006666666666666666,5,6,1000,3,20,1000,1000,1000,6,"mcp,screened_dual,action_dual,restricted_mcp,stochastic_full_batch,stochastic_minibatch",False,1.0073591251857579,nan,nan,nan,False,Cannot load a SolverResults object with bad status: error,,,nan,nan,nan,nan,nan,,nan,True,245.57124020904303,0.0018296634429593173,0.0018296634429593173,0.0018296634429546543,True,,,145,0.0018296634429593173,-0.006479827297123042,1.4599432773820809e-13,nan,nan,,nan,True,66.08510758308694,0.0027211477397136585,0.0027211477397136585,0.0027211477396944517,True,,,3,0.0027211477397136585,nan,2.6489921367556235e-13,nan,nan,,nan,False,0.1816220828332007,nan,nan,nan,False,Cannot load a SolverResults object with bad status: error,,,nan,nan,nan,nan,nan,,nan,False,70.38541995827109,0.014164702291256714,0.013357849320985549,0.014164702291256714,True,,,,nan,nan,nan,0.06840133051846849,0.0023393710083483843,1000,nan,False,69.65393729228526,0.014164617775594246,0.013357472327074515,0.014164617775594246,True,,,,nan,nan,nan,0.06839981341507739,0.002339267237608701,1000,nan,nan,243.777252887603,nan,nan,nan,65.60233181081354,nan,nan,nan,0.18029526739007742,nan,nan,nan,69.8712288383668,nan,nan,nan,69.14508991958654,nan,nan,0.0008914842967543413,0.2691076834845638,nan,0.0027483057753193846,-8.45156624684762e-08,0.9896074688988218
msd,30,20,302124,0.5,nan,0.01,0.006666666666666666,5,6,1000,3,20,1000,1000,1000,6,"mcp,screened_dual,action_dual,restricted_mcp,stochastic_full_batch,stochastic_minibatch",False,1.122912125196308,nan,nan,nan,False,Cannot load a SolverResults object with bad status: error,,,nan,nan,nan,nan,nan,,nan,True,80.90282966708764,0.007869885579459668,0.007869885576554214,0.007869885579459668,True,,,49,0.007869885579459668,0.0053667484903972915,2.273092825078038e-11,nan,nan,,nan,True,89.02182070817798,0.00488539368521157,0.00488539368521157,0.004885393685211015,True,,,4,0.00488539368521157,nan,3.1086244689504383e-15,nan,nan,,nan,False,0.1663424577564001,nan,nan,nan,False,Cannot load a SolverResults object with bad status: error,,,nan,nan,nan,nan,nan,,nan,False,66.73283508280292,0.011947186439595747,0.011947186439595747,0.011052097315004505,True,,,,nan,nan,nan,0.06377761562439854,0.0020337921273667625,1000,nan,False,68.15269900020212,0.011947207856825737,0.011947207856825737,0.011052208829447241,True,,,,nan,nan,nan,0.06377762218200181,0.0020337925455950847,1000,nan,nan,72.04733821263545,nan,nan,nan,79.27763776939817,nan,nan,nan,0.14813488431013253,nan,nan,nan,59.42836806676806,nan,nan,nan,60.69281600133015,nan,nan,-0.002984491894248098,1.1003548463570398,nan,0.0018685582527197073,2.1417229989495468e-08,1.0212768409380093
msd,30,20,302125,0.5,nan,0.01,0.006666666666666666,5,6,1000,3,20,1000,1000,1000,6,"mcp,screened_dual,action_dual,restricted_mcp,stochastic_full_batch,stochastic_minibatch",False,0.9792352081276476,nan,nan,nan,False,Cannot load a SolverResults object with bad status: error,,,nan,nan,nan,nan,nan,,nan,True,48.269951541908085,0.007183502000111086,0.007183502000111086,0.007183501999872277,True,,,28,0.007183502000111086,0.005805302495129667,9.718281836643708e-12,nan,nan,,nan,True,20.577182999812067,0.006043363031884685,0.006043363031884685,0.006043363031867588,True,,,1,0.006043363031884685,nan,1.1300682611903312e-13,nan,nan,,nan,False,0.17050600005313754,nan,nan,nan,False,Cannot load a SolverResults object with bad status: error,,,nan,nan,nan,nan,nan,,nan,False,69.02660012478009,0.02038776441614143,0.012038854604188243,0.02038776441614143,True,,,,nan,nan,nan,0.07158619027524898,0.002562291319062076,1000,nan,False,66.83098887465894,0.020387536322130417,0.012038846778282541,0.020387536322130417,True,,,,nan,nan,nan,0.07158581749365399,0.0025622646331173687,1000,nan,nan,49.2935212513477,nan,nan,nan,21.013524461765208,nan,nan,nan,0.1741215988129701,nan,nan,nan,70.49031688389023,nan,nan,nan,68.24814745217701,nan,nan,-0.0011401389682264007,0.4262938400082484,nan,0.008286168230835814,-2.2809401101220317e-07,0.9681918094451687
msd,30,20,302126,0.5,nan,0.01,0.006666666666666666,5,6,1000,3,20,1000,1000,1000,6,"mcp,screened_dual,action_dual,restricted_mcp,stochastic_full_batch,stochastic_minibatch",False,1.0314226662740111,nan,nan,nan,False,Cannot load a SolverResults object with bad status: error,,,nan,nan,nan,nan,nan,,nan,True,120.53784970799461,0.0025337134789868987,0.0013449995408378879,0.0025337134789868987,True,,,110,0.0025337134789868987,-0.015559478247846727,2.1550823625648974e-11,nan,nan,,nan,True,122.12015512492508,0.009449638690754991,0.009449638690754991,0.009449638688020512,True,,,6,0.009449638690754991,nan,1.1524951132324546e-11,nan,nan,,nan,False,0.28243112470954657,nan,nan,nan,False,Cannot load a SolverResults object with bad status: error,,,nan,nan,nan,nan,nan,,nan,False,70.41766195790842,0.018898119629834287,0.011986365291300649,0.018898119629834287,True,,,,nan,nan,nan,0.07573022605726017,0.0028675335693418634,1000,nan,False,69.8511862498708,0.01889819660083969,0.011986545981792718,0.01889819660083969,True,,,,nan,nan,nan,0.07573200894485858,0.0028676685894120702,1000,nan,nan,116.86562032171992,nan,nan,nan,118.39972022922584,nan,nan,nan,0.2738267578797953,nan,nan,nan,68.27236230156788,nan,nan,nan,67.72314448179279,nan,nan,0.0069159252117680925,1.013127042010154,nan,0.002312731460426237,7.697100540271506e-08,0.9919554882640633
msd,30,20,302127,0.5,nan,0.01,0.006666666666666666,5,6,1000,3,20,1000,1000,1000,6,"mcp,screened_dual,action_dual,restricted_mcp,stochastic_full_batch,stochastic_minibatch",False,1.0448717921972275,nan,nan,nan,False,Cannot load a SolverResults object with bad status: error,,,nan,nan,nan,nan,nan,,nan,True,65.41680658329278,0.007074953764462211,0.007074953764462211,0.007074953764405034,True,,,58,0.007074953764462211,0.0013681647907319813,5.823709570140778e-13,nan,nan,,nan,True,162.25825220812112,0.005949301438266774,0.005949301436378507,0.005949301438266774,True,,,7,0.005949301438266774,nan,9.840598821919677e-12,nan,nan,,nan,False,0.17268275003880262,nan,nan,nan,False,Cannot load a SolverResults object with bad status: error,,,nan,nan,nan,nan,nan,,nan,False,70.99452537484467,0.011464023157451098,0.0057991841129502175,0.011464023157451098,True,,,,nan,nan,nan,0.04648891188497312,0.0010806094641243977,1000,nan,False,68.98368591722101,0.01146378296501288,0.005799437345623049,0.01146378296501288,True,,,,nan,nan,nan,0.04648482334224059,0.001080419400579658,1000,nan,nan,62.60749603138378,nan,nan,nan,155.2901068052698,nan,nan,nan,0.16526692684053954,nan,nan,nan,67.94568090076635,nan,nan,nan,66.02119650694888,nan,nan,-0.0011256523261954365,2.480375620315916,nan,0.0010642463337846785,-2.401924382167131e-07,0.9716761335186536
msd,30,20,302128,0.5,nan,0.01,0.006666666666666666,5,6,1000,3,20,1000,1000,1000,6,"mcp,screened_dual,action_dual,restricted_mcp,stochastic_full_batch,stochastic_minibatch",False,0.9343497501686215,nan,nan,nan,False,Cannot load a SolverResults object with bad status: error,,,nan,nan,nan,nan,nan,,nan,True,38.338588249869645,0.0027439951901482296,0.0027439951901241377,0.0027439951901482296,True,,,18,0.0027439951901482296,-0.004930715283766305,6.225020499073253e-12,nan,nan,,nan,True,20.398958040867,0.007814911872550123,0.007814911872550123,0.007814911871922625,True,,,1,0.007814911872550123,nan,2.9163213739021357e-11,nan,nan,,nan,False,0.27433104207739234,nan,nan,nan,False,Cannot load a SolverResults object with bad status: error,,,nan,nan,nan,nan,nan,,nan,False,68.88083016593009,0.01255518896299046,0.01255518896299046,0.009311351571828497,True,,,,nan,nan,nan,0.062126444253992476,0.0019298475378222173,1000,nan,False,68.47762362472713,0.012555017687132297,0.012555017687132297,0.009311363052517008,True,,,,nan,nan,nan,0.062123011228784386,0.0019296342620658356,1000,nan,nan,41.03237384389593,nan,nan,nan,21.832250757476643,nan,nan,nan,0.29360637387432703,nan,nan,nan,73.72060639337595,nan,nan,nan,73.28906933658303,nan,nan,0.005070916682401894,0.5320737922825408,nan,0.01344828699229643,-1.7127585816290036e-07,0.9941463170488558
msd,30,20,302129,0.5,nan,0.01,0.006666666666666666,5,6,1000,3,20,1000,1000,1000,6,"mcp,screened_dual,action_dual,restricted_mcp,stochastic_full_batch,stochastic_minibatch",False,1.0146682909689844,nan,nan,nan,False,Cannot load a SolverResults object with bad status: error,,,nan,nan,nan,nan,nan,,nan,True,75.32747974991798,0.009072468388475752,0.009072468388475752,0.009072468388474864,True,,,60,0.009072468388475752,-0.0012139999651644621,1.6209256159527285e-14,nan,nan,,nan,True,88.85911449976265,0.006366516610524564,0.006366516607168915,0.006366516610524564,True,,,4,0.006366516610524564,nan,1.7590262579858518e-11,nan,nan,,nan,False,0.1698376671411097,nan,nan,nan,False,Cannot load a SolverResults object with bad status: error,,,nan,nan,nan,nan,nan,,nan,False,69.01041141618043,0.016900006126988443,0.016900006126988443,0.013079495569812583,True,,,,nan,nan,nan,0.07013629831426661,0.002459550170613899,1000,nan,False,69.4687379160896,0.016899943480988278,0.016899943480988278,0.01308019777902747,True,,,,nan,nan,nan,0.07013891496863309,0.002459733696488571,1000,nan,nan,74.238527428488,nan,nan,nan,87.57454558366487,nan,nan,nan,0.16738245262293427,nan,nan,nan,68.01278016708014,nan,nan,nan,68.46448098791831,nan,nan,-0.0027059517779511877,1.179637428396234,nan,0.0019113139726545816,-6.264600016514521e-08,1.0066414109190733
msd,30,20,302130,0.5,nan,0.01,0.006666666666666666,5,6,1000,3,20,1000,1000,1000,6,"mcp,screened_dual,action_dual,restricted_mcp,stochastic_full_batch,stochastic_minibatch",False,1.0876411669887602,nan,nan,nan,False,Cannot load a SolverResults object with bad status: error,,,nan,nan,nan,nan,nan,,nan,True,52.87290491675958,0.005128577149835056,0.005128577146824687,0.005128577149835056,True,,,52,0.005128577149835056,-0.0003904798058942596,8.635800408107741e-12,nan,nan,,nan,True,32.669559749774635,0.0064893359355108204,0.006489335935432106,0.0064893359355108204,True,,,1,0.0064893359355108204,nan,9.904299602681021e-12,nan,nan,,nan,False,0.1810545828193426,nan,nan,nan,False,Cannot load a SolverResults object with bad status: error,,,nan,nan,nan,nan,nan,,nan,False,69.70883412472904,0.01678949218369119,0.01678949218369119,0.01659785301668082,True,,,,nan,nan,nan,0.0683839950619459,0.00233818539031612,1000,nan,False,69.48642433295026,0.016789975854820838,0.016789975854820838,0.01659789585256566,True,,,,nan,nan,nan,0.06838761770663393,0.0023384331277943554,1000,nan,nan,48.6124528213136,nan,nan,nan,30.037075408081023,nan,nan,nan,0.166465364050728,nan,nan,nan,64.09175768670534,nan,nan,nan,63.88726947999785,nan,nan,0.0013607587856757641,0.6178884969760586,nan,0.0055419964090759315,4.836711296474228e-07,0.9968094461115098
msd,30,20,302131,0.5,nan,0.01,0.006666666666666666,5,6,1000,3,20,1000,1000,1000,6,"mcp,screened_dual,action_dual,restricted_mcp,stochastic_full_batch,stochastic_minibatch",False,1.0316037088632584,nan,nan,nan,False,Cannot load a SolverResults object with bad status: error,,,nan,nan,nan,nan,nan,,nan,True,22.995588291902095,0.007006081218577487,0.007006081218577487,0.00700608121856372,True,,,1,0.007006081218577487,0.005532752393270107,3.984288589066762e-14,nan,nan,,nan,True,161.70756516698748,0.0024179268865264225,0.0024179268865264225,0.0024179268709514368,True,,,6,0.0024179268865264225,nan,5.0750403879362693e-11,nan,nan,,nan,False,0.1834060000255704,nan,nan,nan,False,Cannot load a SolverResults object with bad status: error,,,nan,nan,nan,nan,nan,,nan,False,67.72142745926976,0.01803381892523387,0.01803381892523387,0.01587225644471424,True,,,,nan,nan,nan,0.07480987475372604,0.002798258680334088,1000,nan,False,69.53667654190212,0.018033155233341147,0.018033155233341147,0.01587164286021736,True,,,,nan,nan,nan,0.07480586033338951,0.0027979583701092893,1000,nan,nan,22.29110664718463,nan,nan,nan,156.753570947487,nan,nan,nan,0.177787263122259,nan,nan,nan,65.64674678602421,nan,nan,nan,67.4063847817354,nan,nan,-0.004588154332051064,7.03211255629989,nan,0.0011341831771208477,-6.636918927216406e-07,1.0268046488494964
msd,30,20,302132,0.5,nan,0.01,0.006666666666666666,5,6,1000,3,20,1000,1000,1000,6,"mcp,screened_dual,action_dual,restricted_mcp,stochastic_full_batch,stochastic_minibatch",False,1.0726019167341292,nan,nan,nan,False,Cannot load a SolverResults object with bad status: error,,,nan,nan,nan,nan,nan,,nan,True,55.511161542031914,0.00284401433851722,0.00284401433851722,0.002844014338516554,True,,,25,0.00284401433851722,0.003581879467055233,9.992007221626409e-15,nan,nan,,nan,True,24.86623612511903,0.008049818766534211,0.008049818760691552,0.008049818766534211,True,,,1,0.008049818766534211,nan,1.0981104914264961e-11,nan,nan,,nan,False,0.17620712472125888,nan,nan,nan,False,Cannot load a SolverResults object with bad status: error,,,nan,nan,nan,nan,nan,,nan,False,66.8156799999997,0.012440439708824524,0.008925825369846874,0.012440439708824524,True,,,,nan,nan,nan,0.06379496532703438,0.0020348988005387592,1000,nan,False,69.34733616607264,0.012440216387120007,0.00892592448338736,0.012440216387120007,True,,,,nan,nan,nan,0.06379554868453989,0.0020349360159807495,1000,nan,nan,51.753740764376914,nan,nan,nan,23.18309872206087,nan,nan,nan,0.1642800763006059,nan,nan,nan,62.29308279015654,nan,nan,nan,64.65337706762843,nan,nan,0.005205804428016991,0.4479502037854284,nan,0.007086200092150673,-2.23321704517776e-07,1.03789015042686
msd,30,20,302133,0.5,nan,0.01,0.006666666666666666,5,6,1000,3,20,1000,1000,1000,6,"mcp,screened_dual,action_dual,restricted_mcp,stochastic_full_batch,stochastic_minibatch",False,0.9719084170646966,nan,nan,nan,False,Cannot load a SolverResults object with bad status: error,,,nan,nan,nan,nan,nan,,nan,True,30.99428804218769,0.003259761052997856,0.0032597610510035624,0.003259761052997856,True,,,9,0.003259761052997856,-0.027692856527685033,5.660000246265895e-12,nan,nan,,nan,True,52.188039500266314,0.007026967400091122,0.007026967399412887,0.007026967400091122,True,,,2,0.007026967400091122,nan,3.196085565055727e-11,nan,nan,,nan,False,0.1661487496457994,nan,nan,nan,False,Cannot load a SolverResults object with bad status: error,,,nan,nan,nan,nan,nan,,nan,False,66.91381058329716,0.018928219571281657,0.007719546369182706,0.018928219571281657,True,,,,nan,nan,nan,0.07396921926010432,0.0027357226989746936,1000,nan,False,69.70826241699979,0.018927852067015916,0.00772005120044128,0.018927852067015916,True,,,,nan,nan,nan,0.07397017702734207,0.002735793544728162,1000,nan,nan,31.890132339624042,nan,nan,nan,53.69645800360667,nan,nan,nan,0.17095103481827287,nan,nan,nan,68.84785583541556,nan,nan,nan,71.72307718820748,nan,nan,0.003767206347093266,1.683795395759079,nan,0.0031836557041954325,-3.6750426574139183e-07,1.0417619592927527
msd,30,20,302134,0.5,nan,0.01,0.006666666666666666,5,6,1000,3,20,1000,1000,1000,6,"mcp,screened_dual,action_dual,restricted_mcp,stochastic_full_batch,stochastic_minibatch",False,0.9769682921469212,nan,nan,nan,False,Cannot load a SolverResults object with bad status: error,,,nan,nan,nan,nan,nan,,nan,True,22.361967666074634,0.006042978880367977,0.006042978880367977,0.006042978880367644,True,,,1,0.006042978880367977,-0.006547528008828227,1.7763568394002505e-15,nan,nan,,nan,True,75.24379270803183,0.00846903782131836,0.008469037821175363,0.00846903782131836,True,,,2,0.00846903782131836,nan,4.226619054747971e-13,nan,nan,,nan,False,0.16483904188498855,nan,nan,nan,False,Cannot load a SolverResults object with bad status: error,,,nan,nan,nan,nan,nan,,nan,False,69.69672212516889,0.016622401699307177,0.014419294642354585,0.016622401699307177,True,,,,nan,nan,nan,0.07228043104350299,0.002612230355917295,1000,nan,False,65.09970304230228,0.016622059676598133,0.014418723159813185,0.016622059676598133,True,,,,nan,nan,nan,0.07228004343253762,0.0026122023393047623,1000,nan,nan,22.889143737647256,nan,nan,nan,77.01764050364524,nan,nan,nan,0.1687250683671106,nan,nan,nan,71.33979954662394,nan,nan,nan,66.63440724288346,nan,nan,0.002426058940950382,3.364810907145004,nan,0.002190732762828859,-3.4202270904337695e-07,0.9340425353919688
msd,30,20,302135,0.5,nan,0.01,0.006666666666666666,5,6,1000,3,20,1000,1000,1000,6,"mcp,screened_dual,action_dual,restricted_mcp,stochastic_full_batch,stochastic_minibatch",False,1.0351338749751449,nan,nan,nan,False,Cannot load a SolverResults object with bad status: error,,,nan,nan,nan,nan,nan,,nan,True,40.58841116679832,0.0003240979909993058,0.0003240979909993058,0.00032409799099908376,True,,,31,0.0003240979909993058,-0.0036109090778620517,8.659739592076221e-15,nan,nan,,nan,True,21.80939625017345,0.009104474469085355,0.009104474459268763,0.009104474469085355,True,,,1,0.009104474469085355,nan,4.142375331639414e-11,nan,nan,,nan,False,0.16164637496694922,nan,nan,nan,False,Cannot load a SolverResults object with bad status: error,,,nan,nan,nan,nan,nan,,nan,False,69.49847400002182,0.012655976443528227,0.008658430030358932,0.012655976443528227,True,,,,nan,nan,nan,0.06740046857425941,0.002271411582014865,1000,nan,False,66.5314970407635,0.012655602347834027,0.008658070340981483,0.012655602347834027,True,,,,nan,nan,nan,0.067398290058022,0.0022712647513726337,1000,nan,nan,39.21078437102922,nan,nan,nan,21.06915518603536,nan,nan,nan,0.15615987349542648,nan,nan,nan,67.1395996983391,nan,nan,nan,64.2733260394565,nan,nan,0.00878037647808605,0.5373306227865783,nan,0.0074117766999470995,-3.74095694199994e-07,0.9573087466746768
msd,30,20,302136,0.5,nan,0.01,0.006666666666666666,5,6,1000,3,20,1000,1000,1000,6,"mcp,screened_dual,action_dual,restricted_mcp,stochastic_full_batch,stochastic_minibatch",False,0.9597295001149178,nan,nan,nan,False,Cannot load a SolverResults object with bad status: error,,,nan,nan,nan,nan,nan,,nan,True,408.1391352498904,0.001879304090236178,0.001879304090236178,0.001879304090061762,True,,,558,0.001879304090236178,-0.0147562890889602,4.775832507242228e-13,nan,nan,,nan,True,75.78037370881066,0.007457967674228905,0.00745796767422835,0.007457967674228905,True,,,7,0.007457967674228905,nan,2.886579864025407e-15,nan,nan,,nan,False,0.12356770830228925,nan,nan,nan,False,Cannot load a SolverResults object with bad status: error,,,nan,nan,nan,nan,nan,,nan,False,25.433097332715988,0.023961817287176335,0.023961817287176335,0.008627086396765904,True,,,,nan,nan,nan,0.05844786726573917,0.001708076593956732,1000,nan,False,25.448280166834593,0.02396129525987234,0.02396129525987234,0.008626878588660514,True,,,,nan,nan,nan,0.05844496832753745,0.0017079071614034278,1000,nan,nan,425.2647597067923,nan,nan,nan,78.96013793442499,nan,nan,nan,0.12875264153857235,nan,nan,nan,26.500276723462846,nan,nan,nan,26.516096633257,nan,nan,0.005578663583992727,0.18567289231505033,nan,0.0016306030473946128,-5.220273039951984e-07,1.000596971494269
msd,30,20,302137,0.5,nan,0.01,0.006666666666666666,5,6,1000,3,20,1000,1000,1000,6,"mcp,screened_dual,action_dual,restricted_mcp,stochastic_full_batch,stochastic_minibatch",False,1.110392834059894,nan,nan,nan,False,Cannot load a SolverResults object with bad status: error,,,nan,nan,nan,nan,nan,,nan,True,152.56744791567326,0.00593030428583341,0.00593030428583341,0.0059303042856527766,True,,,92,0.00593030428583341,0.0031809116677048417,8.815587149157977e-13,nan,nan,,nan,True,25.413832624908537,0.007585548490627314,0.007585548490626648,0.007585548490627314,True,,,2,0.007585548490627314,nan,1.6653345369377348e-15,nan,nan,,nan,False,0.11573258321732283,nan,nan,nan,False,Cannot load a SolverResults object with bad status: error,,,nan,nan,nan,nan,nan,,nan,False,39.551339499652386,0.014521589686285252,0.011689479407128667,0.014521589686285252,True,,,,nan,nan,nan,0.07036559782311466,0.0024756586785021593,1000,nan,False,33.181068709120154,0.014521541321895648,0.011689452432767977,0.014521541321895648,True,,,,nan,nan,nan,0.0703640343099154,0.002475548662183476,1000,nan,nan,137.3995249571683,nan,nan,nan,22.887244806856998,nan,nan,nan,0.10422670217905987,nan,nan,nan,35.61923157864958,nan,nan,nan,29.882279218068497,nan,nan,0.0016552442047939042,0.16657441002064355,nan,0.004553920887315962,-4.8364389604316216e-08,0.8389366612832868
msd,30,20,302138,0.5,nan,0.01,0.006666666666666666,5,6,1000,3,20,1000,1000,1000,6,"mcp,screened_dual,action_dual,restricted_mcp,stochastic_full_batch,stochastic_minibatch",False,1.0851465002633631,nan,nan,nan,False,Cannot load a SolverResults object with bad status: error,,,nan,nan,nan,nan,nan,,nan,True,83.43612904194742,0.006409138013805493,0.006409138013805493,0.00640913801380516,True,,,70,0.006409138013805493,0.0011955374318670144,6.494804694057166e-15,nan,nan,,nan,True,44.24148266715929,0.00660412115981901,0.0066041211598176774,0.00660412115981901,True,,,3,0.00660412115981901,nan,2.886579864025407e-15,nan,nan,,nan,False,0.1532176248729229,nan,nan,nan,False,Cannot load a SolverResults object with bad status: error,,,nan,nan,nan,nan,nan,,nan,False,41.17858304223046,0.014425258905722382,0.012451276250641019,0.014425258905722382,True,,,,nan,nan,nan,0.07317616172803498,0.002677375322623766,1000,nan,False,40.673535583075136,0.014425127687699435,0.012451572699571423,0.014425127687699435,True,,,,nan,nan,nan,0.07317924816697989,0.002677601181142215,1000,nan,nan,76.88927626057645,nan,nan,nan,40.77005515515367,nan,nan,nan,0.1411953361465362,nan,nan,nan,37.94748730446671,nan,nan,nan,37.482068617650924,nan,nan,0.00019498314601351652,0.5302437106701934,nan,0.0034632118011419456,-1.3121802294735474e-07,0.9877351909210336
msd,30,20,302139,0.5,nan,0.01,0.006666666666666666,5,6,1000,3,20,1000,1000,1000,6,"mcp,screened_dual,action_dual,restricted_mcp,stochastic_full_batch,stochastic_minibatch",False,0.6954756672494113,nan,nan,nan,False,Cannot load a SolverResults object with bad status: error,,,nan,nan,nan,nan,nan,,nan,True,73.86743583390489,0.0046877302289268785,0.004687730228860931,0.0046877302289268785,True,,,73,0.0046877302289268785,0.002972161800836972,6.668665619713465e-12,nan,nan,,nan,True,24.187568250112236,0.007314608249401555,0.007314608249013976,0.007314608249401555,True,,,1,0.007314608249401555,nan,6.687206344224705e-12,nan,nan,,nan,False,0.1584131671115756,nan,nan,nan,False,Cannot load a SolverResults object with bad status: error,,,nan,nan,nan,nan,nan,,nan,False,63.48986745811999,0.01287399025228586,0.01287399025228586,0.009300372626080411,True,,,,nan,nan,nan,0.0675020665170152,0.0022782644920337717,1000,nan,False,67.93242049962282,0.012874129514765853,0.012874129514765853,0.009300278660614114,True,,,,nan,nan,nan,0.06750169303794992,0.0022782392814948084,1000,nan,nan,106.21138784919496,nan,nan,nan,34.778453638462224,nan,nan,nan,0.22777672112972072,nan,nan,nan,91.28984729145277,nan,nan,nan,97.67763805208861,nan,nan,0.0026268780204746767,0.3274456189937248,nan,0.006549363105604489,1.3926247999229702e-07,1.0699726305844517
msd,30,20,302140,0.5,nan,0.01,0.006666666666666666,5,6,1000,3,20,1000,1000,1000,6,"mcp,screened_dual,action_dual,restricted_mcp,stochastic_full_batch,stochastic_minibatch",False,0.6363223330117762,nan,nan,nan,False,Cannot load a SolverResults object with bad status: error,,,nan,nan,nan,nan,nan,,nan,True,32.06872879201546,0.0010849178017104943,0.0010849177944515231,0.0010849178017104943,True,,,19,0.0010849178017104943,0.0006732313078929418,9.949991134836078e-12,nan,nan,,nan,True,113.59088412486017,0.003673265799584602,0.003673265799245762,0.003673265799584602,True,,,5,0.003673265799584602,nan,1.3803735932071959e-11,nan,nan,,nan,False,0.17164962505921721,nan,nan,nan,False,Cannot load a SolverResults object with bad status: error,,,nan,nan,nan,nan,nan,,nan,False,67.64538470795378,0.014863238733580197,0.014178316877602515,0.014863238733580197,True,,,,nan,nan,nan,0.0751375862028589,0.0028228284301960263,1000,nan,False,67.65397145785391,0.014863241134640548,0.014178171646221815,0.014863241134640548,True,,,,nan,nan,nan,0.07513834162521126,0.0028228851910934772,1000,nan,nan,50.396987703120544,nan,nan,nan,178.51154710730228,nan,nan,nan,0.2697526334598106,nan,nan,nan,106.30679012597518,nan,nan,nan,106.3202844659577,nan,nan,0.0025883479978741075,3.542107479893068,nan,0.0015111214811088039,2.401060350543105e-09,1.0001269377051694
msd,30,20,302141,0.5,nan,0.01,0.006666666666666666,5,6,1000,3,20,1000,1000,1000,6,"mcp,screened_dual,action_dual,restricted_mcp,stochastic_full_batch,stochastic_minibatch",False,0.6768776252865791,nan,nan,nan,False,Cannot load a SolverResults object with bad status: error,,,nan,nan,nan,nan,nan,,nan,True,230.4973452091217,0.009935707792486093,0.009935707791784876,0.009935707792486093,True,,,169,0.009935707792486093,-0.0020316078300173057,1.888669776128893e-12,nan,nan,,nan,True,164.63072783267125,0.00011540904962581422,0.00011540904601925472,0.00011540904962581422,True,,,6,0.00011540904962581422,nan,4.309663736989933e-12,nan,nan,,nan,False,0.17013379093259573,nan,nan,nan,False,Cannot load a SolverResults object with bad status: error,,,nan,nan,nan,nan,nan,,nan,False,63.21162729244679,0.014922447834973762,0.014922447834973762,0.009830676636837954,True,,,,nan,nan,nan,0.06188036732828578,0.001914589930341789,1000,nan,False,63.36641883291304,0.014922342895131724,0.014922342895131724,0.009830789390274652,True,,,,nan,nan,nan,0.06188242948902874,0.0019147175397323066,1000,nan,nan,340.53030651077114,nan,nan,nan,243.2208152292953,nan,nan,nan,0.251350886152521,nan,nan,nan,93.3870834712316,nan,nan,nan,93.6157681472847,nan,nan,-0.009820298742860278,0.7142413188460279,nan,0.001033426706984602,-1.0493984203829854e-07,1.0024487827176178
msd,30,20,302142,0.5,nan,0.01,0.006666666666666666,5,6,1000,3,20,1000,1000,1000,6,"mcp,screened_dual,action_dual,restricted_mcp,stochastic_full_batch,stochastic_minibatch",False,0.6065800418145955,nan,nan,nan,False,Cannot load a SolverResults object with bad status: error,,,nan,nan,nan,nan,nan,,nan,True,101.17881620815024,0.00263383927213634,0.002633839272134786,0.00263383927213634,True,,,83,0.00263383927213634,0.006006553753373615,3.0324631694611526e-12,nan,nan,,nan,True,23.96038862457499,0.0018128240670857165,0.0018128240670857165,0.0018128240670809426,True,,,1,0.0018128240670857165,nan,1.9984014443252818e-14,nan,nan,,nan,False,0.1498902910389006,nan,nan,nan,False,Cannot load a SolverResults object with bad status: error,,,nan,nan,nan,nan,nan,,nan,False,67.2535148751922,0.016359043863246103,0.013607494506672535,0.016359043863246103,True,,,,nan,nan,nan,0.06580972446801879,0.0021654599172782757,1000,nan,False,67.29599200002849,0.01635907887941912,0.013607931435183074,0.01635907887941912,True,,,,nan,nan,nan,0.06581326863161853,0.002165693163988792,1000,nan,nan,166.8020858475197,nan,nan,nan,39.50078633134226,nan,nan,nan,0.24710719230144965,nan,nan,nan,110.87327349907864,nan,nan,nan,110.94330073688425,nan,nan,-0.0008210152050506236,0.23681230441837203,nan,0.0062557537520558214,3.5016173016710894e-08,1.000631597098161
msd,30,50,305123,0.5,nan,0.01,0.006666666666666666,8,6,1000,3,20,1000,1000,1000,6,"mcp,screened_dual,action_dual,restricted_mcp,stochastic_full_batch,stochastic_minibatch",False,4.3423667079769075,nan,nan,nan,False,Cannot load a SolverResults object with bad status: error,,,nan,nan,nan,nan,nan,,nan,False,1141.7712362497114,nan,nan,nan,False,,,,nan,nan,nan,nan,nan,,nan,True,105.53564962465316,0.005707368713867345,0.005707368713867345,0.005707368707058569,True,,,3,0.005707368713867345,nan,1.2033374297004684e-11,nan,nan,,nan,False,0.25410749996080995,nan,nan,nan,False,Cannot load a SolverResults object with bad status: error,,,nan,nan,nan,nan,nan,,nan,False,73.77211666712537,0.014964383054618724,0.012804583915222323,0.014964383054618724,True,,,,nan,nan,nan,0.07684049945689557,0.002952231178392584,1000,nan,False,76.03856866713613,0.01496484801683573,0.012804398299417485,0.01496484801683573,True,,,,nan,nan,nan,0.07684253228844348,0.0029523873842502396,1000,nan,nan,262.93754374827046,nan,nan,nan,24.3037165494993,nan,nan,nan,0.05851820379287996,nan,nan,nan,16.98891909142688,nan,nan,nan,17.510858428297553,nan,nan,nan,0.09243151891905951,nan,0.002407788276895681,4.6496221700609297e-07,1.0307223393119849
msd,30,50,305124,0.5,nan,0.01,0.006666666666666666,8,6,1000,3,20,1000,1000,1000,6,"mcp,screened_dual,action_dual,restricted_mcp,stochastic_full_batch,stochastic_minibatch",False,4.38046283274889,nan,nan,nan,False,Cannot load a SolverResults object with bad status: error,,,nan,nan,nan,nan,nan,,nan,False,1177.1268184157088,nan,nan,nan,False,,,,nan,nan,nan,nan,nan,,nan,True,163.6696847495623,0.008582425106478664,0.008582425106382519,0.008582425106478664,True,,,4,0.008582425106478664,nan,3.1608049511078207e-13,nan,nan,,nan,False,0.269662749953568,nan,nan,nan,False,Cannot load a SolverResults object with bad status: error,,,nan,nan,nan,nan,nan,,nan,False,73.85873241722584,0.012733868687299532,0.012733868687299532,0.009295146669791476,True,,,,nan,nan,nan,0.07163035872483267,0.002565454145524106,1000,nan,False,65.77978220768273,0.012733851365292592,0.012733851365292592,0.009295173246233412,True,,,,nan,nan,nan,0.07162997143272044,0.0025654264037261736,1000,nan,nan,268.722019421181,nan,nan,nan,37.36355974212295,nan,nan,nan,0.06156033283458894,nan,nan,nan,16.860942607490852,nan,nan,nan,15.016628315141684,nan,nan,nan,0.1390416751950693,nan,0.0016476035275939465,-1.732200693993491e-08,0.8906161811184986
msd,30,50,305125,0.5,nan,0.01,0.006666666666666666,8,6,1000,3,20,1000,1000,1000,6,"mcp,screened_dual,action_dual,restricted_mcp,stochastic_full_batch,stochastic_minibatch",False,5.37627337500453,nan,nan,nan,False,Cannot load a SolverResults object with bad status: error,,,nan,nan,nan,nan,nan,,nan,False,1211.6775545827113,nan,nan,nan,False,,,,nan,nan,nan,nan,nan,,nan,True,944.5624209591188,0.006634147793911471,0.006634147793911471,0.006634147792724754,True,,,25,0.006634147793911471,nan,3.199218667759851e-12,nan,nan,,nan,False,0.28297524992376566,nan,nan,nan,False,Cannot load a SolverResults object with bad status: error,,,nan,nan,nan,nan,nan,,nan,False,64.58931150007993,0.013497966529551653,0.011170035477307272,0.013497966529551653,True,,,,nan,nan,nan,0.07360993092175883,0.002709210965153053,1000,nan,False,64.43228641571477,0.013498121438162425,0.0111700153297834,0.013498121438162425,True,,,,nan,nan,nan,0.07360969430162695,0.0027091935475894854,1000,nan,nan,225.37498934039797,nan,nan,nan,175.69092102916417,nan,nan,nan,0.05263408874246973,nan,nan,nan,12.013769947110532,nan,nan,nan,11.984562897280215,nan,nan,nan,0.7795493259627276,nan,0.00029958343000394784,1.5490861077216422e-07,0.9975688688930371
msd,30,50,305126,0.5,nan,0.01,0.006666666666666666,8,6,1000,3,20,1000,1000,1000,6,"mcp,screened_dual,action_dual,restricted_mcp,stochastic_full_batch,stochastic_minibatch",False,5.160082624759525,nan,nan,nan,False,Cannot load a SolverResults object with bad status: error,,,nan,nan,nan,nan,nan,,nan,False,1168.4726371667348,nan,nan,nan,False,,,,nan,nan,nan,nan,nan,,nan,True,170.94380595861003,0.0007096166561688655,0.000709616652557532,0.0007096166561688655,True,,,4,0.0007096166561688655,nan,2.3009594229961294e-11,nan,nan,,nan,False,0.27759883319959044,nan,nan,nan,False,Cannot load a SolverResults object with bad status: error,,,nan,nan,nan,nan,nan,,nan,False,67.77759641595185,0.01351920264930856,0.01278319701053493,0.01351920264930856,True,,,,nan,nan,nan,0.07149506995609739,0.00255577251401363,1000,nan,False,65.23794445767999,0.013519160904901129,0.012783125641712245,0.013519160904901129,True,,,,nan,nan,nan,0.07149635874584302,0.002555864656957142,1000,nan,nan,226.44455954253038,nan,nan,nan,33.128114100028874,nan,nan,nan,0.05379736205532704,nan,nan,nan,13.134982779294253,nan,nan,nan,12.642810048166673,nan,nan,nan,0.14629679850536137,nan,0.0016239186418184955,-4.174440743076602e-08,0.9625296249414631
msd,30,50,305127,0.5,nan,0.01,0.006666666666666666,8,6,1000,3,20,1000,1000,1000,6,"mcp,screened_dual,action_dual,restricted_mcp,stochastic_full_batch,stochastic_minibatch",False,5.271945583168417,nan,nan,nan,False,Cannot load a SolverResults object with bad status: error,,,nan,nan,nan,nan,nan,,nan,False,1154.4899292499758,nan,nan,nan,False,,,,nan,nan,nan,nan,nan,,nan,True,33.48592908401042,0.008217135518824858,0.008217135518824858,0.008217135518110874,True,,,1,0.008217135518824858,nan,2.8795854589702685e-12,nan,nan,,nan,False,0.2617156249471009,nan,nan,nan,False,Cannot load a SolverResults object with bad status: error,,,nan,nan,nan,nan,nan,,nan,False,66.44097591610625,0.014053501845433802,0.010892874775187356,0.014053501845433802,True,,,,nan,nan,nan,0.07150521332184484,0.0025564977661012684,1000,nan,False,70.17748899990693,0.014054012289937745,0.010892698696989778,0.014054012289937745,True,,,,nan,nan,nan,0.07150374640410154,0.002556392874911032,1000,nan,nan,218.98745179310674,nan,nan,nan,6.351721305872341,nan,nan,nan,0.049643081632457,nan,nan,nan,12.6027431178786,nan,nan,nan,13.311497224850061,nan,nan,nan,0.029004955552765055,nan,0.007815689518140635,5.104445039427752e-07,1.056238082482694
msd,30,50,305128,0.5,nan,0.01,0.006666666666666666,8,6,1000,3,20,1000,1000,1000,6,"mcp,screened_dual,action_dual,restricted_mcp,stochastic_full_batch,stochastic_minibatch",False,5.139385000336915,nan,nan,nan,False,Cannot load a SolverResults object with bad status: error,,,nan,nan,nan,nan,nan,,nan,False,1244.316539874766,nan,nan,nan,False,,,,nan,nan,nan,nan,nan,,nan,True,153.71841204119846,0.006355308419104255,0.006355308419103145,0.006355308419104255,True,,,4,0.006355308419104255,nan,2.55351295663786e-14,nan,nan,,nan,False,0.5091207921504974,nan,nan,nan,False,Cannot load a SolverResults object with bad status: error,,,nan,nan,nan,nan,nan,,nan,False,65.54168387502432,0.010049297670609303,0.009349235352632324,0.010049297670609303,True,,,,nan,nan,nan,0.07028081375090538,0.002469696390744725,1000,nan,False,64.821676208172,0.010049142884174023,0.009349205895865409,0.010049142884174023,True,,,,nan,nan,nan,0.07028033145297154,0.00246966249456977,1000,nan,nan,242.11389880174266,nan,nan,nan,29.909884554498518,nan,nan,nan,0.09906259058566769,nan,nan,nan,12.752826237132982,nan,nan,nan,12.612730162056856,nan,nan,nan,0.1235364210915893,nan,0.0033120352037857813,-1.5478643528021863e-07,0.9890145076494335
msd,30,50,305129,0.5,nan,0.01,0.006666666666666666,8,6,1000,3,20,1000,1000,1000,6,"mcp,screened_dual,action_dual,restricted_mcp,stochastic_full_batch,stochastic_minibatch",False,5.387639041990042,nan,nan,nan,False,Cannot load a SolverResults object with bad status: error,,,nan,nan,nan,nan,nan,,nan,False,1238.094338083174,nan,nan,nan,False,,,,nan,nan,nan,nan,nan,,nan,True,61.18560133408755,0.007797565501403092,0.007797565501403092,0.007797565501109882,True,,,2,0.007797565501403092,nan,1.3298251388960125e-12,nan,nan,,nan,False,0.2334545417688787,nan,nan,nan,False,Cannot load a SolverResults object with bad status: error,,,nan,nan,nan,nan,nan,,nan,False,64.19319391576573,0.013221255768233853,0.008843260366062311,0.013221255768233853,True,,,,nan,nan,nan,0.07195730513163712,0.0025889268809037645,1000,nan,False,66.19258362520486,0.0132211633460797,0.008843202475764644,0.0132211633460797,True,,,,nan,nan,nan,0.07195595507571018,0.0025888297354288107,1000,nan,nan,229.80276303474426,nan,nan,nan,11.356663068409148,nan,nan,nan,0.04333151125184644,nan,nan,nan,11.914902504688692,nan,nan,nan,12.286009346453023,nan,nan,nan,0.049419175463491345,nan,0.0038155143804857426,-9.24221541520609e-08,1.0311464438436064
msd,30,50,305130,0.5,nan,0.01,0.006666666666666666,8,6,1000,3,20,1000,1000,1000,6,"mcp,screened_dual,action_dual,restricted_mcp,stochastic_full_batch,stochastic_minibatch",False,5.160376583226025,nan,nan,nan,False,Cannot load a SolverResults object with bad status: error,,,nan,nan,nan,nan,nan,,nan,False,1218.5231676669791,nan,nan,nan,False,,,,nan,nan,nan,nan,nan,,nan,True,397.8087898339145,0.0062391773987493515,0.006239177398737028,0.0062391773987493515,True,,,11,0.0062391773987493515,nan,1.4377388168895777e-14,nan,nan,,nan,False,0.27984187472611666,nan,nan,nan,False,Cannot load a SolverResults object with bad status: error,,,nan,nan,nan,nan,nan,,nan,False,64.57756783301011,0.013425486148597121,0.011018078238157203,0.013425486148597121,True,,,,nan,nan,nan,0.07492681928915548,0.002807014124394881,1000,nan,False,64.98601004201919,0.013425582909192935,0.011018081552176429,0.013425582909192935,True,,,,nan,nan,nan,0.07492722547015082,0.002807044558327409,1000,nan,nan,236.13066760046718,nan,nan,nan,77.08910065343005,nan,nan,nan,0.0542289637612402,nan,nan,nan,12.514119229771259,nan,nan,nan,12.593268920190509,nan,nan,nan,0.3264679740111721,nan,0.0007034582489817555,9.676059581353869e-08,1.0063248310940613
msd,30,50,305131,0.5,nan,0.01,0.006666666666666666,8,6,1000,3,20,1000,1000,1000,6,"mcp,screened_dual,action_dual,restricted_mcp,stochastic_full_batch,stochastic_minibatch",False,5.443951416760683,nan,nan,nan,False,Cannot load a SolverResults object with bad status: error,,,nan,nan,nan,nan,nan,,nan,False,1131.5711791249923,nan,nan,nan,False,,,,nan,nan,nan,nan,nan,,nan,True,87.34132158290595,0.00577870099665545,0.00577870099665545,0.005778700989046204,True,,,2,0.00577870099665545,nan,1.1899259355629965e-11,nan,nan,,nan,False,0.2768596247769892,nan,nan,nan,False,Cannot load a SolverResults object with bad status: error,,,nan,nan,nan,nan,nan,,nan,False,65.5796929160133,0.014435132332664191,0.01308998669766226,0.014435132332664191,True,,,,nan,nan,nan,0.07494040329680565,0.0028080320231439397,1000,nan,False,65.67744200024754,0.014435234569118605,0.013090058349253808,0.014435234569118605,True,,,,nan,nan,nan,0.07494031403813695,0.0028080253340672925,1000,nan,nan,207.8584271786745,nan,nan,nan,16.043736414326176,nan,nan,nan,0.0508563731712597,nan,nan,nan,12.046340588953164,nan,nan,nan,12.064296128367658,nan,nan,nan,0.07718588383493842,nan,0.003169858433092166,1.022364544134291e-07,1.001490538913615
msd,30,50,305132,0.5,nan,0.01,0.006666666666666666,8,6,1000,3,20,1000,1000,1000,6,"mcp,screened_dual,action_dual,restricted_mcp,stochastic_full_batch,stochastic_minibatch",False,5.135661082807928,nan,nan,nan,False,Cannot load a SolverResults object with bad status: error,,,nan,nan,nan,nan,nan,,nan,False,1227.2695938749239,nan,nan,nan,False,,,,nan,nan,nan,nan,nan,,nan,True,510.9917883342132,0.009951272932217647,0.009951272932046562,0.009951272932217647,True,,,11,0.009951272932217647,nan,1.8387236178085686e-12,nan,nan,,nan,False,0.27020108327269554,nan,nan,nan,False,Cannot load a SolverResults object with bad status: error,,,nan,nan,nan,nan,nan,,nan,False,63.99497325019911,0.015284906877697457,0.015284906877697457,0.00799933957947091,True,,,,nan,nan,nan,0.06197404489633752,0.0019203911204066291,1000,nan,False,69.41616495791823,0.015284845612410447,0.015284845612410447,0.007999297012717621,True,,,,nan,nan,nan,0.06197423277409626,0.0019204027639689338,1000,nan,nan,238.97012947044257,nan,nan,nan,99.4987364031483,nan,nan,nan,0.05261271702239409,nan,nan,nan,12.460902738388995,nan,nan,nan,13.516500376221256,nan,nan,nan,0.4163647424204746,nan,0.0005287777405455507,-6.126528701022593e-08,1.0847127740256106
msd,30,50,305133,0.5,nan,0.01,0.006666666666666666,8,6,1000,3,20,1000,1000,1000,6,"mcp,screened_dual,action_dual,restricted_mcp,stochastic_full_batch,stochastic_minibatch",False,5.213749791961163,nan,nan,nan,False,Cannot load a SolverResults object with bad status: error,,,nan,nan,nan,nan,nan,,nan,False,1140.775450042449,nan,nan,nan,False,,,,nan,nan,nan,nan,nan,,nan,True,350.8579254159704,0.008639544586862002,0.008639544586861891,0.008639544586862002,True,,,9,0.008639544586862002,nan,1.887379141862766e-15,nan,nan,,nan,False,0.23995524970814586,nan,nan,nan,False,Cannot load a SolverResults object with bad status: error,,,nan,nan,nan,nan,nan,,nan,False,70.23828658321872,0.015284085711307682,0.01267305174590988,0.015284085711307682,True,,,,nan,nan,nan,0.07559054290395394,0.0028569650882572504,1000,nan,False,65.07790945889428,0.015283974896351693,0.012672882974516797,0.015283974896351693,True,,,,nan,nan,nan,0.07558922058189164,0.002856865134088936,1000,nan,nan,218.8013417524096,nan,nan,nan,67.29473784049664,nan,nan,nan,0.046023545295196484,nan,nan,nan,13.47174095149634,nan,nan,nan,12.481977857709026,nan,nan,nan,0.30756090114221407,nan,0.0006839100169211214,-1.1081495598919133e-07,0.9265304241411072
msd,30,50,305134,0.5,nan,0.01,0.006666666666666666,8,6,1000,3,20,1000,1000,1000,6,"mcp,screened_dual,action_dual,restricted_mcp,stochastic_full_batch,stochastic_minibatch",False,5.2313559162430465,nan,nan,nan,False,Cannot load a SolverResults object with bad status: error,,,nan,nan,nan,nan,nan,,nan,False,1191.6730743749067,nan,nan,nan,False,,,,nan,nan,nan,nan,nan,,nan,True,160.82256579212844,0.007147570519483337,0.007147570519483337,0.007147570519455693,True,,,4,0.007147570519483337,nan,5.717648576819556e-14,nan,nan,,nan,False,0.27999225025996566,nan,nan,nan,False,Cannot load a SolverResults object with bad status: error,,,nan,nan,nan,nan,nan,,nan,False,63.67655595811084,0.01780400914315755,0.01780400914315755,0.01348870200728991,True,,,,nan,nan,nan,0.07743178761939051,0.002997840866967199,1000,nan,False,65.74239495815709,0.01780395416601177,0.01780395416601177,0.01348887772001095,True,,,,nan,nan,nan,0.0774335493880396,0.0029979772854149844,1000,nan,nan,227.7943029406264,nan,nan,nan,30.74204247751219,nan,nan,nan,0.05352192715288335,nan,nan,nan,12.172093999645282,nan,nan,nan,12.566989516815497,nan,nan,nan,0.1349552735984138,nan,0.0017410010148816444,-5.497714578028834e-08,1.0324426936878504
msd,30,50,305135,0.5,nan,0.01,0.006666666666666666,8,6,1000,3,20,1000,1000,1000,6,"mcp,screened_dual,action_dual,restricted_mcp,stochastic_full_batch,stochastic_minibatch",False,5.114970082882792,nan,nan,nan,False,Cannot load a SolverResults object with bad status: error,,,nan,nan,nan,nan,nan,,nan,False,1260.0789290000685,nan,nan,nan,False,,,,nan,nan,nan,nan,nan,,nan,True,566.4042816250585,0.007595408985870966,0.007595408979650831,0.007595408985870966,True,,,14,0.007595408985870966,nan,4.5009218574421084e-11,nan,nan,,nan,False,0.23876820830628276,nan,nan,nan,False,Cannot load a SolverResults object with bad status: error,,,nan,nan,nan,nan,nan,,nan,False,65.95239187497646,0.01094493806030089,0.01094493806030089,0.008260317422186692,True,,,,nan,nan,nan,0.06198836838118479,0.001921278907280735,1000,nan,False,68.9352137921378,0.010944881047871335,0.010944881047871335,0.008260316680776647,True,,,,nan,nan,nan,0.061988262643441934,0.0019212723527761693,1000,nan,nan,246.35118262312284,nan,nan,nan,110.73462257785751,nan,nan,nan,0.04668027465210769,nan,nan,nan,12.893993670791083,nan,nan,nan,13.477148971570521,nan,nan,nan,0.4494990500908755,nan,0.0004215508534314712,-5.7012429555136634e-08,1.0452268952249035
msd,30,50,305136,0.5,nan,0.01,0.006666666666666666,8,6,1000,3,20,1000,1000,1000,6,"mcp,screened_dual,action_dual,restricted_mcp,stochastic_full_batch,stochastic_minibatch",False,5.343049167189747,nan,nan,nan,False,Cannot load a SolverResults object with bad status: error,,,nan,nan,nan,nan,nan,,nan,False,1209.2141583329067,nan,nan,nan,False,,,,nan,nan,nan,nan,nan,,nan,True,198.8854844579473,0.0023143717008516917,0.0023143717008516917,0.0023143717008515807,True,,,5,0.0023143717008516917,nan,2.5118795932144167e-15,nan,nan,,nan,False,0.2978987079113722,nan,nan,nan,False,Cannot load a SolverResults object with bad status: error,,,nan,nan,nan,nan,nan,,nan,False,65.8889787090011,0.011685485048472777,0.011685485048472777,0.011379549948188461,True,,,,nan,nan,nan,0.07691663566925534,0.0029580844213384816,1000,nan,False,67.64725695783272,0.011685413801564737,0.011685413801564737,0.011379546311298838,True,,,,nan,nan,nan,0.07691589439109926,0.0029580274049913675,1000,nan,nan,226.31537170916772,nan,nan,nan,37.22321809787013,nan,nan,nan,0.055754438821317504,nan,nan,nan,12.331718583764474,nan,nan,nan,12.660796268399821,nan,nan,nan,0.16447498822883655,nan,0.001497840371424192,-7.124690803994582e-08,1.0266854682419206
msd,30,50,305137,0.5,nan,0.01,0.006666666666666666,8,6,1000,3,20,1000,1000,1000,6,"mcp,screened_dual,action_dual,restricted_mcp,stochastic_full_batch,stochastic_minibatch",False,5.2982105407863855,nan,nan,nan,False,Cannot load a SolverResults object with bad status: error,,,nan,nan,nan,nan,nan,,nan,True,1225.0361332911998,0.001848480136287578,0.00184848012824812,0.001848480136287578,True,,,998,0.001848480136287578,0.0024762592689164865,1.961775186742898e-11,nan,nan,,nan,True,132.49149779090658,0.007440761727637968,0.007440761727560918,0.007440761727637968,True,,,3,0.007440761727637968,nan,2.0159429681143592e-12,nan,nan,,nan,False,0.2508537922985852,nan,nan,nan,False,Cannot load a SolverResults object with bad status: error,,,nan,nan,nan,nan,nan,,nan,False,65.22583362506703,0.012087016157534769,0.012087016157534769,0.012077623053707465,True,,,,nan,nan,nan,0.07356886314386402,0.0027061888121402964,1000,nan,False,65.5769150829874,0.01208696922433189,0.01208696922433189,0.012077493928647653,True,,,,nan,nan,nan,0.0735667768567113,0.0027060353285425767,1000,nan,nan,231.2169597377635,nan,nan,nan,25.006838964017756,nan,nan,nan,0.047346890118366694,nan,nan,nan,12.310917643409825,nan,nan,nan,12.377181800943335,nan,nan,0.00559228159135039,0.10815313458138823,nan,0.0018933576605381411,-4.6933202879628766e-08,1.0053825522558817
msd,30,50,305138,0.5,nan,0.01,0.006666666666666666,8,6,1000,3,20,1000,1000,1000,6,"mcp,screened_dual,action_dual,restricted_mcp,stochastic_full_batch,stochastic_minibatch",False,5.335899374913424,nan,nan,nan,False,Cannot load a SolverResults object with bad status: error,,,nan,nan,nan,nan,nan,,nan,False,1131.7404620829038,nan,nan,nan,False,,,,nan,nan,nan,nan,nan,,nan,True,460.23722233297303,0.009725164646446016,0.009725164646446016,0.009725164645646656,True,,,12,0.009725164646446016,nan,1.6648460388068997e-11,nan,nan,,nan,False,0.224972833879292,nan,nan,nan,False,Cannot load a SolverResults object with bad status: error,,,nan,nan,nan,nan,nan,,nan,False,56.54778475034982,0.012973983003905842,0.009514391937947453,0.012973983003905842,True,,,,nan,nan,nan,0.07176302089403028,0.002574965583918513,1000,nan,False,52.79102387512103,0.012973905526620033,0.009514385998478425,0.012973905526620033,True,,,,nan,nan,nan,0.07176370396788205,0.002575014603594905,1000,nan,nan,212.09928871667796,nan,nan,nan,86.25298004995464,nan,nan,nan,0.042162120773303044,nan,nan,nan,10.597610782581018,nan,nan,nan,9.893556861907197,nan,nan,nan,0.4066632216064208,nan,0.0004888192935349509,-7.74772858092021e-08,0.9335648444618239
msd,30,50,305139,0.5,nan,0.01,0.006666666666666666,8,6,1000,3,20,1000,1000,1000,6,"mcp,screened_dual,action_dual,restricted_mcp,stochastic_full_batch,stochastic_minibatch",False,5.1207433748058975,nan,nan,nan,False,Cannot load a SolverResults object with bad status: error,,,nan,nan,nan,nan,nan,,nan,False,1179.7433744580485,nan,nan,nan,False,,,,nan,nan,nan,nan,nan,,nan,True,244.91984329232946,0.009043428539359244,0.009043428536403053,0.009043428539359244,True,,,7,0.009043428539359244,nan,8.501532811067136e-12,nan,nan,,nan,False,0.5421607499010861,nan,nan,nan,False,Cannot load a SolverResults object with bad status: error,,,nan,nan,nan,nan,nan,,nan,False,58.69886858435348,0.014612021006497666,0.014612021006497666,0.01165150136201809,True,,,,nan,nan,nan,0.07105974482049396,0.002524743666976859,1000,nan,False,60.00269141700119,0.014611997356067663,0.014611997356067663,0.011651251257900952,True,,,,nan,nan,nan,0.07106000849882588,0.002524762403926603,1000,nan,nan,230.3851781095683,nan,nan,nan,47.82896258721678,nan,nan,nan,0.10587539937434119,nan,nan,nan,11.462958458951961,nan,nan,nan,11.717574388166952,nan,nan,nan,0.20760433887144392,nan,0.002213625252299293,-2.365043000329692e-08,1.0222120607107452
msd,30,50,305140,0.5,nan,0.01,0.006666666666666666,8,6,1000,3,20,1000,1000,1000,6,"mcp,screened_dual,action_dual,restricted_mcp,stochastic_full_batch,stochastic_minibatch",False,5.218921833205968,nan,nan,nan,False,Cannot load a SolverResults object with bad status: error,,,nan,nan,nan,nan,nan,,nan,False,1226.836127624847,nan,nan,nan,False,,,,nan,nan,nan,nan,nan,,nan,True,127.00599091686308,0.008768761263441172,0.008768761263441172,0.008768761263084013,True,,,4,0.008768761263441172,nan,1.7269866092739505e-12,nan,nan,,nan,False,0.18732258398085833,nan,nan,nan,False,Cannot load a SolverResults object with bad status: error,,,nan,nan,nan,nan,nan,,nan,False,41.540485832840204,0.012353884547692262,0.008856262985340813,0.012353884547692262,True,,,,nan,nan,nan,0.06980345456269196,0.0024362611344429007,1000,nan,False,41.84587820805609,0.012353867256727546,0.008856360351443104,0.012353867256727546,True,,,,nan,nan,nan,0.06980249333709206,0.0024361940380373905,1000,nan,nan,235.07463166414303,nan,nan,nan,24.335676021965572,nan,nan,nan,0.03589296601244296,nan,nan,nan,7.959591494268848,nan,nan,nan,8.018107866994109,nan,nan,nan,0.1035231911231262,nan,0.001474911400860436,-1.729096471558833e-08,1.0073516803930698
msd,30,50,305141,0.5,nan,0.01,0.006666666666666666,8,6,1000,3,20,1000,1000,1000,6,"mcp,screened_dual,action_dual,restricted_mcp,stochastic_full_batch,stochastic_minibatch",False,5.410356875043362,nan,nan,nan,False,Cannot load a SolverResults object with bad status: error,,,nan,nan,nan,nan,nan,,nan,False,992.3565367497504,nan,nan,nan,False,,,,nan,nan,nan,nan,nan,,nan,True,16.219729083124548,0.00959728175991037,0.00959728175991037,0.00959728175867125,True,,,1,0.00959728175991037,nan,2.045141833662001e-12,nan,nan,,nan,False,0.16132116736844182,nan,nan,nan,False,Cannot load a SolverResults object with bad status: error,,,nan,nan,nan,nan,nan,,nan,False,33.54089016607031,0.012974884668730369,0.012974884668730369,0.009152179838800012,True,,,,nan,nan,nan,0.07543358138518547,0.0028451126002976995,1000,nan,False,33.79423820786178,0.01297524131928135,0.01297524131928135,0.009152250280749286,True,,,,nan,nan,nan,0.07543473086476091,0.002845199310319456,1000,nan,nan,183.41794444785066,nan,nan,nan,2.9979037349536304,nan,nan,nan,0.029817102844467886,nan,nan,nan,6.199385907570375,nan,nan,nan,6.246212401208918,nan,nan,nan,0.01634465888263181,nan,0.009945984087754264,3.56650550981108e-07,1.0075534084079782
msd,30,50,305142,0.5,nan,0.01,0.006666666666666666,8,6,1000,3,20,1000,1000,1000,6,"mcp,screened_dual,action_dual,restricted_mcp,stochastic_full_batch,stochastic_minibatch",False,5.3444553329609334,nan,nan,nan,False,Cannot load a SolverResults object with bad status: error,,,nan,nan,nan,nan,nan,,nan,False,916.8838275419548,nan,nan,nan,False,,,,nan,nan,nan,nan,nan,,nan,True,98.51921624969691,0.002534462526781467,0.002534462526170178,0.002534462526781467,True,,,7,0.002534462526781467,nan,1.4798162695228712e-12,nan,nan,,nan,False,0.1237409170717001,nan,nan,nan,False,Cannot load a SolverResults object with bad status: error,,,nan,nan,nan,nan,nan,,nan,False,25.654616540763527,0.019125313664423826,0.019125313664423826,0.01609846887106603,True,,,,nan,nan,nan,0.07580450963246144,0.0028731618403089695,1000,nan,False,25.952638832852244,0.01912551326075096,0.01912551326075096,0.016098500750529265,True,,,,nan,nan,nan,0.07580511137042145,0.002873207454941,1000,nan,nan,171.5579550056756,nan,nan,nan,18.433911430056863,nan,nan,nan,0.023153138975369674,nan,nan,nan,4.800230321421802,nan,nan,nan,4.855993214648867,nan,nan,nan,0.10745005342041422,nan,0.0012560079320777257,1.9959632713284492e-07,1.0116167120102995
msd,100,5,1000623,0.5,nan,0.01,0.006666666666666666,3,10,1000,3,20,1000,1000,1000,10,"mcp,screened_dual,action_dual,restricted_mcp,stochastic_full_batch,stochastic_minibatch",False,0.18234229227527976,nan,nan,nan,False,Cannot load a SolverResults object with bad status: error,,,nan,nan,nan,nan,nan,,nan,True,821.2600280418992,0.001928904328106551,0.001928904328106551,0.0019289043281017215,True,,,2,0.001928904328106551,-0.01388431881076568,3.112093915902392e-14,nan,nan,,nan,True,530.0663656252436,0.004148553347620765,0.004148553347620765,0.004148553347603168,True,,,1,0.004148553347620765,nan,5.094258348492531e-13,nan,nan,,nan,False,0.36463412502780557,nan,nan,nan,False,Cannot load a SolverResults object with bad status: error,,,nan,nan,nan,nan,nan,,nan,True,67.15607724990696,0.005769465810143037,0.0027163480156101594,0.005769465810143037,True,,,,nan,nan,nan,0.03201498045481822,0.0005124794867611964,1000,nan,True,68.06425108294934,0.005768560156195257,0.002716194862379062,0.005768560156195257,True,,,,nan,nan,nan,0.03200958549729807,0.0005123067818544175,1000,nan,nan,4503.947042642492,nan,nan,nan,2906.985313231718,nan,nan,nan,1.9997232703278855,nan,nan,nan,368.29676983835606,nan,nan,nan,373.27736880807464,nan,nan,0.002219649019514214,0.6454306157929808,nan,0.000687902777226204,-9.056539477803049e-07,1.0135233305790452
msd,100,5,1000624,0.5,nan,0.01,0.006666666666666666,3,10,1000,3,20,1000,1000,1000,10,"mcp,screened_dual,action_dual,restricted_mcp,stochastic_full_batch,stochastic_minibatch",False,0.2521142503246665,nan,nan,nan,False,Cannot load a SolverResults object with bad status: error,,,nan,nan,nan,nan,nan,,nan,True,456.027903707698,0.0006172739697481444,0.0006172739696088114,0.0006172739697481444,True,,,1,0.0006172739697481444,-0.14445854044621334,8.821138264281103e-13,nan,nan,,nan,True,360.01428241701797,0.00832763389961555,0.008327633899613218,0.00832763389961555,True,,,1,0.00832763389961555,nan,5.828670879282072e-15,nan,nan,,nan,False,0.2059700833633542,nan,nan,nan,False,Cannot load a SolverResults object with bad status: error,,,nan,nan,nan,nan,nan,,nan,True,69.2747260001488,0.006523357755348846,0.006523357755348846,0.004230879613692229,True,,,,nan,nan,nan,0.03502184195013259,0.0006132647067900334,1000,nan,True,68.5483730416745,0.0065241854381677955,0.0065241854381677955,0.004230594763273199,True,,,,nan,nan,nan,0.03502706192322227,0.0006134475334866236,1000,nan,nan,1808.8144685214602,nan,nan,nan,1427.9806950753496,nan,nan,nan,0.8169712068957269,nan,nan,nan,274.77513036624674,nan,nan,nan,271.8940835490243,nan,nan,0.007710359929867405,0.7894566965967454,nan,0.0005721164226611748,8.276828189490715e-07,0.9895148923653231
msd,100,5,1000625,0.5,nan,0.01,0.006666666666666666,3,10,1000,3,20,1000,1000,1000,10,"mcp,screened_dual,action_dual,restricted_mcp,stochastic_full_batch,stochastic_minibatch",False,0.3610501252114773,nan,nan,nan,False,Cannot load a SolverResults object with bad status: error,,,nan,nan,nan,nan,nan,,nan,True,346.13475220790133,0.004370233022326642,0.0043702330206430995,0.004370233022326642,True,,,1,0.004370233022326642,-0.07933035279283956,2.364231033169517e-11,nan,nan,,nan,True,436.6115642921068,0.0006699168809093381,0.0006699168806295619,0.0006699168809093381,True,,,1,0.0006699168809093381,nan,4.3463982413172175e-12,nan,nan,,nan,False,0.23855379223823547,nan,nan,nan,False,Cannot load a SolverResults object with bad status: error,,,nan,nan,nan,nan,nan,,nan,True,66.9598548328504,0.005914614768296023,0.005203619673480098,0.005914614768296023,True,,,,nan,nan,nan,0.036042780015123975,0.0006495409956093102,1000,nan,True,67.25680891703814,0.00591462371608642,0.005203563887361429,0.00591462371608642,True,,,,nan,nan,nan,0.036042380762920725,0.000649526605529679,1000,nan,nan,958.6889133611584,nan,nan,nan,1209.2824065256063,nan,nan,nan,0.6607220869914053,nan,nan,nan,185.45861130398478,nan,nan,nan,186.28108459356974,nan,nan,-0.0037003161414173036,1.2613918755833615,nan,0.0005463753408020945,8.947790397506594e-09,1.0044348077654741
msd,100,5,1000626,0.5,nan,0.01,0.006666666666666666,3,10,1000,3,20,1000,1000,1000,10,"mcp,screened_dual,action_dual,restricted_mcp,stochastic_full_batch,stochastic_minibatch",False,0.3704113750718534,nan,nan,nan,False,Cannot load a SolverResults object with bad status: error,,,nan,nan,nan,nan,nan,,nan,True,325.6333515830338,0.003408855854170445,0.003408855854170445,0.0013416535267820051,True,,,1,0.003408855854170445,-0.09032566878043646,3.941291737419306e-15,nan,nan,,nan,True,801.4388094577007,0.005452698587578131,0.005452698584633486,0.005452698587578131,True,,,2,0.005452698587578131,nan,5.94596594183372e-12,nan,nan,,nan,False,0.2042964161373675,nan,nan,nan,False,Cannot load a SolverResults object with bad status: error,,,nan,nan,nan,nan,nan,,nan,True,67.40352412499487,0.007647218666187228,0.0031418325344516607,0.007647218666187228,True,,,,nan,nan,nan,0.03201328806439481,0.0005124253063469616,1000,nan,True,65.41356079187244,0.007646912388074412,0.003141802852427489,0.007646912388074412,True,,,,nan,nan,nan,0.03201503822667504,0.0005124813363277321,1000,nan,nan,879.1127203365894,nan,nan,nan,2163.6452425421207,nan,nan,nan,0.5515392611734387,nan,nan,nan,181.96936881843803,nan,nan,nan,176.59706260150176,nan,nan,0.002043842733407686,2.4611693045616687,nan,0.00025491205782211384,-3.0627811281602746e-07,0.9704768651349417
msd,100,5,1000627,0.5,nan,0.01,0.006666666666666666,3,10,1000,3,20,1000,1000,1000,10,"mcp,screened_dual,action_dual,restricted_mcp,stochastic_full_batch,stochastic_minibatch",False,0.36129420762881637,nan,nan,nan,False,Cannot load a SolverResults object with bad status: error,,,nan,nan,nan,nan,nan,,nan,True,931.6828887499869,0.0009192028066760116,0.0009192028066750679,0.0009192028066760116,True,,,2,0.0009192028066760116,-0.11351010617641097,6.206840597045016e-15,nan,nan,,nan,True,712.8535725418478,0.0043084865181988174,0.0040677684638174005,0.0043084865181988174,True,,,1,0.0043084865181988174,nan,7.771561172376096e-15,nan,nan,,nan,False,0.22224870789796114,nan,nan,nan,False,Cannot load a SolverResults object with bad status: error,,,nan,nan,nan,nan,nan,,nan,True,66.2502720830962,0.005405574531044455,0.003285003753880522,0.005405574531044455,True,,,,nan,nan,nan,0.02756826617013808,0.0003800046498137899,1000,nan,True,68.58002262515947,0.005406572643125385,0.0032847254129904635,0.005406572643125385,True,,,,nan,nan,nan,0.02757820083105457,0.0003802785805389895,1000,nan,nan,2578.7374086749046,nan,nan,nan,1973.0556357942328,nan,nan,nan,0.6151460588216606,nan,nan,nan,183.3693169837915,nan,nan,nan,189.81766432197188,nan,nan,0.003389283711522806,0.7651246804567418,nan,0.00031177329602975946,9.981120809299249e-07,1.0351659014945798
msd,100,5,1000628,0.5,nan,0.01,0.006666666666666666,3,10,1000,3,20,1000,1000,1000,10,"mcp,screened_dual,action_dual,restricted_mcp,stochastic_full_batch,stochastic_minibatch",False,0.344648249913007,nan,nan,nan,False,Cannot load a SolverResults object with bad status: error,,,nan,nan,nan,nan,nan,,nan,True,416.01742512499914,0.008555848683492517,0.008555848683430456,0.008555848683492517,True,,,1,0.008555848683492517,-0.04444692521565703,1.0532963390375016e-12,nan,nan,,nan,True,594.8991100410931,0.00916637611569171,0.00916637611569171,0.003218519367621242,True,,,2,0.00916637611569171,nan,3.7091441029701855e-12,nan,nan,,nan,False,0.19366220897063613,nan,nan,nan,False,Cannot load a SolverResults object with bad status: error,,,nan,nan,nan,nan,nan,,nan,True,65.5276028746739,0.006849703161134479,0.006849703161134479,0.005190350839696434,True,,,,nan,nan,nan,0.03944294793736828,0.0007778730709949723,1000,nan,True,64.99154941737652,0.006851007065268533,0.006851007065268533,0.005191238847063018,True,,,,nan,nan,nan,0.03945668113926018,0.000778414843262625,1000,nan,nan,1207.078304416188,nan,nan,nan,1726.1051236768274,nan,nan,nan,0.5619126428743467,nan,nan,nan,190.12892968762728,nan,nan,nan,188.5735657551753,nan,nan,0.0006105274321991927,1.4299860393163726,nan,0.0003255379033215544,1.3039041340534574e-06,0.9918194251921191
msd,100,5,1000629,0.5,nan,0.01,0.006666666666666666,3,10,1000,3,20,1000,1000,1000,10,"mcp,screened_dual,action_dual,restricted_mcp,stochastic_full_batch,stochastic_minibatch",False,0.3379210843704641,nan,nan,nan,False,Cannot load a SolverResults object with bad status: error,,,nan,nan,nan,nan,nan,,nan,True,1251.4110600841232,0.0073852975880577265,0.0073852975880577265,0.007385297571858018,True,,,2,0.0073852975880577265,0.001699019390742611,6.512201888853042e-11,nan,nan,,nan,True,289.9602385000326,0.0021558738720208193,3.3703307415144934e-05,0.0021558738720208193,True,,,1,0.0021558738720208193,nan,1.5765166949677223e-13,nan,nan,,nan,False,0.2381747500039637,nan,nan,nan,False,Cannot load a SolverResults object with bad status: error,,,nan,nan,nan,nan,nan,,nan,True,64.56013904092833,0.00455489914632079,0.00455489914632079,0.00396867388906702,True,,,,nan,nan,nan,0.029977519721241193,0.00044932584431870234,1000,nan,True,63.81126974988729,0.004554973723167599,0.004554973723167599,0.0039680946422203656,True,,,,nan,nan,nan,0.029976358454385118,0.00044929103309289306,1000,nan,nan,3703.2642174887105,nan,nan,nan,858.0708689433185,nan,nan,nan,0.7048235846179159,nan,nan,nan,191.0509347506438,nan,nan,nan,188.83482771951208,nan,nan,-0.005229423716036907,0.23170662921945143,nan,0.0008214048630806908,7.457684680911569e-08,0.9884004386891686
msd,100,5,1000630,0.5,nan,0.01,0.006666666666666666,3,10,1000,3,20,1000,1000,1000,10,"mcp,screened_dual,action_dual,restricted_mcp,stochastic_full_batch,stochastic_minibatch",False,0.4195312918163836,nan,nan,nan,False,Cannot load a SolverResults object with bad status: error,,,nan,nan,nan,nan,nan,,nan,True,506.1803400423378,0.002961304251940966,0.002961304245733265,0.002961304251940966,True,,,1,0.002961304251940966,-0.07738493823477122,2.0022872249114698e-11,nan,nan,,nan,True,378.3287195409648,0.004445620308826115,0.004445620296358366,0.004445620308826115,True,,,1,0.004445620308826115,nan,5.3019366674789126e-11,nan,nan,,nan,False,0.2143255826085806,nan,nan,nan,False,Cannot load a SolverResults object with bad status: error,,,nan,nan,nan,nan,nan,,nan,True,66.61786104086787,0.005664909829571962,0.0030180168125443774,0.005664909829571962,True,,,,nan,nan,nan,0.031316175866538835,0.0004903514354519946,1000,nan,True,73.15376370912418,0.005664735051308545,0.0030179360907948705,0.005664735051308545,True,,,,nan,nan,nan,0.03131333930984159,0.0004902626093666354,1000,nan,nan,1206.5377479968238,nan,nan,nan,901.7890367676032,nan,nan,nan,0.5108691217778925,nan,nan,nan,158.7911613277813,nan,nan,nan,174.37022013876717,nan,nan,0.0014843160568851488,0.7474188339857702,nan,0.0005665062458610778,-1.747782634176076e-07,1.0981103650903283
msd,100,5,1000631,0.5,nan,0.01,0.006666666666666666,3,10,1000,3,20,1000,1000,1000,10,"mcp,screened_dual,action_dual,restricted_mcp,stochastic_full_batch,stochastic_minibatch",False,0.31808995828032494,nan,nan,nan,False,Cannot load a SolverResults object with bad status: error,,,nan,nan,nan,nan,nan,,nan,True,394.4549880409613,0.004375021847659422,0.004375021847659422,0.00437502184723626,True,,,1,0.004375021847659422,-0.06891251956319064,1.7704171462185059e-12,nan,nan,,nan,True,388.88791562477127,0.005304090578270415,0.005304090578261478,0.005304090578270415,True,,,1,0.005304090578270415,nan,4.6282422339061213e-14,nan,nan,,nan,False,0.21124649979174137,nan,nan,nan,False,Cannot load a SolverResults object with bad status: error,,,nan,nan,nan,nan,nan,,nan,True,72.34924004180357,0.009586939651438808,0.006026311888415903,0.009586939651438808,True,,,,nan,nan,nan,0.039037748923851,0.0007619729205208149,1000,nan,True,67.61105491686612,0.009586751133887683,0.0060267939012085825,0.009586751133887683,True,,,,nan,nan,nan,0.03903863547855396,0.0007620075300137061,1000,nan,nan,1240.073689133367,nan,nan,nan,1222.5721230786348,nan,nan,nan,0.6641093008210431,nan,nan,nan,227.448990948793,nan,nan,nan,212.55325154679088,nan,nan,0.0009290687306109935,0.9858866725355949,nan,0.0005432066446507124,-1.8851755112514468e-07,0.9345095384250103
msd,100,5,1000632,0.5,nan,0.01,0.006666666666666666,3,10,1000,3,20,1000,1000,1000,10,"mcp,screened_dual,action_dual,restricted_mcp,stochastic_full_batch,stochastic_minibatch",False,0.3281735829077661,nan,nan,nan,False,Cannot load a SolverResults object with bad status: error,,,nan,nan,nan,nan,nan,,nan,True,433.0359714999795,0.003213887532488635,0.0032138875324881355,0.003213887532488635,True,,,1,0.003213887532488635,-0.09030034069991179,1.099120794378905e-14,nan,nan,,nan,True,354.349625709001,0.002826354635992845,0.0028263546352283453,0.002826354635992845,True,,,1,0.002826354635992845,nan,5.097355870731235e-11,nan,nan,,nan,False,0.20500683365389705,nan,nan,nan,False,Cannot load a SolverResults object with bad status: error,,,nan,nan,nan,nan,nan,,nan,True,69.24670887505636,0.008022478395909638,0.008022478395909638,0.001514527368594809,True,,,,nan,nan,nan,0.028397354030557848,0.00040320485796842,1000,nan,True,71.20644420897588,0.008021655955017026,0.008021655955017026,0.001514552252566026,True,,,,nan,nan,nan,0.028389726087295186,0.0004029882736558244,1000,nan,nan,1319.5333020503517,nan,nan,nan,1079.762796777557,nan,nan,nan,0.6246902381277736,nan,nan,nan,211.0063468896529,nan,nan,nan,216.9779894470927,nan,nan,-0.00038753289649579026,0.8182914331148533,nan,0.0005785439542759748,-8.224408926116311e-07,1.0283007722064528
msd,100,5,1000633,0.5,nan,0.01,0.006666666666666666,3,10,1000,3,20,1000,1000,1000,10,"mcp,screened_dual,action_dual,restricted_mcp,stochastic_full_batch,stochastic_minibatch",False,0.37723808316513896,nan,nan,nan,False,Cannot load a SolverResults object with bad status: error,,,nan,nan,nan,nan,nan,,nan,True,426.1754877078347,0.005192579714188017,0.005192579714188017,0.005192579713661605,True,,,1,0.005192579714188017,-0.0932725034728334,1.1231163568603542e-12,nan,nan,,nan,True,414.8246722081676,0.008354234718373599,0.008354234718373599,0.008103465806562737,True,,,1,0.008354234718373599,nan,4.107825191113079e-15,nan,nan,,nan,False,0.43471637507900596,nan,nan,nan,False,Cannot load a SolverResults object with bad status: error,,,nan,nan,nan,nan,nan,,nan,True,66.15271916612983,0.00823956811042309,0.00823956811042309,0.00585753245960674,True,,,,nan,nan,nan,0.03658133454153095,0.0006690970184197027,1000,nan,True,67.2422796250321,0.008239761444653604,0.008239761444653604,0.005856333562940796,True,,,,nan,nan,nan,0.03657983793925218,0.0006690422718309766,1000,nan,nan,1129.7255148051238,nan,nan,nan,1099.636252860968,nan,nan,nan,1.1523660904848396,nan,nan,nan,175.36065980160055,nan,nan,nan,178.24891660155174,nan,nan,0.0031616550041855818,0.973365864938134,nan,0.0010479520727755948,1.933342305138197e-07,1.0164703805472615
msd,100,5,1000634,0.5,nan,0.01,0.006666666666666666,3,10,1000,3,20,1000,1000,1000,10,"mcp,screened_dual,action_dual,restricted_mcp,stochastic_full_batch,stochastic_minibatch",False,0.38281595800071955,nan,nan,nan,False,Cannot load a SolverResults object with bad status: error,,,nan,nan,nan,nan,nan,,nan,True,381.8096688752994,0.0008640073340069332,0.0008640073340069332,0.0008640073319660102,True,,,1,0.0008640073340069332,-0.055610108052096395,9.67076418945112e-12,nan,nan,,nan,True,1325.2399186659604,0.001160022756247825,0.001160022756243606,0.001160022756247825,True,,,3,0.001160022756247825,nan,8.770761894538737e-15,nan,nan,,nan,False,0.19359004218131304,nan,nan,nan,False,Cannot load a SolverResults object with bad status: error,,,nan,nan,nan,nan,nan,,nan,False,64.62947137514129,0.011745627035747108,0.009506126106937574,0.011745627035747108,True,,,,nan,nan,nan,0.048337999586739094,0.0011682811020237943,1000,nan,False,65.30805291701108,0.011745479712143847,0.009507028568202736,0.011745479712143847,True,,,,nan,nan,nan,0.04834060144671258,0.0011684068741149552,1000,nan,nan,997.3713501112243,nan,nan,nan,3461.819944986383,nan,nan,nan,0.5057000319222564,nan,nan,nan,168.82648182346622,nan,nan,nan,170.59908698186592,nan,nan,0.0002960154222408917,3.4709438411283116,nan,0.00014607924154306227,-1.4732360326119576e-07,1.0104995681912818
msd,100,5,1000635,0.5,nan,0.01,0.006666666666666666,3,10,1000,3,20,1000,1000,1000,10,"mcp,screened_dual,action_dual,restricted_mcp,stochastic_full_batch,stochastic_minibatch",False,0.5274390405975282,nan,nan,nan,False,Cannot load a SolverResults object with bad status: error,,,nan,nan,nan,nan,nan,,nan,True,391.40377670759335,0.009314551539334803,0.009314551539334803,0.009314551539270688,True,,,1,0.009314551539334803,-0.04245907735843873,2.0180350446263873e-12,nan,nan,,nan,True,474.7261821250431,0.008404783025206253,0.008404783025206253,0.0048952133597725545,True,,,1,0.008404783025206253,nan,2.646341479284331e-12,nan,nan,,nan,False,0.20425058295950294,nan,nan,nan,False,Cannot load a SolverResults object with bad status: error,,,nan,nan,nan,nan,nan,,nan,True,65.96083016693592,0.007687181442934121,0.007687181442934121,0.00565234072026588,True,,,,nan,nan,nan,0.036204379846439795,0.000655378560032648,1000,nan,True,68.01500045880675,0.007686735686406265,0.007686735686406265,0.005652310325528265,True,,,,nan,nan,nan,0.03620260200321048,0.0006553141959014298,1000,nan,nan,742.0834382380522,nan,nan,nan,900.0588609960168,nan,nan,nan,0.3872496482780462,nan,nan,nan,125.05867994187504,nan,nan,nan,128.95329170505377,nan,nan,-0.0009097685141285505,1.2128809438640076,nan,0.00043024924819862415,-4.45756527855945e-07,1.0311422746904801
msd,100,5,1000636,0.5,nan,0.01,0.006666666666666666,3,10,1000,3,20,1000,1000,1000,10,"mcp,screened_dual,action_dual,restricted_mcp,stochastic_full_batch,stochastic_minibatch",False,0.4111710828728974,nan,nan,nan,False,Cannot load a SolverResults object with bad status: error,,,nan,nan,nan,nan,nan,,nan,True,344.9385290001519,0.0034859723742922677,0.0034859723742922677,0.0034859723742509674,True,,,1,0.0034859723742922677,-0.028245873584851484,4.298644773470528e-15,nan,nan,,nan,True,421.76544699957594,0.0007106198977024358,0.0007106198913729989,0.0007106198977024358,True,,,1,0.0007106198977024358,nan,9.206357898250417e-12,nan,nan,,nan,False,0.9666657908819616,nan,nan,nan,False,Cannot load a SolverResults object with bad status: error,,,nan,nan,nan,nan,nan,,nan,False,65.05826245900244,0.010830062266037499,0.009123056151341402,0.010830062266037499,True,,,,nan,nan,nan,0.05340390554557983,0.0014259885637606061,1000,nan,False,66.64875679090619,0.01083010909227139,0.009122851026386769,0.01083010909227139,True,,,,nan,nan,nan,0.053401580134872756,0.0014258643804506183,1000,nan,nan,838.9172861817729,nan,nan,nan,1025.7663161831679,nan,nan,nan,2.351006262716147,nan,nan,nan,158.2267459190788,nan,nan,nan,162.0949516323571,nan,nan,-0.002775352476589832,1.222726403519249,nan,0.002291951125344162,4.6826233890406854e-08,1.0244472304022265
msd,100,5,1000637,0.5,nan,0.01,0.006666666666666666,3,10,1000,3,20,1000,1000,1000,10,"mcp,screened_dual,action_dual,restricted_mcp,stochastic_full_batch,stochastic_minibatch",False,0.6375995827838778,nan,nan,nan,False,Cannot load a SolverResults object with bad status: error,,,nan,nan,nan,nan,nan,,nan,True,840.4443047498353,0.006622180521210552,0.006622180521208887,0.006622180521210552,True,,,2,0.006622180521210552,-0.03105828135130235,5.876894074302908e-13,nan,nan,,nan,True,233.16886608302593,0.0028138354317668868,0.0028138354317668868,0.001214223504922285,True,,,1,0.0028138354317668868,nan,1.7776891070298007e-12,nan,nan,,nan,False,0.20374904107302427,nan,nan,nan,False,Cannot load a SolverResults object with bad status: error,,,nan,nan,nan,nan,nan,,nan,True,68.85775441676378,0.002732449366090517,0.0011849283725120507,0.002732449366090517,True,,,,nan,nan,nan,0.020668896938532817,0.00021360165032784561,1000,nan,True,71.16163008287549,0.0027323635391015566,0.0011848459385003784,0.0027323635391015566,True,,,,nan,nan,nan,0.020665877559174924,0.00021353924764540486,1000,nan,nan,1318.138103353675,nan,nan,nan,365.69795899954556,nan,nan,nan,0.3195564215764042,nan,nan,nan,107.99529403096231,nan,nan,nan,111.60865220797453,nan,nan,-0.0038083450894436655,0.27743523843906637,nan,0.0008738261007817143,-8.58269889603136e-08,1.0334584780701304
msd,100,5,1000638,0.5,nan,0.01,0.006666666666666666,3,10,1000,3,20,1000,1000,1000,10,"mcp,screened_dual,action_dual,restricted_mcp,stochastic_full_batch,stochastic_minibatch",False,0.4191075419075787,nan,nan,nan,False,Cannot load a SolverResults object with bad status: error,,,nan,nan,nan,nan,nan,,nan,True,539.5985130420886,0.007063220219207356,0.007063220219207356,0.00706322021906991,True,,,1,0.007063220219207356,-0.026671609497471604,7.423284209551184e-12,nan,nan,,nan,True,247.76814224990085,0.002287690945241283,0.002287690945241283,0.002287690944920151,True,,,1,0.002287690945241283,nan,5.948019854429276e-13,nan,nan,,nan,False,0.24444941710680723,nan,nan,nan,False,Cannot load a SolverResults object with bad status: error,,,nan,nan,nan,nan,nan,,nan,True,69.06314495904371,0.005350990891737795,0.005350990891737795,0.0026598326601350863,True,,,,nan,nan,nan,0.03352528437867447,0.0005619723463354972,1000,nan,True,71.70101479161531,0.005351109895801509,0.005351109895801509,0.0026598332038686445,True,,,,nan,nan,nan,0.03352328713465139,0.0005619053901561418,1000,nan,nan,1287.4941610119736,nan,nan,nan,591.1803474644665,nan,nan,nan,0.5832617947989899,nan,nan,nan,164.78621368802155,nan,nan,nan,171.08023030381725,nan,nan,-0.004775529273966073,0.4591712843185225,nan,0.000986605521141833,1.1900406371445627e-07,1.0381950435957692
msd,100,5,1000639,0.5,nan,0.01,0.006666666666666666,3,10,1000,3,20,1000,1000,1000,10,"mcp,screened_dual,action_dual,restricted_mcp,stochastic_full_batch,stochastic_minibatch",False,0.40831379126757383,nan,nan,nan,False,Cannot load a SolverResults object with bad status: error,,,nan,nan,nan,nan,nan,,nan,True,370.626307208091,0.008340731317337258,0.005240695924176586,0.008340731317337258,True,,,1,0.008340731317337258,-0.0467928849782516,3.0258712202524407e-12,nan,nan,,nan,True,378.3014693749137,0.001745789301759837,0.0017457893017392978,0.001745789301759837,True,,,1,0.001745789301759837,nan,1.3119713648812592e-13,nan,nan,,nan,False,0.21610204223543406,nan,nan,nan,False,Cannot load a SolverResults object with bad status: error,,,nan,nan,nan,nan,nan,,nan,True,70.09532337496057,0.004591053801271117,0.004591053801271117,0.0027924357001858913,True,,,,nan,nan,nan,0.026341495156541318,0.00034693718354104485,1000,nan,True,67.45477274991572,0.004590875710449804,0.004590875710449804,0.002793265679183532,True,,,,nan,nan,nan,0.02634450300885624,0.00034701641939181773,1000,nan,nan,907.6997033519604,nan,nan,nan,926.4969184619272,nan,nan,nan,0.5292548203296403,nan,nan,nan,171.670232243089,nan,nan,nan,165.20326815439756,nan,nan,-0.006594942015577421,1.02070862757865,nan,0.0005712429364668083,-1.7809082131226006e-07,0.9623291469686249
msd,100,5,1000640,0.5,nan,0.01,0.006666666666666666,3,10,1000,3,20,1000,1000,1000,10,"mcp,screened_dual,action_dual,restricted_mcp,stochastic_full_batch,stochastic_minibatch",False,0.4299607500433922,nan,nan,nan,False,Cannot load a SolverResults object with bad status: error,,,nan,nan,nan,nan,nan,,nan,True,290.43219049973413,0.006912665831911635,0.006912665831911635,0.006912665831400933,True,,,1,0.006912665831911635,-0.12128480708912974,5.3931581422972386e-12,nan,nan,,nan,True,392.9880458326079,0.0018537543267428402,0.001534514697843381,0.0018537543267428402,True,,,1,0.0018537543267428402,nan,3.774758283725532e-15,nan,nan,,nan,False,0.20825737481936812,nan,nan,nan,False,Cannot load a SolverResults object with bad status: error,,,nan,nan,nan,nan,nan,,nan,True,64.8100815829821,0.007499584181723806,0.006181968515285519,0.007499584181723806,True,,,,nan,nan,nan,0.03755709190461055,0.0007052675761656816,1000,nan,True,68.59340849984437,0.007500564318664027,0.006182760665813469,0.007500564318664027,True,,,,nan,nan,nan,0.03756107618709346,0.0007054172221663196,1000,nan,nan,675.485356443404,nan,nan,nan,914.0091177926056,nan,nan,nan,0.48436368854215306,nan,nan,nan,150.7348788847386,nan,nan,nan,159.53411676047602,nan,nan,-0.005058911505168795,1.3531146294644898,nan,0.0005299331036345944,9.801369402206994e-07,1.0583755925691616
msd,100,5,1000641,0.5,nan,0.01,0.006666666666666666,3,10,1000,3,20,1000,1000,1000,10,"mcp,screened_dual,action_dual,restricted_mcp,stochastic_full_batch,stochastic_minibatch",False,0.3271262082271278,nan,nan,nan,False,Cannot load a SolverResults object with bad status: error,,,nan,nan,nan,nan,nan,,nan,True,407.26703049987555,0.0002036930695425987,0.00020369306953793576,0.0002036930695425987,True,,,1,0.0002036930695425987,-0.09067054274604655,8.382183835919932e-15,nan,nan,,nan,True,349.91190125001594,0.0011135639215673065,0.0011135639215673065,0.0011135639214487347,True,,,1,0.0011135639215673065,nan,4.365063865918728e-12,nan,nan,,nan,False,0.32776779122650623,nan,nan,nan,False,Cannot load a SolverResults object with bad status: error,,,nan,nan,nan,nan,nan,,nan,False,70.86284891702235,0.011677895382916748,0.0014415380120461063,0.011677895382916748,True,,,,nan,nan,nan,0.03809626502445545,0.0007256627044067738,1000,nan,False,69.0128767923452,0.011678335160893505,0.001441126897804068,0.011678335160893505,True,,,,nan,nan,nan,0.038098277265679624,0.0007257393653063005,1000,nan,nan,1244.9844135297926,nan,nan,nan,1069.6541348563176,nan,nan,nan,1.001961270553208,nan,nan,nan,216.62235288656967,nan,nan,nan,210.96712845590378,nan,nan,0.0009098708520247079,0.8591707038513221,nan,0.0009367151847524972,4.397779767573162e-07,0.9738936247561343
msd,100,5,1000642,0.5,nan,0.01,0.006666666666666666,3,10,1000,3,20,1000,1000,1000,10,"mcp,screened_dual,action_dual,restricted_mcp,stochastic_full_batch,stochastic_minibatch",False,0.35546154202893376,nan,nan,nan,False,Cannot load a SolverResults object with bad status: error,,,nan,nan,nan,nan,nan,,nan,True,386.3459276249632,0.002343178170791105,0.002343178170791105,0.0023431781707409782,True,,,1,0.002343178170791105,-0.06062471466097598,3.5770349356145648e-12,nan,nan,,nan,True,380.2523040827364,0.008657030872452509,0.008657030872452509,0.008657030871826343,True,,,1,0.008657030872452509,nan,2.515217201182196e-12,nan,nan,,nan,False,0.39600662468001246,nan,nan,nan,False,Cannot load a SolverResults object with bad status: error,,,nan,nan,nan,nan,nan,,nan,False,59.214090124703944,0.011690627302048895,0.011690627302048895,0.0022227432718271434,True,,,,nan,nan,nan,0.032952510587628166,0.0005429339770138731,1000,nan,False,62.74903170764446,0.011691188333501856,0.011691188333501856,0.0022233217750065593,True,,,,nan,nan,nan,0.032960382626726854,0.0005431934114501187,1000,nan,nan,1086.8853080975932,nan,nan,nan,1069.7424590921983,nan,nan,nan,1.1140632047552936,nan,nan,nan,166.58367537235307,nan,nan,nan,176.52832807026093,nan,nan,0.006313852701661404,0.9842275455582332,nan,0.0010414312298127409,5.610314529613802e-07,1.0596976424951559
msd,100,10,1001123,0.5,nan,0.01,0.006666666666666666,4,10,1000,3,20,1000,1000,1000,10,"mcp,screened_dual,action_dual,restricted_mcp,stochastic_full_batch,stochastic_minibatch",False,0.9188548331148922,nan,nan,nan,False,Cannot load a SolverResults object with bad status: error,,,nan,nan,nan,nan,nan,,nan,True,1395.1386156249791,0.006893151166450728,0.006893151166409595,0.006893151166450728,True,,,5,0.006893151166450728,-0.011176676457419089,7.888134589961737e-14,nan,nan,,nan,True,631.6175817912444,0.0076118783377351895,0.0076118783377351895,0.007611878337705658,True,,,2,0.0076118783377351895,nan,5.312412676459205e-12,nan,nan,,nan,False,0.1661395411938429,nan,nan,nan,False,Cannot load a SolverResults object with bad status: error,,,nan,nan,nan,nan,nan,,nan,True,26.035728540737182,0.005478344460756401,0.005478344460756401,0.004295409978635922,True,,,,nan,nan,nan,0.03893290703665982,0.0007578856251625977,1000,nan,True,25.43720508273691,0.005478153393133678,0.005478153393133678,0.004295385176046329,True,,,,nan,nan,nan,0.03893189558800639,0.0007578462470377156,1000,nan,nan,1518.3449717465141,nan,nan,nan,687.3964842194697,nan,nan,nan,0.1808115223496561,nan,nan,nan,28.3349747995304,nan,nan,nan,27.683595020668818,nan,nan,0.0007187271712844612,0.4527274743293513,nan,0.00026303818320363596,-1.910676227234731e-07,0.9770114572725022
msd,100,10,1001124,0.5,nan,0.01,0.006666666666666666,4,10,1000,3,20,1000,1000,1000,10,"mcp,screened_dual,action_dual,restricted_mcp,stochastic_full_batch,stochastic_minibatch",False,0.8770541669800878,nan,nan,nan,False,Cannot load a SolverResults object with bad status: error,,,nan,nan,nan,nan,nan,,nan,True,1108.8782914164476,0.007189500238743429,0.007189500238271251,0.007189500238743429,True,,,3,0.007189500238743429,-0.025749801882017767,1.4857892693953545e-11,nan,nan,,nan,True,428.38656874978915,0.006134924406979603,0.006134924406140108,0.006134924406979603,True,,,1,0.006134924406979603,nan,4.089506511206764e-12,nan,nan,,nan,False,0.3917529582977295,nan,nan,nan,False,Cannot load a SolverResults object with bad status: error,,,nan,nan,nan,nan,nan,,nan,True,54.864341124892235,0.006494609781511673,0.003393423085751357,0.006494609781511673,True,,,,nan,nan,nan,0.034786462314163026,0.0006050489801673422,1000,nan,True,55.911089750006795,0.006494420029079684,0.0033930632827587903,0.006494420029079684,True,,,,nan,nan,nan,0.034784496814353784,0.0006049806093138942,1000,nan,nan,1264.3213306135779,nan,nan,nan,488.43798351113134,nan,nan,nan,0.4466690576781943,nan,nan,nan,62.55524822805825,nan,nan,nan,63.74873052883651,nan,nan,-0.0010545758317638265,0.3863242450193349,nan,0.0009144846894734075,-1.897524319893762e-07,1.0190788516485008
msd,100,10,1001125,0.5,nan,0.01,0.006666666666666666,4,10,1000,3,20,1000,1000,1000,10,"mcp,screened_dual,action_dual,restricted_mcp,stochastic_full_batch,stochastic_minibatch",False,1.103619874920696,nan,nan,nan,False,Cannot load a SolverResults object with bad status: error,,,nan,nan,nan,nan,nan,,nan,True,781.4173952080309,0.008950076468035473,0.008950076468035473,0.008950076468033474,True,,,3,0.008950076468035473,-0.039032258953171015,5.18030063290098e-13,nan,nan,,nan,True,958.0193073330447,0.006931407904661846,0.006931407904588793,0.006931407904661846,True,,,2,0.006931407904661846,nan,2.5702148742645647e-12,nan,nan,,nan,False,0.16464808396995068,nan,nan,nan,False,Cannot load a SolverResults object with bad status: error,,,nan,nan,nan,nan,nan,,nan,True,34.53276329115033,0.005513424481496998,0.005513424481496998,0.0049338607211065755,True,,,,nan,nan,nan,0.03115497829750859,0.00048531633635911565,1000,nan,True,34.61432904191315,0.0055133085750936894,0.0055133085750936894,0.004933976360023129,True,,,,nan,nan,nan,0.03115389452844459,0.00048528257214472496,1000,nan,nan,708.0494044783146,nan,nan,nan,868.0700022749102,nan,nan,nan,0.1491891254511722,nan,nan,nan,31.29045070308451,nan,nan,nan,31.364358171241225,nan,nan,-0.0020186685633736268,1.2260020230007784,nan,0.0001718630122688254,-1.1590640330849666e-07,1.0023619815789175
msd,100,10,1001126,0.5,nan,0.01,0.006666666666666666,4,10,1000,3,20,1000,1000,1000,10,"mcp,screened_dual,action_dual,restricted_mcp,stochastic_full_batch,stochastic_minibatch",False,0.9081945000216365,nan,nan,nan,False,Cannot load a SolverResults object with bad status: error,,,nan,nan,nan,nan,nan,,nan,True,392.67275833291933,0.003742581029376746,0.00374258102925773,0.003742581029376746,True,,,1,0.003742581029376746,-0.0723069956106963,4.8072934522025434e-12,nan,nan,,nan,True,861.7999787502922,0.00546136625314203,0.00546136625314203,0.005461366253086741,True,,,2,0.00546136625314203,nan,1.2548961869640607e-11,nan,nan,,nan,False,0.30187012488022447,nan,nan,nan,False,Cannot load a SolverResults object with bad status: error,,,nan,nan,nan,nan,nan,,nan,True,55.84327808395028,0.007792326277312189,0.007792326277312189,0.007761351821027551,True,,,,nan,nan,nan,0.04098985019043987,0.0008400839093173516,1000,nan,True,52.64585579186678,0.007792088851238499,0.007792088851238499,0.0077612527649474905,True,,,,nan,nan,nan,0.040988633034867016,0.0008400340190334958,1000,nan,nan,432.36636901408724,nan,nan,nan,948.9156548842357,nan,nan,nan,0.3323848854766604,nan,nan,nan,61.48823636635092,nan,nan,nan,57.967600321971304,nan,nan,0.0017187852237652845,2.1947027402894936,nan,0.0003502786404311247,-2.3742607369037216e-07,0.9427429334059373
