risk,K,n,seed,gamma,alpha,entropy_kappa,smoothing_tau,step_size,theta_step_size,step_decay,max_iter,minibatch_size,regret_tolerance,record_every,certify_every,method,continuation_stage,stage_iteration,iteration,start_index,start_iteration,selected_stage,stage_improvement,stage_relative_improvement,stage_termination_reason,continuation_stop_reason,residual_norm,objective,eta,regret1,regret2,theta1,theta2
cvar,500,50,15328123,0.5,0.5,0.01,0.002,500.0,500.0,0.5,2000,23,0.01,100,100,full_batch,0,0,0,0,0,True,nan,nan,stagnation,,0.2645266017064113,0.03498716150517118,0.05475692245987551,0.04864097188852706,0.05475692245987551,0.4965628538077235,0.5025077703221681
cvar,500,50,15328123,0.5,0.5,0.01,0.002,500.0,500.0,0.5,2000,23,0.01,100,100,full_batch,0,100,100,0,100,True,nan,nan,stagnation,,0.7106484871892376,0.25251063617217595,0.031730277500888304,0.030601721422993222,0.031730277500888304,-1160.5773810394649,-1449.1566427581856
cvar,500,50,15328123,0.5,0.5,0.01,0.002,500.0,500.0,0.5,2000,23,0.01,100,100,full_batch,0,200,200,0,200,True,nan,nan,stagnation,,0.7101047082738826,0.252124348356368,0.02921311449528219,0.028566465238888283,0.02921311449528219,-1160.5773810394649,-1449.1566427581856
cvar,500,50,15328123,0.5,0.5,0.01,0.002,500.0,500.0,0.5,2000,23,0.01,100,100,full_batch,0,300,300,0,300,True,nan,nan,stagnation,,0.7098539089033254,0.25194628599266533,0.028106809847576297,0.027687543992653718,0.028106809847576297,-1160.5773810394649,-1449.1566427581856
cvar,500,50,15328123,0.5,0.5,0.01,0.002,500.0,500.0,0.5,2000,23,0.01,100,100,full_batch,0,400,400,0,400,True,nan,nan,stagnation,,0.7096932122148841,0.2518322277319403,0.02746534329889938,0.0271667345841774,0.02746534329889938,-1160.5773810394649,-1449.1566427581856
cvar,500,50,15328123,0.5,0.5,0.01,0.002,500.0,500.0,0.5,2000,23,0.01,100,100,full_batch,0,500,500,0,500,True,nan,nan,stagnation,,0.7095757904496567,0.25174890119612753,0.02706574978013143,0.02681710592607378,0.02706574978013143,-1160.5773810394649,-1449.1566427581856
cvar,500,50,15328123,0.5,0.5,0.01,0.002,500.0,500.0,0.5,2000,23,0.01,100,100,full_batch,0,600,600,0,600,True,nan,nan,stagnation,,0.7094838192894063,0.25168364491674144,0.02681757358994241,0.026564511808574998,0.02681757358994241,-1160.5773810394649,-1449.1566427581856
cvar,500,50,15328123,0.5,0.5,0.01,0.002,500.0,500.0,0.5,2000,23,0.01,100,100,full_batch,0,700,700,0,700,True,nan,nan,stagnation,,0.7094086457796199,0.2516303133534371,0.02665138333657524,0.026368892821776457,0.02665138333657524,-1160.5773810394649,-1449.1566427581856
cvar,500,50,15328123,0.5,0.5,0.01,0.002,500.0,500.0,0.5,2000,23,0.01,100,100,full_batch,0,800,800,0,800,True,nan,nan,stagnation,,0.7093454011319767,0.2515854490535425,0.02652443557284534,0.02621113994457558,0.02652443557284534,-1160.5773810394649,-1449.1566427581856
cvar,500,50,15328123,0.5,0.5,0.01,0.002,500.0,500.0,0.5,2000,23,0.01,100,100,full_batch,0,900,900,0,900,True,nan,nan,stagnation,,0.7092910614899616,0.2515469049547782,0.026428360812650542,0.026080677722888468,0.026428360812650542,-1160.5773810394649,-1449.1566427581856
cvar,500,50,15328123,0.5,0.5,0.01,0.002,500.0,500.0,0.5,2000,23,0.01,100,100,full_batch,0,1000,1000,0,1000,True,nan,nan,stagnation,,0.7092436128027474,0.25151325115074674,0.026351996683634527,0.025969726402064963,0.026351996683634527,-1160.5773810394649,-1449.1566427581856
cvar,500,50,15328123,0.5,0.5,0.01,0.002,500.0,500.0,0.5,2000,23,0.01,100,100,full_batch,0,1100,1100,0,1100,True,nan,nan,stagnation,,0.7092016426286805,0.2514834849536093,0.02628531746529228,0.025873280979571867,0.02628531746529228,-1160.5773810394649,-1449.1566427581856
cvar,500,50,15328123,0.5,0.5,0.01,0.002,500.0,500.0,0.5,2000,23,0.01,100,100,full_batch,0,1200,1200,0,1200,True,nan,nan,stagnation,,0.7091641207824847,0.2514568751025973,0.02622665111364597,0.025788286198037857,0.02622665111364597,-1160.5773810394649,-1449.1566427581856
cvar,500,50,15328123,0.5,0.5,0.01,0.002,500.0,500.0,0.5,2000,23,0.01,100,100,full_batch,0,1300,1300,0,1300,True,nan,nan,stagnation,,0.709130272459036,0.2514328716589133,0.026171811722946137,0.02571203641593023,0.026171811722946137,-1160.5773810394649,-1449.1566427581856
cvar,500,50,15328123,0.5,0.5,0.01,0.002,500.0,500.0,0.5,2000,23,0.01,100,100,full_batch,0,1400,1400,0,1400,True,nan,nan,stagnation,,0.7090995004158432,0.25141105074499925,0.02612170114650536,0.02564295226686264,0.02612170114650536,-1160.5773810394649,-1449.1566427581856
cvar,500,50,15328123,0.5,0.5,0.01,0.002,500.0,500.0,0.5,2000,23,0.01,100,100,full_batch,0,1500,1500,0,1500,True,nan,nan,stagnation,,0.709071334920173,0.2513910790027381,0.026075876360233452,0.025578869055069342,0.026075876360233452,-1160.5773810394649,-1449.1566427581856
cvar,500,50,15328123,0.5,0.5,0.01,0.002,500.0,500.0,0.5,2000,23,0.01,100,100,full_batch,0,1600,1600,0,1600,True,nan,nan,stagnation,,0.7090454002696636,0.25137268982178373,0.026031968206399414,0.025519380982577666,0.026031968206399414,-1160.5773810394649,-1449.1566427581856
cvar,500,50,15328123,0.5,0.5,0.01,0.002,500.0,500.0,0.5,2000,23,0.01,100,100,full_batch,0,1700,1700,0,1700,True,nan,nan,stagnation,,0.7090213916565993,0.2513556669133304,0.025990048445225233,0.025463368935475184,0.025990048445225233,-1160.5773810394649,-1449.1566427581856
cvar,500,50,15328123,0.5,0.5,0.01,0.002,500.0,500.0,0.5,2000,23,0.01,100,100,full_batch,0,1800,1800,0,1800,True,nan,nan,stagnation,,0.7089990587351767,0.25133983264368326,0.02594823087523035,0.02540998384858484,0.02594823087523035,-1160.5773810394649,-1449.1566427581856
cvar,500,50,15328123,0.5,0.5,0.01,0.002,500.0,500.0,0.5,2000,23,0.01,100,100,full_batch,0,1900,1900,0,1900,True,nan,nan,stagnation,,0.7089781936739895,0.2513250395526165,0.025906128183407873,0.025358588670620685,0.025906128183407873,-1160.5773810394649,-1449.1566427581856
cvar,500,50,15328123,0.5,0.5,0.01,0.002,500.0,500.0,0.5,2000,23,0.01,100,100,full_batch,0,2000,2000,0,2000,True,nan,nan,stagnation,,0.7089586222935192,0.2513111640621624,0.02586625547154231,0.02530938720438236,0.02586625547154231,-1160.5773810394649,-1449.1566427581856
cvar,500,50,15328123,0.5,0.5,0.01,0.002,500.0,500.0,0.5,2000,23,0.01,100,100,full_batch,0,2000,2000,1,0,True,nan,nan,stagnation,,0.4338894421274476,0.09413002399483386,0.07635890463107886,0.07635890463107886,0.07634228789607922,0.4937601322509508,0.5120882387105102
cvar,500,50,15328123,0.5,0.5,0.01,0.002,500.0,500.0,0.5,2000,23,0.01,100,100,full_batch,0,2100,2100,1,100,True,nan,nan,stagnation,,1.1766376552994289,0.6922380859342688,0.04697959307689792,0.04697959307689792,0.03724668985733515,-2040.6761482627749,-1395.1191071016785
cvar,500,50,15328123,0.5,0.5,0.01,0.002,500.0,500.0,0.5,2000,23,0.01,100,100,full_batch,0,2200,2200,1,200,True,nan,nan,stagnation,,0.8055529013819765,0.32445773846246023,0.02585972953897553,0.02585972953897553,0.01329790347262072,-2040.6761482627749,-1395.1191071016785
cvar,500,50,15328123,0.5,0.5,0.01,0.002,500.0,500.0,0.5,2000,23,0.01,100,100,full_batch,0,2300,2300,1,300,True,nan,nan,stagnation,,0.7618219370410407,0.2901863318784817,0.013529773533604628,0.011507273568946541,0.013529773533604628,-2040.6761482627749,-1395.1191071016785
cvar,500,50,15328123,0.5,0.5,0.01,0.002,500.0,500.0,0.5,2000,23,0.01,100,100,full_batch,0,2400,2400,1,400,True,nan,nan,stagnation,,0.7378013000019592,0.2721753791422905,0.013377945165107374,0.010700808687014174,0.013377945165107374,-2040.6761482627749,-1395.1191071016785
cvar,500,50,15328123,0.5,0.5,0.01,0.002,500.0,500.0,0.5,2000,23,0.01,100,100,full_batch,0,2500,2500,1,500,True,nan,nan,stagnation,,0.7245228601613151,0.26246668744816626,0.013055281734929758,0.010872460191198474,0.013055281734929758,-2040.6761482627749,-1395.1191071016785
cvar,500,50,15328123,0.5,0.5,0.01,0.002,500.0,500.0,0.5,2000,23,0.01,100,100,full_batch,0,2600,2600,1,600,True,nan,nan,stagnation,,0.7172654064405296,0.2572348316381491,0.012075448866116889,0.011286788807359671,0.012075448866116889,-2040.6761482627749,-1395.1191071016785
cvar,500,50,15328123,0.5,0.5,0.01,0.002,500.0,500.0,0.5,2000,23,0.01,100,100,full_batch,0,2700,2700,1,700,True,nan,nan,stagnation,,0.7145908080183185,0.2553200114521367,0.011995904472110408,0.011349278508373195,0.011995904472110408,-2040.6761482627749,-1395.1191071016785
cvar,500,50,15328123,0.5,0.5,0.01,0.002,500.0,500.0,0.5,2000,23,0.01,100,100,full_batch,0,2800,2800,1,800,True,nan,nan,stagnation,,0.7129359532476829,0.25413883671659115,0.012092000103883116,0.011310284441240825,0.012092000103883116,-2040.6761482627749,-1395.1191071016785
cvar,500,50,15328123,0.5,0.5,0.01,0.002,500.0,500.0,0.5,2000,23,0.01,100,100,full_batch,0,2900,2900,1,900,True,nan,nan,stagnation,,0.7118304740353731,0.25335131188271204,0.01213516990586505,0.011261510086107873,0.01213516990586505,-2040.6761482627749,-1395.1191071016785
cvar,500,50,15328123,0.5,0.5,0.01,0.002,500.0,500.0,0.5,2000,23,0.01,100,100,full_batch,0,3000,3000,1,1000,True,nan,nan,stagnation,,0.7110624565741303,0.25280490857461846,0.01214729369699119,0.011213537235125748,0.01214729369699119,-2040.6761482627749,-1395.1191071016785
cvar,500,50,15328123,0.5,0.5,0.01,0.002,500.0,500.0,0.5,2000,23,0.01,100,100,full_batch,0,3100,3100,1,1100,True,nan,nan,stagnation,,0.7105114315114505,0.2524132471542253,0.012140485321984196,0.011169885929380952,0.012140485321984196,-2040.6761482627749,-1395.1191071016785
cvar,500,50,15328123,0.5,0.5,0.01,0.002,500.0,500.0,0.5,2000,23,0.01,100,100,full_batch,0,3200,3200,1,1200,True,nan,nan,stagnation,,0.710105169702307,0.2521246760189711,0.012128979503245985,0.011127271980852393,0.012128979503245985,-2040.6761482627749,-1395.1191071016785
cvar,500,50,15328123,0.5,0.5,0.01,0.002,500.0,500.0,0.5,2000,23,0.01,100,100,full_batch,0,3200,3200,2,0,True,nan,nan,stagnation,,0.42280509109225684,0.0893820725267658,0.0883801262660534,0.05050176462910866,0.0883801262660534,0.5001943238304432,0.5106717520205599
cvar,500,50,15328123,0.5,0.5,0.01,0.002,500.0,500.0,0.5,2000,23,0.01,100,100,full_batch,0,3300,3300,2,100,True,nan,nan,stagnation,,0.8035122413809777,0.32281596102454124,0.08475899926177632,0.08475899926177632,0.06198308010404319,-1074.681585858269,-1889.8190886059142
cvar,500,50,15328123,0.5,0.5,0.01,0.002,500.0,500.0,0.5,2000,23,0.01,100,100,full_batch,0,3400,3400,2,200,True,nan,nan,stagnation,,0.7492819561285835,0.2807117248899383,0.0632617532426255,0.0632617532426255,0.04621078590064642,-1074.681585858269,-1889.8190886059142
cvar,500,50,15328123,0.5,0.5,0.01,0.002,500.0,500.0,0.5,2000,23,0.01,100,100,full_batch,0,3500,3500,2,300,True,nan,nan,stagnation,,0.7308807638492236,0.2670933454824123,0.05310970392031433,0.05310970392031433,0.030871628835532627,-1074.681585858269,-1889.8190886059142
cvar,500,50,15328123,0.5,0.5,0.01,0.002,500.0,500.0,0.5,2000,23,0.01,100,100,full_batch,0,3600,3600,2,400,True,nan,nan,stagnation,,0.7230845265148613,0.26142561624261057,0.046928210124277725,0.046928210124277725,0.030141944399258325,-1074.681585858269,-1889.8190886059142
cvar,500,50,15328123,0.5,0.5,0.01,0.002,500.0,500.0,0.5,2000,23,0.01,100,100,full_batch,0,3700,3700,2,500,True,nan,nan,stagnation,,0.7188143477007387,0.25834703323021924,0.042196891472408016,0.042196891472408016,0.02982153320311709,-1074.681585858269,-1889.8190886059142
cvar,500,50,15328123,0.5,0.5,0.01,0.002,500.0,500.0,0.5,2000,23,0.01,100,100,full_batch,0,3800,3800,2,600,True,nan,nan,stagnation,,0.7162390530718445,0.25649919057262627,0.03868619593476996,0.03868619593476996,0.029534868269904035,-1074.681585858269,-1889.8190886059142
cvar,500,50,15328123,0.5,0.5,0.01,0.002,500.0,500.0,0.5,2000,23,0.01,100,100,full_batch,0,3900,3900,2,700,True,nan,nan,stagnation,,0.7145857799666455,0.25531641846526953,0.03637939334129692,0.03637939334129692,0.02954711755748307,-1074.681585858269,-1889.8190886059142
cvar,500,50,15328123,0.5,0.5,0.01,0.002,500.0,500.0,0.5,2000,23,0.01,100,100,full_batch,0,4000,4000,2,800,True,nan,nan,stagnation,,0.713470728787257,0.25452024041810983,0.03479669322755363,0.03479669322755363,0.030099688812156855,-1074.681585858269,-1889.8190886059142
cvar,500,50,15328123,0.5,0.5,0.01,0.002,500.0,500.0,0.5,2000,23,0.01,100,100,full_batch,0,4100,4100,2,900,True,nan,nan,stagnation,,0.7126900039835405,0.2539635208890295,0.03363037934240076,0.03363037934240076,0.03086347819991342,-1074.681585858269,-1889.8190886059142
cvar,500,50,15328123,0.5,0.5,0.01,0.002,500.0,500.0,0.5,2000,23,0.01,100,100,full_batch,0,4200,4200,2,1000,True,nan,nan,stagnation,,0.7121273679379253,0.2535626940830986,0.03276791211060037,0.03276791211060037,0.03185285962025297,-1074.681585858269,-1889.8190886059142
cvar,500,50,15328123,0.5,0.5,0.01,0.002,500.0,500.0,0.5,2000,23,0.01,100,100,full_batch,0,4300,4300,2,1100,True,nan,nan,stagnation,,0.7117111618175286,0.25326638892782816,0.03296246916144707,0.03206911802037704,0.03296246916144707,-1074.681585858269,-1889.8190886059142
cvar,500,50,15328123,0.5,0.5,0.01,0.002,500.0,500.0,0.5,2000,23,0.01,100,100,full_batch,0,4400,4400,2,1200,True,nan,nan,stagnation,,0.7113945343278252,0.2530410917357516,0.034091891903592075,0.0314782741784545,0.034091891903592075,-1074.681585858269,-1889.8190886059142
cvar,500,50,15328123,0.5,0.5,0.01,0.002,500.0,500.0,0.5,2000,23,0.01,100,100,full_batch,0,4500,4500,2,1300,True,nan,nan,stagnation,,0.7111465200657051,0.25286468650078114,0.035156748201425114,0.030975757495573686,0.035156748201425114,-1074.681585858269,-1889.8190886059142
cvar,500,50,15328123,0.5,0.5,0.01,0.002,500.0,500.0,0.5,2000,23,0.01,100,100,full_batch,0,4600,4600,2,1400,True,nan,nan,stagnation,,0.7109468089511604,0.25272268257891883,0.036025731240920233,0.03052102158783887,0.036025731240920233,-1074.681585858269,-1889.8190886059142
cvar,500,50,15328123,0.5,0.5,0.01,0.002,500.0,500.0,0.5,2000,23,0.01,100,100,full_batch,0,4700,4700,2,1500,True,nan,nan,stagnation,,0.7107819922576585,0.25260552025888305,0.03673417265884571,0.030107160857761217,0.03673417265884571,-1074.681585858269,-1889.8190886059142
cvar,500,50,15328123,0.5,0.5,0.01,0.002,500.0,500.0,0.5,2000,23,0.01,100,100,full_batch,0,4700,4700,3,0,True,nan,nan,stagnation,,0.41428985668238866,0.08581804267495707,0.07047355430870661,0.06958493724923781,0.07047355430870661,0.4858367045010476,0.5002940808042138
cvar,500,50,15328123,0.5,0.5,0.01,0.002,500.0,500.0,0.5,2000,23,0.01,100,100,full_batch,0,4800,4800,3,100,True,nan,nan,stagnation,,0.9377413074275599,0.4396793798279747,0.029407008748910002,0.029407008748910002,0.014265229528508394,-1654.8805797234986,-1650.9630152101035
cvar,500,50,15328123,0.5,0.5,0.01,0.002,500.0,500.0,0.5,2000,23,0.01,100,100,full_batch,0,4900,4900,3,200,True,nan,nan,stagnation,,0.7500972847311789,0.2813229682805436,0.01852002291409227,0.01852002291409227,0.017520813293819826,-1654.8805797234986,-1650.9630152101035
cvar,500,50,15328123,0.5,0.5,0.01,0.002,500.0,500.0,0.5,2000,23,0.01,100,100,full_batch,0,5000,5000,3,300,True,nan,nan,stagnation,,0.7276721960316578,0.2647534124387677,0.015034805125198836,0.01414073304035468,0.015034805125198836,-1654.8805797234986,-1650.9630152101035
cvar,500,50,15328123,0.5,0.5,0.01,0.002,500.0,500.0,0.5,2000,23,0.01,100,100,full_batch,0,5100,5100,3,400,True,nan,nan,stagnation,,0.7170216988421045,0.25706005830520884,0.011828768960488789,0.011316690176458089,0.011828768960488789,-1654.8805797234986,-1650.9630152101035
cvar,500,50,15328123,0.5,0.5,0.01,0.002,500.0,500.0,0.5,2000,23,0.01,100,100,full_batch,0,5200,5200,3,500,True,nan,nan,stagnation,,0.7139039661365331,0.2548294364327361,0.01134875992284301,0.010849141140114038,0.01134875992284301,-1654.8805797234986,-1650.9630152101035
cvar,500,50,15328123,0.5,0.5,0.01,0.002,500.0,500.0,0.5,2000,23,0.01,100,100,full_batch,0,5300,5300,3,600,True,nan,nan,stagnation,,0.7121530760863445,0.2535810018896214,0.01120042406816657,0.010630322332750186,0.01120042406816657,-1654.8805797234986,-1650.9630152101035
cvar,500,50,15328123,0.5,0.5,0.01,0.002,500.0,500.0,0.5,2000,23,0.01,100,100,full_batch,0,5400,5400,3,700,True,nan,nan,stagnation,,0.7110759903638624,0.25281453203597387,0.011080842513441103,0.010456578794326044,0.011080842513441103,-1654.8805797234986,-1650.9630152101035
cvar,500,50,15328123,0.5,0.5,0.01,0.002,500.0,500.0,0.5,2000,23,0.01,100,100,full_batch,0,5500,5500,3,800,True,nan,nan,stagnation,,0.7103788849610607,0.25231908009925996,0.010990222617077716,0.010329450053693234,0.010990222617077716,-1654.8805797234986,-1650.9630152101035
cvar,500,50,15328123,0.5,0.5,0.01,0.002,500.0,500.0,0.5,2000,23,0.01,100,100,full_batch,0,5600,5600,3,900,True,nan,nan,stagnation,,0.7099095018412132,0.2519857504022197,0.010920820076699034,0.01023951640082399,0.010920820076699034,-1654.8805797234986,-1650.9630152101035
cvar,500,50,15328123,0.5,0.5,0.01,0.002,500.0,500.0,0.5,2000,23,0.01,100,100,full_batch,0,5700,5700,3,1000,True,nan,nan,stagnation,,0.7095831285292018,0.25175410814664484,0.010888310355962716,0.010176407349316463,0.010888310355962716,-1654.8805797234986,-1650.9630152101035
cvar,500,50,15328123,0.5,0.5,0.01,0.002,500.0,500.0,0.5,2000,23,0.01,100,100,full_batch,0,5800,5800,3,1100,True,nan,nan,stagnation,,0.7093499591382691,0.2515886822647321,0.010877726623297224,0.010131491948497717,0.010877726623297224,-1654.8805797234986,-1650.9630152101035
cvar,500,50,15328123,0.5,0.5,0.01,0.002,500.0,500.0,0.5,2000,23,0.01,100,100,full_batch,0,5900,5900,3,1200,True,nan,nan,stagnation,,0.7091793684468047,0.2514676883153044,0.010879306934049815,0.010099676997907037,0.010879306934049815,-1654.8805797234986,-1650.9630152101035
cvar,500,50,15328123,0.5,0.5,0.01,0.002,500.0,500.0,0.5,2000,23,0.01,100,100,full_batch,0,6000,6000,3,1300,True,nan,nan,stagnation,,0.7090518377369313,0.25137725429905977,0.01089117582393273,0.010077063581148238,0.01089117582393273,-1654.8805797234986,-1650.9630152101035
cvar,500,50,15328123,0.5,0.5,0.01,0.002,500.0,500.0,0.5,2000,23,0.01,100,100,full_batch,0,6100,6100,3,1400,True,nan,nan,stagnation,,0.7089545699714987,0.25130829114173636,0.010903199057012758,0.010060615394512196,0.010903199057012758,-1654.8805797234986,-1650.9630152101035
cvar,500,50,15328123,0.5,0.5,0.01,0.002,500.0,500.0,0.5,2000,23,0.01,100,100,full_batch,0,6100,6100,4,0,True,nan,nan,stagnation,,0.4615983247285868,0.10653650669611894,0.08433228317030383,0.07696138943309938,0.08433228317030383,0.4922083014246929,0.5007377722006044
cvar,500,50,15328123,0.5,0.5,0.01,0.002,500.0,500.0,0.5,2000,23,0.01,100,100,full_batch,0,6200,6200,4,100,True,nan,nan,stagnation,,0.7918154589856216,0.3134858605443053,0.0516462006193571,0.022540282826888247,0.0516462006193571,-2021.9638488900669,-1908.1528685156995
cvar,500,50,15328123,0.5,0.5,0.01,0.002,500.0,500.0,0.5,2000,23,0.01,100,100,full_batch,0,6300,6300,4,200,True,nan,nan,stagnation,,0.7318423093184678,0.267796582854294,0.025275127346730875,0.019077679857769536,0.025275127346730875,-2021.9638488900669,-1908.1528685156995
cvar,500,50,15328123,0.5,0.5,0.01,0.002,500.0,500.0,0.5,2000,23,0.01,100,100,full_batch,0,6400,6400,4,300,True,nan,nan,stagnation,,0.7321808812555476,0.26804442143807516,0.02258340614345722,0.02258340614345722,0.019014092230937085,-2021.9638488900669,-1908.1528685156995
cvar,500,50,15328123,0.5,0.5,0.01,0.002,500.0,500.0,0.5,2000,23,0.01,100,100,full_batch,0,6500,6500,4,400,True,nan,nan,stagnation,,0.7239233371238285,0.26203249901625014,0.023307918166105,0.023307918166105,0.019097112278807726,-2021.9638488900669,-1908.1528685156995
cvar,500,50,15328123,0.5,0.5,0.01,0.002,500.0,500.0,0.5,2000,23,0.01,100,100,full_batch,0,6600,6600,4,500,True,nan,nan,stagnation,,0.7149896876186289,0.2556051267004923,0.021711169952109644,0.021711169952109644,0.020329557620270666,-2021.9638488900669,-1908.1528685156995
cvar,500,50,15328123,0.5,0.5,0.01,0.002,500.0,500.0,0.5,2000,23,0.01,100,100,full_batch,0,6700,6700,4,600,True,nan,nan,stagnation,,0.7132475500113611,0.25436103379860453,0.02068588595519394,0.02068588595519394,0.020433915840437855,-2021.9638488900669,-1908.1528685156995
cvar,500,50,15328123,0.5,0.5,0.01,0.002,500.0,500.0,0.5,2000,23,0.01,100,100,full_batch,0,6800,6800,4,700,True,nan,nan,stagnation,,0.7125776137339096,0.25388342779735645,0.020659031354796853,0.020659031354796853,0.020009947050152688,-2021.9638488900669,-1908.1528685156995
cvar,500,50,15328123,0.5,0.5,0.01,0.002,500.0,500.0,0.5,2000,23,0.01,100,100,full_batch,0,6900,6900,4,800,True,nan,nan,stagnation,,0.712126985498406,0.25356242173752347,0.020593541447901598,0.020593541447901598,0.019713749302197714,-2021.9638488900669,-1908.1528685156995
cvar,500,50,15328123,0.5,0.5,0.01,0.002,500.0,500.0,0.5,2000,23,0.01,100,100,full_batch,0,7000,7000,4,900,True,nan,nan,stagnation,,0.7118063877864768,0.2533341668468161,0.020507046709081322,0.020507046709081322,0.019493799007748724,-2021.9638488900669,-1908.1528685156995
cvar,500,50,15328123,0.5,0.5,0.01,0.002,500.0,500.0,0.5,2000,23,0.01,100,100,full_batch,0,7100,7100,4,1000,True,nan,nan,stagnation,,0.7115675627022543,0.2531641981450133,0.020411292074281828,0.020411292074281828,0.019328725765662136,-2021.9638488900669,-1908.1528685156995
cvar,500,50,15328123,0.5,0.5,0.01,0.002,500.0,500.0,0.5,2000,23,0.01,100,100,full_batch,0,7200,7200,4,1100,True,nan,nan,stagnation,,0.7113829773497554,0.25303287023150134,0.020312413428628773,0.020312413428628773,0.0192002959333607,-2021.9638488900669,-1908.1528685156995
cvar,500,50,15328123,0.5,0.5,0.01,0.002,500.0,500.0,0.5,2000,23,0.01,100,100,full_batch,0,7300,7300,4,1200,True,nan,nan,stagnation,,0.7112359561562233,0.25292829266472855,0.020214376476091478,0.020214376476091478,0.019096168512968914,-2021.9638488900669,-1908.1528685156995
cvar,500,50,15328123,0.5,0.5,0.01,0.002,500.0,500.0,0.5,2000,23,0.01,100,100,full_batch,0,7400,7400,4,1300,True,nan,nan,stagnation,,0.7111158569983981,0.2528428810372831,0.020120580539256916,0.020120580539256916,0.01900703841271123,-2021.9638488900669,-1908.1528685156995
cvar,500,50,15328123,0.5,0.5,0.01,0.002,500.0,500.0,0.5,2000,23,0.01,100,100,full_batch,0,7500,7500,4,1400,True,nan,nan,stagnation,,0.7110156049467502,0.2527715952388966,0.02003092913695992,0.02003092913695992,0.018929009607554503,-2021.9638488900669,-1908.1528685156995
cvar,500,50,15328123,0.5,0.5,0.01,0.002,500.0,500.0,0.5,2000,23,0.01,100,100,full_batch,0,7600,7600,4,1500,True,nan,nan,stagnation,,0.7109303432294013,0.2527109764621372,0.019947499102280553,0.019947499102280553,0.018860065945871418,-2021.9638488900669,-1908.1528685156995
cvar,500,50,15328123,0.5,0.5,0.01,0.002,500.0,500.0,0.5,2000,23,0.01,100,100,full_batch,0,7700,7700,4,1600,True,nan,nan,stagnation,,0.7108566486130271,0.25265858743867237,0.01986935224929065,0.01986935224929065,0.018797149168497285,-2021.9638488900669,-1908.1528685156995
cvar,500,50,15328123,0.5,0.5,0.01,0.002,500.0,500.0,0.5,2000,23,0.01,100,100,full_batch,0,7800,7800,4,1700,True,nan,nan,stagnation,,0.7107920528442796,0.25261267119329256,0.01979352672535406,0.01979352672535406,0.018737909295567956,-2021.9638488900669,-1908.1528685156995
cvar,500,50,15328123,0.5,0.5,0.01,0.002,500.0,500.0,0.5,2000,23,0.01,100,100,full_batch,0,7900,7900,4,1800,True,nan,nan,stagnation,,0.7107347399963623,0.25257193531884836,0.01972267849826881,0.01972267849826881,0.018680846078836022,-2021.9638488900669,-1908.1528685156995
cvar,500,50,15328123,0.5,0.5,0.01,0.002,500.0,500.0,0.5,2000,23,0.01,100,100,full_batch,0,8000,8000,4,1900,True,nan,nan,stagnation,,0.7106833494766457,0.25253541161167203,0.019655303545569325,0.019655303545569325,0.018627365356906456,-2021.9638488900669,-1908.1528685156995
cvar,500,50,15328123,0.5,0.5,0.01,0.002,500.0,500.0,0.5,2000,23,0.01,100,100,full_batch,0,8100,8100,4,2000,True,nan,nan,stagnation,,0.7106368446931505,0.2525023625177184,0.019590380693440546,0.019590380693440546,0.01857805053717998,-2021.9638488900669,-1908.1528685156995
cvar,500,50,15328123,0.5,0.5,0.01,0.002,500.0,500.0,0.5,2000,23,0.01,100,100,minibatch,0,0,0,0,0,True,nan,nan,regret_tolerance,regret_tolerance,0.2645266017064113,0.03498716150517118,0.05475692245987551,0.04864097188852706,0.05475692245987551,0.4965628538077235,0.5025077703221681
cvar,500,50,15328123,0.5,0.5,0.01,0.002,500.0,500.0,0.5,2000,23,0.01,100,100,minibatch,0,100,100,0,100,True,nan,nan,regret_tolerance,regret_tolerance,3.1575718761433222,4.98513007650563,0.4279744803672305,0.4279744803672305,0.35750381477373805,-1002.4796418036489,1198.0860921583337
cvar,500,50,15328123,0.5,0.5,0.01,0.002,500.0,500.0,0.5,2000,23,0.01,100,100,minibatch,0,200,200,0,200,True,nan,nan,regret_tolerance,regret_tolerance,3.1210329601476703,4.870423369164064,0.26583866517634513,0.26583866517634513,0.04414893229122896,-1002.4796418036489,1198.0860921583337
cvar,500,50,15328123,0.5,0.5,0.01,0.002,500.0,500.0,0.5,2000,23,0.01,100,100,minibatch,0,300,300,0,300,True,nan,nan,regret_tolerance,regret_tolerance,2.8980422561442505,4.199324459198829,0.43774568477197073,0.03681599353779208,0.43774568477197073,-1002.4796418036489,1198.0860921583337
cvar,500,50,15328123,0.5,0.5,0.01,0.002,500.0,500.0,0.5,2000,23,0.01,100,100,minibatch,0,400,400,0,400,True,nan,nan,regret_tolerance,regret_tolerance,2.38175228986067,2.836371985128272,0.27661585576883696,0.042180352997998716,0.27661585576883696,-1002.4796418036489,1198.0860921583337
cvar,500,50,15328123,0.5,0.5,0.01,0.002,500.0,500.0,0.5,2000,23,0.01,100,100,minibatch,0,500,500,0,500,True,nan,nan,regret_tolerance,regret_tolerance,2.2503245855918466,2.531980370259558,0.3728008025416419,0.033325393398466296,0.3728008025416419,-1002.4796418036489,1198.0860921583337
cvar,500,50,15328123,0.5,0.5,0.01,0.002,500.0,500.0,0.5,2000,23,0.01,100,100,minibatch,0,500,500,1,0,True,nan,nan,regret_tolerance,regret_tolerance,0.4338894421274476,0.09413002399483386,0.07635890463107886,0.07635890463107886,0.07634228789607922,0.4937601322509508,0.5120882387105102
cvar,500,50,15328123,0.5,0.5,0.01,0.002,500.0,500.0,0.5,2000,23,0.01,100,100,minibatch,0,600,600,1,100,True,nan,nan,regret_tolerance,regret_tolerance,0.9544315336688519,0.4554697762307384,0.03806780864354087,0.03806780864354087,0.03285851826842323,-3397.3441967936938,-4457.104867630726
cvar,500,50,15328123,0.5,0.5,0.01,0.002,500.0,500.0,0.5,2000,23,0.01,100,100,minibatch,0,700,700,1,200,True,nan,nan,regret_tolerance,regret_tolerance,0.7708159154623587,0.2970785877650371,0.02495454366207217,0.02495454366207217,0.011843247315627359,-3397.3441967936938,-4457.104867630726
cvar,500,50,15328123,0.5,0.5,0.01,0.002,500.0,500.0,0.5,2000,23,0.01,100,100,minibatch,0,800,800,1,300,True,nan,nan,regret_tolerance,regret_tolerance,0.764657691114164,0.29235069229002214,0.020994887239874638,0.020994887239874638,0.008427388413829173,-3397.3441967936938,-4457.104867630726
cvar,500,50,15328123,0.5,0.5,0.01,0.002,500.0,500.0,0.5,2000,23,0.01,100,100,minibatch,0,900,900,1,400,True,nan,nan,regret_tolerance,regret_tolerance,0.7378535777578825,0.2722139511050538,0.024329745679942172,0.024329745679942172,0.008631634091543217,-3397.3441967936938,-4457.104867630726
cvar,500,50,15328123,0.5,0.5,0.01,0.002,500.0,500.0,0.5,2000,23,0.01,100,100,minibatch,0,1000,1000,1,500,True,nan,nan,regret_tolerance,regret_tolerance,0.721552757631406,0.26031919102274326,0.025932319372161894,0.025932319372161894,0.009395604699869886,-3397.3441967936938,-4457.104867630726
cvar,500,50,15328123,0.5,0.5,0.01,0.002,500.0,500.0,0.5,2000,23,0.01,100,100,minibatch,0,1100,1100,1,600,True,nan,nan,regret_tolerance,regret_tolerance,0.7146873381811218,0.2553889956782086,0.02442077033901402,0.02442077033901402,0.011144984953882608,-3397.3441967936938,-4457.104867630726
cvar,500,50,15328123,0.5,0.5,0.01,0.002,500.0,500.0,0.5,2000,23,0.01,100,100,minibatch,0,1200,1200,1,700,True,nan,nan,regret_tolerance,regret_tolerance,0.7131803407327809,0.25431309920386275,0.023238540697841703,0.023238540697841703,0.011654811729552184,-3397.3441967936938,-4457.104867630726
cvar,500,50,15328123,0.5,0.5,0.01,0.002,500.0,500.0,0.5,2000,23,0.01,100,100,minibatch,0,1300,1300,1,800,True,nan,nan,regret_tolerance,regret_tolerance,0.7122234109939409,0.25363109358392205,0.022329901069005564,0.022329901069005564,0.01195329574806081,-3397.3441967936938,-4457.104867630726
cvar,500,50,15328123,0.5,0.5,0.01,0.002,500.0,500.0,0.5,2000,23,0.01,100,100,minibatch,0,1300,1300,2,0,True,nan,nan,regret_tolerance,regret_tolerance,0.42280509109225684,0.0893820725267658,0.0883801262660534,0.05050176462910866,0.0883801262660534,0.5001943238304432,0.5106717520205599
cvar,500,50,15328123,0.5,0.5,0.01,0.002,500.0,500.0,0.5,2000,23,0.01,100,100,minibatch,0,1400,1400,2,100,True,nan,nan,regret_tolerance,regret_tolerance,0.9656262610500573,0.4662170380147567,0.04664425096224312,0.029922927791820486,0.04664425096224312,-1127.8248151972273,-3172.1065049402873
cvar,500,50,15328123,0.5,0.5,0.01,0.002,500.0,500.0,0.5,2000,23,0.01,100,100,minibatch,0,1500,1500,2,200,True,nan,nan,regret_tolerance,regret_tolerance,0.8107928540944201,0.3286925261252878,0.04405762695602389,0.008180565956338315,0.04405762695602389,-1127.8248151972273,-3172.1065049402873
cvar,500,50,15328123,0.5,0.5,0.01,0.002,500.0,500.0,0.5,2000,23,0.01,100,100,minibatch,0,1600,1600,2,300,True,nan,nan,regret_tolerance,regret_tolerance,0.76912209148096,0.2957743958020231,0.03622793245101752,0.007093062106629522,0.03622793245101752,-1127.8248151972273,-3172.1065049402873
cvar,500,50,15328123,0.5,0.5,0.01,0.002,500.0,500.0,0.5,2000,23,0.01,100,100,minibatch,0,1700,1700,2,400,True,nan,nan,regret_tolerance,regret_tolerance,0.7457017316548676,0.2780355362965341,0.033742628641357686,0.008264205616018927,0.033742628641357686,-1127.8248151972273,-3172.1065049402873
cvar,500,50,15328123,0.5,0.5,0.01,0.002,500.0,500.0,0.5,2000,23,0.01,100,100,minibatch,0,1800,1800,2,500,True,nan,nan,regret_tolerance,regret_tolerance,0.7311639014687187,0.2673003254054791,0.03228359113368451,0.00949882783653222,0.03228359113368451,-1127.8248151972273,-3172.1065049402873
cvar,500,50,15328123,0.5,0.5,0.01,0.002,500.0,500.0,0.5,2000,23,0.01,100,100,minibatch,0,1900,1900,2,600,True,nan,nan,regret_tolerance,regret_tolerance,0.7225342197581404,0.26102784936075235,0.032113740748948016,0.010321513822007522,0.032113740748948016,-1127.8248151972273,-3172.1065049402873
cvar,500,50,15328123,0.5,0.5,0.01,0.002,500.0,500.0,0.5,2000,23,0.01,100,100,minibatch,0,2000,2000,2,700,True,nan,nan,regret_tolerance,regret_tolerance,0.717427143031987,0.2573508527795195,0.03154047062138121,0.011562376624110526,0.03154047062138121,-1127.8248151972273,-3172.1065049402873
cvar,500,50,15328123,0.5,0.5,0.01,0.002,500.0,500.0,0.5,2000,23,0.01,100,100,minibatch,0,2100,2100,2,800,True,nan,nan,regret_tolerance,regret_tolerance,0.7155167699991789,0.25598212407502896,0.031151291921043267,0.012342192881584557,0.031151291921043267,-1127.8248151972273,-3172.1065049402873
cvar,500,50,15328123,0.5,0.5,0.01,0.002,500.0,500.0,0.5,2000,23,0.01,100,100,minibatch,0,2200,2200,2,900,True,nan,nan,regret_tolerance,regret_tolerance,0.7145161118937654,0.25526663707789193,0.03118202827203964,0.012582746798962319,0.03118202827203964,-1127.8248151972273,-3172.1065049402873
cvar,500,50,15328123,0.5,0.5,0.01,0.002,500.0,500.0,0.5,2000,23,0.01,100,100,minibatch,0,2300,2300,2,1000,True,nan,nan,regret_tolerance,regret_tolerance,0.7138199444041439,0.2547694565145675,0.03115421633161286,0.012700054464991117,0.03115421633161286,-1127.8248151972273,-3172.1065049402873
cvar,500,50,15328123,0.5,0.5,0.01,0.002,500.0,500.0,0.5,2000,23,0.01,100,100,minibatch,0,2400,2400,2,1100,True,nan,nan,regret_tolerance,regret_tolerance,0.7133169106449925,0.2544105075060581,0.031111825650079306,0.012738582541882426,0.031111825650079306,-1127.8248151972273,-3172.1065049402873
cvar,500,50,15328123,0.5,0.5,0.01,0.002,500.0,500.0,0.5,2000,23,0.01,100,100,minibatch,0,2500,2500,2,1200,True,nan,nan,regret_tolerance,regret_tolerance,0.7129416754436572,0.2541429162922045,0.031068251649133738,0.012720054127169256,0.031068251649133738,-1127.8248151972273,-3172.1065049402873
cvar,500,50,15328123,0.5,0.5,0.01,0.002,500.0,500.0,0.5,2000,23,0.01,100,100,minibatch,0,2600,2600,2,1300,True,nan,nan,regret_tolerance,regret_tolerance,0.7126538867340776,0.2539377811385937,0.031028876444294973,0.012665150037804107,0.031028876444294973,-1127.8248151972273,-3172.1065049402873
cvar,500,50,15328123,0.5,0.5,0.01,0.002,500.0,500.0,0.5,2000,23,0.01,100,100,minibatch,0,2600,2600,3,0,True,nan,nan,regret_tolerance,regret_tolerance,0.41428985668238866,0.08581804267495707,0.07047355430870661,0.06958493724923781,0.07047355430870661,0.4858367045010476,0.5002940808042138
cvar,500,50,15328123,0.5,0.5,0.01,0.002,500.0,500.0,0.5,2000,23,0.01,100,100,minibatch,0,2700,2700,3,100,True,nan,nan,regret_tolerance,regret_tolerance,5.096091743488411,12.985075529025375,0.6225582458942359,0.6225582458942359,0.26360382004463934,1095.7813280680812,-2432.6291977670835
cvar,500,50,15328123,0.5,0.5,0.01,0.002,500.0,500.0,0.5,2000,23,0.01,100,100,minibatch,0,2800,2800,3,200,True,nan,nan,regret_tolerance,regret_tolerance,3.108235008056525,4.830562432654072,0.40555220916369905,0.40555220916369905,0.0389698852563275,1095.7813280680812,-2432.6291977670835
cvar,500,50,15328123,0.5,0.5,0.01,0.002,500.0,500.0,0.5,2000,23,0.01,100,100,minibatch,0,2900,2900,3,300,True,nan,nan,regret_tolerance,regret_tolerance,2.0095290890200808,2.0191035798089376,0.25259626195346097,0.25259626195346097,0.03286473038237325,1095.7813280680812,-2432.6291977670835
cvar,500,50,15328123,0.5,0.5,0.01,0.002,500.0,500.0,0.5,2000,23,0.01,100,100,minibatch,0,3000,3000,3,400,True,nan,nan,regret_tolerance,regret_tolerance,2.138949260567443,2.2875519696410054,0.3128726117415408,0.3128726117415408,0.20470227101330912,1095.7813280680812,-2432.6291977670835
cvar,500,50,15328123,0.5,0.5,0.01,0.002,500.0,500.0,0.5,2000,23,0.01,100,100,minibatch,0,3100,3100,3,500,True,nan,nan,regret_tolerance,regret_tolerance,1.957708866511891,1.9163120030096363,0.23662146396009076,0.23662146396009076,0.05365032468738107,1095.7813280680812,-2432.6291977670835
cvar,500,50,15328123,0.5,0.5,0.01,0.002,500.0,500.0,0.5,2000,23,0.01,100,100,minibatch,0,3100,3100,4,0,True,nan,nan,regret_tolerance,regret_tolerance,0.4615983247285868,0.10653650669611894,0.08433228317030383,0.07696138943309938,0.08433228317030383,0.4922083014246929,0.5007377722006044
cvar,500,50,15328123,0.5,0.5,0.01,0.002,500.0,500.0,0.5,2000,23,0.01,100,100,minibatch,0,3200,3200,4,100,True,nan,nan,regret_tolerance,regret_tolerance,0.9012602753638069,0.4061350419744226,0.027874352818687775,6.795834266892786e-05,0.027874352818687775,-4141.255453980679,-3537.2537071201527
cvar,500,50,15328123,0.5,0.5,0.01,0.002,500.0,500.0,0.5,2000,23,0.01,100,100,minibatch,0,3300,3300,4,200,True,nan,nan,regret_tolerance,regret_tolerance,0.7861349316265487,0.3090040653617392,0.017774216291861045,0.0002515060183287954,0.017774216291861045,-4141.255453980679,-3537.2537071201527
cvar,500,50,15328123,0.5,0.5,0.01,0.002,500.0,500.0,0.5,2000,23,0.01,100,100,minibatch,0,3400,3400,4,300,True,nan,nan,regret_tolerance,regret_tolerance,0.7417692714111108,0.27511082600488507,0.010781868138186157,0.007131928332008153,0.010781868138186157,-4141.255453980679,-3537.2537071201527
cvar,500,50,15328123,0.5,0.5,0.01,0.002,500.0,500.0,0.5,2000,23,0.01,100,100,minibatch,0,3500,3500,4,400,True,nan,nan,regret_tolerance,regret_tolerance,0.7270881310324216,0.26432857514410996,0.011732760617197191,0.008797946868349893,0.011732760617197191,-4141.255453980679,-3537.2537071201527
cvar,500,50,15328123,0.5,0.5,0.01,0.002,500.0,500.0,0.5,2000,23,0.01,100,100,minibatch,0,3600,3600,4,500,True,nan,nan,regret_tolerance,regret_tolerance,0.7195850579799618,0.2589013278340125,0.011779320386007264,0.009177703997003794,0.011779320386007264,-4141.255453980679,-3537.2537071201527
cvar,500,50,15328123,0.5,0.5,0.01,0.002,500.0,500.0,0.5,2000,23,0.01,100,100,minibatch,0,3700,3700,4,600,True,nan,nan,regret_tolerance,regret_tolerance,0.7151328687253904,0.25570750996570324,0.011267415028003436,0.009243009569780303,0.011267415028003436,-4141.255453980679,-3537.2537071201527
cvar,500,50,15328123,0.5,0.5,0.01,0.002,500.0,500.0,0.5,2000,23,0.01,100,100,minibatch,0,3800,3800,4,700,True,nan,nan,regret_tolerance,regret_tolerance,0.7125855259744491,0.2538890659141412,0.01045100837013202,0.009151607199400447,0.01045100837013202,-4141.255453980679,-3537.2537071201527
cvar,500,50,15328123,0.5,0.5,0.01,0.002,500.0,500.0,0.5,2000,23,0.01,100,100,minibatch,0,3900,3900,4,800,True,nan,nan,regret_tolerance,regret_tolerance,0.7111573689674677,0.2528724017183655,0.009960679440502163,0.009014037307656708,0.009960679440502163,-4141.255453980679,-3537.2537071201527
cvar,500,50,15328124,0.5,0.5,0.01,0.002,500.0,500.0,0.5,2000,23,0.01,100,100,full_batch,0,0,0,0,0,True,nan,nan,stagnation,,0.2880110751070277,0.04147518969215298,0.059983407687379864,0.03885435363233375,0.059983407687379864,0.5012038672665393,0.4911656629552724
cvar,500,50,15328124,0.5,0.5,0.01,0.002,500.0,500.0,0.5,2000,23,0.01,100,100,full_batch,0,100,100,0,100,True,nan,nan,stagnation,,0.9811334724853684,0.4813114454155986,0.0486448793931854,0.03991521191278513,0.0486448793931854,-1161.1625665942574,-1959.800461445627
cvar,500,50,15328124,0.5,0.5,0.01,0.002,500.0,500.0,0.5,2000,23,0.01,100,100,full_batch,0,200,200,0,200,True,nan,nan,stagnation,,0.9230454948337599,0.4260064927664503,0.01933319484032281,0.01933319484032281,0.017792792118482947,-1161.1625665942574,-1959.800461445627
cvar,500,50,15328124,0.5,0.5,0.01,0.002,500.0,500.0,0.5,2000,23,0.01,100,100,full_batch,0,300,300,0,300,True,nan,nan,stagnation,,0.7965069330204608,0.3172116471748304,0.016917826540804093,0.016917826540804093,0.012673920646963155,-1161.1625665942574,-1959.800461445627
cvar,500,50,15328124,0.5,0.5,0.01,0.002,500.0,500.0,0.5,2000,23,0.01,100,100,full_batch,0,400,400,0,400,True,nan,nan,stagnation,,0.7420171944052941,0.27529475839655204,0.015173042936127534,0.013147970973945933,0.015173042936127534,-1161.1625665942574,-1959.800461445627
cvar,500,50,15328124,0.5,0.5,0.01,0.002,500.0,500.0,0.5,2000,23,0.01,100,100,full_batch,0,500,500,0,500,True,nan,nan,stagnation,,0.7256902841734826,0.2633131942718949,0.01577703604860725,0.01475604554204435,0.01577703604860725,-1161.1625665942574,-1959.800461445627
cvar,500,50,15328124,0.5,0.5,0.01,0.002,500.0,500.0,0.5,2000,23,0.01,100,100,full_batch,0,600,600,0,600,True,nan,nan,stagnation,,0.7170457638350763,0.25707731371691406,0.016353862137785447,0.016179665683521693,0.016353862137785447,-1161.1625665942574,-1959.800461445627
cvar,500,50,15328124,0.5,0.5,0.01,0.002,500.0,500.0,0.5,2000,23,0.01,100,100,full_batch,0,700,700,0,700,True,nan,nan,stagnation,,0.7138954953330027,0.2548233891283766,0.016610771118664824,0.016411240984632314,0.016610771118664824,-1161.1625665942574,-1959.800461445627
cvar,500,50,15328124,0.5,0.5,0.01,0.002,500.0,500.0,0.5,2000,23,0.01,100,100,full_batch,0,800,800,0,800,True,nan,nan,stagnation,,0.7126595487241046,0.2539418161938222,0.01640108774870508,0.01640108774870508,0.016068835920180824,-1161.1625665942574,-1959.800461445627
cvar,500,50,15328124,0.5,0.5,0.01,0.002,500.0,500.0,0.5,2000,23,0.01,100,100,full_batch,0,900,900,0,900,True,nan,nan,stagnation,,0.7118170443032764,0.2533417522803263,0.016251314785372672,0.016251314785372672,0.015579398590470417,-1161.1625665942574,-1959.800461445627
cvar,500,50,15328124,0.5,0.5,0.01,0.002,500.0,500.0,0.5,2000,23,0.01,100,100,full_batch,0,900,900,1,0,True,nan,nan,stagnation,,0.43569564921193493,0.09491534937110473,0.0724886481984639,0.0724886481984639,0.06632798587361788,0.4930955897493589,0.4870203238390861
cvar,500,50,15328124,0.5,0.5,0.01,0.002,500.0,500.0,0.5,2000,23,0.01,100,100,full_batch,0,1000,1000,1,100,True,nan,nan,stagnation,,0.938894713649406,0.44076164165940007,0.03174869665044511,0.03174869665044511,0.02568714418971807,-1595.5946274681276,-1930.8340889033395
cvar,500,50,15328124,0.5,0.5,0.01,0.002,500.0,500.0,0.5,2000,23,0.01,100,100,full_batch,0,1100,1100,1,200,True,nan,nan,stagnation,,0.7841104704373463,0.30741461492473826,0.03668638043399275,0.03668638043399275,0.009109434624809953,-1595.5946274681276,-1930.8340889033395
cvar,500,50,15328124,0.5,0.5,0.01,0.002,500.0,500.0,0.5,2000,23,0.01,100,100,full_batch,0,1200,1200,1,300,True,nan,nan,stagnation,,0.749913604961631,0.2811852074532745,0.03769295619810953,0.03769295619810953,0.012006615485917083,-1595.5946274681276,-1930.8340889033395
cvar,500,50,15328124,0.5,0.5,0.01,0.002,500.0,500.0,0.5,2000,23,0.01,100,100,full_batch,0,1300,1300,1,400,True,nan,nan,stagnation,,0.7305854215061962,0.26687752905869316,0.036311498652707774,0.036311498652707774,0.015539190035136707,-1595.5946274681276,-1930.8340889033395
cvar,500,50,15328124,0.5,0.5,0.01,0.002,500.0,500.0,0.5,2000,23,0.01,100,100,full_batch,0,1400,1400,1,500,True,nan,nan,stagnation,,0.7205959856328584,0.2596292872550954,0.03588906058964891,0.03588906058964891,0.01874189736980114,-1595.5946274681276,-1930.8340889033395
cvar,500,50,15328124,0.5,0.5,0.01,0.002,500.0,500.0,0.5,2000,23,0.01,100,100,full_batch,0,1500,1500,1,600,True,nan,nan,stagnation,,0.7173770539866,0.25731491879324664,0.03623042159056944,0.03623042159056944,0.01954128915574538,-1595.5946274681276,-1930.8340889033395
cvar,500,50,15328124,0.5,0.5,0.01,0.002,500.0,500.0,0.5,2000,23,0.01,100,100,full_batch,0,1500,1500,2,0,True,nan,nan,stagnation,,0.37896342751319506,0.07180663969627432,0.06611045885612832,0.055720148425985494,0.06611045885612832,0.506695630832807,0.4880823845236958
cvar,500,50,15328124,0.5,0.5,0.01,0.002,500.0,500.0,0.5,2000,23,0.01,100,100,full_batch,0,1600,1600,2,100,True,nan,nan,stagnation,,0.783306540146705,0.3067845679183008,0.051849926047621064,0.051849926047621064,0.03220848138402377,-1348.8984894000587,-1316.9936423748238
cvar,500,50,15328124,0.5,0.5,0.01,0.002,500.0,500.0,0.5,2000,23,0.01,100,100,full_batch,0,1700,1700,2,200,True,nan,nan,stagnation,,0.7371120639369653,0.2716670974007064,0.062284531592569414,0.062284531592569414,0.036402726754172776,-1348.8984894000587,-1316.9936423748238
cvar,500,50,15328124,0.5,0.5,0.01,0.002,500.0,500.0,0.5,2000,23,0.01,100,100,full_batch,0,1800,1800,2,300,True,nan,nan,stagnation,,0.7246184832258151,0.26253597311624044,0.05686861722842329,0.05686861722842329,0.038555188189535405,-1348.8984894000587,-1316.9936423748238
cvar,500,50,15328124,0.5,0.5,0.01,0.002,500.0,500.0,0.5,2000,23,0.01,100,100,full_batch,0,1900,1900,2,400,True,nan,nan,stagnation,,0.7190627903583146,0.2585256482389427,0.05387681166822611,0.05387681166822611,0.03691443647555004,-1348.8984894000587,-1316.9936423748238
cvar,500,50,15328124,0.5,0.5,0.01,0.002,500.0,500.0,0.5,2000,23,0.01,100,100,full_batch,0,2000,2000,2,500,True,nan,nan,stagnation,,0.7160312444969726,0.2563503715479417,0.051727529998028765,0.051727529998028765,0.034716208012023686,-1348.8984894000587,-1316.9936423748238
cvar,500,50,15328124,0.5,0.5,0.01,0.002,500.0,500.0,0.5,2000,23,0.01,100,100,full_batch,0,2100,2100,2,600,True,nan,nan,stagnation,,0.7142222796539119,0.25505673237701537,0.05035714695140969,0.05035714695140969,0.03243638592888509,-1348.8984894000587,-1316.9936423748238
cvar,500,50,15328124,0.5,0.5,0.01,0.002,500.0,500.0,0.5,2000,23,0.01,100,100,full_batch,0,2200,2200,2,700,True,nan,nan,stagnation,,0.7130557046457624,0.2542242189639324,0.0493782530294975,0.0493782530294975,0.030309151493662756,-1348.8984894000587,-1316.9936423748238
cvar,500,50,15328124,0.5,0.5,0.01,0.002,500.0,500.0,0.5,2000,23,0.01,100,100,full_batch,0,2300,2300,2,800,True,nan,nan,stagnation,,0.7122506713275898,0.2536505094033012,0.048536050413310994,0.048536050413310994,0.02852591340657573,-1348.8984894000587,-1316.9936423748238
cvar,500,50,15328124,0.5,0.5,0.01,0.002,500.0,500.0,0.5,2000,23,0.01,100,100,full_batch,0,2400,2400,2,900,True,nan,nan,stagnation,,0.711666059437071,0.2532342900773443,0.04775322219713496,0.04775322219713496,0.02699981605849766,-1348.8984894000587,-1316.9936423748238
cvar,500,50,15328124,0.5,0.5,0.01,0.002,500.0,500.0,0.5,2000,23,0.01,100,100,full_batch,0,2500,2500,2,1000,True,nan,nan,stagnation,,0.711224771184468,0.2529203375731994,0.04701812170445174,0.04701812170445174,0.025646276246138133,-1348.8984894000587,-1316.9936423748238
cvar,500,50,15328124,0.5,0.5,0.01,0.002,500.0,500.0,0.5,2000,23,0.01,100,100,full_batch,0,2600,2600,2,1100,True,nan,nan,stagnation,,0.7108814164261751,0.2526761941100425,0.04632357943996235,0.04632357943996235,0.024437077157067666,-1348.8984894000587,-1316.9936423748238
cvar,500,50,15328124,0.5,0.5,0.01,0.002,500.0,500.0,0.5,2000,23,0.01,100,100,full_batch,0,2700,2700,2,1200,True,nan,nan,stagnation,,0.710607611906757,0.2524815890499121,0.04566880942901763,0.04566880942901763,0.023368140784713276,-1348.8984894000587,-1316.9936423748238
cvar,500,50,15328124,0.5,0.5,0.01,0.002,500.0,500.0,0.5,2000,23,0.01,100,100,full_batch,0,2800,2800,2,1300,True,nan,nan,stagnation,,0.7103847462646471,0.2523232438627435,0.04505012161096422,0.04505012161096422,0.02245735750835154,-1348.8984894000587,-1316.9936423748238
cvar,500,50,15328124,0.5,0.5,0.01,0.002,500.0,500.0,0.5,2000,23,0.01,100,100,full_batch,0,2900,2900,2,1400,True,nan,nan,stagnation,,0.7102001490599987,0.25219212586242223,0.04446468198236331,0.04446468198236331,0.021667341192017076,-1348.8984894000587,-1316.9936423748238
cvar,500,50,15328124,0.5,0.5,0.01,0.002,500.0,500.0,0.5,2000,23,0.01,100,100,full_batch,0,3000,3000,2,1500,True,nan,nan,stagnation,,0.7100449292577009,0.25208190078228676,0.04390783755536909,0.04390783755536909,0.020992041875338874,-1348.8984894000587,-1316.9936423748238
cvar,500,50,15328124,0.5,0.5,0.01,0.002,500.0,500.0,0.5,2000,23,0.01,100,100,full_batch,0,3100,3100,2,1600,True,nan,nan,stagnation,,0.7099126894716495,0.25198801333643533,0.043375495330732816,0.043375495330732816,0.020404053613827355,-1348.8984894000587,-1316.9936423748238
cvar,500,50,15328124,0.5,0.5,0.01,0.002,500.0,500.0,0.5,2000,23,0.01,100,100,full_batch,0,3200,3200,2,1700,True,nan,nan,stagnation,,0.7097987270409281,0.25190711645446096,0.04286843494142334,0.04286843494142334,0.019872733176707236,-1348.8984894000587,-1316.9936423748238
cvar,500,50,15328124,0.5,0.5,0.01,0.002,500.0,500.0,0.5,2000,23,0.01,100,100,full_batch,0,3300,3300,2,1800,True,nan,nan,stagnation,,0.7096995194793678,0.2518367039746228,0.042386610338958075,0.042386610338958075,0.01940162265497014,-1348.8984894000587,-1316.9936423748238
cvar,500,50,15328124,0.5,0.5,0.01,0.002,500.0,500.0,0.5,2000,23,0.01,100,100,full_batch,0,3400,3400,2,1900,True,nan,nan,stagnation,,0.7096123832305764,0.2517748672170892,0.041926124385368135,0.041926124385368135,0.018985448217688217,-1348.8984894000587,-1316.9936423748238
cvar,500,50,15328124,0.5,0.5,0.01,0.002,500.0,500.0,0.5,2000,23,0.01,100,100,full_batch,0,3500,3500,2,2000,True,nan,nan,stagnation,,0.7095352418865982,0.2517201297395367,0.04148668959364077,0.04148668959364077,0.018603720371501264,-1348.8984894000587,-1316.9936423748238
cvar,500,50,15328124,0.5,0.5,0.01,0.002,500.0,500.0,0.5,2000,23,0.01,100,100,full_batch,0,3500,3500,3,0,True,nan,nan,stagnation,,0.41453737549443914,0.08592061784090882,0.07507598770108032,0.07448276963802347,0.07507598770108032,0.5137905159526884,0.4839594760804652
cvar,500,50,15328124,0.5,0.5,0.01,0.002,500.0,500.0,0.5,2000,23,0.01,100,100,full_batch,0,3600,3600,3,100,True,nan,nan,stagnation,,0.9036211533825081,0.40826559442016713,0.04073421935451016,0.04073421935451016,0.0043754754199129,-1142.0259337112711,-1838.4241672423448
cvar,500,50,15328124,0.5,0.5,0.01,0.002,500.0,500.0,0.5,2000,23,0.01,100,100,full_batch,0,3700,3700,3,200,True,nan,nan,stagnation,,0.7517317243815237,0.28255029272080956,0.027873629906942976,0.027873629906942976,0.02153302586778616,-1142.0259337112711,-1838.4241672423448
cvar,500,50,15328124,0.5,0.5,0.01,0.002,500.0,500.0,0.5,2000,23,0.01,100,100,full_batch,0,3800,3800,3,300,True,nan,nan,stagnation,,0.741188563382248,0.27468024324432033,0.01631490258880597,0.015047592915514052,0.01631490258880597,-1142.0259337112711,-1838.4241672423448
cvar,500,50,15328124,0.5,0.5,0.01,0.002,500.0,500.0,0.5,2000,23,0.01,100,100,full_batch,0,3900,3900,3,400,True,nan,nan,stagnation,,0.7200888377353134,0.25926396711549726,0.02215687838427738,0.019328331856070413,0.02215687838427738,-1142.0259337112711,-1838.4241672423448
cvar,500,50,15328124,0.5,0.5,0.01,0.002,500.0,500.0,0.5,2000,23,0.01,100,100,full_batch,0,4000,4000,3,500,True,nan,nan,stagnation,,0.714554281689015,0.25529391074005214,0.02476873359847842,0.021825586133760178,0.02476873359847842,-1142.0259337112711,-1838.4241672423448
cvar,500,50,15328124,0.5,0.5,0.01,0.002,500.0,500.0,0.5,2000,23,0.01,100,100,full_batch,0,4100,4100,3,600,True,nan,nan,stagnation,,0.7128906552772549,0.25410654319081694,0.02465161727395948,0.020959571445720915,0.02465161727395948,-1142.0259337112711,-1838.4241672423448
cvar,500,50,15328124,0.5,0.5,0.01,0.002,500.0,500.0,0.5,2000,23,0.01,100,100,full_batch,0,4200,4200,3,700,True,nan,nan,stagnation,,0.7118530855613201,0.25336740771158606,0.024568827426751594,0.020130278011769476,0.024568827426751594,-1142.0259337112711,-1838.4241672423448
cvar,500,50,15328124,0.5,0.5,0.01,0.002,500.0,500.0,0.5,2000,23,0.01,100,100,full_batch,0,4300,4300,3,800,True,nan,nan,stagnation,,0.711144843720889,0.25286349437540384,0.024550805132543707,0.019237044319220575,0.024550805132543707,-1142.0259337112711,-1838.4241672423448
cvar,500,50,15328124,0.5,0.5,0.01,0.002,500.0,500.0,0.5,2000,23,0.01,100,100,full_batch,0,4300,4300,4,0,True,nan,nan,stagnation,,0.45804579228268333,0.10490297391393553,0.0805222586666785,0.07003947944058997,0.0805222586666785,0.4978710359514009,0.497900637663339
cvar,500,50,15328124,0.5,0.5,0.01,0.002,500.0,500.0,0.5,2000,23,0.01,100,100,full_batch,0,4400,4400,4,100,True,nan,nan,stagnation,,0.9512224794636369,0.4524121027184746,0.053692975016825795,0.0382384560963015,0.053692975016825795,-1992.3572549019525,-1922.979428073046
cvar,500,50,15328124,0.5,0.5,0.01,0.002,500.0,500.0,0.5,2000,23,0.01,100,100,full_batch,0,4500,4500,4,200,True,nan,nan,stagnation,,0.8102601799647288,0.3282607796182373,0.07861426080927614,0.016550696703788947,0.07861426080927614,-1992.3572549019525,-1922.979428073046
cvar,500,50,15328124,0.5,0.5,0.01,0.002,500.0,500.0,0.5,2000,23,0.01,100,100,full_batch,0,4600,4600,4,300,True,nan,nan,stagnation,,0.7674282330799083,0.294473046464075,0.07584909220348057,0.018611682144517805,0.07584909220348057,-1992.3572549019525,-1922.979428073046
cvar,500,50,15328124,0.5,0.5,0.01,0.002,500.0,500.0,0.5,2000,23,0.01,100,100,full_batch,0,4700,4700,4,400,True,nan,nan,stagnation,,0.7468420401833901,0.27888651649264423,0.07629168457199542,0.02321254989059751,0.07629168457199542,-1992.3572549019525,-1922.979428073046
cvar,500,50,15328124,0.5,0.5,0.01,0.002,500.0,500.0,0.5,2000,23,0.01,100,100,full_batch,0,4800,4800,4,500,True,nan,nan,stagnation,,0.7343588727114204,0.2696414769649941,0.07552900229373372,0.027819168800971572,0.07552900229373372,-1992.3572549019525,-1922.979428073046
cvar,500,50,15328124,0.5,0.5,0.01,0.002,500.0,500.0,0.5,2000,23,0.01,100,100,full_batch,0,4900,4900,4,600,True,nan,nan,stagnation,,0.7256034041276188,0.2632501500407943,0.07238274631909625,0.03255084689443066,0.07238274631909625,-1992.3572549019525,-1922.979428073046
cvar,500,50,15328124,0.5,0.5,0.01,0.002,500.0,500.0,0.5,2000,23,0.01,100,100,minibatch,0,0,0,0,0,True,nan,nan,stagnation,,0.2880110751070277,0.04147518969215298,0.059983407687379864,0.03885435363233375,0.059983407687379864,0.5012038672665393,0.4911656629552724
cvar,500,50,15328124,0.5,0.5,0.01,0.002,500.0,500.0,0.5,2000,23,0.01,100,100,minibatch,0,100,100,0,100,True,nan,nan,stagnation,,0.8887453657684641,0.3949341625874605,0.020294172367067875,0.020294172367067875,0.010338390729075164,-2827.9595111171843,-2552.722264201899
cvar,500,50,15328124,0.5,0.5,0.01,0.002,500.0,500.0,0.5,2000,23,0.01,100,100,minibatch,0,200,200,0,200,True,nan,nan,stagnation,,0.7511415222944392,0.28210679325740373,0.048475750479373136,0.048475750479373136,0.004319688670592403,-2827.9595111171843,-2552.722264201899
cvar,500,50,15328124,0.5,0.5,0.01,0.002,500.0,500.0,0.5,2000,23,0.01,100,100,minibatch,0,300,300,0,300,True,nan,nan,stagnation,,0.7282644594535569,0.2651845614515907,0.036380572880521655,0.036380572880521655,0.007695774988667692,-2827.9595111171843,-2552.722264201899
cvar,500,50,15328124,0.5,0.5,0.01,0.002,500.0,500.0,0.5,2000,23,0.01,100,100,minibatch,0,400,400,0,400,True,nan,nan,stagnation,,0.7175995756428051,0.257474575481367,0.026204463114841037,0.026204463114841037,0.007733656904839181,-2827.9595111171843,-2552.722264201899
cvar,500,50,15328124,0.5,0.5,0.01,0.002,500.0,500.0,0.5,2000,23,0.01,100,100,minibatch,0,500,500,0,500,True,nan,nan,stagnation,,0.7132804734972935,0.25438451693626163,0.02195768306542778,0.02195768306542778,0.007467482268949666,-2827.9595111171843,-2552.722264201899
cvar,500,50,15328124,0.5,0.5,0.01,0.002,500.0,500.0,0.5,2000,23,0.01,100,100,minibatch,0,600,600,0,600,True,nan,nan,stagnation,,0.711752284025253,0.2532956569075822,0.020392016393069534,0.020392016393069534,0.007468701360263452,-2827.9595111171843,-2552.722264201899
cvar,500,50,15328124,0.5,0.5,0.01,0.002,500.0,500.0,0.5,2000,23,0.01,100,100,minibatch,0,600,600,1,0,True,nan,nan,stagnation,,0.43569564921193493,0.09491534937110473,0.0724886481984639,0.0724886481984639,0.06632798587361788,0.4930955897493589,0.4870203238390861
cvar,500,50,15328124,0.5,0.5,0.01,0.002,500.0,500.0,0.5,2000,23,0.01,100,100,minibatch,0,700,700,1,100,True,nan,nan,stagnation,,2.4917786822282273,3.1044805006035205,0.2612493204786228,0.2612493204786228,0.042702039582790174,440.4366739580384,-1078.82038545257
cvar,500,50,15328124,0.5,0.5,0.01,0.002,500.0,500.0,0.5,2000,23,0.01,100,100,minibatch,0,800,800,1,200,True,nan,nan,stagnation,,3.215324937842478,5.169157227955868,0.4317527107932977,0.4317527107932977,0.41742918236040444,440.4366739580384,-1078.82038545257
cvar,500,50,15328124,0.5,0.5,0.01,0.002,500.0,500.0,0.5,2000,23,0.01,100,100,minibatch,0,900,900,1,300,True,nan,nan,stagnation,,3.432382355766743,5.890624318089429,0.6307508967655701,0.43747519193394657,0.6307508967655701,440.4366739580384,-1078.82038545257
cvar,500,50,15328124,0.5,0.5,0.01,0.002,500.0,500.0,0.5,2000,23,0.01,100,100,minibatch,0,1000,1000,1,400,True,nan,nan,stagnation,,3.135407981629355,4.915391605632533,0.045074732249052785,0.030266259224763115,0.045074732249052785,440.4366739580384,-1078.82038545257
cvar,500,50,15328124,0.5,0.5,0.01,0.002,500.0,500.0,0.5,2000,23,0.01,100,100,minibatch,0,1100,1100,1,500,True,nan,nan,stagnation,,2.8359072736823228,4.021185032462152,0.44422239358428994,0.2686132397177725,0.44422239358428994,440.4366739580384,-1078.82038545257
cvar,500,50,15328124,0.5,0.5,0.01,0.002,500.0,500.0,0.5,2000,23,0.01,100,100,minibatch,0,1200,1200,1,600,True,nan,nan,stagnation,,2.2441244387100423,2.5180472482078313,0.3063124539941575,0.3063124539941575,0.046063916129036486,440.4366739580384,-1078.82038545257
cvar,500,50,15328124,0.5,0.5,0.01,0.002,500.0,500.0,0.5,2000,23,0.01,100,100,minibatch,0,1300,1300,1,700,True,nan,nan,stagnation,,1.8444409711376137,1.7009812480055317,0.24536312986239261,0.24536312986239261,0.043922778607569324,440.4366739580384,-1078.82038545257
cvar,500,50,15328124,0.5,0.5,0.01,0.002,500.0,500.0,0.5,2000,23,0.01,100,100,minibatch,0,1400,1400,1,800,True,nan,nan,stagnation,,1.5075653795796173,1.136376686853518,0.20202606311670035,0.20202606311670035,0.031986186812091866,440.4366739580384,-1078.82038545257
cvar,500,50,15328124,0.5,0.5,0.01,0.002,500.0,500.0,0.5,2000,23,0.01,100,100,minibatch,0,1500,1500,1,900,True,nan,nan,stagnation,,1.4744402714977902,1.0869870571072386,0.2363686803507431,0.2363686803507431,0.04451125216151264,440.4366739580384,-1078.82038545257
cvar,500,50,15328124,0.5,0.5,0.01,0.002,500.0,500.0,0.5,2000,23,0.01,100,100,minibatch,0,1500,1500,2,0,True,nan,nan,stagnation,,0.37896342751319506,0.07180663969627432,0.06611045885612832,0.055720148425985494,0.06611045885612832,0.506695630832807,0.4880823845236958
cvar,500,50,15328124,0.5,0.5,0.01,0.002,500.0,500.0,0.5,2000,23,0.01,100,100,minibatch,0,1600,1600,2,100,True,nan,nan,stagnation,,3.152852820663663,4.970240454383408,0.4167695915650369,0.4167695915650369,0.40706890688008524,-3181.61350831454,106.25620223161692
cvar,500,50,15328124,0.5,0.5,0.01,0.002,500.0,500.0,0.5,2000,23,0.01,100,100,minibatch,0,1700,1700,2,200,True,nan,nan,stagnation,,2.908527218294656,4.229765289780425,0.4488847362613081,0.4488847362613081,0.4157251365512973,-3181.61350831454,106.25620223161692
cvar,500,50,15328124,0.5,0.5,0.01,0.002,500.0,500.0,0.5,2000,23,0.01,100,100,minibatch,0,1800,1800,2,300,True,nan,nan,stagnation,,2.276396510774586,2.5909905371333544,0.3797403133756316,0.0462522940997121,0.3797403133756316,-3181.61350831454,106.25620223161692
cvar,500,50,15328124,0.5,0.5,0.01,0.002,500.0,500.0,0.5,2000,23,0.01,100,100,minibatch,0,1900,1900,2,400,True,nan,nan,stagnation,,2.6008366960002025,3.382175759630625,0.3236557175713378,0.3236557175713378,0.3007011600823599,-3181.61350831454,106.25620223161692
cvar,500,50,15328124,0.5,0.5,0.01,0.002,500.0,500.0,0.5,2000,23,0.01,100,100,minibatch,0,2000,2000,2,500,True,nan,nan,stagnation,,2.1137545851997275,2.233979223226436,0.25230072887817634,0.2424670587172717,0.25230072887817634,-3181.61350831454,106.25620223161692
cvar,500,50,15328124,0.5,0.5,0.01,0.002,500.0,500.0,0.5,2000,23,0.01,100,100,minibatch,0,2000,2000,3,0,True,nan,nan,stagnation,,0.41453737549443914,0.08592061784090882,0.07507598770108032,0.07448276963802347,0.07507598770108032,0.5137905159526884,0.4839594760804652
cvar,500,50,15328124,0.5,0.5,0.01,0.002,500.0,500.0,0.5,2000,23,0.01,100,100,minibatch,0,2100,2100,3,100,True,nan,nan,stagnation,,4.44868726768191,9.89540920281757,0.46107419689835727,0.45424854309674334,0.46107419689835727,1112.015329738921,574.4712026030546
cvar,500,50,15328124,0.5,0.5,0.01,0.002,500.0,500.0,0.5,2000,23,0.01,100,100,minibatch,0,2200,2200,3,200,True,nan,nan,stagnation,,3.541600827119004,6.271468209325006,0.38723258597934623,0.22372768385822794,0.38723258597934623,1112.015329738921,574.4712026030546
cvar,500,50,15328124,0.5,0.5,0.01,0.002,500.0,500.0,0.5,2000,23,0.01,100,100,minibatch,0,2300,2300,3,300,True,nan,nan,stagnation,,4.1301238354794645,8.528961448197801,0.05352789196843877,0.05352789196843877,0.03665697423604797,1112.015329738921,574.4712026030546
cvar,500,50,15328124,0.5,0.5,0.01,0.002,500.0,500.0,0.5,2000,23,0.01,100,100,minibatch,0,2400,2400,3,400,True,nan,nan,stagnation,,3.4996344282469,6.123720565685503,0.04442847884595791,0.03273346380904296,0.04442847884595791,1112.015329738921,574.4712026030546
cvar,500,50,15328124,0.5,0.5,0.01,0.002,500.0,500.0,0.5,2000,23,0.01,100,100,minibatch,0,2500,2500,3,500,True,nan,nan,stagnation,,3.541605682394515,6.271485404784558,0.2657203520072665,0.2657203520072665,0.041483903756405205,1112.015329738921,574.4712026030546
cvar,500,50,15328124,0.5,0.5,0.01,0.002,500.0,500.0,0.5,2000,23,0.01,100,100,minibatch,0,2600,2600,3,600,True,nan,nan,stagnation,,3.720983442774126,6.922858890699595,0.04052580182775756,0.04052580182775756,0.029970567192852182,1112.015329738921,574.4712026030546
cvar,500,50,15328124,0.5,0.5,0.01,0.002,500.0,500.0,0.5,2000,23,0.01,100,100,minibatch,0,2700,2700,3,700,True,nan,nan,stagnation,,4.057522553314858,8.23174463532936,0.45342440984498156,0.2829733941938243,0.45342440984498156,1112.015329738921,574.4712026030546
cvar,500,50,15328124,0.5,0.5,0.01,0.002,500.0,500.0,0.5,2000,23,0.01,100,100,minibatch,0,2800,2800,3,800,True,nan,nan,stagnation,,3.347460784297232,5.60274685120392,0.41670855645683186,0.2744744878329553,0.41670855645683186,1112.015329738921,574.4712026030546
cvar,500,50,15328124,0.5,0.5,0.01,0.002,500.0,500.0,0.5,2000,23,0.01,100,100,minibatch,0,2900,2900,3,900,True,nan,nan,stagnation,,3.2781155329031257,5.373020723530372,0.39680304342795036,0.2572837057304652,0.39680304342795036,1112.015329738921,574.4712026030546
cvar,500,50,15328124,0.5,0.5,0.01,0.002,500.0,500.0,0.5,2000,23,0.01,100,100,minibatch,0,3000,3000,3,1000,True,nan,nan,stagnation,,2.663665088968764,3.5475558530954863,0.2703018556284084,0.2703018556284084,0.24852157158519794,1112.015329738921,574.4712026030546
cvar,500,50,15328124,0.5,0.5,0.01,0.002,500.0,500.0,0.5,2000,23,0.01,100,100,minibatch,0,3100,3100,3,1100,True,nan,nan,stagnation,,3.037641339985794,4.613632455195345,0.26506518191634554,0.26506518191634554,0.035536870292765865,1112.015329738921,574.4712026030546
cvar,500,50,15328124,0.5,0.5,0.01,0.002,500.0,500.0,0.5,2000,23,0.01,100,100,minibatch,0,3100,3100,4,0,True,nan,nan,stagnation,,0.45804579228268333,0.10490297391393553,0.0805222586666785,0.07003947944058997,0.0805222586666785,0.4978710359514009,0.497900637663339
cvar,500,50,15328124,0.5,0.5,0.01,0.002,500.0,500.0,0.5,2000,23,0.01,100,100,minibatch,0,3200,3200,4,100,True,nan,nan,stagnation,,0.7718655854604181,0.29788824100907696,0.06087899166891164,0.06087899166891164,0.0449749271541916,-1456.8417590277238,-56.768555477080454
cvar,500,50,15328124,0.5,0.5,0.01,0.002,500.0,500.0,0.5,2000,23,0.01,100,100,minibatch,0,3300,3300,4,200,True,nan,nan,stagnation,,0.7374083910679595,0.27188556760871835,0.056908056528197526,0.0429822843216453,0.056908056528197526,-1456.8417590277238,-56.768555477080454
cvar,500,50,15328124,0.5,0.5,0.01,0.002,500.0,500.0,0.5,2000,23,0.01,100,100,minibatch,0,3400,3400,4,300,True,nan,nan,stagnation,,0.7254341317858874,0.26312733977997216,0.054644960841420454,0.03658531549341282,0.054644960841420454,-1456.8417590277238,-56.768555477080454
cvar,500,50,15328124,0.5,0.5,0.01,0.002,500.0,500.0,0.5,2000,23,0.01,100,100,minibatch,0,3500,3500,4,400,True,nan,nan,stagnation,,0.7194400448820075,0.2587969890899125,0.04969888803863709,0.03379214768309513,0.04969888803863709,-1456.8417590277238,-56.768555477080454
cvar,500,50,15328124,0.5,0.5,0.01,0.002,500.0,500.0,0.5,2000,23,0.01,100,100,minibatch,0,3600,3600,4,500,True,nan,nan,stagnation,,0.7163685630015023,0.2565919590284187,0.045996823622947436,0.03248341584117842,0.045996823622947436,-1456.8417590277238,-56.768555477080454
cvar,500,50,15328124,0.5,0.5,0.01,0.002,500.0,500.0,0.5,2000,23,0.01,100,100,minibatch,0,3700,3700,4,600,True,nan,nan,stagnation,,0.7146601333856015,0.25536955312536286,0.044461823010206736,0.03141950381937231,0.044461823010206736,-1456.8417590277238,-56.768555477080454
cvar,500,50,15328124,0.5,0.5,0.01,0.002,500.0,500.0,0.5,2000,23,0.01,100,100,minibatch,0,3800,3800,4,700,True,nan,nan,stagnation,,0.7135135213227948,0.2545507725552272,0.043284049488593324,0.03038079951445183,0.043284049488593324,-1456.8417590277238,-56.768555477080454
cvar,500,50,15328124,0.5,0.5,0.01,0.002,500.0,500.0,0.5,2000,23,0.01,100,100,minibatch,0,3900,3900,4,800,True,nan,nan,stagnation,,0.7126911077373206,0.25396430752392457,0.04225774204972632,0.029495199889692625,0.04225774204972632,-1456.8417590277238,-56.768555477080454
cvar,500,50,15328124,0.5,0.5,0.01,0.002,500.0,500.0,0.5,2000,23,0.01,100,100,minibatch,0,4000,4000,4,900,True,nan,nan,stagnation,,0.7120757202118811,0.2535259156576346,0.04136668641633989,0.028726277032131486,0.04136668641633989,-1456.8417590277238,-56.768555477080454
cvar,500,50,15328124,0.5,0.5,0.01,0.002,500.0,500.0,0.5,2000,23,0.01,100,100,minibatch,0,4100,4100,4,1000,True,nan,nan,stagnation,,0.7116002815260937,0.2531874803340079,0.04060657789433175,0.028025463376973425,0.04060657789433175,-1456.8417590277238,-56.768555477080454
cvar,500,50,15328124,0.5,0.5,0.01,0.002,500.0,500.0,0.5,2000,23,0.01,100,100,minibatch,0,4200,4200,4,1100,True,nan,nan,stagnation,,0.7112234678636363,0.25291941061998846,0.03992699861242277,0.027356115514184265,0.03992699861242277,-1456.8417590277238,-56.768555477080454
cvar,500,50,15328124,0.5,0.5,0.01,0.002,500.0,500.0,0.5,2000,23,0.01,100,100,minibatch,0,4300,4300,4,1200,True,nan,nan,stagnation,,0.7109184554616956,0.25270252515802144,0.0393204101048481,0.026711275906410425,0.0393204101048481,-1456.8417590277238,-56.768555477080454
cvar,500,50,15328124,0.5,0.5,0.01,0.002,500.0,500.0,0.5,2000,23,0.01,100,100,minibatch,0,4400,4400,4,1300,True,nan,nan,stagnation,,0.7106671279056979,0.25252388334286674,0.03877553630020936,0.026089409991007173,0.03877553630020936,-1456.8417590277238,-56.768555477080454
cvar,500,50,15328124,0.5,0.5,0.01,0.002,500.0,500.0,0.5,2000,23,0.01,100,100,minibatch,0,4500,4500,4,1400,True,nan,nan,stagnation,,0.7104568590570461,0.2523744742906018,0.038286345756357365,0.0254861364657607,0.038286345756357365,-1456.8417590277238,-56.768555477080454
cvar,500,50,15328124,0.5,0.5,0.01,0.002,500.0,500.0,0.5,2000,23,0.01,100,100,minibatch,0,4600,4600,4,1500,True,nan,nan,stagnation,,0.7102786167611561,0.25224785671407063,0.037831717483805205,0.02490485852809121,0.037831717483805205,-1456.8417590277238,-56.768555477080454
cvar,500,50,15328124,0.5,0.5,0.01,0.002,500.0,500.0,0.5,2000,23,0.01,100,100,minibatch,0,4700,4700,4,1600,True,nan,nan,stagnation,,0.7101257920525758,0.25213932026914904,0.03741227745447606,0.02434464653485857,0.03741227745447606,-1456.8417590277238,-56.768555477080454
cvar,500,50,15328124,0.5,0.5,0.01,0.002,500.0,500.0,0.5,2000,23,0.01,100,100,minibatch,0,4800,4800,4,1700,True,nan,nan,stagnation,,0.7099934498474043,0.2520453494131093,0.03702579081129842,0.02380482736847811,0.03702579081129842,-1456.8417590277238,-56.768555477080454
cvar,500,50,15328124,0.5,0.5,0.01,0.002,500.0,500.0,0.5,2000,23,0.01,100,100,minibatch,0,4900,4900,4,1800,True,nan,nan,stagnation,,0.7098778356818185,0.25196327079615144,0.03666923880721773,0.02328444678046271,0.03666923880721773,-1456.8417590277238,-56.768555477080454
cvar,500,50,15328124,0.5,0.5,0.01,0.002,500.0,500.0,0.5,2000,23,0.01,100,100,minibatch,0,5000,5000,4,1900,True,nan,nan,stagnation,,0.709776043584709,0.2518910160233814,0.03633947963979545,0.02278548240317968,0.03633947963979545,-1456.8417590277238,-56.768555477080454
cvar,500,50,15328124,0.5,0.5,0.01,0.002,500.0,500.0,0.5,2000,23,0.01,100,100,minibatch,0,5100,5100,4,2000,True,nan,nan,stagnation,,0.7096857882390453,0.2518269590142375,0.03603040669647373,0.022305540669887214,0.03603040669647373,-1456.8417590277238,-56.768555477080454
cvar,500,50,15328125,0.5,0.5,0.01,0.002,500.0,500.0,0.5,2000,23,0.01,100,100,full_batch,0,0,0,0,0,True,nan,nan,stagnation,,0.253865432659636,0.032223828949732095,0.05132006470991579,0.05132006470991579,0.039459253337148836,0.49464813915712774,0.5019774475749574
cvar,500,50,15328125,0.5,0.5,0.01,0.002,500.0,500.0,0.5,2000,23,0.01,100,100,full_batch,0,100,100,0,100,True,nan,nan,stagnation,,0.7093004786860908,0.25155358453215876,0.02178891361562696,0.02136719733749648,0.02178891361562696,-1595.3075430014687,-980.4003713325603
cvar,500,50,15328125,0.5,0.5,0.01,0.002,500.0,500.0,0.5,2000,23,0.01,100,100,full_batch,0,200,200,0,200,True,nan,nan,stagnation,,0.7086821181311861,0.2511151722794522,0.021910275284188985,0.019560250815597313,0.021910275284188985,-1595.3075430014687,-980.4003713325603
cvar,500,50,15328125,0.5,0.5,0.01,0.002,500.0,500.0,0.5,2000,23,0.01,100,100,full_batch,0,300,300,0,300,True,nan,nan,stagnation,,0.7083941345526433,0.2509111249342943,0.021813232025352347,0.018382556056087296,0.021813232025352347,-1595.3075430014687,-980.4003713325603
cvar,500,50,15328125,0.5,0.5,0.01,0.002,500.0,500.0,0.5,2000,23,0.01,100,100,full_batch,0,400,400,0,400,True,nan,nan,stagnation,,0.708224372991429,0.2507908812495514,0.021648668384173342,0.01759584301628514,0.021648668384173342,-1595.3075430014687,-980.4003713325603
cvar,500,50,15328125,0.5,0.5,0.01,0.002,500.0,500.0,0.5,2000,23,0.01,100,100,full_batch,0,500,500,0,500,True,nan,nan,stagnation,,0.7081106433896466,0.2507103416408496,0.021472339952210984,0.01704962711473179,0.021472339952210984,-1595.3075430014687,-980.4003713325603
cvar,500,50,15328125,0.5,0.5,0.01,0.002,500.0,500.0,0.5,2000,23,0.01,100,100,full_batch,0,600,600,0,600,True,nan,nan,stagnation,,0.7080279652664311,0.2506517997996613,0.02132014205027588,0.01669365877033724,0.02132014205027588,-1595.3075430014687,-980.4003713325603
cvar,500,50,15328125,0.5,0.5,0.01,0.002,500.0,500.0,0.5,2000,23,0.01,100,100,full_batch,0,700,700,0,700,True,nan,nan,stagnation,,0.7079644359241574,0.25060682126670514,0.02119888092162303,0.016444404747076757,0.02119888092162303,-1595.3075430014687,-980.4003713325603
cvar,500,50,15328125,0.5,0.5,0.01,0.002,500.0,500.0,0.5,2000,23,0.01,100,100,full_batch,0,800,800,0,800,True,nan,nan,stagnation,,0.7079136589534055,0.2505708742663993,0.021106766365442176,0.016263406439842476,0.021106766365442176,-1595.3075430014687,-980.4003713325603
cvar,500,50,15328125,0.5,0.5,0.01,0.002,500.0,500.0,0.5,2000,23,0.01,100,100,full_batch,0,900,900,0,900,True,nan,nan,stagnation,,0.7078718720232133,0.2505412936008243,0.021034610753658756,0.016143245096619574,0.021034610753658756,-1595.3075430014687,-980.4003713325603
cvar,500,50,15328125,0.5,0.5,0.01,0.002,500.0,500.0,0.5,2000,23,0.01,100,100,full_batch,0,1000,1000,0,1000,True,nan,nan,stagnation,,0.7078367034412244,0.25051639936926995,0.020978176557706063,0.01605508963503921,0.020978176557706063,-1595.3075430014687,-980.4003713325603
cvar,500,50,15328125,0.5,0.5,0.01,0.002,500.0,500.0,0.5,2000,23,0.01,100,100,full_batch,0,1100,1100,0,1100,True,nan,nan,stagnation,,0.7078065751302521,0.25049507389880865,0.020936914014614172,0.015993099898012675,0.020936914014614172,-1595.3075430014687,-980.4003713325603
cvar,500,50,15328125,0.5,0.5,0.01,0.002,500.0,500.0,0.5,2000,23,0.01,100,100,full_batch,0,1200,1200,0,1200,True,nan,nan,stagnation,,0.7077803909757967,0.25047654092492583,0.020906920546418628,0.0159544407886143,0.020906920546418628,-1595.3075430014687,-980.4003713325603
cvar,500,50,15328125,0.5,0.5,0.01,0.002,500.0,500.0,0.5,2000,23,0.01,100,100,full_batch,0,1300,1300,0,1300,True,nan,nan,stagnation,,0.7077573626534965,0.25046024219511653,0.02088271442875489,0.0159237520812211,0.02088271442875489,-1595.3075430014687,-980.4003713325603
cvar,500,50,15328125,0.5,0.5,0.01,0.002,500.0,500.0,0.5,2000,23,0.01,100,100,full_batch,0,1400,1400,0,1400,True,nan,nan,stagnation,,0.7077369066708996,0.2504457645320468,0.020862073408541404,0.01591118691457938,0.020862073408541404,-1595.3075430014687,-980.4003713325603
cvar,500,50,15328125,0.5,0.5,0.01,0.002,500.0,500.0,0.5,2000,23,0.01,100,100,full_batch,0,1500,1500,0,1500,True,nan,nan,stagnation,,0.7077185806033193,0.25043279466558843,0.02084563269860551,0.015902776299292265,0.02084563269860551,-1595.3075430014687,-980.4003713325603
cvar,500,50,15328125,0.5,0.5,0.01,0.002,500.0,500.0,0.5,2000,23,0.01,100,100,full_batch,0,1600,1600,0,1600,True,nan,nan,stagnation,,0.7077020420291941,0.2504210901461456,0.020834184101449105,0.015895753442731864,0.020834184101449105,-1595.3075430014687,-980.4003713325603
cvar,500,50,15328125,0.5,0.5,0.01,0.002,500.0,500.0,0.5,2000,23,0.01,100,100,full_batch,0,1600,1600,1,0,True,nan,nan,stagnation,,0.4200344734832619,0.08821447945718051,0.09119931545778703,0.06727922863753011,0.09119931545778703,0.4934360325674787,0.50197882495549
cvar,500,50,15328125,0.5,0.5,0.01,0.002,500.0,500.0,0.5,2000,23,0.01,100,100,full_batch,0,1700,1700,1,100,True,nan,nan,stagnation,,1.0889275571058443,0.5928816123122509,0.04093796715744524,0.035175809293891414,0.04093796715744524,-1987.3621025123286,-1179.8352279247615
cvar,500,50,15328125,0.5,0.5,0.01,0.002,500.0,500.0,0.5,2000,23,0.01,100,100,full_batch,0,1800,1800,1,200,True,nan,nan,stagnation,,0.8776114313740176,0.38510091223917603,0.06571657010948861,0.06571657010948861,0.03179424048580359,-1987.3621025123286,-1179.8352279247615
cvar,500,50,15328125,0.5,0.5,0.01,0.002,500.0,500.0,0.5,2000,23,0.01,100,100,full_batch,0,1900,1900,1,300,True,nan,nan,stagnation,,0.7526023283214481,0.2832051322974324,0.0655983192516526,0.0655983192516526,0.02246728736624104,-1987.3621025123286,-1179.8352279247615
cvar,500,50,15328125,0.5,0.5,0.01,0.002,500.0,500.0,0.5,2000,23,0.01,100,100,full_batch,0,2000,2000,1,400,True,nan,nan,stagnation,,0.7548749565288332,0.2849180999972039,0.04659947904960482,0.04659947904960482,0.017686236249051746,-1987.3621025123286,-1179.8352279247615
cvar,500,50,15328125,0.5,0.5,0.01,0.002,500.0,500.0,0.5,2000,23,0.01,100,100,full_batch,0,2100,2100,1,500,True,nan,nan,stagnation,,0.7320837844191191,0.26797333370470966,0.044927618005551784,0.044927618005551784,0.01897005251828876,-1987.3621025123286,-1179.8352279247615
cvar,500,50,15328125,0.5,0.5,0.01,0.002,500.0,500.0,0.5,2000,23,0.01,100,100,full_batch,0,2200,2200,1,600,True,nan,nan,stagnation,,0.719516005811692,0.25885164130960536,0.042887472371672675,0.042887472371672675,0.0205445463677979,-1987.3621025123286,-1179.8352279247615
cvar,500,50,15328125,0.5,0.5,0.01,0.002,500.0,500.0,0.5,2000,23,0.01,100,100,full_batch,0,2200,2200,2,0,True,nan,nan,stagnation,,0.42891775834065643,0.09198522170998688,0.08297672436161424,0.08297672436161424,0.06556735811739711,0.4932525899954199,0.5088364201425372
cvar,500,50,15328125,0.5,0.5,0.01,0.002,500.0,500.0,0.5,2000,23,0.01,100,100,full_batch,0,2300,2300,2,100,True,nan,nan,stagnation,,0.7953172292824412,0.31626474759674955,0.06538938703308239,0.06538938703308239,0.059537995376909736,-1669.7888978322212,-1953.9598306475493
cvar,500,50,15328125,0.5,0.5,0.01,0.002,500.0,500.0,0.5,2000,23,0.01,100,100,full_batch,0,2400,2400,2,200,True,nan,nan,stagnation,,0.7431618702460724,0.2761447826938201,0.06550324487448922,0.03326893060790581,0.06550324487448922,-1669.7888978322212,-1953.9598306475493
cvar,500,50,15328125,0.5,0.5,0.01,0.002,500.0,500.0,0.5,2000,23,0.01,100,100,full_batch,0,2500,2500,2,300,True,nan,nan,stagnation,,0.7271402117998209,0.2643664438081442,0.0590932024922971,0.030476268121281014,0.0590932024922971,-1669.7888978322212,-1953.9598306475493
cvar,500,50,15328125,0.5,0.5,0.01,0.002,500.0,500.0,0.5,2000,23,0.01,100,100,full_batch,0,2600,2600,2,400,True,nan,nan,stagnation,,0.7201531530257,0.2593102819064287,0.052943849083160965,0.028489256361890147,0.052943849083160965,-1669.7888978322212,-1953.9598306475493
cvar,500,50,15328125,0.5,0.5,0.01,0.002,500.0,500.0,0.5,2000,23,0.01,100,100,full_batch,0,2700,2700,2,500,True,nan,nan,stagnation,,0.7164122488643608,0.25662325516144546,0.04736331373376712,0.025750514131535285,0.04736331373376712,-1669.7888978322212,-1953.9598306475493
cvar,500,50,15328125,0.5,0.5,0.01,0.002,500.0,500.0,0.5,2000,23,0.01,100,100,full_batch,0,2800,2800,2,600,True,nan,nan,stagnation,,0.7142032757217687,0.2550431595258524,0.0427218909642082,0.022868321746951414,0.0427218909642082,-1669.7888978322212,-1953.9598306475493
cvar,500,50,15328125,0.5,0.5,0.01,0.002,500.0,500.0,0.5,2000,23,0.01,100,100,full_batch,0,2900,2900,2,700,True,nan,nan,stagnation,,0.7128084926956741,0.25404797362953946,0.03877296524613094,0.020828708387583994,0.03877296524613094,-1669.7888978322212,-1953.9598306475493
cvar,500,50,15328125,0.5,0.5,0.01,0.002,500.0,500.0,0.5,2000,23,0.01,100,100,full_batch,0,3000,3000,2,800,True,nan,nan,stagnation,,0.7118600981356209,0.2533723996588279,0.0353078511533752,0.01979185831609276,0.0353078511533752,-1669.7888978322212,-1953.9598306475493
cvar,500,50,15328125,0.5,0.5,0.01,0.002,500.0,500.0,0.5,2000,23,0.01,100,100,full_batch,0,3100,3100,2,900,True,nan,nan,stagnation,,0.7111722715290579,0.2528829998959001,0.0322180779997675,0.01926869397100517,0.0322180779997675,-1669.7888978322212,-1953.9598306475493
cvar,500,50,15328125,0.5,0.5,0.01,0.002,500.0,500.0,0.5,2000,23,0.01,100,100,full_batch,0,3200,3200,2,1000,True,nan,nan,stagnation,,0.7106492371239764,0.25251116911244487,0.029524936221954734,0.018989255370352565,0.029524936221954734,-1669.7888978322212,-1953.9598306475493
cvar,500,50,15328125,0.5,0.5,0.01,0.002,500.0,500.0,0.5,2000,23,0.01,100,100,full_batch,0,3300,3300,2,1100,True,nan,nan,stagnation,,0.7102378162206078,0.2522188777949089,0.027581447792559444,0.018816342648779183,0.027581447792559444,-1669.7888978322212,-1953.9598306475493
cvar,500,50,15328125,0.5,0.5,0.01,0.002,500.0,500.0,0.5,2000,23,0.01,100,100,full_batch,0,3400,3400,2,1200,True,nan,nan,stagnation,,0.7099065417491222,0.25198364900909903,0.026045871487389127,0.018697583816134955,0.026045871487389127,-1669.7888978322212,-1953.9598306475493
cvar,500,50,15328125,0.5,0.5,0.01,0.002,500.0,500.0,0.5,2000,23,0.01,100,100,full_batch,0,3500,3500,2,1300,True,nan,nan,stagnation,,0.7096357190240834,0.2517914268574139,0.024809146070007504,0.01860536682916758,0.024809146070007504,-1669.7888978322212,-1953.9598306475493
cvar,500,50,15328125,0.5,0.5,0.01,0.002,500.0,500.0,0.5,2000,23,0.01,100,100,full_batch,0,3600,3600,2,1400,True,nan,nan,stagnation,,0.7094120465586922,0.251632725901296,0.023869710669669364,0.018523989684964715,0.023869710669669364,-1669.7888978322212,-1953.9598306475493
cvar,500,50,15328125,0.5,0.5,0.01,0.002,500.0,500.0,0.5,2000,23,0.01,100,100,full_batch,0,3700,3700,2,1500,True,nan,nan,stagnation,,0.7092257027264633,0.25150054870392285,0.023122704445407427,0.018441218239493518,0.023122704445407427,-1669.7888978322212,-1953.9598306475493
cvar,500,50,15328125,0.5,0.5,0.01,0.002,500.0,500.0,0.5,2000,23,0.01,100,100,full_batch,0,3800,3800,2,1600,True,nan,nan,stagnation,,0.7090690148688131,0.2513894339235146,0.022531839984367807,0.01835469176243898,0.022531839984367807,-1669.7888978322212,-1953.9598306475493
cvar,500,50,15328125,0.5,0.5,0.01,0.002,500.0,500.0,0.5,2000,23,0.01,100,100,full_batch,0,3900,3900,2,1700,True,nan,nan,stagnation,,0.7089359326528387,0.25129507830317516,0.02205168125971535,0.018257321712013774,0.02205168125971535,-1669.7888978322212,-1953.9598306475493
cvar,500,50,15328125,0.5,0.5,0.01,0.002,500.0,500.0,0.5,2000,23,0.01,100,100,full_batch,0,4000,4000,2,1800,True,nan,nan,stagnation,,0.7088217344197548,0.2512141255929147,0.021667113492612522,0.018157500098327173,0.021667113492612522,-1669.7888978322212,-1953.9598306475493
cvar,500,50,15328125,0.5,0.5,0.01,0.002,500.0,500.0,0.5,2000,23,0.01,100,100,full_batch,0,4100,4100,2,1900,True,nan,nan,stagnation,,0.708722763046171,0.2511439774298995,0.021348970053222005,0.01805790265341678,0.021348970053222005,-1669.7888978322212,-1953.9598306475493
cvar,500,50,15328125,0.5,0.5,0.01,0.002,500.0,500.0,0.5,2000,23,0.01,100,100,full_batch,0,4200,4200,2,2000,True,nan,nan,stagnation,,0.7086361851585609,0.25108262145803906,0.021080237415777803,0.017961019836141734,0.021080237415777803,-1669.7888978322212,-1953.9598306475493
cvar,500,50,15328125,0.5,0.5,0.01,0.002,500.0,500.0,0.5,2000,23,0.01,100,100,full_batch,0,4200,4200,3,0,True,nan,nan,stagnation,,0.3941996096763221,0.07769666613448235,0.07927085153573787,0.07927085153573787,0.05399832688417949,0.4951215400965068,0.5091399667642491
cvar,500,50,15328125,0.5,0.5,0.01,0.002,500.0,500.0,0.5,2000,23,0.01,100,100,full_batch,0,4300,4300,3,100,True,nan,nan,stagnation,,1.0122887445055033,0.512364251126264,0.0715051395701688,0.02540075274064668,0.0715051395701688,-1542.6562265409452,-1167.5625070558335
cvar,500,50,15328125,0.5,0.5,0.01,0.002,500.0,500.0,0.5,2000,23,0.01,100,100,full_batch,0,4400,4400,3,200,True,nan,nan,stagnation,,0.8039297027062262,0.3231514834466606,0.016094961444501843,0.016094961444501843,0.006094040793550803,-1542.6562265409452,-1167.5625070558335
cvar,500,50,15328125,0.5,0.5,0.01,0.002,500.0,500.0,0.5,2000,23,0.01,100,100,full_batch,0,4500,4500,3,300,True,nan,nan,stagnation,,0.7708911963171599,0.29713661827965093,0.03977220438755846,0.03977220438755846,0.0031721012376990654,-1542.6562265409452,-1167.5625070558335
cvar,500,50,15328125,0.5,0.5,0.01,0.002,500.0,500.0,0.5,2000,23,0.01,100,100,full_batch,0,4600,4600,3,400,True,nan,nan,stagnation,,0.7403307904337325,0.27404483963211757,0.038847609152570683,0.038847609152570683,0.0031766538487845164,-1542.6562265409452,-1167.5625070558335
cvar,500,50,15328125,0.5,0.5,0.01,0.002,500.0,500.0,0.5,2000,23,0.01,100,100,full_batch,0,4700,4700,3,500,True,nan,nan,stagnation,,0.7216459016496979,0.2603864036839027,0.032801960334095104,0.032801960334095104,0.006050726187900923,-1542.6562265409452,-1167.5625070558335
cvar,500,50,15328125,0.5,0.5,0.01,0.002,500.0,500.0,0.5,2000,23,0.01,100,100,full_batch,0,4800,4800,3,600,True,nan,nan,stagnation,,0.7149572117962617,0.2555819073497423,0.025668213977573018,0.025668213977573018,0.0059987600393397456,-1542.6562265409452,-1167.5625070558335
cvar,500,50,15328125,0.5,0.5,0.01,0.002,500.0,500.0,0.5,2000,23,0.01,100,100,full_batch,0,4900,4900,3,700,True,nan,nan,stagnation,,0.7128770644377223,0.2540968545006722,0.025518657545741896,0.025518657545741896,0.005280694360939919,-1542.6562265409452,-1167.5625070558335
cvar,500,50,15328125,0.5,0.5,0.01,0.002,500.0,500.0,0.5,2000,23,0.01,100,100,full_batch,0,4900,4900,4,0,True,nan,nan,stagnation,,0.45020711579325007,0.10134322355543844,0.08905976035851382,0.08905976035851382,0.05196373411271127,0.4847835948268581,0.5087075603984643
cvar,500,50,15328125,0.5,0.5,0.01,0.002,500.0,500.0,0.5,2000,23,0.01,100,100,full_batch,0,5000,5000,4,100,True,nan,nan,stagnation,,0.9544026436485048,0.4554422031016274,0.027805519916273225,0.023045502892290015,0.027805519916273225,-2618.180252704343,-1241.8041271827417
cvar,500,50,15328125,0.5,0.5,0.01,0.002,500.0,500.0,0.5,2000,23,0.01,100,100,full_batch,0,5100,5100,4,200,True,nan,nan,stagnation,,0.7829174827312445,0.3064798923831143,0.0272304647442988,0.015113928763673679,0.0272304647442988,-2618.180252704343,-1241.8041271827417
cvar,500,50,15328125,0.5,0.5,0.01,0.002,500.0,500.0,0.5,2000,23,0.01,100,100,full_batch,0,5200,5200,4,300,True,nan,nan,stagnation,,0.7677334530759341,0.29470732748594874,0.03260363088859641,0.013118648620507267,0.03260363088859641,-2618.180252704343,-1241.8041271827417
cvar,500,50,15328125,0.5,0.5,0.01,0.002,500.0,500.0,0.5,2000,23,0.01,100,100,full_batch,0,5300,5300,4,400,True,nan,nan,stagnation,,0.7408545809731013,0.2744327550744148,0.03203553173315288,0.013279110436244856,0.03203553173315288,-2618.180252704343,-1241.8041271827417
cvar,500,50,15328125,0.5,0.5,0.01,0.002,500.0,500.0,0.5,2000,23,0.01,100,100,full_batch,0,5400,5400,4,500,True,nan,nan,stagnation,,0.7251486296399828,0.2629202675343725,0.03256835351226317,0.01349236184346303,0.03256835351226317,-2618.180252704343,-1241.8041271827417
cvar,500,50,15328125,0.5,0.5,0.01,0.002,500.0,500.0,0.5,2000,23,0.01,100,100,full_batch,0,5500,5500,4,600,True,nan,nan,stagnation,,0.7156934596094691,0.2561085640638854,0.033761991174789174,0.014522439567001055,0.033761991174789174,-2618.180252704343,-1241.8041271827417
cvar,500,50,15328125,0.5,0.5,0.01,0.002,500.0,500.0,0.5,2000,23,0.01,100,100,full_batch,0,5600,5600,4,700,True,nan,nan,stagnation,,0.7128405005043903,0.2540707895796748,0.03421665222302317,0.014870265873991206,0.03421665222302317,-2618.180252704343,-1241.8041271827417
cvar,500,50,15328125,0.5,0.5,0.01,0.002,500.0,500.0,0.5,2000,23,0.01,100,100,minibatch,0,0,0,0,0,True,nan,nan,max_iter,,0.253865432659636,0.032223828949732095,0.05132006470991579,0.05132006470991579,0.039459253337148836,0.49464813915712774,0.5019774475749574
cvar,500,50,15328125,0.5,0.5,0.01,0.002,500.0,500.0,0.5,2000,23,0.01,100,100,minibatch,0,100,100,0,100,True,nan,nan,max_iter,,2.2486118215721733,2.5281275620570636,0.062370814639069905,0.04522953063224533,0.062370814639069905,-4125.280668116346,2476.016446449993
cvar,500,50,15328125,0.5,0.5,0.01,0.002,500.0,500.0,0.5,2000,23,0.01,100,100,minibatch,0,200,200,0,200,True,nan,nan,max_iter,,2.562624622392349,3.283522477645764,0.4250940334076608,0.4250940334076608,0.21658165475497326,-4125.280668116346,2476.016446449993
cvar,500,50,15328125,0.5,0.5,0.01,0.002,500.0,500.0,0.5,2000,23,0.01,100,100,minibatch,0,300,300,0,300,True,nan,nan,max_iter,,2.0234809425544316,2.0472375624404853,0.2909450148283761,0.2909450148283761,0.1674035657367383,-4125.280668116346,2476.016446449993
cvar,500,50,15328125,0.5,0.5,0.01,0.002,500.0,500.0,0.5,2000,23,0.01,100,100,minibatch,0,400,400,0,400,True,nan,nan,max_iter,,2.090140882849439,2.1843444550793167,0.24713944008306798,0.048996235126626764,0.24713944008306798,-4125.280668116346,2476.016446449993
cvar,500,50,15328125,0.5,0.5,0.01,0.002,500.0,500.0,0.5,2000,23,0.01,100,100,minibatch,0,500,500,0,500,True,nan,nan,max_iter,,1.797287114021984,1.615120485114736,0.24390022122717236,0.047800274436174295,0.24390022122717236,-4125.280668116346,2476.016446449993
cvar,500,50,15328125,0.5,0.5,0.01,0.002,500.0,500.0,0.5,2000,23,0.01,100,100,minibatch,0,500,500,1,0,True,nan,nan,max_iter,,0.4200344734832619,0.08821447945718051,0.09119931545778703,0.06727922863753011,0.09119931545778703,0.4934360325674787,0.50197882495549
cvar,500,50,15328125,0.5,0.5,0.01,0.002,500.0,500.0,0.5,2000,23,0.01,100,100,minibatch,0,600,600,1,100,True,nan,nan,max_iter,,0.7522972295304812,0.2829755607796187,0.0699870866533241,0.0699870866533241,0.06868305036194822,-4505.419042707268,-1672.155274714542
cvar,500,50,15328125,0.5,0.5,0.01,0.002,500.0,500.0,0.5,2000,23,0.01,100,100,minibatch,0,700,700,1,200,True,nan,nan,max_iter,,0.7243589307943317,0.2623479303107537,0.046917276573867794,0.03921626692958713,0.046917276573867794,-4505.419042707268,-1672.155274714542
cvar,500,50,15328125,0.5,0.5,0.01,0.002,500.0,500.0,0.5,2000,23,0.01,100,100,minibatch,0,800,800,1,300,True,nan,nan,max_iter,,0.7171075908196319,0.25712164840556834,0.044297851652629006,0.031482776554422776,0.044297851652629006,-4505.419042707268,-1672.155274714542
cvar,500,50,15328125,0.5,0.5,0.01,0.002,500.0,500.0,0.5,2000,23,0.01,100,100,minibatch,0,900,900,1,400,True,nan,nan,max_iter,,0.7139774610986652,0.254881907478448,0.0406296648998149,0.028523714607728845,0.0406296648998149,-4505.419042707268,-1672.155274714542
cvar,500,50,15328125,0.5,0.5,0.01,0.002,500.0,500.0,0.5,2000,23,0.01,100,100,minibatch,0,1000,1000,1,500,True,nan,nan,max_iter,,0.7122327859658644,0.2536377707023484,0.03762352578458583,0.026648595653985807,0.03762352578458583,-4505.419042707268,-1672.155274714542
cvar,500,50,15328125,0.5,0.5,0.01,0.002,500.0,500.0,0.5,2000,23,0.01,100,100,minibatch,0,1100,1100,1,600,True,nan,nan,max_iter,,0.7111552000750686,0.25287085929690545,0.035161118627074495,0.025278228544200032,0.035161118627074495,-4505.419042707268,-1672.155274714542
cvar,500,50,15328125,0.5,0.5,0.01,0.002,500.0,500.0,0.5,2000,23,0.01,100,100,minibatch,0,1200,1200,1,700,True,nan,nan,max_iter,,0.710442695272374,0.25236441163293766,0.03311549010145676,0.02420253964497132,0.03311549010145676,-4505.419042707268,-1672.155274714542
cvar,500,50,15328125,0.5,0.5,0.01,0.002,500.0,500.0,0.5,2000,23,0.01,100,100,minibatch,0,1300,1300,1,800,True,nan,nan,max_iter,,0.7099465269786107,0.25201203558449564,0.03139961860955154,0.023292520270645767,0.03139961860955154,-4505.419042707268,-1672.155274714542
cvar,500,50,15328125,0.5,0.5,0.01,0.002,500.0,500.0,0.5,2000,23,0.01,100,100,minibatch,0,1400,1400,1,900,True,nan,nan,max_iter,,0.7095862266774456,0.2517563065451676,0.029947735842448808,0.02251524200841315,0.029947735842448808,-4505.419042707268,-1672.155274714542
cvar,500,50,15328125,0.5,0.5,0.01,0.002,500.0,500.0,0.5,2000,23,0.01,100,100,minibatch,0,1500,1500,1,1000,True,nan,nan,max_iter,,0.7093152629886322,0.2515640711543162,0.028701295186549736,0.021813712484111347,0.028701295186549736,-4505.419042707268,-1672.155274714542
cvar,500,50,15328125,0.5,0.5,0.01,0.002,500.0,500.0,0.5,2000,23,0.01,100,100,minibatch,0,1600,1600,1,1100,True,nan,nan,max_iter,,0.7091053004848772,0.25141516358787397,0.027642185617459902,0.021176942838259438,0.027642185617459902,-4505.419042707268,-1672.155274714542
cvar,500,50,15328125,0.5,0.5,0.01,0.002,500.0,500.0,0.5,2000,23,0.01,100,100,minibatch,0,1700,1700,1,1200,True,nan,nan,max_iter,,0.7089383404774521,0.25129678529946187,0.02676714601390806,0.020618629591955595,0.02676714601390806,-4505.419042707268,-1672.155274714542
cvar,500,50,15328125,0.5,0.5,0.01,0.002,500.0,500.0,0.5,2000,23,0.01,100,100,minibatch,0,1800,1800,1,1300,True,nan,nan,max_iter,,0.7088025383770336,0.2512005192048631,0.026040816743451045,0.02013678054867285,0.026040816743451045,-4505.419042707268,-1672.155274714542
cvar,500,50,15328125,0.5,0.5,0.01,0.002,500.0,500.0,0.5,2000,23,0.01,100,100,minibatch,0,1900,1900,1,1400,True,nan,nan,max_iter,,0.7086898605411112,0.2511206592168898,0.02540904577463654,0.01971869610186261,0.02540904577463654,-4505.419042707268,-1672.155274714542
cvar,500,50,15328125,0.5,0.5,0.01,0.002,500.0,500.0,0.5,2000,23,0.01,100,100,minibatch,0,2000,2000,1,1500,True,nan,nan,max_iter,,0.7085947138974905,0.2510532342817332,0.024861830034608734,0.01935796874144169,0.024861830034608734,-4505.419042707268,-1672.155274714542
cvar,500,50,15328125,0.5,0.5,0.01,0.002,500.0,500.0,0.5,2000,23,0.01,100,100,minibatch,0,2100,2100,1,1600,True,nan,nan,max_iter,,0.7085131144030973,0.2509954166405882,0.024372492028716164,0.019030912839229197,0.024372492028716164,-4505.419042707268,-1672.155274714542
cvar,500,50,15328125,0.5,0.5,0.01,0.002,500.0,500.0,0.5,2000,23,0.01,100,100,minibatch,0,2200,2200,1,1700,True,nan,nan,max_iter,,0.708442166106659,0.2509451513589475,0.023940676620027634,0.018729901880880195,0.023940676620027634,-4505.419042707268,-1672.155274714542
cvar,500,50,15328125,0.5,0.5,0.01,0.002,500.0,500.0,0.5,2000,23,0.01,100,100,minibatch,0,2300,2300,1,1800,True,nan,nan,max_iter,,0.7083797255685488,0.2509009177982862,0.02354162686965411,0.018453323122531007,0.02354162686965411,-4505.419042707268,-1672.155274714542
cvar,500,50,15328125,0.5,0.5,0.01,0.002,500.0,500.0,0.5,2000,23,0.01,100,100,minibatch,0,2400,2400,1,1900,True,nan,nan,max_iter,,0.7083241803019911,0.2508615722002438,0.023165588273396875,0.018197431757547844,0.023165588273396875,-4505.419042707268,-1672.155274714542
cvar,500,50,15328125,0.5,0.5,0.01,0.002,500.0,500.0,0.5,2000,23,0.01,100,100,minibatch,0,2500,2500,1,2000,True,nan,nan,max_iter,,0.7082742992534938,0.2508262414915139,0.022817748099807078,0.017959532139673495,0.022817748099807078,-4505.419042707268,-1672.155274714542
cvar,500,50,15328125,0.5,0.5,0.01,0.002,500.0,500.0,0.5,2000,23,0.01,100,100,minibatch,0,2500,2500,2,0,True,nan,nan,max_iter,,0.42891775834065643,0.09198522170998688,0.08297672436161424,0.08297672436161424,0.06556735811739711,0.4932525899954199,0.5088364201425372
cvar,500,50,15328125,0.5,0.5,0.01,0.002,500.0,500.0,0.5,2000,23,0.01,100,100,minibatch,0,2600,2600,2,100,True,nan,nan,max_iter,,0.9234107342818121,0.4263436920934377,0.22784039557998748,0.02266767929772484,0.22784039557998748,-675.9611540095814,-1783.2215941995937
cvar,500,50,15328125,0.5,0.5,0.01,0.002,500.0,500.0,0.5,2000,23,0.01,100,100,minibatch,0,2700,2700,2,200,True,nan,nan,max_iter,,0.7970438634643666,0.31763946014310196,0.09888414950203206,0.01705579525673173,0.09888414950203206,-675.9611540095814,-1783.2215941995937
cvar,500,50,15328125,0.5,0.5,0.01,0.002,500.0,500.0,0.5,2000,23,0.01,100,100,minibatch,0,2800,2800,2,300,True,nan,nan,max_iter,,0.7388848014018491,0.272975374871325,0.07840885629787497,0.03311923360557267,0.07840885629787497,-675.9611540095814,-1783.2215941995937
cvar,500,50,15328125,0.5,0.5,0.01,0.002,500.0,500.0,0.5,2000,23,0.01,100,100,minibatch,0,2900,2900,2,400,True,nan,nan,max_iter,,0.7241581410069344,0.26220250659330957,0.05547617033507135,0.03427519530880618,0.05547617033507135,-675.9611540095814,-1783.2215941995937
cvar,500,50,15328125,0.5,0.5,0.01,0.002,500.0,500.0,0.5,2000,23,0.01,100,100,minibatch,0,3000,3000,2,500,True,nan,nan,max_iter,,0.7177309274245326,0.25756884209083986,0.03867445083966703,0.03532483203587833,0.03867445083966703,-675.9611540095814,-1783.2215941995937
cvar,500,50,15328125,0.5,0.5,0.01,0.002,500.0,500.0,0.5,2000,23,0.01,100,100,minibatch,0,3100,3100,2,600,True,nan,nan,max_iter,,0.7155796019090228,0.25602708333413776,0.034822565069898226,0.03419379102152764,0.034822565069898226,-675.9611540095814,-1783.2215941995937
cvar,500,50,15328125,0.5,0.5,0.01,0.002,500.0,500.0,0.5,2000,23,0.01,100,100,minibatch,0,3200,3200,2,700,True,nan,nan,max_iter,,0.7141409056122083,0.25499861653431255,0.03283762256963052,0.03283762256963052,0.03272630196552562,-675.9611540095814,-1783.2215941995937
cvar,500,50,15328125,0.5,0.5,0.01,0.002,500.0,500.0,0.5,2000,23,0.01,100,100,minibatch,0,3300,3300,2,800,True,nan,nan,max_iter,,0.7131184398767965,0.25426895464615806,0.03160027773212426,0.03160027773212426,0.031063356676246157,-675.9611540095814,-1783.2215941995937
cvar,500,50,15328125,0.5,0.5,0.01,0.002,500.0,500.0,0.5,2000,23,0.01,100,100,minibatch,0,3400,3400,2,900,True,nan,nan,max_iter,,0.7123585709207962,0.25372736678215957,0.03043675319056416,0.03043675319056416,0.029651326559323343,-675.9611540095814,-1783.2215941995937
cvar,500,50,15328125,0.5,0.5,0.01,0.002,500.0,500.0,0.5,2000,23,0.01,100,100,minibatch,0,3500,3500,2,1000,True,nan,nan,max_iter,,0.71176989768761,0.25330819362711543,0.029284196401470952,0.029284196401470952,0.028421508704843834,-675.9611540095814,-1783.2215941995937
cvar,500,50,15328125,0.5,0.5,0.01,0.002,500.0,500.0,0.5,2000,23,0.01,100,100,minibatch,0,3600,3600,2,1100,True,nan,nan,max_iter,,0.7112967332834352,0.2529715213898432,0.028145881243555326,0.028145881243555326,0.027293407605702313,-675.9611540095814,-1783.2215941995937
cvar,500,50,15328125,0.5,0.5,0.01,0.002,500.0,500.0,0.5,2000,23,0.01,100,100,minibatch,0,3700,3700,2,1200,True,nan,nan,max_iter,,0.7109044371731077,0.2526925593962065,0.027031052732633842,0.027031052732633842,0.02619920395665165,-675.9611540095814,-1783.2215941995937
cvar,500,50,15328125,0.5,0.5,0.01,0.002,500.0,500.0,0.5,2000,23,0.01,100,100,minibatch,0,3800,3800,2,1300,True,nan,nan,max_iter,,0.7105713941849608,0.2524558531169795,0.025941881738262174,0.025941881738262174,0.025079683611849313,-675.9611540095814,-1783.2215941995937
cvar,500,50,15328125,0.5,0.5,0.01,0.002,500.0,500.0,0.5,2000,23,0.01,100,100,minibatch,0,3900,3900,2,1400,True,nan,nan,max_iter,,0.7102853162986251,0.252252615274719,0.024868031776283606,0.024868031776283606,0.023919789209780884,-675.9611540095814,-1783.2215941995937
cvar,500,50,15328125,0.5,0.5,0.01,0.002,500.0,500.0,0.5,2000,23,0.01,100,100,minibatch,0,4000,4000,2,1500,True,nan,nan,max_iter,,0.7100414440754679,0.2520794261523879,0.02380897988836672,0.02380897988836672,0.022792157464515794,-675.9611540095814,-1783.2215941995937
cvar,500,50,15328125,0.5,0.5,0.01,0.002,500.0,500.0,0.5,2000,23,0.01,100,100,minibatch,0,4100,4100,2,1600,True,nan,nan,max_iter,,0.709839364446109,0.25193596165862797,0.022778508601636438,0.022778508601636438,0.021768505307929287,-675.9611540095814,-1783.2215941995937
cvar,500,50,15328125,0.5,0.5,0.01,0.002,500.0,500.0,0.5,2000,23,0.01,100,100,minibatch,0,4200,4200,2,1700,True,nan,nan,max_iter,,0.709676700088608,0.251820509324328,0.021799587912121665,0.021799587912121665,0.020921371613762285,-675.9611540095814,-1783.2215941995937
cvar,500,50,15328125,0.5,0.5,0.01,0.002,500.0,500.0,0.5,2000,23,0.01,100,100,minibatch,0,4300,4300,2,1800,True,nan,nan,max_iter,,0.7095454204955233,0.2517273518730845,0.020898504889482084,0.020898504889482084,0.020262952299536008,-675.9611540095814,-1783.2215941995937
cvar,500,50,15328125,0.5,0.5,0.01,0.002,500.0,500.0,0.5,2000,23,0.01,100,100,minibatch,0,4400,4400,2,1900,True,nan,nan,max_iter,,0.7094357523075955,0.251649543326122,0.02008263106670538,0.02008263106670538,0.019787076871298104,-675.9611540095814,-1783.2215941995937
cvar,500,50,15328125,0.5,0.5,0.01,0.002,500.0,500.0,0.5,2000,23,0.01,100,100,minibatch,0,4500,4500,2,2000,True,nan,nan,max_iter,,0.7093406824417087,0.2515821018834345,0.01943056486157746,0.01935790803272064,0.01943056486157746,-675.9611540095814,-1783.2215941995937
cvar,500,50,15328125,0.5,0.5,0.01,0.002,500.0,500.0,0.5,2000,23,0.01,100,100,minibatch,0,4500,4500,3,0,True,nan,nan,max_iter,,0.3941996096763221,0.07769666613448235,0.07927085153573787,0.07927085153573787,0.05399832688417949,0.4951215400965068,0.5091399667642491
cvar,500,50,15328125,0.5,0.5,0.01,0.002,500.0,500.0,0.5,2000,23,0.01,100,100,minibatch,0,4600,4600,3,100,True,nan,nan,max_iter,,2.255746248816405,2.5441955695246414,0.37450598621634046,0.3734926519628301,0.37450598621634046,-3616.237243212133,2353.9810847046833
cvar,500,50,15328125,0.5,0.5,0.01,0.002,500.0,500.0,0.5,2000,23,0.01,100,100,minibatch,0,4700,4700,3,200,True,nan,nan,max_iter,,3.276389109010394,5.367362796820962,0.4621312431149275,0.03085586819384667,0.4621312431149275,-3616.237243212133,2353.9810847046833
cvar,500,50,15328125,0.5,0.5,0.01,0.002,500.0,500.0,0.5,2000,23,0.01,100,100,minibatch,0,4800,4800,3,300,True,nan,nan,max_iter,,2.421680639073629,2.93226855883203,0.3824230856472244,0.021199446250487752,0.3824230856472244,-3616.237243212133,2353.9810847046833
cvar,500,50,15328125,0.5,0.5,0.01,0.002,500.0,500.0,0.5,2000,23,0.01,100,100,minibatch,0,4900,4900,3,400,True,nan,nan,max_iter,,2.027981349324934,2.0563541766048896,0.23326067652891358,0.030036699203704553,0.23326067652891358,-3616.237243212133,2353.9810847046833
cvar,500,50,15328125,0.5,0.5,0.01,0.002,500.0,500.0,0.5,2000,23,0.01,100,100,minibatch,0,5000,5000,3,500,True,nan,nan,max_iter,,2.1314552058207927,2.271550647210279,0.2824493024233295,0.039825588543456525,0.2824493024233295,-3616.237243212133,2353.9810847046833
cvar,500,50,15328125,0.5,0.5,0.01,0.002,500.0,500.0,0.5,2000,23,0.01,100,100,minibatch,0,5000,5000,4,0,True,nan,nan,max_iter,,0.45020711579325007,0.10134322355543844,0.08905976035851382,0.08905976035851382,0.05196373411271127,0.4847835948268581,0.5087075603984643
cvar,500,50,15328125,0.5,0.5,0.01,0.002,500.0,500.0,0.5,2000,23,0.01,100,100,minibatch,0,5100,5100,4,100,True,nan,nan,max_iter,,1.0441511187486174,0.5451257793919947,0.05194872887978519,0.05194872887978519,0.03988132102958497,-1306.852327423738,-1710.1651345089354
cvar,500,50,15328125,0.5,0.5,0.01,0.002,500.0,500.0,0.5,2000,23,0.01,100,100,minibatch,0,5200,5200,4,200,True,nan,nan,max_iter,,0.7931661028137208,0.31455623332635296,0.034204165371456874,0.018520306228823946,0.034204165371456874,-1306.852327423738,-1710.1651345089354
cvar,500,50,15328125,0.5,0.5,0.01,0.002,500.0,500.0,0.5,2000,23,0.01,100,100,minibatch,0,5300,5300,4,300,True,nan,nan,max_iter,,0.7604194671482358,0.28911888300900346,0.02085059846376036,0.017833804479426507,0.02085059846376036,-1306.852327423738,-1710.1651345089354
cvar,500,50,15328125,0.5,0.5,0.01,0.002,500.0,500.0,0.5,2000,23,0.01,100,100,minibatch,0,5400,5400,4,400,True,nan,nan,max_iter,,0.7306844304993676,0.26694986848709257,0.019613388338604376,0.019613388338604376,0.016910440441084917,-1306.852327423738,-1710.1651345089354
cvar,500,50,15328125,0.5,0.5,0.01,0.002,500.0,500.0,0.5,2000,23,0.01,100,100,minibatch,0,5500,5500,4,500,True,nan,nan,max_iter,,0.7195805430430209,0.2588980789630444,0.02125764456705781,0.02125764456705781,0.015192499091089662,-1306.852327423738,-1710.1651345089354
cvar,500,50,15328125,0.5,0.5,0.01,0.002,500.0,500.0,0.5,2000,23,0.01,100,100,minibatch,0,5600,5600,4,600,True,nan,nan,max_iter,,0.7152724755259581,0.2558073571225161,0.02150110383645132,0.02150110383645132,0.013554338748803407,-1306.852327423738,-1710.1651345089354
cvar,500,50,15328125,0.5,0.5,0.01,0.002,500.0,500.0,0.5,2000,23,0.01,100,100,minibatch,0,5700,5700,4,700,True,nan,nan,max_iter,,0.7136672830505045,0.25466049544834446,0.02081092106721283,0.02081092106721283,0.012196825733846395,-1306.852327423738,-1710.1651345089354
cvar,500,50,15328125,0.5,0.5,0.01,0.002,500.0,500.0,0.5,2000,23,0.01,100,100,minibatch,0,5800,5800,4,800,True,nan,nan,max_iter,,0.7125979227490492,0.25389789975312993,0.019988304708089877,0.019988304708089877,0.011321756645795045,-1306.852327423738,-1710.1651345089354
cvar,500,50,15328125,0.5,0.5,0.01,0.002,500.0,500.0,0.5,2000,23,0.01,100,100,minibatch,0,5900,5900,4,900,True,nan,nan,max_iter,,0.7118480304969925,0.2533638092612236,0.01910595687335681,0.01910595687335681,0.010656208072462703,-1306.852327423738,-1710.1651345089354
cvar,500,50,15328125,0.5,0.5,0.01,0.002,500.0,500.0,0.5,2000,23,0.01,100,100,minibatch,0,6000,6000,4,1000,True,nan,nan,max_iter,,0.7113039772804101,0.25297667404746504,0.018183425602911085,0.018183425602911085,0.010173620406349393,-1306.852327423738,-1710.1651345089354
cvar,500,50,15328125,0.5,0.5,0.01,0.002,500.0,500.0,0.5,2000,23,0.01,100,100,minibatch,0,6100,6100,4,1100,True,nan,nan,max_iter,,0.7109013297585887,0.2526903503262648,0.017261179888453326,0.017261179888453326,0.009797178656819616,-1306.852327423738,-1710.1651345089354
cvar,500,50,15328125,0.5,0.5,0.01,0.002,500.0,500.0,0.5,2000,23,0.01,100,100,minibatch,0,6200,6200,4,1200,True,nan,nan,max_iter,,0.7105989207419777,0.2524754130798318,0.01643668733621728,0.01643668733621728,0.009469248364088245,-1306.852327423738,-1710.1651345089354
cvar,500,50,15328125,0.5,0.5,0.01,0.002,500.0,500.0,0.5,2000,23,0.01,100,100,minibatch,0,6300,6300,4,1300,True,nan,nan,max_iter,,0.7103663477907491,0.2523101740367838,0.015772941488068848,0.015772941488068848,0.00916407167104849,-1306.852327423738,-1710.1651345089354
cvar,500,50,15328125,0.5,0.5,0.01,0.002,500.0,500.0,0.5,2000,23,0.01,100,100,minibatch,0,6400,6400,4,1400,True,nan,nan,max_iter,,0.7101809968363966,0.25217852413376896,0.015285569829361911,0.015285569829361911,0.008893300142517324,-1306.852327423738,-1710.1651345089354
cvar,500,50,15328125,0.5,0.5,0.01,0.002,500.0,500.0,0.5,2000,23,0.01,100,100,minibatch,0,6500,6500,4,1500,True,nan,nan,max_iter,,0.7100277534605774,0.2520697053421373,0.014929601157827377,0.014929601157827377,0.008648033118216603,-1306.852327423738,-1710.1651345089354
cvar,500,50,15328125,0.5,0.5,0.01,0.002,500.0,500.0,0.5,2000,23,0.01,100,100,minibatch,0,6600,6600,4,1600,True,nan,nan,max_iter,,0.7098972117310814,0.2519770256117819,0.014665339338904126,0.014665339338904126,0.00841814838762589,-1306.852327423738,-1710.1651345089354
cvar,500,50,15328125,0.5,0.5,0.01,0.002,500.0,500.0,0.5,2000,23,0.01,100,100,minibatch,0,6700,6700,4,1700,True,nan,nan,max_iter,,0.7097834006656438,0.25189623793024296,0.014458456085549187,0.014458456085549187,0.008209883153860398,-1306.852327423738,-1710.1651345089354
cvar,500,50,15328125,0.5,0.5,0.01,0.002,500.0,500.0,0.5,2000,23,0.01,100,100,minibatch,0,6800,6800,4,1800,True,nan,nan,max_iter,,0.7096822608507016,0.25182445568308165,0.014294392807329137,0.014294392807329137,0.008024818635093633,-1306.852327423738,-1710.1651345089354
cvar,500,50,15328125,0.5,0.5,0.01,0.002,500.0,500.0,0.5,2000,23,0.01,100,100,minibatch,0,6900,6900,4,1900,True,nan,nan,max_iter,,0.7095908437404213,0.25175958276012145,0.01416178405168167,0.01416178405168167,0.007841604639709399,-1306.852327423738,-1710.1651345089354
cvar,500,50,15328125,0.5,0.5,0.01,0.002,500.0,500.0,0.5,2000,23,0.01,100,100,minibatch,0,7000,7000,4,2000,True,nan,nan,max_iter,,0.7095069020746299,0.2517000220457692,0.014057555739717897,0.014057555739717897,0.007654665516326542,-1306.852327423738,-1710.1651345089354
