risk,K,n,seed,gamma,alpha,entropy_kappa,smoothing_tau,step_size,theta_step_size,step_decay,max_iter,minibatch_size,regret_tolerance,record_every,certify_every,method,continuation_stage,stage_iteration,iteration,start_index,start_iteration,selected_stage,stage_improvement,stage_relative_improvement,stage_termination_reason,continuation_stop_reason,residual_norm,objective,eta,regret1,regret2,theta1,theta2
cvar,500,50,15328123,0.5,0.5,0.003,0.002,30.0,0.0001,0.0,2000,23,0.01,100,100,full_batch,0,0,0,0,0,True,nan,nan,stagnation,,0.2645266017064113,0.03498716150517118,0.05475692245987551,0.04864097188852706,0.05475692245987551,0.4965628538077235,0.5025077703221681
cvar,500,50,15328123,0.5,0.5,0.003,0.002,30.0,0.0001,0.0,2000,23,0.01,100,100,full_batch,0,100,100,0,100,True,nan,nan,stagnation,,0.1790799328134099,0.016034811168227702,0.023344833647913288,0.023344833647913288,0.02081318031989643,0.496159686168122,0.5011438567423898
cvar,500,50,15328123,0.5,0.5,0.003,0.002,30.0,0.0001,0.0,2000,23,0.01,100,100,full_batch,0,200,200,0,200,True,nan,nan,stagnation,,0.1726173326583367,0.014898371767039438,0.0193526344850668,0.0193526344850668,0.018673338084684632,0.4968452261111116,0.5016465537142129
cvar,500,50,15328123,0.5,0.5,0.003,0.002,30.0,0.0001,0.0,2000,23,0.01,100,100,full_batch,0,300,300,0,300,True,nan,nan,stagnation,,0.15475860671975142,0.011975113176919345,0.01857613341653086,0.017320351216335572,0.01857613341653086,0.4973390850702128,0.5020926930460099
cvar,500,50,15328123,0.5,0.5,0.003,0.002,30.0,0.0001,0.0,2000,23,0.01,100,100,full_batch,0,400,400,0,400,True,nan,nan,stagnation,,0.15328563931141181,0.01174824360955412,0.018026216042204002,0.01682384678364668,0.018026216042204002,0.4976779957620601,0.50237506889777
cvar,500,50,15328123,0.5,0.5,0.003,0.002,30.0,0.0001,0.0,2000,23,0.01,100,100,full_batch,0,500,500,0,500,True,nan,nan,stagnation,,0.19048420631811994,0.01814211642832204,0.0181368986824465,0.016486748160700393,0.0181368986824465,0.49817301959121973,0.5025106139905742
cvar,500,50,15328123,0.5,0.5,0.003,0.002,30.0,0.0001,0.0,2000,23,0.01,100,100,full_batch,0,600,600,0,600,True,nan,nan,stagnation,,0.1663335270739625,0.01383342111443231,0.01793365126885016,0.014759872327770818,0.01793365126885016,0.4983906801793317,0.502733017969487
cvar,500,50,15328123,0.5,0.5,0.003,0.002,30.0,0.0001,0.0,2000,23,0.01,100,100,full_batch,0,700,700,0,700,True,nan,nan,stagnation,,0.14414424247918273,0.010388781319948713,0.017832083393027665,0.014646016546917329,0.017832083393027665,0.49836042696647753,0.5028235897768757
cvar,500,50,15328123,0.5,0.5,0.003,0.002,30.0,0.0001,0.0,2000,23,0.01,100,100,full_batch,0,800,800,0,800,True,nan,nan,stagnation,,0.14896580558147268,0.01109540561626856,0.01929724355448803,0.015782455109284332,0.01929724355448803,0.4987146846239765,0.5028796462566404
cvar,500,50,15328123,0.5,0.5,0.003,0.002,30.0,0.0001,0.0,2000,23,0.01,100,100,full_batch,0,900,900,0,900,True,nan,nan,stagnation,,0.16526640685163002,0.01365649261682425,0.017008831147603654,0.013660479390780855,0.017008831147603654,0.49897374285408586,0.5029268828789968
cvar,500,50,15328123,0.5,0.5,0.003,0.002,30.0,0.0001,0.0,2000,23,0.01,100,100,full_batch,0,1000,1000,0,1000,True,nan,nan,stagnation,,0.13747894811629163,0.009450230587581003,0.017360642314225627,0.013460625459716713,0.017360642314225627,0.49895347043166893,0.5030163864320147
cvar,500,50,15328123,0.5,0.5,0.003,0.002,30.0,0.0001,0.0,2000,23,0.01,100,100,full_batch,0,1100,1100,0,1100,True,nan,nan,stagnation,,0.17055990987418754,0.014545341428145488,0.01635436722268757,0.013202376192593568,0.01635436722268757,0.4992741947366571,0.5029808698833005
cvar,500,50,15328123,0.5,0.5,0.003,0.002,30.0,0.0001,0.0,2000,23,0.01,100,100,full_batch,0,1200,1200,0,1200,True,nan,nan,stagnation,,0.14183021074425511,0.01005790433987991,0.016746615565202294,0.01313105404643361,0.016746615565202294,0.4992621541324446,0.5030407869559941
cvar,500,50,15328123,0.5,0.5,0.003,0.002,30.0,0.0001,0.0,2000,23,0.01,100,100,full_batch,0,1300,1300,0,1300,True,nan,nan,stagnation,,0.15606906373744336,0.01217877632794108,0.019942222512482788,0.014014674079202372,0.019942222512482788,0.4993505593349858,0.503403261159177
cvar,500,50,15328123,0.5,0.5,0.003,0.002,30.0,0.0001,0.0,2000,23,0.01,100,100,full_batch,0,1400,1400,0,1400,True,nan,nan,stagnation,,0.13995751307671622,0.009794052733309596,0.017710122735338008,0.012998373962138376,0.017710122735338008,0.49939184806088166,0.503237362213803
cvar,500,50,15328123,0.5,0.5,0.003,0.002,30.0,0.0001,0.0,2000,23,0.01,100,100,full_batch,0,1500,1500,0,1500,True,nan,nan,stagnation,,0.14040016205238717,0.00985610275216829,0.017046577309572708,0.012253605042377158,0.017046577309572708,0.4996542053111355,0.5032356498059711
cvar,500,50,15328123,0.5,0.5,0.003,0.002,30.0,0.0001,0.0,2000,23,0.01,100,100,full_batch,0,1600,1600,0,1600,True,nan,nan,stagnation,,0.13333858407626686,0.008889589001731844,0.016903203160969826,0.012087068678593105,0.016903203160969826,0.4997507495840991,0.503298463971411
cvar,500,50,15328123,0.5,0.5,0.003,0.002,30.0,0.0001,0.0,2000,23,0.01,100,100,full_batch,0,1600,1600,1,0,True,nan,nan,stagnation,,0.4063760583757331,0.08257075041049862,0.07635890463107886,0.07635890463107886,0.07634228789607922,0.4937601322509508,0.5120882387105102
cvar,500,50,15328123,0.5,0.5,0.003,0.002,30.0,0.0001,0.0,2000,23,0.01,100,100,full_batch,0,1700,1700,1,100,True,nan,nan,stagnation,,0.1959767819721072,0.019203449536071417,0.03283680058898275,0.030711099394604313,0.03283680058898275,0.4956086850649954,0.5090386163789404
cvar,500,50,15328123,0.5,0.5,0.003,0.002,30.0,0.0001,0.0,2000,23,0.01,100,100,full_batch,0,1800,1800,1,200,True,nan,nan,stagnation,,0.1780109213018837,0.015843944051372717,0.026461474857176703,0.026461474857176703,0.023027154038480657,0.4959802540446362,0.5084043624702865
cvar,500,50,15328123,0.5,0.5,0.003,0.002,30.0,0.0001,0.0,2000,23,0.01,100,100,full_batch,0,1900,1900,1,300,True,nan,nan,stagnation,,0.17595195856322832,0.015479545861118008,0.02186265951675659,0.02186265951675659,0.019382038935358725,0.4959732554560151,0.5076327975816809
cvar,500,50,15328123,0.5,0.5,0.003,0.002,30.0,0.0001,0.0,2000,23,0.01,100,100,full_batch,0,2000,2000,1,400,True,nan,nan,stagnation,,0.16029055310972767,0.012846530708111214,0.01968254448725537,0.01968254448725537,0.018764137674310732,0.49601024825667756,0.507375712663937
cvar,500,50,15328123,0.5,0.5,0.003,0.002,30.0,0.0001,0.0,2000,23,0.01,100,100,full_batch,0,2100,2100,1,500,True,nan,nan,stagnation,,0.1657725943397104,0.013740276517059091,0.01922556890417415,0.01922556890417415,0.016416449551948986,0.49635717092903503,0.5072216019544896
cvar,500,50,15328123,0.5,0.5,0.003,0.002,30.0,0.0001,0.0,2000,23,0.01,100,100,full_batch,0,2200,2200,1,600,True,nan,nan,stagnation,,0.1523936066146962,0.011611905668517388,0.01860036932220671,0.01860036932220671,0.017532219225168344,0.49639533013264237,0.5070522557468325
cvar,500,50,15328123,0.5,0.5,0.003,0.002,30.0,0.0001,0.0,2000,23,0.01,100,100,full_batch,0,2300,2300,1,700,True,nan,nan,stagnation,,0.14689983596496212,0.01078978090326639,0.01825877060761477,0.01825877060761477,0.01634422830340665,0.4967600097238302,0.5069277719901033
cvar,500,50,15328123,0.5,0.5,0.003,0.002,30.0,0.0001,0.0,2000,23,0.01,100,100,full_batch,0,2400,2400,1,800,True,nan,nan,stagnation,,0.1566198105788513,0.01226488253287763,0.017865024483929126,0.017865024483929126,0.015676181376315435,0.49692352924923217,0.5066572015207637
cvar,500,50,15328123,0.5,0.5,0.003,0.002,30.0,0.0001,0.0,2000,23,0.01,100,100,full_batch,0,2500,2500,1,900,True,nan,nan,stagnation,,0.16660476857264514,0.013878574455572322,0.01681820314616589,0.01681820314616589,0.015740225883334347,0.4970441195715781,0.5065699393709014
cvar,500,50,15328123,0.5,0.5,0.003,0.002,30.0,0.0001,0.0,2000,23,0.01,100,100,full_batch,0,2600,2600,1,1000,True,nan,nan,stagnation,,0.15199965241730382,0.011551947167490587,0.01666442242488564,0.01666442242488564,0.01659048332285984,0.4970246317072481,0.5065241974857331
cvar,500,50,15328123,0.5,0.5,0.003,0.002,30.0,0.0001,0.0,2000,23,0.01,100,100,full_batch,0,2700,2700,1,1100,True,nan,nan,stagnation,,0.1574572525014778,0.012396393182657069,0.01896695345778887,0.01896695345778887,0.01854112615280601,0.49706499472458754,0.5067642915508779
cvar,500,50,15328123,0.5,0.5,0.003,0.002,30.0,0.0001,0.0,2000,23,0.01,100,100,full_batch,0,2800,2800,1,1200,True,nan,nan,stagnation,,0.15686421839443118,0.012303191506247901,0.016717394166413713,0.016717394166413713,0.015279852064336685,0.4971625411118436,0.5065696062689448
cvar,500,50,15328123,0.5,0.5,0.003,0.002,30.0,0.0001,0.0,2000,23,0.01,100,100,full_batch,0,2900,2900,1,1300,True,nan,nan,stagnation,,0.16577151062640302,0.013740096867679826,0.01883714377508039,0.01883714377508039,0.018574515493947397,0.497138678282328,0.5069633090058792
cvar,500,50,15328123,0.5,0.5,0.003,0.002,30.0,0.0001,0.0,2000,23,0.01,100,100,full_batch,0,3000,3000,1,1400,True,nan,nan,stagnation,,0.17917582107898017,0.016051987429663357,0.019535155960075934,0.019535155960075934,0.018794131273886627,0.49709826073103436,0.5070051354578898
cvar,500,50,15328123,0.5,0.5,0.003,0.002,30.0,0.0001,0.0,2000,23,0.01,100,100,full_batch,0,3100,3100,1,1500,True,nan,nan,stagnation,,0.16022970490264554,0.012836779166594436,0.018031203102351734,0.018031203102351734,0.017846808556078786,0.4972818983276094,0.5071090757362927
cvar,500,50,15328123,0.5,0.5,0.003,0.002,30.0,0.0001,0.0,2000,23,0.01,100,100,full_batch,0,3100,3100,2,0,True,nan,nan,stagnation,,0.38535301298704516,0.0742484723090969,0.0883801262660534,0.05050176462910866,0.0883801262660534,0.5001943238304432,0.5106717520205599
cvar,500,50,15328123,0.5,0.5,0.003,0.002,30.0,0.0001,0.0,2000,23,0.01,100,100,full_batch,0,3200,3200,2,100,True,nan,nan,stagnation,,1.6200884970658265,1.3123433691625042,0.2593140330575524,0.2560954556685979,0.2593140330575524,0.4855987048148976,0.5045739447616524
cvar,500,50,15328123,0.5,0.5,0.003,0.002,30.0,0.0001,0.0,2000,23,0.01,100,100,full_batch,0,3300,3300,2,200,True,nan,nan,stagnation,,1.520433579552989,1.1558591349161578,0.039464865689732176,0.039464865689732176,0.03009001728255889,0.4774362567499803,0.4980123097136551
cvar,500,50,15328123,0.5,0.5,0.003,0.002,30.0,0.0001,0.0,2000,23,0.01,100,100,full_batch,0,3400,3400,2,300,True,nan,nan,stagnation,,1.5033703770559548,1.1300612453046819,0.03946466828475681,0.03946466828475681,0.030089799737266554,0.4769592847443847,0.4979031196095749
cvar,500,50,15328123,0.5,0.5,0.003,0.002,30.0,0.0001,0.0,2000,23,0.01,100,100,full_batch,0,3500,3500,2,400,True,nan,nan,stagnation,,1.4870022256849538,1.105587809596003,0.03946382632818024,0.03946382632818024,0.030089248002359903,0.4765528175328919,0.49780209524195734
cvar,500,50,15328123,0.5,0.5,0.003,0.002,30.0,0.0001,0.0,2000,23,0.01,100,100,full_batch,0,3600,3600,2,500,True,nan,nan,stagnation,,1.4712307441911086,1.0822599513265616,0.039460565869529396,0.039460565869529396,0.030087279284459756,0.47620406331885423,0.49770850069344186
cvar,500,50,15328123,0.5,0.5,0.003,0.002,30.0,0.0001,0.0,2000,23,0.01,100,100,full_batch,0,3700,3700,2,600,True,nan,nan,stagnation,,1.4556447310654677,1.0594507915393288,0.039442069297349724,0.039442069297349724,0.03007387072572587,0.47590565821754144,0.49762253982454135
cvar,500,50,15328123,0.5,0.5,0.003,0.002,30.0,0.0001,0.0,2000,23,0.01,100,100,full_batch,0,3800,3800,2,700,True,nan,nan,stagnation,,1.4433600024016233,1.041644048266407,0.03942652583855977,0.03942652583855977,0.030092208176288326,0.4756040272904463,0.4972878045104967
cvar,500,50,15328123,0.5,0.5,0.003,0.002,30.0,0.0001,0.0,2000,23,0.01,100,100,full_batch,0,3800,3800,3,0,True,nan,nan,stagnation,,0.3864171095295278,0.07465909126857753,0.07047355430870661,0.06958493724923781,0.07047355430870661,0.4858367045010476,0.5002940808042138
cvar,500,50,15328123,0.5,0.5,0.003,0.002,30.0,0.0001,0.0,2000,23,0.01,100,100,full_batch,0,3900,3900,3,100,True,nan,nan,stagnation,,0.2300050927615107,0.026451171348115574,0.042680783987176896,0.03669620805237439,0.042680783987176896,0.4920841105101488,0.501372682611953
cvar,500,50,15328123,0.5,0.5,0.003,0.002,30.0,0.0001,0.0,2000,23,0.01,100,100,full_batch,0,4000,4000,3,200,True,nan,nan,stagnation,,0.1946409198041575,0.018942543831104233,0.02669942300114375,0.02346296084558286,0.02669942300114375,0.4943279800882682,0.5017436657911991
cvar,500,50,15328123,0.5,0.5,0.003,0.002,30.0,0.0001,0.0,2000,23,0.01,100,100,full_batch,0,4100,4100,3,300,True,nan,nan,stagnation,,0.17998816669067966,0.016197870074335943,0.025314589065617454,0.020180025780055455,0.025314589065617454,0.4956479341928321,0.5021550803682301
cvar,500,50,15328123,0.5,0.5,0.003,0.002,30.0,0.0001,0.0,2000,23,0.01,100,100,full_batch,0,4200,4200,3,400,True,nan,nan,stagnation,,0.17428208140971307,0.015187121950250928,0.02466883443654022,0.01747913848889815,0.02466883443654022,0.4966276341229573,0.5025404488311517
cvar,500,50,15328123,0.5,0.5,0.003,0.002,30.0,0.0001,0.0,2000,23,0.01,100,100,full_batch,0,4300,4300,3,500,True,nan,nan,stagnation,,0.19034248990985903,0.01811513173254239,0.023648698124515588,0.01587963054743402,0.023648698124515588,0.49752487132356904,0.5029112058649993
cvar,500,50,15328123,0.5,0.5,0.003,0.002,30.0,0.0001,0.0,2000,23,0.01,100,100,full_batch,0,4400,4400,3,600,True,nan,nan,stagnation,,0.16179050429314487,0.013088083639715064,0.018375547678947668,0.01402123545257783,0.018375547678947668,0.4983306928498193,0.5023949654632024
cvar,500,50,15328123,0.5,0.5,0.003,0.002,30.0,0.0001,0.0,2000,23,0.01,100,100,full_batch,0,4500,4500,3,700,True,nan,nan,stagnation,,0.15617255939984362,0.012194934154748842,0.018026991931227754,0.012685334934071257,0.018026991931227754,0.4987051859304773,0.5019295875788746
cvar,500,50,15328123,0.5,0.5,0.003,0.002,30.0,0.0001,0.0,2000,23,0.01,100,100,full_batch,0,4600,4600,3,800,True,nan,nan,stagnation,,0.15952056941526527,0.012723406033285232,0.019812889911942133,0.012191834315544603,0.019812889911942133,0.4993278036435211,0.5019365183415921
cvar,500,50,15328123,0.5,0.5,0.003,0.002,30.0,0.0001,0.0,2000,23,0.01,100,100,full_batch,0,4700,4700,3,900,True,nan,nan,stagnation,,0.1432276397333578,0.010257078391794268,0.018648217680492185,0.012562284854620354,0.018648217680492185,0.49972969324971434,0.5016525748202758
cvar,500,50,15328123,0.5,0.5,0.003,0.002,30.0,0.0001,0.0,2000,23,0.01,100,100,full_batch,0,4800,4800,3,1000,True,nan,nan,stagnation,,0.14895799809741975,0.011094242598595452,0.01874450469012101,0.012502647074449924,0.01874450469012101,0.4999331181735101,0.5014644308921895
cvar,500,50,15328123,0.5,0.5,0.003,0.002,30.0,0.0001,0.0,2000,23,0.01,100,100,full_batch,0,4900,4900,3,1100,True,nan,nan,stagnation,,0.1518278747796245,0.01152585178004867,0.018617866749257472,0.012618623995368505,0.018617866749257472,0.5001510085385089,0.5014325016722796
cvar,500,50,15328123,0.5,0.5,0.003,0.002,30.0,0.0001,0.0,2000,23,0.01,100,100,full_batch,0,5000,5000,3,1200,True,nan,nan,stagnation,,0.1511745096810439,0.011426866188652018,0.01875804709091239,0.012661088571206291,0.01875804709091239,0.5004602827144347,0.501400080192467
cvar,500,50,15328123,0.5,0.5,0.003,0.002,30.0,0.0001,0.0,2000,23,0.01,100,100,full_batch,0,5000,5000,4,0,True,nan,nan,stagnation,,0.423825409812772,0.08981398900148206,0.08433228317030383,0.07696138943309938,0.08433228317030383,0.4922083014246929,0.5007377722006044
cvar,500,50,15328123,0.5,0.5,0.003,0.002,30.0,0.0001,0.0,2000,23,0.01,100,100,full_batch,0,5100,5100,4,100,True,nan,nan,stagnation,,0.24040021547010654,0.028896131799036825,0.03665618200818199,0.024471911080792885,0.03665618200818199,0.4942348334512905,0.4993974634074015
cvar,500,50,15328123,0.5,0.5,0.003,0.002,30.0,0.0001,0.0,2000,23,0.01,100,100,full_batch,0,5200,5200,4,200,True,nan,nan,stagnation,,0.19757727888274115,0.019518390565354236,0.02379280742914991,0.021642613904082952,0.02379280742914991,0.4955238720182418,0.4991813200404211
cvar,500,50,15328123,0.5,0.5,0.003,0.002,30.0,0.0001,0.0,2000,23,0.01,100,100,full_batch,0,5300,5300,4,300,True,nan,nan,stagnation,,0.168439372743098,0.014185911145044153,0.02189787608168875,0.020762468549678337,0.02189787608168875,0.4960915106666381,0.49937723015834645
cvar,500,50,15328123,0.5,0.5,0.003,0.002,30.0,0.0001,0.0,2000,23,0.01,100,100,full_batch,0,5400,5400,4,400,True,nan,nan,stagnation,,0.15920301704303175,0.012672800317801929,0.021194508213362884,0.020134495400781827,0.021194508213362884,0.4965023479896207,0.4995452930512341
cvar,500,50,15328123,0.5,0.5,0.003,0.002,30.0,0.0001,0.0,2000,23,0.01,100,100,full_batch,0,5500,5500,4,500,True,nan,nan,stagnation,,0.17624359232745848,0.015530901918243691,0.021035148561118655,0.01900181383522148,0.021035148561118655,0.49681677389556883,0.4998016952788552
cvar,500,50,15328123,0.5,0.5,0.003,0.002,30.0,0.0001,0.0,2000,23,0.01,100,100,full_batch,0,5600,5600,4,600,True,nan,nan,stagnation,,0.16113513537682717,0.012982265926454208,0.020913186359926117,0.018832144492223535,0.020913186359926117,0.4970702507595367,0.4999399974851006
cvar,500,50,15328123,0.5,0.5,0.003,0.002,30.0,0.0001,0.0,2000,23,0.01,100,100,full_batch,0,5700,5700,4,700,True,nan,nan,stagnation,,0.16622473236825328,0.013815330825448714,0.02080359775496654,0.01809416226752958,0.02080359775496654,0.4973487261183563,0.5001509317823906
cvar,500,50,15328123,0.5,0.5,0.003,0.002,30.0,0.0001,0.0,2000,23,0.01,100,100,full_batch,0,5800,5800,4,800,True,nan,nan,stagnation,,0.15569405000085415,0.012120318602834235,0.02033071560278943,0.01607445621477016,0.02033071560278943,0.49768358414910147,0.5002874267217805
cvar,500,50,15328123,0.5,0.5,0.003,0.002,30.0,0.0001,0.0,2000,23,0.01,100,100,full_batch,0,5900,5900,4,900,True,nan,nan,stagnation,,0.14934467446657976,0.01115191589576434,0.020041828104657045,0.016458784353440892,0.020041828104657045,0.4978760741364798,0.5003542335105682
cvar,500,50,15328123,0.5,0.5,0.003,0.002,30.0,0.0001,0.0,2000,23,0.01,100,100,full_batch,0,6000,6000,4,1000,True,nan,nan,stagnation,,0.15092141804598874,0.011388637212506048,0.019851315508011724,0.01580044034503264,0.019851315508011724,0.4981290591312849,0.5004753798359376
cvar,500,50,15328123,0.5,0.5,0.003,0.002,30.0,0.0001,0.0,2000,23,0.01,100,100,full_batch,0,6100,6100,4,1100,True,nan,nan,stagnation,,0.1605556328120758,0.012889055613843056,0.019683373630512868,0.01518488492725989,0.019683373630512868,0.4983613476365576,0.500609976251069
cvar,500,50,15328123,0.5,0.5,0.003,0.002,30.0,0.0001,0.0,2000,23,0.01,100,100,full_batch,0,6200,6200,4,1200,True,nan,nan,stagnation,,0.15116156262356945,0.011424909007399654,0.019441745026107682,0.014424314620126055,0.019441745026107682,0.49849456924863833,0.500617832539533
cvar,500,50,15328123,0.5,0.5,0.003,0.002,30.0,0.0001,0.0,2000,23,0.01,100,100,full_batch,0,6300,6300,4,1300,True,nan,nan,stagnation,,0.15948406282926456,0.012717583148264402,0.019126041777698888,0.014967510020743258,0.019126041777698888,0.4985727895601213,0.5007374527519386
cvar,500,50,15328123,0.5,0.5,0.003,0.002,30.0,0.0001,0.0,2000,23,0.01,100,100,full_batch,0,6400,6400,4,1400,True,nan,nan,stagnation,,0.14506999453901154,0.01052265165777442,0.01818493163654622,0.014221584135976462,0.01818493163654622,0.4987963666553569,0.5007800732879739
cvar,500,50,15328123,0.5,0.5,0.003,0.002,30.0,0.0001,0.0,2000,23,0.01,100,100,full_batch,0,6500,6500,4,1500,True,nan,nan,stagnation,,0.156298415851239,0.012214597398803418,0.018302008202819797,0.014807481246610243,0.018302008202819797,0.4987623350758005,0.500777328175477
cvar,500,50,15328123,0.5,0.5,0.003,0.002,30.0,0.0001,0.0,2000,23,0.01,100,100,full_batch,0,6600,6600,4,1600,True,nan,nan,stagnation,,0.1405358377030848,0.009875160839453896,0.017266806311582616,0.013347183268169305,0.017266806311582616,0.49899669438035515,0.5008191725293094
cvar,500,50,15328123,0.5,0.5,0.003,0.002,30.0,0.0001,0.0,2000,23,0.01,100,100,full_batch,0,6700,6700,4,1700,True,nan,nan,stagnation,,0.15753928413535473,0.012409313022940014,0.017353521947080175,0.014077705664622409,0.017353521947080175,0.49893726389882703,0.5008204157300818
cvar,500,50,15328123,0.5,0.5,0.003,0.002,30.0,0.0001,0.0,2000,23,0.01,100,100,full_batch,0,6800,6800,4,1800,True,nan,nan,stagnation,,0.1561880231488297,0.012197349287569683,0.01746082381685765,0.012555355795908385,0.01746082381685765,0.4991951388191939,0.5008853296676115
cvar,500,50,15328123,0.5,0.5,0.003,0.002,30.0,0.0001,0.0,2000,23,0.01,100,100,full_batch,0,6900,6900,4,1900,True,nan,nan,stagnation,,0.14550200552900597,0.010585416806481441,0.017060222699267658,0.011309348119203033,0.017060222699267658,0.49923694732401586,0.5008349326769592
cvar,500,50,15328123,0.5,0.5,0.003,0.002,30.0,0.0001,0.0,2000,23,0.01,100,100,full_batch,0,7000,7000,4,2000,True,nan,nan,stagnation,,0.14135035954411682,0.009989962071625547,0.017803584905457415,0.012360920154481814,0.017803584905457415,0.49928295920774685,0.5007859585560761
cvar,500,50,15328123,0.5,0.5,0.003,0.002,30.0,0.0001,0.0,2000,23,0.01,100,100,minibatch,0,0,0,0,0,True,nan,nan,stagnation,,0.2645266017064113,0.03498716150517118,0.05475692245987551,0.04864097188852706,0.05475692245987551,0.4965628538077235,0.5025077703221681
cvar,500,50,15328123,0.5,0.5,0.003,0.002,30.0,0.0001,0.0,2000,23,0.01,100,100,minibatch,0,100,100,0,100,True,nan,nan,stagnation,,1.6370268681266942,1.3399284834843466,0.2637247455013779,0.2637247455013779,0.026208182701037197,0.48834594676298043,0.49619392101249055
cvar,500,50,15328123,0.5,0.5,0.003,0.002,30.0,0.0001,0.0,2000,23,0.01,100,100,minibatch,0,200,200,0,200,True,nan,nan,stagnation,,1.5757696002628054,1.2415249165562008,0.2626170079002038,0.2626170079002038,0.029755096443956908,0.45895623653044354,0.49590952606135413
cvar,500,50,15328123,0.5,0.5,0.003,0.002,30.0,0.0001,0.0,2000,23,0.01,100,100,minibatch,0,300,300,0,300,True,nan,nan,stagnation,,1.4526151499692508,1.0550453869600944,0.25907435687949487,0.040787558300568794,0.25907435687949487,0.4487306372375506,0.487756295115161
cvar,500,50,15328123,0.5,0.5,0.003,0.002,30.0,0.0001,0.0,2000,23,0.01,100,100,minibatch,0,400,400,0,400,True,nan,nan,stagnation,,1.5033790813483865,1.1300743311179593,0.0547177248870474,0.04466353406890533,0.0547177248870474,0.4435370487871869,0.4733654484181278
cvar,500,50,15328123,0.5,0.5,0.003,0.002,30.0,0.0001,0.0,2000,23,0.01,100,100,minibatch,0,500,500,0,500,True,nan,nan,stagnation,,1.4790050675003772,1.0937279948458976,0.05471550858055163,0.04466352045594568,0.05471550858055163,0.4395476867962493,0.47244781140439507
cvar,500,50,15328123,0.5,0.5,0.003,0.002,30.0,0.0001,0.0,2000,23,0.01,100,100,minibatch,0,500,500,1,0,True,nan,nan,stagnation,,0.4063760583757331,0.08257075041049862,0.07635890463107886,0.07635890463107886,0.07634228789607922,0.4937601322509508,0.5120882387105102
cvar,500,50,15328123,0.5,0.5,0.003,0.002,30.0,0.0001,0.0,2000,23,0.01,100,100,minibatch,0,600,600,1,100,True,nan,nan,stagnation,,2.253723902572735,2.5396357145138397,0.4110904522774732,0.4110904522774732,0.03669676806545685,0.4820512856932555,0.4974477731850526
cvar,500,50,15328123,0.5,0.5,0.003,0.002,30.0,0.0001,0.0,2000,23,0.01,100,100,minibatch,0,700,700,1,200,True,nan,nan,stagnation,,1.5793558174335964,1.2471823990306719,0.25404048727815653,0.25404048727815653,0.06021077345213599,0.4672864494780231,0.48547630760717714
cvar,500,50,15328123,0.5,0.5,0.003,0.002,30.0,0.0001,0.0,2000,23,0.01,100,100,minibatch,0,800,800,1,300,True,nan,nan,stagnation,,1.4708955674128779,1.081766885117426,0.2621636381068505,0.03573932234731636,0.2621636381068505,0.450153878005038,0.4782106678681604
cvar,500,50,15328123,0.5,0.5,0.003,0.002,30.0,0.0001,0.0,2000,23,0.01,100,100,minibatch,0,900,900,1,400,True,nan,nan,stagnation,,1.303564237367451,0.849639860471692,0.2554105439155816,0.2554105439155816,0.05703104753893007,0.4320980442501449,0.4734498714587958
cvar,500,50,15328123,0.5,0.5,0.003,0.002,30.0,0.0001,0.0,2000,23,0.01,100,100,minibatch,0,1000,1000,1,500,True,nan,nan,stagnation,,1.264612749260615,0.7996227027962455,0.2553716871883027,0.2553716871883027,0.05691559378879907,0.4165002066068765,0.4719757441065162
cvar,500,50,15328123,0.5,0.5,0.003,0.002,30.0,0.0001,0.0,2000,23,0.01,100,100,minibatch,0,1000,1000,2,0,True,nan,nan,stagnation,,0.38535301298704516,0.0742484723090969,0.0883801262660534,0.05050176462910866,0.0883801262660534,0.5001943238304432,0.5106717520205599
cvar,500,50,15328123,0.5,0.5,0.003,0.002,30.0,0.0001,0.0,2000,23,0.01,100,100,minibatch,0,1100,1100,2,100,True,nan,nan,stagnation,,1.5684344610740422,1.2299933293423106,0.048155135191586096,0.03181811340038365,0.048155135191586096,0.49173665230989755,0.5037736296512254
cvar,500,50,15328123,0.5,0.5,0.003,0.002,30.0,0.0001,0.0,2000,23,0.01,100,100,minibatch,0,1200,1200,2,200,True,nan,nan,stagnation,,1.5206923238248515,1.1562525718699135,0.040109218918370604,0.03771644231043958,0.040109218918370604,0.49138904539683737,0.49988688133102516
cvar,500,50,15328123,0.5,0.5,0.003,0.002,30.0,0.0001,0.0,2000,23,0.01,100,100,minibatch,0,1300,1300,2,300,True,nan,nan,stagnation,,1.525751185506764,1.1639583400376479,0.04819301300808321,0.03179413205673609,0.04819301300808321,0.48757817979572476,0.498311975835663
cvar,500,50,15328123,0.5,0.5,0.003,0.002,30.0,0.0001,0.0,2000,23,0.01,100,100,minibatch,0,1400,1400,2,400,True,nan,nan,stagnation,,1.504963813992925,1.1324580407140654,0.04814690229068108,0.03182166982892243,0.04814690229068108,0.48544521746881875,0.49485152264874716
cvar,500,50,15328123,0.5,0.5,0.003,0.002,30.0,0.0001,0.0,2000,23,0.01,100,100,minibatch,0,1500,1500,2,500,True,nan,nan,stagnation,,1.4323580613210005,1.0258248079156276,0.045485299442394767,0.045485299442394767,0.034195290264389167,0.4829701995324664,0.49283746255391236
cvar,500,50,15328123,0.5,0.5,0.003,0.002,30.0,0.0001,0.0,2000,23,0.01,100,100,minibatch,0,1600,1600,2,600,True,nan,nan,stagnation,,1.4661149972745136,1.0747465926166235,0.04822096558971389,0.03173936870209826,0.04822096558971389,0.47953421736985147,0.4907618972448145
cvar,500,50,15328123,0.5,0.5,0.003,0.002,30.0,0.0001,0.0,2000,23,0.01,100,100,minibatch,0,1700,1700,2,700,True,nan,nan,stagnation,,1.4553713652750244,1.0590529054312443,0.047940369469969935,0.031696498491847525,0.047940369469969935,0.47759841680270737,0.48867636136954723
cvar,500,50,15328123,0.5,0.5,0.003,0.002,30.0,0.0001,0.0,2000,23,0.01,100,100,minibatch,0,1700,1700,3,0,True,nan,nan,stagnation,,0.3864171095295278,0.07465909126857753,0.07047355430870661,0.06958493724923781,0.07047355430870661,0.4858367045010476,0.5002940808042138
cvar,500,50,15328123,0.5,0.5,0.003,0.002,30.0,0.0001,0.0,2000,23,0.01,100,100,minibatch,0,1800,1800,3,100,True,nan,nan,stagnation,,1.5732634082718324,1.2375788759035513,0.05580730590571015,0.03484076419297211,0.05580730590571015,0.4765175104758078,0.4903388268717102
cvar,500,50,15328123,0.5,0.5,0.003,0.002,30.0,0.0001,0.0,2000,23,0.01,100,100,minibatch,0,1900,1900,3,200,True,nan,nan,stagnation,,1.5521206150949272,1.2045392019013275,0.05580678989184573,0.03484097550212384,0.05580678989184573,0.4757561961491077,0.48890978654375683
cvar,500,50,15328123,0.5,0.5,0.003,0.002,30.0,0.0001,0.0,2000,23,0.01,100,100,minibatch,0,2000,2000,3,300,True,nan,nan,stagnation,,1.5317831548164984,1.1731798166897924,0.055805611969655056,0.03484097138644848,0.055805611969655056,0.4743940102741612,0.4883156717760801
cvar,500,50,15328123,0.5,0.5,0.003,0.002,30.0,0.0001,0.0,2000,23,0.01,100,100,minibatch,0,2100,2100,3,400,True,nan,nan,stagnation,,1.5121815378688102,1.14334650173564,0.05580100320528003,0.0348404000192446,0.05580100320528003,0.47267642744573923,0.48782077912555816
cvar,500,50,15328123,0.5,0.5,0.003,0.002,30.0,0.0001,0.0,2000,23,0.01,100,100,minibatch,0,2200,2200,3,500,True,nan,nan,stagnation,,1.4937887112206554,1.1157023568851332,0.05578248477428738,0.03483744946695533,0.05578248477428738,0.47222138995183177,0.4873591199714065
cvar,500,50,15328123,0.5,0.5,0.003,0.002,30.0,0.0001,0.0,2000,23,0.01,100,100,minibatch,0,2300,2300,3,600,True,nan,nan,stagnation,,1.4756777289419114,1.0888123798475786,0.05570205245661941,0.03482273551030768,0.05570205245661941,0.4698663476895396,0.48654737932716857
cvar,500,50,15328123,0.5,0.5,0.003,0.002,30.0,0.0001,0.0,2000,23,0.01,100,100,minibatch,0,2300,2300,4,0,True,nan,nan,stagnation,,0.423825409812772,0.08981398900148206,0.08433228317030383,0.07696138943309938,0.08433228317030383,0.4922083014246929,0.5007377722006044
cvar,500,50,15328123,0.5,0.5,0.003,0.002,30.0,0.0001,0.0,2000,23,0.01,100,100,minibatch,0,2400,2400,4,100,True,nan,nan,stagnation,,1.4864968833007846,1.104836492031473,0.03976944030524665,0.028694918108778444,0.03976944030524665,0.48636040907245476,0.49842082900059637
cvar,500,50,15328123,0.5,0.5,0.003,0.002,30.0,0.0001,0.0,2000,23,0.01,100,100,minibatch,0,2500,2500,4,200,True,nan,nan,stagnation,,1.4682957057809796,1.0779461398074324,0.03976940149078889,0.02869492678471952,0.03976940149078889,0.4832100642079269,0.4972578657680256
cvar,500,50,15328123,0.5,0.5,0.003,0.002,30.0,0.0001,0.0,2000,23,0.01,100,100,minibatch,0,2600,2600,4,300,True,nan,nan,stagnation,,1.451462429779399,1.0533715925305585,0.03976928763057408,0.02869495094806629,0.03976928763057408,0.482223106839716,0.49644412043233954
cvar,500,50,15328123,0.5,0.5,0.003,0.002,30.0,0.0001,0.0,2000,23,0.01,100,100,minibatch,0,2700,2700,4,400,True,nan,nan,stagnation,,1.4354515129390095,1.0302605229994457,0.03976887565937193,0.02869503170873655,0.03976887565937193,0.48139484938719357,0.4956314764662547
cvar,500,50,15328123,0.5,0.5,0.003,0.002,30.0,0.0001,0.0,2000,23,0.01,100,100,minibatch,0,2800,2800,4,500,True,nan,nan,stagnation,,1.4201782180819666,1.0084530855572351,0.039767393922261474,0.028695204122367368,0.039767393922261474,0.4804648793386606,0.4951177021748836
cvar,500,50,15328123,0.5,0.5,0.003,0.002,30.0,0.0001,0.0,2000,23,0.01,100,100,minibatch,0,2900,2900,4,600,True,nan,nan,stagnation,,1.4053443545868027,0.9874963774844986,0.03976206026576978,0.028695965128278322,0.03976206026576978,0.48015813578047495,0.4946007625975233
cvar,500,50,15328124,0.5,0.5,0.003,0.002,30.0,0.0001,0.0,2000,23,0.01,100,100,full_batch,0,0,0,0,0,True,nan,nan,stagnation,,0.2880110751070277,0.04147518969215298,0.059983407687379864,0.03885435363233375,0.059983407687379864,0.5012038672665393,0.4911656629552724
cvar,500,50,15328124,0.5,0.5,0.003,0.002,30.0,0.0001,0.0,2000,23,0.01,100,100,full_batch,0,100,100,0,100,True,nan,nan,stagnation,,0.18817618424788382,0.01770513815904676,0.03841385255788632,0.02622817195163263,0.03841385255788632,0.5024142328445498,0.4914632413826232
cvar,500,50,15328124,0.5,0.5,0.003,0.002,30.0,0.0001,0.0,2000,23,0.01,100,100,full_batch,0,200,200,0,200,True,nan,nan,stagnation,,0.16822513134585745,0.014149847408165496,0.03117558477392013,0.02477897489043046,0.03117558477392013,0.5034007845341013,0.4916110777299414
cvar,500,50,15328124,0.5,0.5,0.003,0.002,30.0,0.0001,0.0,2000,23,0.01,100,100,full_batch,0,300,300,0,300,True,nan,nan,stagnation,,0.17279539490822562,0.014929124250744823,0.03002356330299688,0.022992964117554138,0.03002356330299688,0.50433248736314,0.49188927715481034
cvar,500,50,15328124,0.5,0.5,0.003,0.002,30.0,0.0001,0.0,2000,23,0.01,100,100,full_batch,0,400,400,0,400,True,nan,nan,stagnation,,0.16856188227037897,0.014206554077266549,0.02562087348639397,0.017256499592688823,0.02562087348639397,0.504993590488863,0.49207940316311277
cvar,500,50,15328124,0.5,0.5,0.003,0.002,30.0,0.0001,0.0,2000,23,0.01,100,100,full_batch,0,500,500,0,500,True,nan,nan,stagnation,,0.15278798286518452,0.01167208385400596,0.0267063825737337,0.016006739292227956,0.0267063825737337,0.5055460626072685,0.49236628229645346
cvar,500,50,15328124,0.5,0.5,0.003,0.002,30.0,0.0001,0.0,2000,23,0.01,100,100,full_batch,0,600,600,0,600,True,nan,nan,stagnation,,0.16054935813319035,0.012888048198489706,0.026592828181359884,0.01721772154081891,0.026592828181359884,0.5062208519444742,0.4924041914244363
cvar,500,50,15328124,0.5,0.5,0.003,0.002,30.0,0.0001,0.0,2000,23,0.01,100,100,full_batch,0,700,700,0,700,True,nan,nan,stagnation,,0.17068107540511643,0.01456601475072352,0.028273250970704156,0.014070330532097608,0.028273250970704156,0.5065223963966957,0.4927412607073871
cvar,500,50,15328124,0.5,0.5,0.003,0.002,30.0,0.0001,0.0,2000,23,0.01,100,100,full_batch,0,800,800,0,800,True,nan,nan,stagnation,,0.15806709463016605,0.012492603202410935,0.024469586143265998,0.014126173661516694,0.024469586143265998,0.5067895932953524,0.49262225823786615
cvar,500,50,15328124,0.5,0.5,0.003,0.002,30.0,0.0001,0.0,2000,23,0.01,100,100,full_batch,0,900,900,0,900,True,nan,nan,stagnation,,0.15911410423829783,0.012658649083777954,0.024472210064583055,0.014744608391295766,0.024472210064583055,0.5072553550713612,0.4926125784015469
cvar,500,50,15328124,0.5,0.5,0.003,0.002,30.0,0.0001,0.0,2000,23,0.01,100,100,full_batch,0,1000,1000,0,1000,True,nan,nan,stagnation,,0.22367795698065474,0.025015914219519816,0.02562663202668458,0.014053171154685407,0.02562663202668458,0.5071104191219874,0.4928981213738593
cvar,500,50,15328124,0.5,0.5,0.003,0.002,30.0,0.0001,0.0,2000,23,0.01,100,100,full_batch,0,1100,1100,0,1100,True,nan,nan,stagnation,,0.1753741330951786,0.01537804327944271,0.024703523551647177,0.013830223570689526,0.024703523551647177,0.5074923091046074,0.4929084080551232
cvar,500,50,15328124,0.5,0.5,0.003,0.002,30.0,0.0001,0.0,2000,23,0.01,100,100,full_batch,0,1200,1200,0,1200,True,nan,nan,stagnation,,0.157781234523866,0.012447458983937601,0.024476693492727797,0.013594984615779793,0.024476693492727797,0.5078772845998263,0.4928406919391912
cvar,500,50,15328124,0.5,0.5,0.003,0.002,30.0,0.0001,0.0,2000,23,0.01,100,100,full_batch,0,1300,1300,0,1300,True,nan,nan,stagnation,,0.14391561328158145,0.010355851873106852,0.024198052106461865,0.013042434021325544,0.024198052106461865,0.5080313729493074,0.49304365962176744
cvar,500,50,15328124,0.5,0.5,0.003,0.002,30.0,0.0001,0.0,2000,23,0.01,100,100,full_batch,0,1400,1400,0,1400,True,nan,nan,stagnation,,0.16708157183105932,0.013958125822768718,0.02440419051339504,0.013427111814521386,0.02440419051339504,0.5079791253117437,0.49313498676848755
cvar,500,50,15328124,0.5,0.5,0.003,0.002,30.0,0.0001,0.0,2000,23,0.01,100,100,full_batch,0,1500,1500,0,1500,True,nan,nan,stagnation,,0.15270582468793809,0.01165953444681164,0.024253350145815478,0.013455738885675972,0.024253350145815478,0.5083619723368344,0.4931072105677254
cvar,500,50,15328124,0.5,0.5,0.003,0.002,30.0,0.0001,0.0,2000,23,0.01,100,100,full_batch,0,1600,1600,0,1600,True,nan,nan,stagnation,,0.16635445235834864,0.013836901909723044,0.023655650385415727,0.013033482715410827,0.023655650385415727,0.5084173496315482,0.49311550362188616
cvar,500,50,15328124,0.5,0.5,0.003,0.002,30.0,0.0001,0.0,2000,23,0.01,100,100,full_batch,0,1700,1700,0,1700,True,nan,nan,stagnation,,0.15549482487643176,0.012089320281676091,0.025634429211359056,0.012566786436990385,0.025634429211359056,0.5085438791578649,0.4934595888750781
cvar,500,50,15328124,0.5,0.5,0.003,0.002,30.0,0.0001,0.0,2000,23,0.01,100,100,full_batch,0,1800,1800,0,1800,True,nan,nan,stagnation,,0.1435975115571115,0.010310122662697386,0.023785533404875325,0.01308284698563389,0.023785533404875325,0.508663161304669,0.4933901546705653
cvar,500,50,15328124,0.5,0.5,0.003,0.002,30.0,0.0001,0.0,2000,23,0.01,100,100,full_batch,0,1900,1900,0,1900,True,nan,nan,stagnation,,0.14329389735483752,0.010266570509569356,0.024225223709733124,0.012905865326778065,0.024225223709733124,0.5087589120734233,0.4934749476348748
cvar,500,50,15328124,0.5,0.5,0.003,0.002,30.0,0.0001,0.0,2000,23,0.01,100,100,full_batch,0,2000,2000,0,2000,True,nan,nan,stagnation,,0.15612838707852927,0.012188036625871533,0.024324102854888674,0.014631813610170186,0.024324102854888674,0.508923575321715,0.4934913394381374
cvar,500,50,15328124,0.5,0.5,0.003,0.002,30.0,0.0001,0.0,2000,23,0.01,100,100,full_batch,0,2000,2000,1,0,True,nan,nan,stagnation,,0.39556143609529254,0.07823442486288511,0.0724886481984639,0.0724886481984639,0.06632798587361788,0.4930955897493589,0.4870203238390861
cvar,500,50,15328124,0.5,0.5,0.003,0.002,30.0,0.0001,0.0,2000,23,0.01,100,100,full_batch,0,2100,2100,1,100,True,nan,nan,stagnation,,0.2551382599030173,0.0325477658331698,0.06648094263187981,0.03208223206203087,0.06648094263187981,0.4989043180618402,0.4886803231639585
cvar,500,50,15328124,0.5,0.5,0.003,0.002,30.0,0.0001,0.0,2000,23,0.01,100,100,full_batch,0,2200,2200,1,200,True,nan,nan,stagnation,,0.21419904734680265,0.0229406159421389,0.039804581054689314,0.025954946969548254,0.039804581054689314,0.5010833611385266,0.490637878151481
cvar,500,50,15328124,0.5,0.5,0.003,0.002,30.0,0.0001,0.0,2000,23,0.01,100,100,full_batch,0,2300,2300,1,300,True,nan,nan,stagnation,,0.2023214128178358,0.02046697704230257,0.04127048408630307,0.023381972072169965,0.04127048408630307,0.5026591309456933,0.49200049191472894
cvar,500,50,15328124,0.5,0.5,0.003,0.002,30.0,0.0001,0.0,2000,23,0.01,100,100,full_batch,0,2400,2400,1,400,True,nan,nan,stagnation,,0.20020333372312982,0.020040687416927445,0.040573793208942555,0.021228467409297735,0.040573793208942555,0.5035655229083431,0.4929447428626982
cvar,500,50,15328124,0.5,0.5,0.003,0.002,30.0,0.0001,0.0,2000,23,0.01,100,100,full_batch,0,2500,2500,1,500,True,nan,nan,stagnation,,0.1861101513186279,0.017318494211921286,0.03636002088078594,0.016917870747764185,0.03636002088078594,0.5041144392142041,0.4936032810152654
cvar,500,50,15328124,0.5,0.5,0.003,0.002,30.0,0.0001,0.0,2000,23,0.01,100,100,full_batch,0,2600,2600,1,600,True,nan,nan,stagnation,,0.17233371718454857,0.014849455039321986,0.026426670864428292,0.02426628398636077,0.026426670864428292,0.504426592219857,0.49375837943616074
cvar,500,50,15328124,0.5,0.5,0.003,0.002,30.0,0.0001,0.0,2000,23,0.01,100,100,full_batch,0,2700,2700,1,700,True,nan,nan,stagnation,,0.16730358974559018,0.013995245570880372,0.028177400154904664,0.02474932178460043,0.028177400154904664,0.5044354376730575,0.49383317018951056
cvar,500,50,15328124,0.5,0.5,0.003,0.002,30.0,0.0001,0.0,2000,23,0.01,100,100,full_batch,0,2800,2800,1,800,True,nan,nan,stagnation,,0.17977917655799963,0.016160276161936202,0.02462289255713701,0.024183772412763815,0.02462289255713701,0.5042919655444308,0.493797880513738
cvar,500,50,15328124,0.5,0.5,0.003,0.002,30.0,0.0001,0.0,2000,23,0.01,100,100,full_batch,0,2900,2900,1,900,True,nan,nan,stagnation,,0.20048278053637972,0.020096672645799098,0.029501647331466208,0.02682469277740923,0.029501647331466208,0.5044460519276112,0.4940552156288406
cvar,500,50,15328124,0.5,0.5,0.003,0.002,30.0,0.0001,0.0,2000,23,0.01,100,100,full_batch,0,3000,3000,1,1000,True,nan,nan,stagnation,,0.17177679009480235,0.014753632807636892,0.024367222464906357,0.023088485123832103,0.024367222464906357,0.5041337540352784,0.4941304747936529
cvar,500,50,15328124,0.5,0.5,0.003,0.002,30.0,0.0001,0.0,2000,23,0.01,100,100,full_batch,0,3100,3100,1,1100,True,nan,nan,stagnation,,0.17336075576341692,0.015026975819431547,0.02772429908183005,0.025576923118703798,0.02772429908183005,0.5042048924434539,0.4944256758029484
cvar,500,50,15328124,0.5,0.5,0.003,0.002,30.0,0.0001,0.0,2000,23,0.01,100,100,full_batch,0,3200,3200,1,1200,True,nan,nan,stagnation,,0.17412811741776632,0.015160300637727707,0.02369347009786149,0.0229056721826717,0.02369347009786149,0.5040377308839907,0.4945040558685852
cvar,500,50,15328124,0.5,0.5,0.003,0.002,30.0,0.0001,0.0,2000,23,0.01,100,100,full_batch,0,3300,3300,1,1300,True,nan,nan,stagnation,,0.20092291397797368,0.020185008680700105,0.025511151391591214,0.022523895970612773,0.025511151391591214,0.5042296872327916,0.4947703472336831
cvar,500,50,15328124,0.5,0.5,0.003,0.002,30.0,0.0001,0.0,2000,23,0.01,100,100,full_batch,0,3400,3400,1,1400,True,nan,nan,stagnation,,0.16924853456051706,0.014322533225441268,0.027277942689609203,0.024546340027890023,0.027277942689609203,0.5041226647209334,0.4950110075137984
cvar,500,50,15328124,0.5,0.5,0.003,0.002,30.0,0.0001,0.0,2000,23,0.01,100,100,full_batch,0,3500,3500,1,1500,True,nan,nan,stagnation,,0.15749402296762777,0.012402183635263832,0.02591816415669712,0.022851319730503805,0.02591816415669712,0.5039965149539257,0.49517429608682295
cvar,500,50,15328124,0.5,0.5,0.003,0.002,30.0,0.0001,0.0,2000,23,0.01,100,100,full_batch,0,3600,3600,1,1600,True,nan,nan,stagnation,,0.15748532708584262,0.012400814123667418,0.026940098826216063,0.022886239564336774,0.026940098826216063,0.5040111345149194,0.4953470269001504
cvar,500,50,15328124,0.5,0.5,0.003,0.002,30.0,0.0001,0.0,2000,23,0.01,100,100,full_batch,0,3700,3700,1,1700,True,nan,nan,stagnation,,0.1638410353880101,0.013421942438507587,0.029832237722251742,0.018188409190689536,0.029832237722251742,0.5039014310000943,0.4955700012476786
cvar,500,50,15328124,0.5,0.5,0.003,0.002,30.0,0.0001,0.0,2000,23,0.01,100,100,full_batch,0,3700,3700,2,0,True,nan,nan,stagnation,,0.3609025447107506,0.06512532338934768,0.06611045885612832,0.055720148425985494,0.06611045885612832,0.506695630832807,0.4880823845236958
cvar,500,50,15328124,0.5,0.5,0.003,0.002,30.0,0.0001,0.0,2000,23,0.01,100,100,full_batch,0,3800,3800,2,100,True,nan,nan,stagnation,,0.21775283639926157,0.02370814887996179,0.04201685089659535,0.02730104800487121,0.04201685089659535,0.5054090817266982,0.4895583474295067
cvar,500,50,15328124,0.5,0.5,0.003,0.002,30.0,0.0001,0.0,2000,23,0.01,100,100,full_batch,0,3900,3900,2,200,True,nan,nan,stagnation,,0.19930543708543677,0.019861328625908496,0.047754417235996216,0.022467196924853217,0.047754417235996216,0.5057352609919604,0.4911614321104176
cvar,500,50,15328124,0.5,0.5,0.003,0.002,30.0,0.0001,0.0,2000,23,0.01,100,100,full_batch,0,4000,4000,2,300,True,nan,nan,stagnation,,0.19473515134033353,0.018960889583771304,0.04185931617373462,0.021834617206619278,0.04185931617373462,0.5057420694460343,0.49201371371002844
cvar,500,50,15328124,0.5,0.5,0.003,0.002,30.0,0.0001,0.0,2000,23,0.01,100,100,full_batch,0,4100,4100,2,400,True,nan,nan,stagnation,,0.2131980907740207,0.022726712954843784,0.04760947735868348,0.02108493224770891,0.04760947735868348,0.5058531760755641,0.49277529335726333
cvar,500,50,15328124,0.5,0.5,0.003,0.002,30.0,0.0001,0.0,2000,23,0.01,100,100,full_batch,0,4200,4200,2,500,True,nan,nan,stagnation,,0.19029456592695698,0.018106010910664487,0.04106950788882302,0.018717797067789976,0.04106950788882302,0.5059607544981765,0.4932685055512734
cvar,500,50,15328124,0.5,0.5,0.003,0.002,30.0,0.0001,0.0,2000,23,0.01,100,100,full_batch,0,4300,4300,2,600,True,nan,nan,stagnation,,0.18584155993043347,0.01726854269868845,0.033158443650356584,0.019757160458367284,0.033158443650356584,0.50574082589001,0.4937475925987784
cvar,500,50,15328124,0.5,0.5,0.003,0.002,30.0,0.0001,0.0,2000,23,0.01,100,100,full_batch,0,4400,4400,2,700,True,nan,nan,stagnation,,0.1763213816666346,0.015544614816415515,0.027386637486434995,0.01702444525774305,0.027386637486434995,0.5056636434276116,0.49432220672983934
cvar,500,50,15328124,0.5,0.5,0.003,0.002,30.0,0.0001,0.0,2000,23,0.01,100,100,full_batch,0,4500,4500,2,800,True,nan,nan,stagnation,,0.17124342035593274,0.01466215450759934,0.029108918125708705,0.018025942116352223,0.029108918125708705,0.5060561093536728,0.49452574117776393
cvar,500,50,15328124,0.5,0.5,0.003,0.002,30.0,0.0001,0.0,2000,23,0.01,100,100,full_batch,0,4600,4600,2,900,True,nan,nan,stagnation,,0.18794428145453793,0.017661526465731284,0.025652146812211063,0.016621491704737812,0.025652146812211063,0.5060275591372788,0.4942872952543031
cvar,500,50,15328124,0.5,0.5,0.003,0.002,30.0,0.0001,0.0,2000,23,0.01,100,100,full_batch,0,4700,4700,2,1000,True,nan,nan,stagnation,,0.17255504385835982,0.01488762158048024,0.025235458644966735,0.015733390694987914,0.025235458644966735,0.5066009556319931,0.49408204928339683
cvar,500,50,15328124,0.5,0.5,0.003,0.002,30.0,0.0001,0.0,2000,23,0.01,100,100,full_batch,0,4800,4800,2,1100,True,nan,nan,stagnation,,0.18098294878984414,0.016377413876333673,0.026585591713789603,0.017370337685004955,0.026585591713789603,0.5071105188233928,0.4941332922669994
cvar,500,50,15328124,0.5,0.5,0.003,0.002,30.0,0.0001,0.0,2000,23,0.01,100,100,full_batch,0,4900,4900,2,1200,True,nan,nan,stagnation,,0.15387946074006723,0.011839444218826945,0.024328926329219902,0.01448754706499078,0.024328926329219902,0.5072235973180773,0.49405923102544946
cvar,500,50,15328124,0.5,0.5,0.003,0.002,30.0,0.0001,0.0,2000,23,0.01,100,100,full_batch,0,5000,5000,2,1300,True,nan,nan,stagnation,,0.17163561897332744,0.01472939285017862,0.0239764452846567,0.014451176255585452,0.0239764452846567,0.5074067569412609,0.49392494834441186
cvar,500,50,15328124,0.5,0.5,0.003,0.002,30.0,0.0001,0.0,2000,23,0.01,100,100,full_batch,0,5100,5100,2,1400,True,nan,nan,stagnation,,0.15534990396628762,0.012066796331167393,0.026418157632624617,0.014132026560700228,0.026418157632624617,0.5074000438575079,0.4941159035989982
cvar,500,50,15328124,0.5,0.5,0.003,0.002,30.0,0.0001,0.0,2000,23,0.01,100,100,full_batch,0,5200,5200,2,1500,True,nan,nan,stagnation,,0.1738814675066984,0.015117382371141503,0.02427469524850634,0.014322119394690969,0.02427469524850634,0.5076489858833113,0.4939062365598137
cvar,500,50,15328124,0.5,0.5,0.003,0.002,30.0,0.0001,0.0,2000,23,0.01,100,100,full_batch,0,5300,5300,2,1600,True,nan,nan,stagnation,,0.1678154283399228,0.014081008994455883,0.02419020988039816,0.014071635603717159,0.02419020988039816,0.507835728944108,0.4939408903311756
cvar,500,50,15328124,0.5,0.5,0.003,0.002,30.0,0.0001,0.0,2000,23,0.01,100,100,full_batch,0,5400,5400,2,1700,True,nan,nan,stagnation,,0.15412103175999697,0.011876646215382997,0.0256204030029184,0.013373430760320604,0.0256204030029184,0.5078778563722707,0.4942432043851481
cvar,500,50,15328124,0.5,0.5,0.003,0.002,30.0,0.0001,0.0,2000,23,0.01,100,100,full_batch,0,5500,5500,2,1800,True,nan,nan,stagnation,,0.1748968690621058,0.015294457403863692,0.025435967653821168,0.015378140079091551,0.025435967653821168,0.5081982189208577,0.4941804199735445
cvar,500,50,15328124,0.5,0.5,0.003,0.002,30.0,0.0001,0.0,2000,23,0.01,100,100,full_batch,0,5500,5500,3,0,True,nan,nan,stagnation,,0.3778674224712884,0.07139189448254758,0.07507598770108032,0.07448276963802347,0.07507598770108032,0.5137905159526884,0.4839594760804652
cvar,500,50,15328124,0.5,0.5,0.003,0.002,30.0,0.0001,0.0,2000,23,0.01,100,100,full_batch,0,5600,5600,3,100,True,nan,nan,stagnation,,0.227783222824592,0.02594259830017887,0.04535357928313771,0.03068158089142714,0.04535357928313771,0.5114523821471855,0.48677557867043647
cvar,500,50,15328124,0.5,0.5,0.003,0.002,30.0,0.0001,0.0,2000,23,0.01,100,100,full_batch,0,5700,5700,3,200,True,nan,nan,stagnation,,0.19895410010241757,0.019791366973781397,0.043598667643496125,0.0272258359934221,0.043598667643496125,0.5103865659442215,0.4884345771955995
cvar,500,50,15328124,0.5,0.5,0.003,0.002,30.0,0.0001,0.0,2000,23,0.01,100,100,full_batch,0,5800,5800,3,300,True,nan,nan,stagnation,,0.20399558658578804,0.020807099673239873,0.03768080681155245,0.026728819112652125,0.03768080681155245,0.5097277018654113,0.489773754973177
cvar,500,50,15328124,0.5,0.5,0.003,0.002,30.0,0.0001,0.0,2000,23,0.01,100,100,full_batch,0,5900,5900,3,400,True,nan,nan,stagnation,,0.18315546831587415,0.01677296278700359,0.03134570101148598,0.024282562921869255,0.03134570101148598,0.5091237978770439,0.49104060101554214
cvar,500,50,15328124,0.5,0.5,0.003,0.002,30.0,0.0001,0.0,2000,23,0.01,100,100,full_batch,0,6000,6000,3,500,True,nan,nan,stagnation,,0.190855519420088,0.01821291464655579,0.03297804893190337,0.023715196951262563,0.03297804893190337,0.5087987150503557,0.49230810575200146
cvar,500,50,15328124,0.5,0.5,0.003,0.002,30.0,0.0001,0.0,2000,23,0.01,100,100,full_batch,0,6100,6100,3,600,True,nan,nan,stagnation,,0.18189184846807033,0.01654232226956573,0.0353003567781115,0.022365837202935057,0.0353003567781115,0.5084508448595216,0.49334222353401774
cvar,500,50,15328124,0.5,0.5,0.003,0.002,30.0,0.0001,0.0,2000,23,0.01,100,100,full_batch,0,6200,6200,3,700,True,nan,nan,stagnation,,0.1790324872797904,0.016026315750794155,0.03293841635773842,0.021507246066383212,0.03293841635773842,0.5082668290831457,0.4940198823738642
cvar,500,50,15328124,0.5,0.5,0.003,0.002,30.0,0.0001,0.0,2000,23,0.01,100,100,full_batch,0,6300,6300,3,800,True,nan,nan,stagnation,,0.16991852359377235,0.014436152330143686,0.027236995831618205,0.020168241233774697,0.027236995831618205,0.5084177623196232,0.49414776089787465
cvar,500,50,15328124,0.5,0.5,0.003,0.002,30.0,0.0001,0.0,2000,23,0.01,100,100,full_batch,0,6400,6400,3,900,True,nan,nan,stagnation,,0.16592942145756165,0.01376628645262056,0.023957707414573426,0.01936979393864835,0.023957707414573426,0.5086850594444612,0.4940384971044795
cvar,500,50,15328124,0.5,0.5,0.003,0.002,30.0,0.0001,0.0,2000,23,0.01,100,100,full_batch,0,6500,6500,3,1000,True,nan,nan,stagnation,,0.18291031651868814,0.01672809194448334,0.020564063354237827,0.018976807142160546,0.020564063354237827,0.5088917752535416,0.49381950200133296
cvar,500,50,15328124,0.5,0.5,0.003,0.002,30.0,0.0001,0.0,2000,23,0.01,100,100,full_batch,0,6600,6600,3,1100,True,nan,nan,stagnation,,0.16827329134567523,0.01415795029015325,0.022996057727586394,0.017949400588403774,0.022996057727586394,0.5090431467357965,0.4939488605945348
cvar,500,50,15328124,0.5,0.5,0.003,0.002,30.0,0.0001,0.0,2000,23,0.01,100,100,full_batch,0,6700,6700,3,1200,True,nan,nan,stagnation,,0.1562271284570511,0.012203457832967975,0.022532740320884093,0.016968714525500306,0.022532740320884093,0.5091089086061154,0.49393293224885754
cvar,500,50,15328124,0.5,0.5,0.003,0.002,30.0,0.0001,0.0,2000,23,0.01,100,100,full_batch,0,6800,6800,3,1300,True,nan,nan,stagnation,,0.1702310561256651,0.014489306234829672,0.026489674045236333,0.015543702052136954,0.026489674045236333,0.5091175495451391,0.49413569295474025
cvar,500,50,15328124,0.5,0.5,0.003,0.002,30.0,0.0001,0.0,2000,23,0.01,100,100,full_batch,0,6900,6900,3,1400,True,nan,nan,stagnation,,0.15517390420799487,0.012039470273575985,0.021183953875354322,0.015183261665199566,0.021183953875354322,0.5090392414754693,0.49396450881388354
cvar,500,50,15328124,0.5,0.5,0.003,0.002,30.0,0.0001,0.0,2000,23,0.01,100,100,full_batch,0,7000,7000,3,1500,True,nan,nan,stagnation,,0.1646680126393167,0.013557777193291085,0.021243122193853547,0.015087249435645766,0.021243122193853547,0.5091328603662792,0.4939129476100505
cvar,500,50,15328124,0.5,0.5,0.003,0.002,30.0,0.0001,0.0,2000,23,0.01,100,100,full_batch,0,7000,7000,4,0,True,nan,nan,stagnation,,0.43123380443785997,0.09298129704497522,0.0805222586666785,0.07003947944058997,0.0805222586666785,0.4978710359514009,0.497900637663339
cvar,500,50,15328124,0.5,0.5,0.003,0.002,30.0,0.0001,0.0,2000,23,0.01,100,100,full_batch,0,7100,7100,4,100,True,nan,nan,stagnation,,0.24568313948617432,0.030180102513891492,0.055536510889713675,0.055536510889713675,0.03151854667909193,0.5012400496609323,0.4953152601093686
cvar,500,50,15328124,0.5,0.5,0.003,0.002,30.0,0.0001,0.0,2000,23,0.01,100,100,full_batch,0,7200,7200,4,200,True,nan,nan,stagnation,,0.2028246760606528,0.02056892460955437,0.039097166027798225,0.039097166027798225,0.03057137285313627,0.502950958533726,0.49382234471656744
cvar,500,50,15328124,0.5,0.5,0.003,0.002,30.0,0.0001,0.0,2000,23,0.01,100,100,full_batch,0,7300,7300,4,300,True,nan,nan,stagnation,,0.20021776477844236,0.020043576666437836,0.03392004188208464,0.031793509512937135,0.03392004188208464,0.5041380795061,0.49332640262009125
cvar,500,50,15328124,0.5,0.5,0.003,0.002,30.0,0.0001,0.0,2000,23,0.01,100,100,full_batch,0,7400,7400,4,400,True,nan,nan,stagnation,,0.18801084283777802,0.017674038512285835,0.029933556258990635,0.016700408153740742,0.029933556258990635,0.5047650494972333,0.4928455305722387
cvar,500,50,15328124,0.5,0.5,0.003,0.002,30.0,0.0001,0.0,2000,23,0.01,100,100,full_batch,0,7500,7500,4,500,True,nan,nan,stagnation,,0.16041326112083373,0.012866207171710393,0.02895544823283913,0.013315157651434206,0.02895544823283913,0.5056323792342929,0.49273336673127277
cvar,500,50,15328124,0.5,0.5,0.003,0.002,30.0,0.0001,0.0,2000,23,0.01,100,100,full_batch,0,7600,7600,4,600,True,nan,nan,stagnation,,0.209255067841521,0.02189384170867978,0.027734339848010547,0.013892566267479145,0.027734339848010547,0.5061406365039587,0.4927553883228811
cvar,500,50,15328124,0.5,0.5,0.003,0.002,30.0,0.0001,0.0,2000,23,0.01,100,100,full_batch,0,7700,7700,4,700,True,nan,nan,stagnation,,0.21507525836954958,0.023128683381364253,0.027053621496461788,0.014210795776447571,0.027053621496461788,0.5066387666464347,0.4928044378637027
cvar,500,50,15328124,0.5,0.5,0.003,0.002,30.0,0.0001,0.0,2000,23,0.01,100,100,full_batch,0,7800,7800,4,800,True,nan,nan,stagnation,,0.21462119327667373,0.02303112830175167,0.026460222592630978,0.013992868931862246,0.026460222592630978,0.507086966304338,0.4929016019082017
cvar,500,50,15328124,0.5,0.5,0.003,0.002,30.0,0.0001,0.0,2000,23,0.01,100,100,full_batch,0,7900,7900,4,900,True,nan,nan,stagnation,,0.17734396106434305,0.01572544026299561,0.025985543363155894,0.012677863855369953,0.025985543363155894,0.5075859685984315,0.4930060023938885
cvar,500,50,15328124,0.5,0.5,0.003,0.002,30.0,0.0001,0.0,2000,23,0.01,100,100,full_batch,0,8000,8000,4,1000,True,nan,nan,stagnation,,0.1517170839699674,0.011509036784175067,0.026114518842849654,0.011407539401677047,0.026114518842849654,0.5080252382731459,0.49309280881488343
cvar,500,50,15328124,0.5,0.5,0.003,0.002,30.0,0.0001,0.0,2000,23,0.01,100,100,full_batch,0,8100,8100,4,1100,True,nan,nan,stagnation,,0.16133171958004086,0.01301396187132647,0.027638778979326317,0.011262115406978301,0.027638778979326317,0.5083298612434982,0.4932483873322436
cvar,500,50,15328124,0.5,0.5,0.003,0.002,30.0,0.0001,0.0,2000,23,0.01,100,100,full_batch,0,8200,8200,4,1200,True,nan,nan,stagnation,,0.15591551403913112,0.012154823759043247,0.027329417051088933,0.012627332548876824,0.027329417051088933,0.5085848203461159,0.49325250062888204
cvar,500,50,15328124,0.5,0.5,0.003,0.002,30.0,0.0001,0.0,2000,23,0.01,100,100,full_batch,0,8300,8300,4,1300,True,nan,nan,stagnation,,0.15383351118837177,0.011832374582271451,0.023956368099271375,0.011522838301691318,0.023956368099271375,0.5087975757255353,0.49321437491313375
cvar,500,50,15328124,0.5,0.5,0.003,0.002,30.0,0.0001,0.0,2000,23,0.01,100,100,full_batch,0,8400,8400,4,1400,True,nan,nan,stagnation,,0.165483980075003,0.013692473830731995,0.023495746263688666,0.010758401304388321,0.023495746263688666,0.508929945259324,0.4931564308570877
cvar,500,50,15328124,0.5,0.5,0.003,0.002,30.0,0.0001,0.0,2000,23,0.01,100,100,full_batch,0,8500,8500,4,1500,True,nan,nan,stagnation,,0.15569694041816254,0.012120768627788428,0.024246205459347248,0.011955048023561177,0.024246205459347248,0.5089907404293562,0.4934019962318338
cvar,500,50,15328124,0.5,0.5,0.003,0.002,30.0,0.0001,0.0,2000,23,0.01,100,100,full_batch,0,8600,8600,4,1600,True,nan,nan,stagnation,,0.16747689814490588,0.01402425570611959,0.02813076905841727,0.011327683010282308,0.02813076905841727,0.5092556368297669,0.49358486518095246
cvar,500,50,15328124,0.5,0.5,0.003,0.002,30.0,0.0001,0.0,2000,23,0.01,100,100,full_batch,0,8700,8700,4,1700,True,nan,nan,stagnation,,0.14554891235614315,0.01059224294402812,0.023460575167091824,0.010695245812525234,0.023460575167091824,0.5093944923866757,0.49340567432264354
cvar,500,50,15328124,0.5,0.5,0.003,0.002,30.0,0.0001,0.0,2000,23,0.01,100,100,full_batch,0,8800,8800,4,1800,True,nan,nan,stagnation,,0.14719651526144178,0.010833407052555932,0.023039110396481544,0.010862834259674603,0.023039110396481544,0.5095373024354911,0.49344416581503786
cvar,500,50,15328124,0.5,0.5,0.003,0.002,30.0,0.0001,0.0,2000,23,0.01,100,100,full_batch,0,8900,8900,4,1900,True,nan,nan,stagnation,,0.14618565024954006,0.010685122169440425,0.02272331611099071,0.010981506231578453,0.02272331611099071,0.5096058061834867,0.49352411020764225
cvar,500,50,15328124,0.5,0.5,0.003,0.002,30.0,0.0001,0.0,2000,23,0.01,100,100,full_batch,0,9000,9000,4,2000,True,nan,nan,stagnation,,0.186173241772595,0.017330237976058555,0.022902808174637967,0.012942697480508247,0.022902808174637967,0.5095198771548531,0.4935976080616124
cvar,500,50,15328124,0.5,0.5,0.003,0.002,30.0,0.0001,0.0,2000,23,0.01,100,100,minibatch,0,0,0,0,0,True,nan,nan,stagnation,,0.2880110751070277,0.04147518969215298,0.059983407687379864,0.03885435363233375,0.059983407687379864,0.5012038672665393,0.4911656629552724
cvar,500,50,15328124,0.5,0.5,0.003,0.002,30.0,0.0001,0.0,2000,23,0.01,100,100,minibatch,0,100,100,0,100,True,nan,nan,stagnation,,0.49441287746449425,0.1222220467013605,0.056244046709344464,0.02943942558665924,0.056244046709344464,0.5015460186830655,0.4905920368973834
cvar,500,50,15328124,0.5,0.5,0.003,0.002,30.0,0.0001,0.0,2000,23,0.01,100,100,minibatch,0,200,200,0,200,True,nan,nan,stagnation,,1.51061995852978,1.140986329554257,0.27289216618826273,0.27289216618826273,0.046335715507370256,0.4964919238940937,0.48578410929256693
cvar,500,50,15328124,0.5,0.5,0.003,0.002,30.0,0.0001,0.0,2000,23,0.01,100,100,minibatch,0,300,300,0,300,True,nan,nan,stagnation,,1.4979770135997947,1.1219675666366797,0.24578322413529574,0.03644820621070721,0.24578322413529574,0.4875326039331677,0.4736681894415586
cvar,500,50,15328124,0.5,0.5,0.003,0.002,30.0,0.0001,0.0,2000,23,0.01,100,100,minibatch,0,400,400,0,400,True,nan,nan,stagnation,,1.4421195119478332,1.0398543433703282,0.24578132848177636,0.03644738413105775,0.24578132848177636,0.4849451098555416,0.44735269392268967
cvar,500,50,15328124,0.5,0.5,0.003,0.002,30.0,0.0001,0.0,2000,23,0.01,100,100,minibatch,0,500,500,0,500,True,nan,nan,stagnation,,1.5202310247068407,1.1555511842406054,0.2636033348283213,0.2636033348283213,0.03794741311345273,0.47631841037871375,0.4418720379858259
cvar,500,50,15328124,0.5,0.5,0.003,0.002,30.0,0.0001,0.0,2000,23,0.01,100,100,minibatch,0,600,600,0,600,True,nan,nan,stagnation,,1.555161162067515,1.2092631200015918,0.05028329394299169,0.03793040608178311,0.05028329394299169,0.47343680906915836,0.43876697726239977
cvar,500,50,15328124,0.5,0.5,0.003,0.002,30.0,0.0001,0.0,2000,23,0.01,100,100,minibatch,0,700,700,0,700,True,nan,nan,stagnation,,1.5365131509421062,1.1804363315090198,0.050266116245961445,0.037924802443311756,0.050266116245961445,0.47025055561984813,0.4377108848004946
cvar,500,50,15328124,0.5,0.5,0.003,0.002,30.0,0.0001,0.0,2000,23,0.01,100,100,minibatch,0,800,800,0,800,True,nan,nan,stagnation,,1.5170370378239046,1.1507006870647636,0.049959973137916336,0.0377902390445608,0.049959973137916336,0.46887441178461453,0.4360756331553169
cvar,500,50,15328124,0.5,0.5,0.003,0.002,30.0,0.0001,0.0,2000,23,0.01,100,100,minibatch,0,900,900,0,900,True,nan,nan,stagnation,,1.5029366283108119,1.1294092543591356,0.05021903814893103,0.03791845993648513,0.05021903814893103,0.4674902525781421,0.4333512781706134
cvar,500,50,15328124,0.5,0.5,0.003,0.002,30.0,0.0001,0.0,2000,23,0.01,100,100,minibatch,0,1000,1000,0,1000,True,nan,nan,stagnation,,1.486012096273253,1.1041159751352139,0.05003835186668204,0.037926156798764654,0.05003835186668204,0.46516526912086786,0.43254691977823045
cvar,500,50,15328124,0.5,0.5,0.003,0.002,30.0,0.0001,0.0,2000,23,0.01,100,100,minibatch,0,1100,1100,0,1100,True,nan,nan,stagnation,,1.4857007924507484,1.1036534223443908,0.25098612387643415,0.053346616167625704,0.25098612387643415,0.46137986045447965,0.4245130599112688
cvar,500,50,15328124,0.5,0.5,0.003,0.002,30.0,0.0001,0.0,2000,23,0.01,100,100,minibatch,0,1200,1200,0,1200,True,nan,nan,stagnation,,1.6195375159849847,1.3114508828414073,0.26022533178106455,0.26022533178106455,0.03999534571604957,0.451839959138087,0.41885720894913514
cvar,500,50,15328124,0.5,0.5,0.003,0.002,30.0,0.0001,0.0,2000,23,0.01,100,100,minibatch,0,1300,1300,0,1300,True,nan,nan,stagnation,,1.6521418015653884,1.3647862662398635,0.2526423447488293,0.2526423447488293,0.04811725573743997,0.43394071226216663,0.4169876931796764
cvar,500,50,15328124,0.5,0.5,0.003,0.002,30.0,0.0001,0.0,2000,23,0.01,100,100,minibatch,0,1300,1300,1,0,True,nan,nan,stagnation,,0.39556143609529254,0.07823442486288511,0.0724886481984639,0.0724886481984639,0.06632798587361788,0.4930955897493589,0.4870203238390861
cvar,500,50,15328124,0.5,0.5,0.003,0.002,30.0,0.0001,0.0,2000,23,0.01,100,100,minibatch,0,1400,1400,1,100,True,nan,nan,stagnation,,2.536589385378246,3.2171428550067938,0.4528146313971244,0.2737382364406076,0.4528146313971244,0.4828753014097333,0.4699115490596689
cvar,500,50,15328124,0.5,0.5,0.003,0.002,30.0,0.0001,0.0,2000,23,0.01,100,100,minibatch,0,1500,1500,1,200,True,nan,nan,stagnation,,1.452035227399361,1.0542031508043572,0.050707804013447766,0.04858584978038749,0.050707804013447766,0.4794097640428898,0.46760987130180853
cvar,500,50,15328124,0.5,0.5,0.003,0.002,30.0,0.0001,0.0,2000,23,0.01,100,100,minibatch,0,1600,1600,1,300,True,nan,nan,stagnation,,1.433366518105828,1.0272697876134125,0.05070723198713234,0.04858499896838975,0.05070723198713234,0.4789324390473854,0.46648510521390313
cvar,500,50,15328124,0.5,0.5,0.003,0.002,30.0,0.0001,0.0,2000,23,0.01,100,100,minibatch,0,1700,1700,1,400,True,nan,nan,stagnation,,1.4153830697231484,1.0016546170294613,0.050704960455099424,0.048582616122258004,0.050704960455099424,0.4786000176065115,0.4655102195202331
cvar,500,50,15328124,0.5,0.5,0.003,0.002,30.0,0.0001,0.0,2000,23,0.01,100,100,minibatch,0,1800,1800,1,500,True,nan,nan,stagnation,,1.3983390885495397,0.9776761032827788,0.050695699142775164,0.04857416742752785,0.050695699142775164,0.47807758584174564,0.4647006453352554
cvar,500,50,15328124,0.5,0.5,0.003,0.002,30.0,0.0001,0.0,2000,23,0.01,100,100,minibatch,0,1900,1900,1,600,True,nan,nan,stagnation,,1.3814969893273634,0.9542669657602847,0.05064683865383102,0.048535454907225106,0.05064683865383102,0.4780310537588075,0.46380968940712003
cvar,500,50,15328124,0.5,0.5,0.003,0.002,30.0,0.0001,0.0,2000,23,0.01,100,100,minibatch,0,2000,2000,1,700,True,nan,nan,stagnation,,1.3658763538633327,0.9328091070214961,0.05058555784950225,0.048456567436110376,0.05058555784950225,0.4772180521357394,0.462764427285056
cvar,500,50,15328124,0.5,0.5,0.003,0.002,30.0,0.0001,0.0,2000,23,0.01,100,100,minibatch,0,2000,2000,2,0,True,nan,nan,stagnation,,0.3609025447107506,0.06512532338934768,0.06611045885612832,0.055720148425985494,0.06611045885612832,0.506695630832807,0.4880823845236958
cvar,500,50,15328124,0.5,0.5,0.003,0.002,30.0,0.0001,0.0,2000,23,0.01,100,100,minibatch,0,2100,2100,2,100,True,nan,nan,stagnation,,1.4666303476271128,1.0755022882904128,0.24574455218631652,0.24574455218631652,0.04365499627018199,0.49577360021246,0.4761727228199255
cvar,500,50,15328124,0.5,0.5,0.003,0.002,30.0,0.0001,0.0,2000,23,0.01,100,100,minibatch,0,2200,2200,2,200,True,nan,nan,stagnation,,1.4235094220064295,1.0131895372705395,0.31800061183036465,0.31800061183036465,0.2602529479231792,0.4768824337223841,0.4609367557375092
cvar,500,50,15328124,0.5,0.5,0.003,0.002,30.0,0.0001,0.0,2000,23,0.01,100,100,minibatch,0,2300,2300,2,300,True,nan,nan,stagnation,,2.1852365488198915,2.387629387149135,0.419051074843501,0.2462313145515237,0.419051074843501,0.4592602018373443,0.45794608860169306
cvar,500,50,15328124,0.5,0.5,0.003,0.002,30.0,0.0001,0.0,2000,23,0.01,100,100,minibatch,0,2400,2400,2,400,True,nan,nan,stagnation,,1.4122972534996352,0.9972917661213064,0.2569107952592107,0.2569107952592107,0.24178143479442304,0.4455559667030675,0.44712733474092886
cvar,500,50,15328124,0.5,0.5,0.003,0.002,30.0,0.0001,0.0,2000,23,0.01,100,100,minibatch,0,2500,2500,2,500,True,nan,nan,stagnation,,1.5703786328203724,1.233044525209391,0.05437391161987237,0.04261007848382592,0.05437391161987237,0.4390885148923524,0.4331805033827887
cvar,500,50,15328124,0.5,0.5,0.003,0.002,30.0,0.0001,0.0,2000,23,0.01,100,100,minibatch,0,2600,2600,2,600,True,nan,nan,stagnation,,1.5520561532610402,1.2044391514377286,0.05448429539630928,0.04248880625799034,0.05448429539630928,0.4369712992208231,0.4324171933164165
cvar,500,50,15328124,0.5,0.5,0.003,0.002,30.0,0.0001,0.0,2000,23,0.01,100,100,minibatch,0,2700,2700,2,700,True,nan,nan,stagnation,,1.5342279781782544,1.176927744512467,0.05448397192832455,0.04248864585284551,0.05448397192832455,0.4356444227848569,0.4308353175917919
cvar,500,50,15328124,0.5,0.5,0.003,0.002,30.0,0.0001,0.0,2000,23,0.01,100,100,minibatch,0,2800,2800,2,800,True,nan,nan,stagnation,,1.5172444548882302,1.1510153679445414,0.05448259720292159,0.042487690727436966,0.05448259720292159,0.43468150673395695,0.43051623540202055
cvar,500,50,15328124,0.5,0.5,0.003,0.002,30.0,0.0001,0.0,2000,23,0.01,100,100,minibatch,0,2900,2900,2,900,True,nan,nan,stagnation,,1.5006993892192477,1.1260493284015116,0.054476144833348394,0.042482994104360516,0.054476144833348394,0.43290434067569455,0.42982989615456807
cvar,500,50,15328124,0.5,0.5,0.003,0.002,30.0,0.0001,0.0,2000,23,0.01,100,100,minibatch,0,3000,3000,2,1000,True,nan,nan,stagnation,,1.4842142359649646,1.1014459491205317,0.05442425226756942,0.04245587132548445,0.05442425226756942,0.4320502400565867,0.4289243496427788
cvar,500,50,15328124,0.5,0.5,0.003,0.002,30.0,0.0001,0.0,2000,23,0.01,100,100,minibatch,0,3000,3000,3,0,True,nan,nan,stagnation,,0.3778674224712884,0.07139189448254758,0.07507598770108032,0.07448276963802347,0.07507598770108032,0.5137905159526884,0.4839594760804652
cvar,500,50,15328124,0.5,0.5,0.003,0.002,30.0,0.0001,0.0,2000,23,0.01,100,100,minibatch,0,3100,3100,3,100,True,nan,nan,stagnation,,1.457454967269422,1.0620874908091558,0.2649930330770379,0.053085474718557735,0.2649930330770379,0.5059534308254827,0.4733539107298821
cvar,500,50,15328124,0.5,0.5,0.003,0.002,30.0,0.0001,0.0,2000,23,0.01,100,100,minibatch,0,3200,3200,3,200,True,nan,nan,stagnation,,1.3158235332385673,0.8656957853122135,0.21909756656521284,0.02658717820943879,0.21909756656521284,0.5041448146261256,0.4661052204918055
cvar,500,50,15328124,0.5,0.5,0.003,0.002,30.0,0.0001,0.0,2000,23,0.01,100,100,minibatch,0,3300,3300,3,300,True,nan,nan,stagnation,,1.440729874374491,1.0378512854575683,0.03770644402143741,0.03742156893261339,0.03770644402143741,0.4994685406762828,0.46340798917045484
cvar,500,50,15328124,0.5,0.5,0.003,0.002,30.0,0.0001,0.0,2000,23,0.01,100,100,minibatch,0,3400,3400,3,400,True,nan,nan,stagnation,,1.354357147553505,0.9171416415646333,0.03729471697281972,0.03729471697281972,0.030274458112750535,0.4948259132261616,0.4628726868610931
cvar,500,50,15328124,0.5,0.5,0.003,0.002,30.0,0.0001,0.0,2000,23,0.01,100,100,minibatch,0,3500,3500,3,500,True,nan,nan,stagnation,,1.4137395667924177,0.9993297813572065,0.03794662380821612,0.036982485622702566,0.03794662380821612,0.4932762570332265,0.4598497879586523
cvar,500,50,15328124,0.5,0.5,0.003,0.002,30.0,0.0001,0.0,2000,23,0.01,100,100,minibatch,0,3600,3600,3,600,True,nan,nan,stagnation,,1.399685266641393,0.9795594228264938,0.037749234299009116,0.03739050758046014,0.037749234299009116,0.4920458770148044,0.4554525191317745
cvar,500,50,15328124,0.5,0.5,0.003,0.002,30.0,0.0001,0.0,2000,23,0.01,100,100,minibatch,0,3700,3700,3,700,True,nan,nan,stagnation,,1.3809348744864989,0.9534905637865212,0.03773785106872907,0.037350023133963406,0.03773785106872907,0.49107344323842056,0.45525406680075586
cvar,500,50,15328124,0.5,0.5,0.003,0.002,30.0,0.0001,0.0,2000,23,0.01,100,100,minibatch,0,3800,3800,3,800,True,nan,nan,stagnation,,1.3598908061768862,0.9246515023622107,0.03752331846864232,0.03721651516798119,0.03752331846864232,0.488821955343325,0.4549980737209268
cvar,500,50,15328124,0.5,0.5,0.003,0.002,30.0,0.0001,0.0,2000,23,0.01,100,100,minibatch,0,3900,3900,3,900,True,nan,nan,stagnation,,1.337238085359948,0.8941028484685697,0.03635797026122467,0.033933817994470594,0.03635797026122467,0.4868516795382777,0.4546412858392525
cvar,500,50,15328124,0.5,0.5,0.003,0.002,30.0,0.0001,0.0,2000,23,0.01,100,100,minibatch,0,4000,4000,3,1000,True,nan,nan,stagnation,,1.3750172360069195,0.9453361996580543,0.23086811661465734,0.033178731224682956,0.23086811661465734,0.48422031418121325,0.4525908523349904
cvar,500,50,15328124,0.5,0.5,0.003,0.002,30.0,0.0001,0.0,2000,23,0.01,100,100,minibatch,0,4100,4100,3,1100,True,nan,nan,stagnation,,1.1592849800322529,0.6719708324641905,0.08763231336654809,0.08763231336654809,0.012517215791894909,0.4810135412056891,0.45144280675019843
cvar,500,50,15328124,0.5,0.5,0.003,0.002,30.0,0.0001,0.0,2000,23,0.01,100,100,minibatch,0,4200,4200,3,1200,True,nan,nan,stagnation,,1.4845010218057142,1.1018716418711048,0.05858631226976907,0.046948385971292916,0.05858631226976907,0.4793044612248373,0.44984604707321285
cvar,500,50,15328124,0.5,0.5,0.003,0.002,30.0,0.0001,0.0,2000,23,0.01,100,100,minibatch,0,4300,4300,3,1300,True,nan,nan,stagnation,,1.3701227937212008,0.9386182349371941,0.03797343085463534,0.037152543827238205,0.03797343085463534,0.47582544404965993,0.44720631053574406
cvar,500,50,15328124,0.5,0.5,0.003,0.002,30.0,0.0001,0.0,2000,23,0.01,100,100,minibatch,0,4400,4400,3,1400,True,nan,nan,stagnation,,1.3663984578449917,0.9335223728005858,0.037510597907863596,0.03713228012236591,0.037510597907863596,0.47339620884618033,0.44444716872077417
cvar,500,50,15328124,0.5,0.5,0.003,0.002,30.0,0.0001,0.0,2000,23,0.01,100,100,minibatch,0,4400,4400,4,0,True,nan,nan,stagnation,,0.43123380443785997,0.09298129704497522,0.0805222586666785,0.07003947944058997,0.0805222586666785,0.4978710359514009,0.497900637663339
cvar,500,50,15328124,0.5,0.5,0.003,0.002,30.0,0.0001,0.0,2000,23,0.01,100,100,minibatch,0,4500,4500,4,100,True,nan,nan,stagnation,,1.5143039029499725,1.14655815524476,0.24851978027564547,0.24851978027564547,0.03783391991084317,0.4897485659176312,0.4898139517186927
cvar,500,50,15328124,0.5,0.5,0.003,0.002,30.0,0.0001,0.0,2000,23,0.01,100,100,minibatch,0,4600,4600,4,200,True,nan,nan,stagnation,,1.9215989986722914,1.8462713558491766,0.40566244240922283,0.2584640215933466,0.40566244240922283,0.47576487858610417,0.487595912394465
cvar,500,50,15328124,0.5,0.5,0.003,0.002,30.0,0.0001,0.0,2000,23,0.01,100,100,minibatch,0,4700,4700,4,300,True,nan,nan,stagnation,,1.4431036983522059,1.0412741420989071,0.057140396588098885,0.04781378129318303,0.057140396588098885,0.47471879836148234,0.4844666127198094
cvar,500,50,15328124,0.5,0.5,0.003,0.002,30.0,0.0001,0.0,2000,23,0.01,100,100,minibatch,0,4800,4800,4,400,True,nan,nan,stagnation,,1.419921359395394,1.008088333433632,0.057100045100611285,0.04780741470849148,0.057100045100611285,0.4746599302016885,0.4770440554471714
cvar,500,50,15328124,0.5,0.5,0.003,0.002,30.0,0.0001,0.0,2000,23,0.01,100,100,minibatch,0,4900,4900,4,500,True,nan,nan,stagnation,,1.3986283103646984,0.9780805752768055,0.056892513610741435,0.0477694532305033,0.056892513610741435,0.47462314496841107,0.4732775300464722
cvar,500,50,15328124,0.5,0.5,0.003,0.002,30.0,0.0001,0.0,2000,23,0.01,100,100,minibatch,0,5000,5000,4,600,True,nan,nan,stagnation,,1.3195157045295867,0.8705608472501057,0.03059844442739068,0.026023723943967236,0.03059844442739068,0.4744753105827014,0.47033092638371615
cvar,500,50,15328124,0.5,0.5,0.003,0.002,30.0,0.0001,0.0,2000,23,0.01,100,100,minibatch,0,5100,5100,4,700,True,nan,nan,stagnation,,1.3861162298092442,0.9606591012702967,0.0568807285384092,0.04775447292608559,0.0568807285384092,0.4732855502184194,0.4671611232543564
cvar,500,50,15328124,0.5,0.5,0.003,0.002,30.0,0.0001,0.0,2000,23,0.01,100,100,minibatch,0,5200,5200,4,800,True,nan,nan,stagnation,,1.340386922683907,0.8983185512510169,0.040376081228343574,0.040376081228343574,0.027351219849789277,0.47318143683869063,0.46495782433845523
cvar,500,50,15328124,0.5,0.5,0.003,0.002,30.0,0.0001,0.0,2000,23,0.01,100,100,minibatch,0,5300,5300,4,900,True,nan,nan,stagnation,,1.5447937712089828,1.1931938977830354,0.25000525162745935,0.25000525162745935,0.04735736692109871,0.46570674962207026,0.45521270607477554
cvar,500,50,15328124,0.5,0.5,0.003,0.002,30.0,0.0001,0.0,2000,23,0.01,100,100,minibatch,0,5400,5400,4,1000,True,nan,nan,stagnation,,1.5711217319578252,1.2342117483150783,0.052684525255594084,0.038431051082333356,0.052684525255594084,0.4518282845067408,0.44445951021588553
cvar,500,50,15328124,0.5,0.5,0.003,0.002,30.0,0.0001,0.0,2000,23,0.01,100,100,minibatch,0,5500,5500,4,1100,True,nan,nan,stagnation,,1.537866713282564,1.1825170139112582,0.051434432742675784,0.03866797289850987,0.051434432742675784,0.45121589502700704,0.4396607771848705
cvar,500,50,15328125,0.5,0.5,0.003,0.002,30.0,0.0001,0.0,2000,23,0.01,100,100,full_batch,0,0,0,0,0,True,nan,nan,max_iter,,0.253865432659636,0.032223828949732095,0.05132006470991579,0.05132006470991579,0.039459253337148836,0.49464813915712774,0.5019774475749574
cvar,500,50,15328125,0.5,0.5,0.003,0.002,30.0,0.0001,0.0,2000,23,0.01,100,100,full_batch,0,100,100,0,100,True,nan,nan,max_iter,,0.1515415364218568,0.011482418630548476,0.02743944496062256,0.019300315354785602,0.02743944496062256,0.492063388849559,0.5035415259977986
cvar,500,50,15328125,0.5,0.5,0.003,0.002,30.0,0.0001,0.0,2000,23,0.01,100,100,full_batch,0,200,200,0,200,True,nan,nan,max_iter,,0.14255995204415162,0.010161669963415405,0.02339003965607178,0.015456303260694193,0.02339003965607178,0.4911024986225291,0.50475455752114
cvar,500,50,15328125,0.5,0.5,0.003,0.002,30.0,0.0001,0.0,2000,23,0.01,100,100,full_batch,0,300,300,0,300,True,nan,nan,max_iter,,0.13659918457686882,0.009329668613532738,0.02189410422370286,0.013991601968146306,0.02189410422370286,0.4905521773993798,0.5058090537395726
cvar,500,50,15328125,0.5,0.5,0.003,0.002,30.0,0.0001,0.0,2000,23,0.01,100,100,full_batch,0,400,400,0,400,True,nan,nan,max_iter,,0.13293881571441393,0.008836364361775454,0.02094590601206847,0.013043473536497263,0.02094590601206847,0.49018128860218074,0.5067148281797085
cvar,500,50,15328125,0.5,0.5,0.003,0.002,30.0,0.0001,0.0,2000,23,0.01,100,100,full_batch,0,500,500,0,500,True,nan,nan,max_iter,,0.13031326872944402,0.008490774003476146,0.020106922186831744,0.012327737938742866,0.020106922186831744,0.48992665502741245,0.5074627808484432
cvar,500,50,15328125,0.5,0.5,0.003,0.002,30.0,0.0001,0.0,2000,23,0.01,100,100,full_batch,0,600,600,0,600,True,nan,nan,max_iter,,0.12824710807800782,0.00822366036518611,0.019355087123974823,0.011761898488106381,0.019355087123974823,0.48974269088216876,0.5080765787949743
cvar,500,50,15328125,0.5,0.5,0.003,0.002,30.0,0.0001,0.0,2000,23,0.01,100,100,full_batch,0,700,700,0,700,True,nan,nan,max_iter,,0.12652749524960602,0.008004603527069536,0.018731485078470778,0.011338476874550252,0.018731485078470778,0.4896055796047532,0.5085852152039791
cvar,500,50,15328125,0.5,0.5,0.003,0.002,30.0,0.0001,0.0,2000,23,0.01,100,100,full_batch,0,800,800,0,800,True,nan,nan,max_iter,,0.1250600340505501,0.007820006058362377,0.018256161227583778,0.01102064849062423,0.018256161227583778,0.489503932424246,0.509010465734481
cvar,500,50,15328125,0.5,0.5,0.003,0.002,30.0,0.0001,0.0,2000,23,0.01,100,100,full_batch,0,900,900,0,900,True,nan,nan,max_iter,,0.123790483807401,0.007662041940635205,0.017892097304260224,0.010787927435696842,0.017892097304260224,0.48943050881091116,0.5093681134012727
cvar,500,50,15328125,0.5,0.5,0.003,0.002,30.0,0.0001,0.0,2000,23,0.01,100,100,full_batch,0,1000,1000,0,1000,True,nan,nan,max_iter,,0.12267587652343498,0.007524685340396533,0.017616720340869363,0.010617935304511106,0.017616720340869363,0.4893795727117522,0.5096704401057299
cvar,500,50,15328125,0.5,0.5,0.003,0.002,30.0,0.0001,0.0,2000,23,0.01,100,100,full_batch,0,1100,1100,0,1100,True,nan,nan,max_iter,,0.12168041473571642,0.007403061665127977,0.01740417450385867,0.010487411919045009,0.01740417450385867,0.4893464226919771,0.509927469285219
cvar,500,50,15328125,0.5,0.5,0.003,0.002,30.0,0.0001,0.0,2000,23,0.01,100,100,full_batch,0,1200,1200,0,1200,True,nan,nan,max_iter,,0.12077682926007866,0.007293521243059096,0.017239113231785175,0.010380297042627773,0.017239113231785175,0.4893272447802819,0.5101473855640101
cvar,500,50,15328125,0.5,0.5,0.003,0.002,30.0,0.0001,0.0,2000,23,0.01,100,100,full_batch,0,1300,1300,0,1300,True,nan,nan,max_iter,,0.11994590885301297,0.007193510525287648,0.017107096329773808,0.01028989130128749,0.017107096329773808,0.4893189409721721,0.5103367516471087
cvar,500,50,15328125,0.5,0.5,0.003,0.002,30.0,0.0001,0.0,2000,23,0.01,100,100,full_batch,0,1400,1400,0,1400,True,nan,nan,max_iter,,0.11917444046185593,0.007101273629698222,0.016998989111523977,0.010210784591186906,0.016998989111523977,0.4893189748774001,0.5105007444412886
cvar,500,50,15328125,0.5,0.5,0.003,0.002,30.0,0.0001,0.0,2000,23,0.01,100,100,full_batch,0,1500,1500,0,1500,True,nan,nan,max_iter,,0.11845295711380373,0.007015551524502312,0.016908204306983254,0.01013743704522635,0.016908204306983254,0.48932526973531515,0.5106434205956625
cvar,500,50,15328125,0.5,0.5,0.003,0.002,30.0,0.0001,0.0,2000,23,0.01,100,100,full_batch,0,1600,1600,0,1600,True,nan,nan,max_iter,,0.11777403560400877,0.006935361731227163,0.016829347968593478,0.010065567505219697,0.016829347968593478,0.48933614792026586,0.5107679799625895
cvar,500,50,15328125,0.5,0.5,0.003,0.002,30.0,0.0001,0.0,2000,23,0.01,100,100,full_batch,0,1700,1700,0,1700,True,nan,nan,max_iter,,0.11713133062161431,0.0068598743065949605,0.016758688448066605,0.0099964329751554,0.016758688448066605,0.4893502852093899,0.5108769969011482
cvar,500,50,15328125,0.5,0.5,0.003,0.002,30.0,0.0001,0.0,2000,23,0.01,100,100,full_batch,0,1800,1800,0,1800,True,nan,nan,max_iter,,0.11651920111677669,0.006788362114445927,0.01669298420803922,0.00992839566036996,0.01669298420803922,0.48936666149171326,0.5109725994090514
cvar,500,50,15328125,0.5,0.5,0.003,0.002,30.0,0.0001,0.0,2000,23,0.01,100,100,full_batch,0,1900,1900,0,1900,True,nan,nan,max_iter,,0.11593265647558215,0.00672019041874267,0.016630853709265203,0.009860418665928461,0.016630853709265203,0.4893845050853031,0.5110565917768876
cvar,500,50,15328125,0.5,0.5,0.003,0.002,30.0,0.0001,0.0,2000,23,0.01,100,100,full_batch,0,2000,2000,0,2000,True,nan,nan,max_iter,,0.11536739426275162,0.006654817829488588,0.016571157847141915,0.009798364874635368,0.016571157847141915,0.4894032372048062,0.5111305303527082
cvar,500,50,15328125,0.5,0.5,0.003,0.002,30.0,0.0001,0.0,2000,23,0.01,100,100,full_batch,0,2000,2000,1,0,True,nan,nan,max_iter,,0.3772854634613696,0.07117216046963022,0.09119931545778703,0.06727922863753011,0.09119931545778703,0.4934360325674787,0.50197882495549
cvar,500,50,15328125,0.5,0.5,0.003,0.002,30.0,0.0001,0.0,2000,23,0.01,100,100,full_batch,0,2100,2100,1,100,True,nan,nan,max_iter,,1.577638799803741,1.2444720913230944,0.2588872690657231,0.2588872690657231,0.04638110263709305,0.48745695993436355,0.47726878457651145
cvar,500,50,15328125,0.5,0.5,0.003,0.002,30.0,0.0001,0.0,2000,23,0.01,100,100,full_batch,0,2200,2200,1,200,True,nan,nan,max_iter,,1.335805293821936,0.8921878915013545,0.04248938000849789,0.03964618049459334,0.04248938000849789,0.4780922994970748,0.47620812955125463
cvar,500,50,15328125,0.5,0.5,0.003,0.002,30.0,0.0001,0.0,2000,23,0.01,100,100,full_batch,0,2300,2300,1,300,True,nan,nan,max_iter,,1.2406329689464028,0.769585081818383,0.20012648982061265,0.20012648982061265,0.0017012344129185841,0.475492896943492,0.47586617673018516
cvar,500,50,15328125,0.5,0.5,0.003,0.002,30.0,0.0001,0.0,2000,23,0.01,100,100,full_batch,0,2400,2400,1,400,True,nan,nan,max_iter,,1.3043551417072972,0.8506711678491317,0.04328288162453009,0.039291301656142474,0.04328288162453009,0.47207248717940997,0.4757594474455066
cvar,500,50,15328125,0.5,0.5,0.003,0.002,30.0,0.0001,0.0,2000,23,0.01,100,100,full_batch,0,2500,2500,1,500,True,nan,nan,max_iter,,1.2970349996504604,0.841149895159135,0.22835241268618245,0.22835241268618245,0.013393880395958013,0.4697452273696638,0.4757523275358949
cvar,500,50,15328125,0.5,0.5,0.003,0.002,30.0,0.0001,0.0,2000,23,0.01,100,100,full_batch,0,2600,2600,1,600,True,nan,nan,max_iter,,1.2724138284284994,0.8095184753880353,0.042083825010366005,0.039812346823907774,0.042083825010366005,0.4672569344538686,0.47569999583268113
cvar,500,50,15328125,0.5,0.5,0.003,0.002,30.0,0.0001,0.0,2000,23,0.01,100,100,full_batch,0,2700,2700,1,700,True,nan,nan,max_iter,,1.183953060570591,0.7008724248172348,0.15216504334432324,0.15216504334432324,0.013876585499247529,0.4648528449187792,0.4758685992467682
cvar,500,50,15328125,0.5,0.5,0.003,0.002,30.0,0.0001,0.0,2000,23,0.01,100,100,full_batch,0,2800,2800,1,800,True,nan,nan,max_iter,,1.2496286626601305,0.7807858972708731,0.19141650553844702,0.19141650553844702,0.014925356587196514,0.4626306624384686,0.4760443573037071
cvar,500,50,15328125,0.5,0.5,0.003,0.002,30.0,0.0001,0.0,2000,23,0.01,100,100,full_batch,0,2900,2900,1,900,True,nan,nan,max_iter,,1.1853327980258757,0.7025069210379257,0.13539250865607233,0.03304489106838493,0.13539250865607233,0.4607291503859029,0.4757559352020186
cvar,500,50,15328125,0.5,0.5,0.003,0.002,30.0,0.0001,0.0,2000,23,0.01,100,100,full_batch,0,3000,3000,1,1000,True,nan,nan,max_iter,,1.2114682347123917,0.7338276418585793,0.044702651751014955,0.044702651751014955,0.003897002895613566,0.4593606265561038,0.4755868116522786
cvar,500,50,15328125,0.5,0.5,0.003,0.002,30.0,0.0001,0.0,2000,23,0.01,100,100,full_batch,0,3100,3100,1,1100,True,nan,nan,max_iter,,1.1650807677337356,0.6787065976715154,0.049745751782999226,0.023694436770790417,0.049745751782999226,0.45789147902440847,0.4761420968804891
cvar,500,50,15328125,0.5,0.5,0.003,0.002,30.0,0.0001,0.0,2000,23,0.01,100,100,full_batch,0,3100,3100,2,0,True,nan,nan,max_iter,,0.4039126907575777,0.0815727308775133,0.08297672436161424,0.08297672436161424,0.06556735811739711,0.4932525899954199,0.5088364201425372
cvar,500,50,15328125,0.5,0.5,0.003,0.002,30.0,0.0001,0.0,2000,23,0.01,100,100,full_batch,0,3200,3200,2,100,True,nan,nan,max_iter,,1.6769860061591844,1.406141032426866,0.25490479546691414,0.058542606252332874,0.25490479546691414,0.4866838468365268,0.49286628209949507
cvar,500,50,15328125,0.5,0.5,0.003,0.002,30.0,0.0001,0.0,2000,23,0.01,100,100,full_batch,0,3300,3300,2,200,True,nan,nan,max_iter,,1.6237778374556757,1.3183272327061155,0.2549010687721558,0.058538347553490966,0.2549010687721558,0.4803087350768273,0.4708727788023837
cvar,500,50,15328125,0.5,0.5,0.003,0.002,30.0,0.0001,0.0,2000,23,0.01,100,100,full_batch,0,3400,3400,2,300,True,nan,nan,max_iter,,1.323841310741025,0.8762779080122575,0.11011357369878416,0.11011357369878416,0.025064181476575187,0.47725566146716897,0.46350631466081016
cvar,500,50,15328125,0.5,0.5,0.003,0.002,30.0,0.0001,0.0,2000,23,0.01,100,100,full_batch,0,3500,3500,2,400,True,nan,nan,max_iter,,1.359104796738536,0.9235829242588485,0.034947948497523695,0.023465668768478998,0.034947948497523695,0.4732477418477292,0.4616265611658296
cvar,500,50,15328125,0.5,0.5,0.003,0.002,30.0,0.0001,0.0,2000,23,0.01,100,100,full_batch,0,3600,3600,2,500,True,nan,nan,max_iter,,1.2907283042530988,0.83298977770004,0.05901301092804212,0.05901301092804212,0.025309237984483923,0.4692588145361463,0.4595206590887169
cvar,500,50,15328125,0.5,0.5,0.003,0.002,30.0,0.0001,0.0,2000,23,0.01,100,100,full_batch,0,3700,3700,2,600,True,nan,nan,max_iter,,1.4113546044662737,0.9959609097740759,0.049412796947261084,0.040973502481762125,0.049412796947261084,0.4669994279935423,0.45813366744335227
cvar,500,50,15328125,0.5,0.5,0.003,0.002,30.0,0.0001,0.0,2000,23,0.01,100,100,full_batch,0,3800,3800,2,700,True,nan,nan,max_iter,,1.3832809579999161,0.9567331043825829,0.04711900143589909,0.03732636721216365,0.04711900143589909,0.4642337672100717,0.45662211327703106
cvar,500,50,15328125,0.5,0.5,0.003,0.002,30.0,0.0001,0.0,2000,23,0.01,100,100,full_batch,0,3900,3900,2,800,True,nan,nan,max_iter,,1.3280399280872468,0.8818450252969898,0.040785889236433004,0.028998604248505644,0.040785889236433004,0.46216890893509055,0.45537801719191395
cvar,500,50,15328125,0.5,0.5,0.003,0.002,30.0,0.0001,0.0,2000,23,0.01,100,100,full_batch,0,4000,4000,2,900,True,nan,nan,max_iter,,1.2122768186271586,0.7348075424903925,0.09259188165347565,0.09259188165347565,0.015674999964190195,0.4618219782040867,0.4547750913172361
cvar,500,50,15328125,0.5,0.5,0.003,0.002,30.0,0.0001,0.0,2000,23,0.01,100,100,full_batch,0,4000,4000,3,0,True,nan,nan,max_iter,,0.3753390081525827,0.07043968552048227,0.07927085153573787,0.07927085153573787,0.05399832688417949,0.4951215400965068,0.5091399667642491
cvar,500,50,15328125,0.5,0.5,0.003,0.002,30.0,0.0001,0.0,2000,23,0.01,100,100,full_batch,0,4100,4100,3,100,True,nan,nan,max_iter,,1.5088463921726887,1.1383087175862696,0.04122305096444312,0.0349812024151015,0.04122305096444312,0.4904180266406958,0.5027159295412994
cvar,500,50,15328125,0.5,0.5,0.003,0.002,30.0,0.0001,0.0,2000,23,0.01,100,100,full_batch,0,4200,4200,3,200,True,nan,nan,max_iter,,1.4910556978311063,1.1116235470173037,0.041217759926225894,0.03497957374349758,0.041217759926225894,0.48994117661594916,0.5008765611152072
cvar,500,50,15328125,0.5,0.5,0.003,0.002,30.0,0.0001,0.0,2000,23,0.01,100,100,full_batch,0,4300,4300,3,300,True,nan,nan,max_iter,,1.474066672519208,1.0864362775159249,0.04121520396023337,0.0349751003052331,0.04121520396023337,0.4895101962639956,0.4990074292898506
cvar,500,50,15328125,0.5,0.5,0.003,0.002,30.0,0.0001,0.0,2000,23,0.01,100,100,full_batch,0,4400,4400,3,400,True,nan,nan,max_iter,,1.4566759039270245,1.060952344540807,0.041153920689972145,0.034938776891129675,0.041153920689972145,0.4891065497865985,0.49723399974775523
cvar,500,50,15328125,0.5,0.5,0.003,0.002,30.0,0.0001,0.0,2000,23,0.01,100,100,full_batch,0,4500,4500,3,500,True,nan,nan,max_iter,,1.4452226376904418,1.044334236246459,0.041271965443116176,0.03494728548621295,0.041271965443116176,0.48841328206964824,0.4958603912954756
cvar,500,50,15328125,0.5,0.5,0.003,0.002,30.0,0.0001,0.0,2000,23,0.01,100,100,full_batch,0,4600,4600,3,600,True,nan,nan,max_iter,,1.4305649793304942,1.0232580800434286,0.04127920494266335,0.034946011522114406,0.04127920494266335,0.48562372769580264,0.4937215981732302
cvar,500,50,15328125,0.5,0.5,0.003,0.002,30.0,0.0001,0.0,2000,23,0.01,100,100,full_batch,0,4600,4600,4,0,True,nan,nan,max_iter,,0.42052529645604114,0.08842076247972064,0.08905976035851382,0.08905976035851382,0.05196373411271127,0.4847835948268581,0.5087075603984643
cvar,500,50,15328125,0.5,0.5,0.003,0.002,30.0,0.0001,0.0,2000,23,0.01,100,100,full_batch,0,4700,4700,4,100,True,nan,nan,max_iter,,1.8760742500462864,1.7598272958433678,0.34586989557681425,0.34586989557681425,0.0926315036427996,0.4697482388712011,0.4925837797665702
cvar,500,50,15328125,0.5,0.5,0.003,0.002,30.0,0.0001,0.0,2000,23,0.01,100,100,full_batch,0,4800,4800,4,200,True,nan,nan,max_iter,,1.5173932714788552,1.1512411701646512,0.05200507401967336,0.031014940257197532,0.05200507401967336,0.4669351761406564,0.4872366849488611
cvar,500,50,15328125,0.5,0.5,0.003,0.002,30.0,0.0001,0.0,2000,23,0.01,100,100,full_batch,0,4900,4900,4,300,True,nan,nan,max_iter,,1.4979261529342371,1.121891379822182,0.05200428325014439,0.031015221905773882,0.05200428325014439,0.46671650481191485,0.48354838955415136
cvar,500,50,15328125,0.5,0.5,0.003,0.002,30.0,0.0001,0.0,2000,23,0.01,100,100,full_batch,0,5000,5000,4,400,True,nan,nan,max_iter,,1.479591216934059,1.094595084614205,0.05200281701782128,0.03101540359281474,0.05200281701782128,0.4665475187781443,0.48037187372995516
cvar,500,50,15328125,0.5,0.5,0.003,0.002,30.0,0.0001,0.0,2000,23,0.01,100,100,full_batch,0,5100,5100,4,500,True,nan,nan,max_iter,,1.46229262785555,1.069149864740345,0.05199862023456847,0.03101475796194486,0.05199862023456847,0.4664326235081518,0.4780279821505291
cvar,500,50,15328125,0.5,0.5,0.003,0.002,30.0,0.0001,0.0,2000,23,0.01,100,100,full_batch,0,5200,5200,4,600,True,nan,nan,max_iter,,1.4456139889558488,1.0448999025324204,0.05198266463500578,0.03100883950550637,0.05198266463500578,0.4663744493430315,0.47605558051403607
cvar,500,50,15328125,0.5,0.5,0.003,0.002,30.0,0.0001,0.0,2000,23,0.01,100,100,full_batch,0,5300,5300,4,700,True,nan,nan,max_iter,,1.4327518416858749,1.0263889199271332,0.05196125162604459,0.031020018408015604,0.05196125162604459,0.46633615229996334,0.4744811714542275
cvar,500,50,15328125,0.5,0.5,0.003,0.002,30.0,0.0001,0.0,2000,23,0.01,100,100,minibatch,0,0,0,0,0,True,nan,nan,stagnation,,0.253865432659636,0.032223828949732095,0.05132006470991579,0.05132006470991579,0.039459253337148836,0.49464813915712774,0.5019774475749574
cvar,500,50,15328125,0.5,0.5,0.003,0.002,30.0,0.0001,0.0,2000,23,0.01,100,100,minibatch,0,100,100,0,100,True,nan,nan,stagnation,,1.5350362775748312,1.178168186735397,0.04521490757186386,0.037218974439112595,0.04521490757186386,0.4860109613012625,0.49579378194329293
cvar,500,50,15328125,0.5,0.5,0.003,0.002,30.0,0.0001,0.0,2000,23,0.01,100,100,minibatch,0,200,200,0,200,True,nan,nan,stagnation,,1.5166418481803898,1.1501012478260144,0.04521474853718843,0.03721901505048619,0.04521474853718843,0.48213687502360325,0.49472026866996666
cvar,500,50,15328125,0.5,0.5,0.003,0.002,30.0,0.0001,0.0,2000,23,0.01,100,100,minibatch,0,300,300,0,300,True,nan,nan,stagnation,,1.498748948139335,1.1231242047743815,0.04521462362205886,0.037218851719314494,0.04521462362205886,0.47840692101827903,0.49443946613153383
cvar,500,50,15328125,0.5,0.5,0.003,0.002,30.0,0.0001,0.0,2000,23,0.01,100,100,minibatch,0,400,400,0,400,True,nan,nan,stagnation,,1.4819980371014205,1.0981590909862318,0.04521428202119382,0.03721809511356211,0.04521428202119382,0.47541988997241597,0.4934650791468462
cvar,500,50,15328125,0.5,0.5,0.003,0.002,30.0,0.0001,0.0,2000,23,0.01,100,100,minibatch,0,500,500,0,500,True,nan,nan,stagnation,,1.4663053311790624,1.07502566212207,0.045212856030199866,0.03721516572540606,0.045212856030199866,0.4735207929326234,0.4925570501413781
cvar,500,50,15328125,0.5,0.5,0.003,0.002,30.0,0.0001,0.0,2000,23,0.01,100,100,minibatch,0,600,600,0,600,True,nan,nan,stagnation,,1.4514835961349475,1.0534023149244196,0.04520716298366334,0.037204583548302916,0.04520716298366334,0.4723319392256616,0.49193344103837966
cvar,500,50,15328125,0.5,0.5,0.003,0.002,30.0,0.0001,0.0,2000,23,0.01,100,100,minibatch,0,600,600,1,0,True,nan,nan,stagnation,,0.3772854634613696,0.07117216046963022,0.09119931545778703,0.06727922863753011,0.09119931545778703,0.4934360325674787,0.50197882495549
cvar,500,50,15328125,0.5,0.5,0.003,0.002,30.0,0.0001,0.0,2000,23,0.01,100,100,minibatch,0,700,700,1,100,True,nan,nan,stagnation,,1.3805138431810993,0.9529092356073243,0.043557755502132034,0.043557755502132034,0.02283597710721208,0.4900423734532156,0.49933687681736955
cvar,500,50,15328125,0.5,0.5,0.003,0.002,30.0,0.0001,0.0,2000,23,0.01,100,100,minibatch,0,800,800,1,200,True,nan,nan,stagnation,,1.4292657390329015,1.0214002763866332,0.05551253132337264,0.05372896565448004,0.05551253132337264,0.48925587476588056,0.4973317770170803
cvar,500,50,15328125,0.5,0.5,0.003,0.002,30.0,0.0001,0.0,2000,23,0.01,100,100,minibatch,0,900,900,1,300,True,nan,nan,stagnation,,1.4085035844752194,0.9919411737397708,0.056146684090112475,0.053821835772858706,0.056146684090112475,0.4887353965978287,0.49502261532137065
cvar,500,50,15328125,0.5,0.5,0.003,0.002,30.0,0.0001,0.0,2000,23,0.01,100,100,minibatch,0,1000,1000,1,400,True,nan,nan,stagnation,,1.3861511369442363,0.9607074872258995,0.055832064253194535,0.05377608149359869,0.055832064253194535,0.4886710161743263,0.4925798339549093
cvar,500,50,15328125,0.5,0.5,0.003,0.002,30.0,0.0001,0.0,2000,23,0.01,100,100,minibatch,0,1100,1100,1,500,True,nan,nan,stagnation,,1.3684971302366844,0.9363921977330204,0.05620577598849186,0.05383070366665865,0.05620577598849186,0.48769683362477934,0.48963368741263613
cvar,500,50,15328125,0.5,0.5,0.003,0.002,30.0,0.0001,0.0,2000,23,0.01,100,100,minibatch,0,1200,1200,1,600,True,nan,nan,stagnation,,1.3484103101994096,0.909105182326034,0.056190872707922,0.053829689069733844,0.056190872707922,0.4876192585627134,0.4883209092846952
cvar,500,50,15328125,0.5,0.5,0.003,0.002,30.0,0.0001,0.0,2000,23,0.01,100,100,minibatch,0,1200,1200,2,0,True,nan,nan,stagnation,,0.4039126907575777,0.0815727308775133,0.08297672436161424,0.08297672436161424,0.06556735811739711,0.4932525899954199,0.5088364201425372
cvar,500,50,15328125,0.5,0.5,0.003,0.002,30.0,0.0001,0.0,2000,23,0.01,100,100,minibatch,0,1300,1300,2,100,True,nan,nan,stagnation,,1.4906742050429376,1.111054792790197,0.2574969421312887,0.06233303534979673,0.2574969421312887,0.48061757754543527,0.49813730602599005
cvar,500,50,15328125,0.5,0.5,0.003,0.002,30.0,0.0001,0.0,2000,23,0.01,100,100,minibatch,0,1400,1400,2,200,True,nan,nan,stagnation,,1.4728029976499164,1.08457433494329,0.2605859198394509,0.03483661559361284,0.2605859198394509,0.4734087537354909,0.4904434174715437
cvar,500,50,15328125,0.5,0.5,0.003,0.002,30.0,0.0001,0.0,2000,23,0.01,100,100,minibatch,0,1500,1500,2,300,True,nan,nan,stagnation,,1.447029155696228,1.0469466887174692,0.2600703748325529,0.03696630405300372,0.2600703748325529,0.4714207436591555,0.4837652486264539
cvar,500,50,15328125,0.5,0.5,0.003,0.002,30.0,0.0001,0.0,2000,23,0.01,100,100,minibatch,0,1600,1600,2,400,True,nan,nan,stagnation,,2.1508362419281055,2.313048269795708,0.42294089610358643,0.42294089610358643,0.23916262026771617,0.47077614697685743,0.478485326647339
cvar,500,50,15328125,0.5,0.5,0.003,0.002,30.0,0.0001,0.0,2000,23,0.01,100,100,minibatch,0,1700,1700,2,500,True,nan,nan,stagnation,,1.4071904734625202,0.990092514301836,0.05597282033250128,0.05597282033250128,0.04856155766958503,0.4654955250150824,0.47729644145198213
cvar,500,50,15328125,0.5,0.5,0.003,0.002,30.0,0.0001,0.0,2000,23,0.01,100,100,minibatch,0,1800,1800,2,600,True,nan,nan,stagnation,,1.3878713236234401,0.9630934054681398,0.05597178315801121,0.05597178315801121,0.04854983285583514,0.4643405352922628,0.47617076526291857
cvar,500,50,15328125,0.5,0.5,0.003,0.002,30.0,0.0001,0.0,2000,23,0.01,100,100,minibatch,0,1900,1900,2,700,True,nan,nan,stagnation,,1.3693402926198937,0.9375464184961679,0.05596876517467975,0.05596876517467975,0.04854472712693114,0.4635066519496054,0.4751998942100163
cvar,500,50,15328125,0.5,0.5,0.003,0.002,30.0,0.0001,0.0,2000,23,0.01,100,100,minibatch,0,2000,2000,2,800,True,nan,nan,stagnation,,1.3515827091592876,0.9133879098491797,0.0559573287716999,0.0559573287716999,0.048529772236004964,0.46314186456492157,0.4736196737405956
cvar,500,50,15328125,0.5,0.5,0.003,0.002,30.0,0.0001,0.0,2000,23,0.01,100,100,minibatch,0,2100,2100,2,900,True,nan,nan,stagnation,,1.3377685987246468,0.8948124118668526,0.0559345453984359,0.0559345453984359,0.04854288254546646,0.46075930647509733,0.4727203016762008
cvar,500,50,15328125,0.5,0.5,0.003,0.002,30.0,0.0001,0.0,2000,23,0.01,100,100,minibatch,0,2200,2200,2,1000,True,nan,nan,stagnation,,1.3205823508546524,0.8719688726944,0.05581131638051495,0.05581131638051495,0.048535575242579676,0.4605320291064216,0.4712577065312956
cvar,500,50,15328125,0.5,0.5,0.003,0.002,30.0,0.0001,0.0,2000,23,0.01,100,100,minibatch,0,2200,2200,3,0,True,nan,nan,stagnation,,0.3753390081525827,0.07043968552048227,0.07927085153573787,0.07927085153573787,0.05399832688417949,0.4951215400965068,0.5091399667642491
cvar,500,50,15328125,0.5,0.5,0.003,0.002,30.0,0.0001,0.0,2000,23,0.01,100,100,minibatch,0,2300,2300,3,100,True,nan,nan,stagnation,,1.407600062929272,0.9906689685792452,0.25797096610391,0.05792262438183304,0.25797096610391,0.48998074805352954,0.48931389229121636
cvar,500,50,15328125,0.5,0.5,0.003,0.002,30.0,0.0001,0.0,2000,23,0.01,100,100,minibatch,0,2400,2400,3,200,True,nan,nan,stagnation,,1.367691747910986,0.935290358651904,0.25798214422678867,0.05795102905722427,0.25798214422678867,0.4893642368442785,0.47617004906169
cvar,500,50,15328125,0.5,0.5,0.003,0.002,30.0,0.0001,0.0,2000,23,0.01,100,100,minibatch,0,2500,2500,3,300,True,nan,nan,stagnation,,1.4534488826829342,1.0562568272861348,0.055566215354280746,0.055566215354280746,0.052132388672293306,0.48666714311311204,0.4669185255343852
cvar,500,50,15328125,0.5,0.5,0.003,0.002,30.0,0.0001,0.0,2000,23,0.01,100,100,minibatch,0,2600,2600,3,400,True,nan,nan,stagnation,,1.4314621894000488,1.0245419998409906,0.055552855451445504,0.055552855451445504,0.05210192298846339,0.48333722250112404,0.4662991541149254
cvar,500,50,15328125,0.5,0.5,0.003,0.002,30.0,0.0001,0.0,2000,23,0.01,100,100,minibatch,0,2700,2700,3,500,True,nan,nan,stagnation,,1.4099641263621951,0.9939994188141541,0.05549266524820606,0.05549266524820606,0.05197094352063969,0.47880928339687845,0.465754434030008
cvar,500,50,15328125,0.5,0.5,0.003,0.002,30.0,0.0001,0.0,2000,23,0.01,100,100,minibatch,0,2800,2800,3,600,True,nan,nan,stagnation,,1.4942753443795698,1.116429402410341,0.21862298523476376,0.029725216155872536,0.21862298523476376,0.47693999263418996,0.4647872666651355
cvar,500,50,15328125,0.5,0.5,0.003,0.002,30.0,0.0001,0.0,2000,23,0.01,100,100,minibatch,0,2900,2900,3,700,True,nan,nan,stagnation,,1.323827308410801,0.876259371247093,0.0353516524395443,0.0353516524395443,0.029515204720372723,0.476619964274635,0.4649270459026574
cvar,500,50,15328125,0.5,0.5,0.003,0.002,30.0,0.0001,0.0,2000,23,0.01,100,100,minibatch,0,3000,3000,3,800,True,nan,nan,stagnation,,1.3875612719525867,0.9626631417113402,0.055523827187832,0.055523827187832,0.052219904254076965,0.4747609805831486,0.4637711711334037
cvar,500,50,15328125,0.5,0.5,0.003,0.002,30.0,0.0001,0.0,2000,23,0.01,100,100,minibatch,0,3100,3100,3,900,True,nan,nan,stagnation,,1.3797423521184848,0.9518444791147245,0.055186357269810804,0.055186357269810804,0.0514428100946529,0.4710655750912709,0.4626516627594712
cvar,500,50,15328125,0.5,0.5,0.003,0.002,30.0,0.0001,0.0,2000,23,0.01,100,100,minibatch,0,3200,3200,3,1000,True,nan,nan,stagnation,,1.343575454114475,0.902597500449459,0.054279854026571206,0.054279854026571206,0.04841011661516892,0.46972117148276044,0.4622469610904008
cvar,500,50,15328125,0.5,0.5,0.003,0.002,30.0,0.0001,0.0,2000,23,0.01,100,100,minibatch,0,3300,3300,3,1100,True,nan,nan,stagnation,,1.3661550260415736,0.9331897775893263,0.19379232810237823,0.03651337451980585,0.19379232810237823,0.46857792141240745,0.46040972187517337
cvar,500,50,15328125,0.5,0.5,0.003,0.002,30.0,0.0001,0.0,2000,23,0.01,100,100,minibatch,0,3400,3400,3,1200,True,nan,nan,stagnation,,1.3913428218689736,0.9679174239831593,0.05367723689881254,0.05367723689881254,0.04298685797081725,0.4662396319206373,0.4594343999361601
cvar,500,50,15328125,0.5,0.5,0.003,0.002,30.0,0.0001,0.0,2000,23,0.01,100,100,minibatch,0,3400,3400,4,0,True,nan,nan,stagnation,,0.42052529645604114,0.08842076247972064,0.08905976035851382,0.08905976035851382,0.05196373411271127,0.4847835948268581,0.5087075603984643
cvar,500,50,15328125,0.5,0.5,0.003,0.002,30.0,0.0001,0.0,2000,23,0.01,100,100,minibatch,0,3500,3500,4,100,True,nan,nan,stagnation,,1.4620075721265562,1.0687330704776936,0.2446238598555407,0.2446238598555407,0.026624065977613354,0.4679746374022994,0.506006572589995
cvar,500,50,15328125,0.5,0.5,0.003,0.002,30.0,0.0001,0.0,2000,23,0.01,100,100,minibatch,0,3600,3600,4,200,True,nan,nan,stagnation,,1.599697565932456,1.279516151225112,0.04807033110027037,0.04807033110027037,0.031155910711257784,0.4503290530791248,0.5058995613839191
cvar,500,50,15328125,0.5,0.5,0.003,0.002,30.0,0.0001,0.0,2000,23,0.01,100,100,minibatch,0,3700,3700,4,300,True,nan,nan,stagnation,,1.457438007274836,1.0620627725246226,0.06509786583875654,0.05057755815166132,0.06509786583875654,0.4407503049665732,0.5046186996758014
cvar,500,50,15328125,0.5,0.5,0.003,0.002,30.0,0.0001,0.0,2000,23,0.01,100,100,minibatch,0,3800,3800,4,400,True,nan,nan,stagnation,,1.3934130465950265,0.9707999592106168,0.03296618784673877,0.03296618784673877,0.028971038011773698,0.4394577842616282,0.5015174069798984
cvar,500,50,15328125,0.5,0.5,0.003,0.002,30.0,0.0001,0.0,2000,23,0.01,100,100,minibatch,0,3900,3900,4,500,True,nan,nan,stagnation,,1.3919920492536169,0.9688209325926419,0.03270074530594236,0.03270074530594236,0.028768676104286017,0.4389229733947101,0.4971457636300723
cvar,500,50,15328125,0.5,0.5,0.003,0.002,30.0,0.0001,0.0,2000,23,0.01,100,100,minibatch,0,4000,4000,4,600,True,nan,nan,stagnation,,1.3683978506957726,0.936256338894405,0.03391960932065363,0.03391960932065363,0.027903803291941864,0.43804694998702803,0.4952698022940959
cvar,500,50,15328125,0.5,0.5,0.003,0.002,30.0,0.0001,0.0,2000,23,0.01,100,100,minibatch,0,4100,4100,4,700,True,nan,nan,stagnation,,1.3796078079928615,0.9516588519374342,0.03448298862826915,0.03448298862826915,0.030234307185449172,0.4375475059950251,0.4945794498735747
cvar,500,50,15328125,0.5,0.5,0.003,0.002,30.0,0.0001,0.0,2000,23,0.01,100,100,minibatch,0,4200,4200,4,800,True,nan,nan,stagnation,,1.393217213420665,0.9705271018858215,0.03315769304270022,0.03315769304270022,0.026435875284358312,0.4372124116047222,0.4927043985931984
cvar,500,50,15328125,0.5,0.5,0.003,0.002,30.0,0.0001,0.0,2000,23,0.01,100,100,minibatch,0,4300,4300,4,900,True,nan,nan,stagnation,,1.3765982518850386,0.9475113735464721,0.02441776972774168,0.02441776972774168,0.003000805732206402,0.4369188413757595,0.492564325803485
cvar,500,50,15328125,0.5,0.5,0.003,0.002,30.0,0.0001,0.0,2000,23,0.01,100,100,minibatch,0,4400,4400,4,1000,True,nan,nan,stagnation,,1.3273736005961918,0.8809603377798493,0.0521638367959576,9.160117977935478e-05,0.0521638367959576,0.4358992742049797,0.4906298171812994
cvar,500,50,15328125,0.5,0.5,0.003,0.002,30.0,0.0001,0.0,2000,23,0.01,100,100,minibatch,0,4500,4500,4,1100,True,nan,nan,stagnation,,1.3538291436314358,0.9164266750729134,0.05788883419570734,0.011365008091850815,0.05788883419570734,0.43590375122492253,0.48957077274842653
cvar,500,50,15328125,0.5,0.5,0.003,0.002,30.0,0.0001,0.0,2000,23,0.01,100,100,minibatch,0,4600,4600,4,1200,True,nan,nan,stagnation,,1.4051805932676489,0.9872662498480108,0.06519056401493717,0.05061083866097815,0.06519056401493717,0.4351524469132772,0.488464741763347
cvar,500,50,15328125,0.5,0.5,0.003,0.002,30.0,0.0001,0.0,2000,23,0.01,100,100,minibatch,0,4700,4700,4,1300,True,nan,nan,stagnation,,1.528952482461924,1.1688478468132402,0.27049469908826707,0.25698127485105116,0.27049469908826707,0.4323044177907593,0.4837955935914028
cvar,500,50,15328125,0.5,0.5,0.003,0.002,30.0,0.0001,0.0,2000,23,0.01,100,100,minibatch,0,4800,4800,4,1400,True,nan,nan,stagnation,,1.7594183362142497,1.5477764409034593,0.3496751909514321,0.3496751909514321,0.0486873974050428,0.4285349710005909,0.48183489071124075
