K,n,seed,gamma,entropy_kappa,smoothing_tau,step_size,step_decay,max_iter,minibatch_size,regret_tolerance,record_every,certify_every,method,iteration,residual_norm,objective,eta,regret1,regret2
30,20,302123,0.5,0.1,0.02,1.0,0.5,2000,6,0.001,25,25,full_batch,0,0.06938924242737472,0.00240743348232249,0.014194061668509617,0.013391379516060287,0.014194061668509617
30,20,302123,0.5,0.1,0.02,1.0,0.5,2000,6,0.001,25,25,full_batch,25,0.06365370127191117,0.0020258968428068526,0.014070708093330497,0.013243125727408656,0.014070708093330497
30,20,302123,0.5,0.1,0.02,1.0,0.5,2000,6,0.001,25,25,full_batch,50,0.06110764834173031,0.0018670723429282875,0.014020790982974374,0.013178824056172878,0.014020790982974374
30,20,302123,0.5,0.1,0.02,1.0,0.5,2000,6,0.001,25,25,full_batch,75,0.05922282940522284,0.0017536717613800634,0.013984682374720947,0.013131183923572487,0.013984682374720947
30,20,302123,0.5,0.1,0.02,1.0,0.5,2000,6,0.001,25,25,full_batch,100,0.057680408424880786,0.0016635147580305292,0.013955671375446899,0.013092174165506787,0.013955671375446899
30,20,302123,0.5,0.1,0.02,1.0,0.5,2000,6,0.001,25,25,full_batch,125,0.05635619937081367,0.0015880106037614494,0.013931153269627627,0.013058666108543726,0.013931153269627627
30,20,302123,0.5,0.1,0.02,1.0,0.5,2000,6,0.001,25,25,full_batch,150,0.05518642766038232,0.0015227708989573054,0.01390979480672433,0.013029052781342199,0.01390979480672433
30,20,302123,0.5,0.1,0.02,1.0,0.5,2000,6,0.001,25,25,full_batch,175,0.05413321247074143,0.0014652023462012177,0.013890806562599112,0.0130023795227045,0.013890806562599112
30,20,302123,0.5,0.1,0.02,1.0,0.5,2000,6,0.001,25,25,full_batch,200,0.053171891787380625,0.0014136250381244575,0.01387390453357451,0.01297802471366577,0.01387390453357451
30,20,302123,0.5,0.1,0.02,1.0,0.5,2000,6,0.001,25,25,full_batch,225,0.05228535519826659,0.0013668791841044516,0.013858960558435218,0.012955557015256247,0.013858960558435218
30,20,302123,0.5,0.1,0.02,1.0,0.5,2000,6,0.001,25,25,full_batch,250,0.05146116199163365,0.0013241255967645798,0.013845038869291448,0.012934662764778115,0.013845038869291448
30,20,302123,0.5,0.1,0.02,1.0,0.5,2000,6,0.001,25,25,full_batch,275,0.050689934826494545,0.0012847347463571324,0.013831987708945892,0.012915105504309521,0.013831987708945892
30,20,302123,0.5,0.1,0.02,1.0,0.5,2000,6,0.001,25,25,full_batch,300,0.04996440031915628,0.001248220649626452,0.013819689186336082,0.01289670180634428,0.013819689186336082
30,20,302123,0.5,0.1,0.02,1.0,0.5,2000,6,0.001,25,25,full_batch,325,0.04927878415216012,0.0012141992837575936,0.013808049566227942,0.012879306031144344,0.013808049566227942
30,20,302123,0.5,0.1,0.02,1.0,0.5,2000,6,0.001,25,25,full_batch,350,0.04862841270649842,0.0011823612611767684,0.013796992868960634,0.012862800287497256,0.013796992868960634
30,20,302123,0.5,0.1,0.02,1.0,0.5,2000,6,0.001,25,25,full_batch,375,0.04800944110817149,0.0011524532177594935,0.013786456497630106,0.01284708757871511,0.013786456497630106
30,20,302123,0.5,0.1,0.02,1.0,0.5,2000,6,0.001,25,25,full_batch,400,0.04741866189260906,0.001124264747842787,0.01377638815907134,0.012832086980070267,0.01377638815907134
30,20,302123,0.5,0.1,0.02,1.0,0.5,2000,6,0.001,25,25,full_batch,425,0.0468533668887596,0.0010976189944063572,0.013766743639492873,0.012817730157366758,0.013766743639492873
30,20,302123,0.5,0.1,0.02,1.0,0.5,2000,6,0.001,25,25,full_batch,450,0.046311245289138034,0.001072365720115355,0.013757485161589478,0.01280395879745061,0.013757485161589478
30,20,302123,0.5,0.1,0.02,1.0,0.5,2000,6,0.001,25,25,full_batch,475,0.04579030696074676,0.0010483761057797068,0.013748522391513973,0.012790722674864696,0.013748522391513973
30,20,302123,0.5,0.1,0.02,1.0,0.5,2000,6,0.001,25,25,full_batch,500,0.045288823759921666,0.0010255387787786226,0.013739362205120564,0.012777978172283155,0.013739362205120564
30,20,302123,0.5,0.1,0.02,1.0,0.5,2000,6,0.001,25,25,full_batch,525,0.04480528394445494,0.0010037567346716158,0.013730535609354222,0.012765687131075565,0.013730535609354222
30,20,302123,0.5,0.1,0.02,1.0,0.5,2000,6,0.001,25,25,full_batch,550,0.044338356281733715,0.0009829449188829779,0.013722017870229586,0.012753815946283387,0.013722017870229586
30,20,302123,0.5,0.1,0.02,1.0,0.5,2000,6,0.001,25,25,full_batch,575,0.04388686144814513,0.0009630283038843437,0.013713787073329042,0.012742334845399328,0.013713787073329042
30,20,302123,0.5,0.1,0.02,1.0,0.5,2000,6,0.001,25,25,full_batch,600,0.043449748989200024,0.0009439403436122442,0.01370582369640777,0.012732333954720565,0.01370582369640777
30,20,302123,0.5,0.1,0.02,1.0,0.5,2000,6,0.001,25,25,full_batch,625,0.043026078574966875,0.0009256217187696118,0.013698110261655239,0.012723023666710354,0.013698110261655239
30,20,302123,0.5,0.1,0.02,1.0,0.5,2000,6,0.001,25,25,full_batch,650,0.042615004612054516,0.0009080193090427139,0.01369063105020013,0.012713985240641157,0.01369063105020013
30,20,302123,0.5,0.1,0.02,1.0,0.5,2000,6,0.001,25,25,full_batch,675,0.04221576350646626,0.0008910853442169442,0.013683371865778948,0.012705202406198435,0.013683371865778948
30,20,302123,0.5,0.1,0.02,1.0,0.5,2000,6,0.001,25,25,full_batch,700,0.0418276630404335,0.0008747766977120232,0.01367631983761336,0.01269666040420031,0.01367631983761336
30,20,302123,0.5,0.1,0.02,1.0,0.5,2000,6,0.001,25,25,full_batch,725,0.04145007345020706,0.0008590542945137803,0.01366946325483831,0.012688345798353262,0.01366946325483831
30,20,302123,0.5,0.1,0.02,1.0,0.5,2000,6,0.001,25,25,full_batch,750,0.04108241988381744,0.0008438826117551392,0.013662791426524878,0.012680246316063015,0.013662791426524878
30,20,302123,0.5,0.1,0.02,1.0,0.5,2000,6,0.001,25,25,full_batch,775,0.040724175986978826,0.0008292292549092115,0.013656294562634563,0.012672350713001712,0.013656294562634563
30,20,302123,0.5,0.1,0.02,1.0,0.5,2000,6,0.001,25,25,full_batch,800,0.04037485841783902,0.0008150645961302732,0.01364996367220278,0.012664648657247868,0.01364996367220278
30,20,302123,0.5,0.1,0.02,1.0,0.5,2000,6,0.001,25,25,full_batch,825,0.04003402213155784,0.0008013614640150316,0.01364379047580555,0.012657130629645574,0.01364379047580555
30,20,302123,0.5,0.1,0.02,1.0,0.5,2000,6,0.001,25,25,full_batch,850,0.03970125630687666,0.0007880948761721569,0.013637767329938655,0.012649787837701043,0.013637767329938655
30,20,302123,0.5,0.1,0.02,1.0,0.5,2000,6,0.001,25,25,full_batch,875,0.039376180811167595,0.0007752418076368816,0.01363188716138658,0.012642612140829401,0.01363188716138658
30,20,302123,0.5,0.1,0.02,1.0,0.5,2000,6,0.001,25,25,full_batch,900,0.03905844311959908,0.0007627809894634783,0.013626143410020553,0.012635595985184989,0.013626143410020553
30,20,302123,0.5,0.1,0.02,1.0,0.5,2000,6,0.001,25,25,full_batch,925,0.03874771561922891,0.0007506927328543181,0.013620529978737306,0.01262873234660944,0.013620529978737306
30,20,302123,0.5,0.1,0.02,1.0,0.5,2000,6,0.001,25,25,full_batch,950,0.03844369324094048,0.0007389587750017663,0.013615041189484256,0.01262201468050217,0.013615041189484256
30,20,302123,0.5,0.1,0.02,1.0,0.5,2000,6,0.001,25,25,full_batch,975,0.03814609137187779,0.0007275621434758247,0.013609671744489904,0.012615436877610298,0.013609671744489904
30,20,302123,0.5,0.1,0.02,1.0,0.5,2000,6,0.001,25,25,full_batch,1000,0.03785464400889083,0.0007164870365199273,0.013604416691967436,0.012608993224910603,0.013604416691967436
30,20,302123,0.5,0.1,0.02,1.0,0.5,2000,6,0.001,25,25,full_batch,1025,0.03756910211990913,0.0007057187170480803,0.013599271395677459,0.012602678370882026,0.013599271395677459
30,20,302123,0.5,0.1,0.02,1.0,0.5,2000,6,0.001,25,25,full_batch,1050,0.03728923218538636,0.0006952434184878269,0.013594231507836063,0.012596487294584735,0.013594231507836063
30,20,302123,0.5,0.1,0.02,1.0,0.5,2000,6,0.001,25,25,full_batch,1075,0.03701481489626356,0.0006850482609023275,0.013589292944924225,0.012590415278046385,0.013589292944924225
30,20,302123,0.5,0.1,0.02,1.0,0.5,2000,6,0.001,25,25,full_batch,1100,0.036745643988444036,0.0006751211760627366,0.013584451866035185,0.012584457881535671,0.013584451866035185
30,20,302123,0.5,0.1,0.02,1.0,0.5,2000,6,0.001,25,25,full_batch,1125,0.036481525196732256,0.0006654508403399052,0.013579704653438718,0.012578610921362254,0.013579704653438718
30,20,302123,0.5,0.1,0.02,1.0,0.5,2000,6,0.001,25,25,full_batch,1150,0.03622227531363367,0.0006560266144483377,0.013575047895091785,0.012572870449893747,0.013575047895091785
30,20,302123,0.5,0.1,0.02,1.0,0.5,2000,6,0.001,25,25,full_batch,1175,0.03596772134048773,0.0006468384892134882,0.013570478368865213,0.012567232737529133,0.013570478368865213
30,20,302123,0.5,0.1,0.02,1.0,0.5,2000,6,0.001,25,25,full_batch,1200,0.03571769972012178,0.0006378770366483938,0.013565993028282042,0.012561694256396083,0.013565993028282042
30,20,302123,0.5,0.1,0.02,1.0,0.5,2000,6,0.001,25,25,full_batch,1225,0.03547205564168478,0.0006291333657233904,0.01356158898959886,0.012556251665577112,0.01356158898959886
30,20,302123,0.5,0.1,0.02,1.0,0.5,2000,6,0.001,25,25,full_batch,1250,0.0352306424095549,0.0006205990822949642,0.013557263520075358,0.012550901797691916,0.013557263520075358
30,20,302123,0.5,0.1,0.02,1.0,0.5,2000,6,0.001,25,25,full_batch,1275,0.034993320869267354,0.0006122662527297511,0.013553014027303079,0.01254564164669053,0.013553014027303079
30,20,302123,0.5,0.1,0.02,1.0,0.5,2000,6,0.001,25,25,full_batch,1300,0.03475995888430651,0.0006041273708193395,0.01354883804948026,0.012540468356720513,0.01354883804948026
30,20,302123,0.5,0.1,0.02,1.0,0.5,2000,6,0.001,25,25,full_batch,1325,0.03453043085837858,0.0005961753276326317,0.013544733246528884,0.012535379211961462,0.013544733246528884
30,20,302123,0.5,0.1,0.02,1.0,0.5,2000,6,0.001,25,25,full_batch,1350,0.0343046172984353,0.0005884033839960532,0.013540697391973167,0.012530371627321624,0.013540697391973167
30,20,302123,0.5,0.1,0.02,1.0,0.5,2000,6,0.001,25,25,full_batch,1375,0.03408240441429451,0.000580805145329761,0.013536728365492856,0.012525443139912551,0.013536728365492856
30,20,302123,0.5,0.1,0.02,1.0,0.5,2000,6,0.001,25,25,full_batch,1400,0.033863683751190476,0.000573374538600321,0.013532824146090972,0.012520591401220027,0.013532824146090972
30,20,302123,0.5,0.1,0.02,1.0,0.5,2000,6,0.001,25,25,full_batch,1425,0.03364835185201414,0.0005661057911784717,0.013528982805814604,0.012515814169908213,0.013528982805814604
30,20,302123,0.5,0.1,0.02,1.0,0.5,2000,6,0.001,25,25,full_batch,1450,0.03343630994637021,0.0005589934114148677,0.013525202503970324,0.012511109305189227,0.013525202503970324
30,20,302123,0.5,0.1,0.02,1.0,0.5,2000,6,0.001,25,25,full_batch,1475,0.03322746366390465,0.000552032170768052,0.013521481481793052,0.012506474760711705,0.013521481481793052
30,20,302123,0.5,0.1,0.02,1.0,0.5,2000,6,0.001,25,25,full_batch,1500,0.0330217227696336,0.0005452170873372692,0.013517818057524278,0.012501908578914367,0.013517818057524278
30,20,302123,0.5,0.1,0.02,1.0,0.5,2000,6,0.001,25,25,full_batch,1525,0.0328190009192503,0.0005385434106688761,0.013514210621860256,0.012497408885804917,0.013514210621860256
30,20,302123,0.5,0.1,0.02,1.0,0.5,2000,6,0.001,25,25,full_batch,1550,0.03261921543260651,0.0005320066077193975,0.013510657633736656,0.012492973886125303,0.013510657633736656
30,20,302123,0.5,0.1,0.02,1.0,0.5,2000,6,0.001,25,25,full_batch,1575,0.032422287083746545,0.0005256023498704391,0.013507157616424348,0.01248860185886791,0.013507157616424348
30,20,302123,0.5,0.1,0.02,1.0,0.5,2000,6,0.001,25,25,full_batch,1600,0.032228139906048926,0.0005193265009019317,0.013503709153904364,0.012484291153114557,0.013503709153904364
30,20,302123,0.5,0.1,0.02,1.0,0.5,2000,6,0.001,25,25,full_batch,1625,0.032036701011170274,0.0005131751058395592,0.013500310887497646,0.012480040184167207,0.013500310887497646
30,20,302123,0.5,0.1,0.02,1.0,0.5,2000,6,0.001,25,25,full_batch,1650,0.03184790042061996,0.0005071443806008625,0.013496961512733052,0.012475847429949116,0.013496961512733052
30,20,302123,0.5,0.1,0.02,1.0,0.5,2000,6,0.001,25,25,full_batch,1675,0.03166167090890905,0.0005012307023720288,0.013493659776425693,0.012471711427650911,0.013493659776425693
30,20,302123,0.5,0.1,0.02,1.0,0.5,2000,6,0.001,25,25,full_batch,1700,0.03147794785731814,0.0004954306006540198,0.013490404473959938,0.012467630770603921,0.013490404473959938
30,20,302123,0.5,0.1,0.02,1.0,0.5,2000,6,0.001,25,25,full_batch,1725,0.031296669117426845,0.0004897407489228496,0.013487194446745676,0.012463604105359516,0.013487194446745676
30,20,302123,0.5,0.1,0.02,1.0,0.5,2000,6,0.001,25,25,full_batch,1750,0.031117774883615976,0.00048415795685370064,0.013484028579847818,0.012459630128962895,0.013484028579847818
30,20,302123,0.5,0.1,0.02,1.0,0.5,2000,6,0.001,25,25,full_batch,1775,0.030941207573839457,0.0004786791630637101,0.013480905799766296,0.012455707586398024,0.013480905799766296
30,20,302123,0.5,0.1,0.02,1.0,0.5,2000,6,0.001,25,25,full_batch,1800,0.030766911718022184,0.0004733014283322854,0.013477825072358618,0.012451835268201095,0.013477825072358618
30,20,302123,0.5,0.1,0.02,1.0,0.5,2000,6,0.001,25,25,full_batch,1825,0.030594833853496414,0.00046802192926152515,0.013474785400893807,0.012448012008218212,0.013474785400893807
30,20,302123,0.5,0.1,0.02,1.0,0.5,2000,6,0.001,25,25,full_batch,1850,0.030424922426943942,0.0004628379523427782,0.013471785824226423,0.012444236681506182,0.013471785824226423
30,20,302123,0.5,0.1,0.02,1.0,0.5,2000,6,0.001,25,25,full_batch,1875,0.030257127702361376,0.0004577468883985021,0.013468825415083985,0.012440508202358758,0.013468825415083985
30,20,302123,0.5,0.1,0.02,1.0,0.5,2000,6,0.001,25,25,full_batch,1900,0.03009140167459996,0.00045274622737105863,0.013465903278456148,0.012436825522453843,0.013465903278456148
30,20,302123,0.5,0.1,0.02,1.0,0.5,2000,6,0.001,25,25,full_batch,1925,0.02992769798807695,0.00044783355343277256,0.01346301855008153,0.012433187629110498,0.01346301855008153
30,20,302123,0.5,0.1,0.02,1.0,0.5,2000,6,0.001,25,25,full_batch,1950,0.02976597186028644,0.00044300654039368213,0.013460170395024451,0.012429593543646922,0.013460170395024451
30,20,302123,0.5,0.1,0.02,1.0,0.5,2000,6,0.001,25,25,full_batch,1975,0.029606180009771513,0.00043826294738549717,0.01345735800633252,0.012426042319835795,0.01345735800633252
30,20,302123,0.5,0.1,0.02,1.0,0.5,2000,6,0.001,25,25,full_batch,2000,0.0294482805882389,0.00043360061480182395,0.01345458060377197,0.012422533042447892,0.01345458060377197
30,20,302123,0.5,0.1,0.02,1.0,0.5,2000,6,0.001,25,25,minibatch,0,0.06938924242737472,0.00240743348232249,0.014194061668509617,0.013391379516060287,0.014194061668509617
30,20,302123,0.5,0.1,0.02,1.0,0.5,2000,6,0.001,25,25,minibatch,25,0.06355427356860766,0.002019572844416711,0.014064062723870285,0.013240035161896535,0.014064062723870285
30,20,302123,0.5,0.1,0.02,1.0,0.5,2000,6,0.001,25,25,minibatch,50,0.060882668523445545,0.0018533496632678734,0.014014944182177413,0.01316651856215395,0.014014944182177413
30,20,302123,0.5,0.1,0.02,1.0,0.5,2000,6,0.001,25,25,minibatch,75,0.059010503361469444,0.0017411197534869982,0.013978552146443946,0.013116414131915999,0.013978552146443946
30,20,302123,0.5,0.1,0.02,1.0,0.5,2000,6,0.001,25,25,minibatch,100,0.057420296089902984,0.001648545201526064,0.013948185028112514,0.013076120165405936,0.013948185028112514
30,20,302123,0.5,0.1,0.02,1.0,0.5,2000,6,0.001,25,25,minibatch,125,0.05612191200716525,0.0015748345036699996,0.013924948140615068,0.013047409106540009,0.013924948140615068
30,20,302123,0.5,0.1,0.02,1.0,0.5,2000,6,0.001,25,25,minibatch,150,0.054935783421722756,0.0015089701500792144,0.013904049465076562,0.013016264150482182,0.013904049465076562
30,20,302123,0.5,0.1,0.02,1.0,0.5,2000,6,0.001,25,25,minibatch,175,0.053864948434819156,0.0014507163349428633,0.013883561442965597,0.01299119816127936,0.013883561442965597
30,20,302123,0.5,0.1,0.02,1.0,0.5,2000,6,0.001,25,25,minibatch,200,0.05288741676382821,0.0013985394259754286,0.013865805390853858,0.01296954551269991,0.013865805390853858
30,20,302123,0.5,0.1,0.02,1.0,0.5,2000,6,0.001,25,25,minibatch,225,0.052036934564292606,0.0013539212794242352,0.013854338682333989,0.012947308247468259,0.013854338682333989
30,20,302123,0.5,0.1,0.02,1.0,0.5,2000,6,0.001,25,25,minibatch,250,0.05121781086586758,0.0013116320749458916,0.013840653941216197,0.012927953498554412,0.013840653941216197
30,20,302123,0.5,0.1,0.02,1.0,0.5,2000,6,0.001,25,25,minibatch,275,0.050456036298850655,0.0012729057994954674,0.013826519646772117,0.012906707437288334,0.013826519646772117
30,20,302123,0.5,0.1,0.02,1.0,0.5,2000,6,0.001,25,25,minibatch,300,0.04972757386673962,0.0012364158013360228,0.013814358432988727,0.012889993580005588,0.013814358432988727
30,20,302123,0.5,0.1,0.02,1.0,0.5,2000,6,0.001,25,25,minibatch,325,0.04908373173180538,0.0012046063603599192,0.01380493004842126,0.012875430005457933,0.01380493004842126
30,20,302123,0.5,0.1,0.02,1.0,0.5,2000,6,0.001,25,25,minibatch,350,0.04844334450979973,0.0011733788136475717,0.013793195674635772,0.01286219610334588,0.013793195674635772
30,20,302123,0.5,0.1,0.02,1.0,0.5,2000,6,0.001,25,25,minibatch,375,0.047831621218724765,0.0011439319942057806,0.01378448725257142,0.01284478396963673,0.01378448725257142
30,20,302123,0.5,0.1,0.02,1.0,0.5,2000,6,0.001,25,25,minibatch,400,0.047279988961212646,0.001117698678086195,0.013776094861766508,0.012832801023743179,0.013776094861766508
30,20,302123,0.5,0.1,0.02,1.0,0.5,2000,6,0.001,25,25,minibatch,425,0.046713582389722126,0.0010910793898406786,0.013767527941644597,0.012818081629827782,0.013767527941644597
30,20,302123,0.5,0.1,0.02,1.0,0.5,2000,6,0.001,25,25,minibatch,450,0.046182153281384655,0.0010663956408526536,0.013758156565238766,0.012805293353779945,0.013758156565238766
30,20,302123,0.5,0.1,0.02,1.0,0.5,2000,6,0.001,25,25,minibatch,475,0.04566991690335241,0.0010428706549795571,0.013749560848915099,0.01279191655110784,0.013749560848915099
30,20,302123,0.5,0.1,0.02,1.0,0.5,2000,6,0.001,25,25,minibatch,500,0.04517542902916552,0.0010204096939845854,0.013740615621930352,0.0127778541533074,0.013740615621930352
30,20,302123,0.5,0.1,0.02,1.0,0.5,2000,6,0.001,25,25,minibatch,525,0.044719213799295304,0.0009999040414135417,0.013731619419711238,0.012766546467710027,0.013731619419711238
30,20,302123,0.5,0.1,0.02,1.0,0.5,2000,6,0.001,25,25,minibatch,550,0.044239687391502934,0.0009785749702489518,0.013722151986143183,0.012754899534610398,0.013722151986143183
30,20,302123,0.5,0.1,0.02,1.0,0.5,2000,6,0.001,25,25,minibatch,575,0.043761050362419895,0.0009575147644111252,0.01371306803733624,0.012741769572379213,0.01371306803733624
30,20,302123,0.5,0.1,0.02,1.0,0.5,2000,6,0.001,25,25,minibatch,600,0.04333526389637145,0.0009389725484840773,0.013706860748286254,0.01273093176998713,0.013706860748286254
30,20,302123,0.5,0.1,0.02,1.0,0.5,2000,6,0.001,25,25,minibatch,625,0.04291513954471026,0.0009208546010709772,0.013698783366939027,0.012722227430086885,0.013698783366939027
30,20,302123,0.5,0.1,0.02,1.0,0.5,2000,6,0.001,25,25,minibatch,650,0.042525363585043996,0.000904203274020093,0.01369302500990044,0.012712383374933689,0.01369302500990044
30,20,302123,0.5,0.1,0.02,1.0,0.5,2000,6,0.001,25,25,minibatch,675,0.04211134632610886,0.0008866827446987412,0.013686292651790943,0.012701691101232593,0.013686292651790943
30,20,302123,0.5,0.1,0.02,1.0,0.5,2000,6,0.001,25,25,minibatch,700,0.04174038954798195,0.0008711300598086403,0.013679301458432713,0.012694953209219706,0.013679301458432713
30,20,302123,0.5,0.1,0.02,1.0,0.5,2000,6,0.001,25,25,minibatch,725,0.0413721097179788,0.0008558257312582378,0.013673163858596737,0.012686129869253715,0.013673163858596737
30,20,302123,0.5,0.1,0.02,1.0,0.5,2000,6,0.001,25,25,minibatch,750,0.04099787386603119,0.0008404128307675016,0.013667802283823749,0.012679703484947957,0.013667802283823749
30,20,302123,0.5,0.1,0.02,1.0,0.5,2000,6,0.001,25,25,minibatch,775,0.0406303986368839,0.0008254146466960485,0.013662059985444341,0.012670911371401139,0.013662059985444341
30,20,302123,0.5,0.1,0.02,1.0,0.5,2000,6,0.001,25,25,minibatch,800,0.04027289177476576,0.0008109529059509977,0.013655859564499495,0.012661755143671627,0.013655859564499495
30,20,302123,0.5,0.1,0.02,1.0,0.5,2000,6,0.001,25,25,minibatch,825,0.03995527471032554,0.0007982119885887899,0.013649748477180923,0.012654993233834455,0.013649748477180923
30,20,302123,0.5,0.1,0.02,1.0,0.5,2000,6,0.001,25,25,minibatch,850,0.03962052605135627,0.0007848930422931004,0.013643896728420257,0.012646710232890934,0.013643896728420257
30,20,302123,0.5,0.1,0.02,1.0,0.5,2000,6,0.001,25,25,minibatch,875,0.03927364872324116,0.0007712097420182711,0.013637360415925615,0.012639234233046692,0.013637360415925615
30,20,302123,0.5,0.1,0.02,1.0,0.5,2000,6,0.001,25,25,minibatch,900,0.03894948016059632,0.0007585310023903432,0.013631483567134839,0.012631435878753927,0.013631483567134839
30,20,302123,0.5,0.1,0.02,1.0,0.5,2000,6,0.001,25,25,minibatch,925,0.03865954964267097,0.0007472803892870707,0.013626137100680114,0.01262446377239318,0.013626137100680114
30,20,302123,0.5,0.1,0.02,1.0,0.5,2000,6,0.001,25,25,minibatch,950,0.038351577531482446,0.0007354217495766546,0.01362117342712027,0.012618059703969342,0.01362117342712027
30,20,302123,0.5,0.1,0.02,1.0,0.5,2000,6,0.001,25,25,minibatch,975,0.03806669644108498,0.0007245366889688558,0.013616323939682706,0.012610758073468509,0.013616323939682706
30,20,302123,0.5,0.1,0.02,1.0,0.5,2000,6,0.001,25,25,minibatch,1000,0.037783430890158974,0.0007137938249157096,0.013611532476936417,0.012604027878977242,0.013611532476936417
30,20,302123,0.5,0.1,0.02,1.0,0.5,2000,6,0.001,25,25,minibatch,1025,0.03751642679979129,0.000703741139912049,0.013608312199053785,0.01259922856657747,0.013608312199053785
30,20,302123,0.5,0.1,0.02,1.0,0.5,2000,6,0.001,25,25,minibatch,1050,0.037225895447174646,0.000692883645921989,0.013604002669071247,0.01259213300210904,0.013604002669071247
30,20,302123,0.5,0.1,0.02,1.0,0.5,2000,6,0.001,25,25,minibatch,1075,0.03694080453049286,0.0006823115196800409,0.013598491217023001,0.012586054837103733,0.013598491217023001
30,20,302123,0.5,0.1,0.02,1.0,0.5,2000,6,0.001,25,25,minibatch,1100,0.03667112013857913,0.0006723855261090519,0.01359351778058554,0.012579665674612828,0.01359351778058554
30,20,302123,0.5,0.1,0.02,1.0,0.5,2000,6,0.001,25,25,minibatch,1125,0.0364189984385916,0.0006631717236350688,0.013588569562025088,0.012572661827472686,0.013588569562025088
30,20,302123,0.5,0.1,0.02,1.0,0.5,2000,6,0.001,25,25,minibatch,1150,0.03615777078710515,0.0006536921941464174,0.013583977256496516,0.012566835308010671,0.013583977256496516
30,20,302123,0.5,0.1,0.02,1.0,0.5,2000,6,0.001,25,25,minibatch,1175,0.03590763524022112,0.0006446791342723849,0.013579419425738315,0.012561514995043432,0.013579419425738315
30,20,302123,0.5,0.1,0.02,1.0,0.5,2000,6,0.001,25,25,minibatch,1200,0.03563980070689515,0.0006350976972136021,0.013575000230021173,0.012555401416630918,0.013575000230021173
30,20,302123,0.5,0.1,0.02,1.0,0.5,2000,6,0.001,25,25,minibatch,1225,0.03539081523060111,0.0006262549013432736,0.013569987545205386,0.01254899566605483,0.013569987545205386
30,20,302123,0.5,0.1,0.02,1.0,0.5,2000,6,0.001,25,25,minibatch,1250,0.0351448641203171,0.0006175807370177762,0.013564822130541054,0.012544222484987544,0.013564822130541054
30,20,302123,0.5,0.1,0.02,1.0,0.5,2000,6,0.001,25,25,minibatch,1275,0.034904184828714414,0.0006091510592785288,0.013560671348246012,0.012539296405341627,0.013560671348246012
30,20,302123,0.5,0.1,0.02,1.0,0.5,2000,6,0.001,25,25,minibatch,1300,0.034676581503838164,0.0006012326523961656,0.013556239114702662,0.012534359766313508,0.013556239114702662
30,20,302123,0.5,0.1,0.02,1.0,0.5,2000,6,0.001,25,25,minibatch,1325,0.034456260662015986,0.0005936169494043952,0.013553156463658456,0.012529917346571162,0.013553156463658456
30,20,302123,0.5,0.1,0.02,1.0,0.5,2000,6,0.001,25,25,minibatch,1350,0.03423666877446535,0.0005860747443862254,0.013549582890263367,0.012524340149568158,0.013549582890263367
30,20,302123,0.5,0.1,0.02,1.0,0.5,2000,6,0.001,25,25,minibatch,1375,0.03401204412279849,0.0005784095727055957,0.013545488895775615,0.01251875272503522,0.013545488895775615
30,20,302123,0.5,0.1,0.02,1.0,0.5,2000,6,0.001,25,25,minibatch,1400,0.03376374929435403,0.0005699953832059961,0.013541103770948526,0.012513240723278363,0.013541103770948526
30,20,302123,0.5,0.1,0.02,1.0,0.5,2000,6,0.001,25,25,minibatch,1425,0.033549904857261933,0.0005627980579656639,0.013536851332308641,0.0125082096705188,0.013536851332308641
30,20,302123,0.5,0.1,0.02,1.0,0.5,2000,6,0.001,25,25,minibatch,1450,0.03334140059482314,0.0005558244968122365,0.013533213856162463,0.012504190320737074,0.013533213856162463
30,20,302123,0.5,0.1,0.02,1.0,0.5,2000,6,0.001,25,25,minibatch,1475,0.03313882736920671,0.0005490909397030419,0.013529393386132571,0.012500060028604876,0.013529393386132571
30,20,302123,0.5,0.1,0.02,1.0,0.5,2000,6,0.001,25,25,minibatch,1500,0.03293741871151844,0.0005424367756889424,0.013525314660559784,0.01249590339883594,0.013525314660559784
30,20,302123,0.5,0.1,0.02,1.0,0.5,2000,6,0.001,25,25,minibatch,1525,0.032738674853748914,0.0005359104155897458,0.013521455340222532,0.012491891068940109,0.013521455340222532
30,20,302123,0.5,0.1,0.02,1.0,0.5,2000,6,0.001,25,25,minibatch,1550,0.03253822541389526,0.0005293680565427297,0.013518576508460722,0.012487008000189703,0.013518576508460722
30,20,302123,0.5,0.1,0.02,1.0,0.5,2000,6,0.001,25,25,minibatch,1575,0.0323414944103265,0.0005229861303465901,0.01351560367713156,0.012482178918289843,0.01351560367713156
30,20,302123,0.5,0.1,0.02,1.0,0.5,2000,6,0.001,25,25,minibatch,1600,0.03213226781213157,0.0005162413173752733,0.013512164204995514,0.012476700078489,0.013512164204995514
30,20,302123,0.5,0.1,0.02,1.0,0.5,2000,6,0.001,25,25,minibatch,1625,0.03194505282991944,0.000510243200153172,0.013508818281712909,0.012472965799311508,0.013508818281712909
30,20,302123,0.5,0.1,0.02,1.0,0.5,2000,6,0.001,25,25,minibatch,1650,0.031743404077255656,0.0005038218512059655,0.013506190280309027,0.012466455349544103,0.013506190280309027
30,20,302123,0.5,0.1,0.02,1.0,0.5,2000,6,0.001,25,25,minibatch,1675,0.03154189502841704,0.0004974455709918398,0.013502289231301534,0.012462796868581094,0.013502289231301534
30,20,302123,0.5,0.1,0.02,1.0,0.5,2000,6,0.001,25,25,minibatch,1700,0.03137893217534086,0.0004923186922323209,0.013498984097336408,0.012459810102051216,0.013498984097336408
30,20,302123,0.5,0.1,0.02,1.0,0.5,2000,6,0.001,25,25,minibatch,1725,0.031183037209202916,0.00048619090479526676,0.013495796913440272,0.012455126270202066,0.013495796913440272
30,20,302123,0.5,0.1,0.02,1.0,0.5,2000,6,0.001,25,25,minibatch,1750,0.031016700605900203,0.000481017858238025,0.01349271590979595,0.012452131250166143,0.01349271590979595
30,20,302123,0.5,0.1,0.02,1.0,0.5,2000,6,0.001,25,25,minibatch,1775,0.030829179572287906,0.00047521915655018696,0.013489701732207038,0.012448355678418344,0.013489701732207038
30,20,302123,0.5,0.1,0.02,1.0,0.5,2000,6,0.001,25,25,minibatch,1800,0.030657393939176606,0.00046993790157093127,0.013486627761574277,0.012444698837497215,0.013486627761574277
30,20,302123,0.5,0.1,0.02,1.0,0.5,2000,6,0.001,25,25,minibatch,1825,0.03048837126027761,0.0004647703910522608,0.013483622383418215,0.012440703678443132,0.013483622383418215
30,20,302123,0.5,0.1,0.02,1.0,0.5,2000,6,0.001,25,25,minibatch,1850,0.030324853596822895,0.00045979837283437126,0.013482062366426073,0.012437079599243006,0.013482062366426073
30,20,302123,0.5,0.1,0.02,1.0,0.5,2000,6,0.001,25,25,minibatch,1875,0.030148790615979016,0.0004544747878030722,0.013478855149395175,0.012433988328709566,0.013478855149395175
30,20,302123,0.5,0.1,0.02,1.0,0.5,2000,6,0.001,25,25,minibatch,1900,0.02997339483714444,0.0004492021990316785,0.013476127129373683,0.012430221730432456,0.013476127129373683
30,20,302123,0.5,0.1,0.02,1.0,0.5,2000,6,0.001,25,25,minibatch,1925,0.02980443044042199,0.00044415203693897647,0.013472769476659152,0.01242662562609187,0.013472769476659152
30,20,302123,0.5,0.1,0.02,1.0,0.5,2000,6,0.001,25,25,minibatch,1950,0.029662490077654542,0.00043993165880347706,0.013470123044184601,0.012423203874538102,0.013470123044184601
30,20,302123,0.5,0.1,0.02,1.0,0.5,2000,6,0.001,25,25,minibatch,1975,0.029508380244509167,0.00043537225232726944,0.013467026167701457,0.012419338547279557,0.013467026167701457
30,20,302123,0.5,0.1,0.02,1.0,0.5,2000,6,0.001,25,25,minibatch,2000,0.02936294550910232,0.0004310912844852561,0.013464990750507388,0.012416156679987689,0.013464990750507388
30,20,302124,0.5,0.1,0.02,1.0,0.5,2000,6,0.001,25,25,full_batch,0,0.06520446528541761,0.002125811146578615,0.011967791929881288,0.011967791929881288,0.011087787376619529
30,20,302124,0.5,0.1,0.02,1.0,0.5,2000,6,0.001,25,25,full_batch,25,0.05928128250456314,0.0017571352276929118,0.011866550985373203,0.011866550985373203,0.010914234423447244
30,20,302124,0.5,0.1,0.02,1.0,0.5,2000,6,0.001,25,25,full_batch,50,0.056666368786966945,0.0016055386757502707,0.011823230279420727,0.011823230279420727,0.010837679023165958
30,20,302124,0.5,0.1,0.02,1.0,0.5,2000,6,0.001,25,25,full_batch,75,0.054736653828621334,0.0014980506361771634,0.011791725986451063,0.011791725986451063,0.010781221996202739
30,20,302124,0.5,0.1,0.02,1.0,0.5,2000,6,0.001,25,25,full_batch,100,0.05316152454022534,0.0014130738457204905,0.011766020604975613,0.011766020604975613,0.01073517192975143
30,20,302124,0.5,0.1,0.02,1.0,0.5,2000,6,0.001,25,25,full_batch,125,0.05181224279131448,0.0013422542515330598,0.011744008799670524,0.011744008799670524,0.010695753674479391
30,20,302124,0.5,0.1,0.02,1.0,0.5,2000,6,0.001,25,25,full_batch,150,0.05062271262122346,0.0012813295165654886,0.011724609662923269,0.011724609662923269,0.010661028350190727
30,20,302124,0.5,0.1,0.02,1.0,0.5,2000,6,0.001,25,25,full_batch,175,0.049553683638927246,0.0012277837810934428,0.011707181306491121,0.011707181306491121,0.010629885674590223
30,20,302124,0.5,0.1,0.02,1.0,0.5,2000,6,0.001,25,25,full_batch,200,0.04857960808800836,0.0011799891609922436,0.0116913059275352,0.0116913059275352,0.010601680889417153
30,20,302124,0.5,0.1,0.02,1.0,0.5,2000,6,0.001,25,25,full_batch,225,0.04768276507044242,0.0011368230423815017,0.011676693719267883,0.011676693719267883,0.01057574732526051
30,20,302124,0.5,0.1,0.02,1.0,0.5,2000,6,0.001,25,25,full_batch,250,0.04685027290829561,0.0010974740357908889,0.011663134012873444,0.011663134012873444,0.010551705354590157
30,20,302124,0.5,0.1,0.02,1.0,0.5,2000,6,0.001,25,25,full_batch,275,0.046072424055004155,0.0010613341291520627,0.011650468047682272,0.011650468047682272,0.010529268945124293
30,20,302124,0.5,0.1,0.02,1.0,0.5,2000,6,0.001,25,25,full_batch,300,0.04534169068988226,0.0010279344573084779,0.01163857270929669,0.01163857270929669,0.010508216330723852
30,20,302124,0.5,0.1,0.02,1.0,0.5,2000,6,0.001,25,25,full_batch,325,0.04465209782932307,0.000996904920279719,0.011627350277850113,0.011627350277850113,0.010488746817523653
30,20,302124,0.5,0.1,0.02,1.0,0.5,2000,6,0.001,25,25,full_batch,350,0.043998810513459274,0.0009679476632996472,0.011616721677111752,0.011616721677111752,0.010470417708746238
30,20,302124,0.5,0.1,0.02,1.0,0.5,2000,6,0.001,25,25,full_batch,375,0.043377852019365865,0.0009408190229070016,0.011606621866315059,0.011606621866315059,0.010453014116105719
30,20,302124,0.5,0.1,0.02,1.0,0.5,2000,6,0.001,25,25,full_batch,400,0.0427859056268092,0.0009153168601531116,0.011596996598342402,0.011596996598342402,0.010436440754287624
30,20,302124,0.5,0.1,0.02,1.0,0.5,2000,6,0.001,25,25,full_batch,425,0.04222017153664801,0.0008912714422919915,0.011587797840459768,0.011587797840459768,0.010420617203181604
30,20,302124,0.5,0.1,0.02,1.0,0.5,2000,6,0.001,25,25,full_batch,450,0.04167826128656059,0.0008685387319354075,0.011578960774334457,0.011578960774334457,0.010405474870267328
30,20,302124,0.5,0.1,0.02,1.0,0.5,2000,6,0.001,25,25,full_batch,475,0.04115811832034456,0.0008469953518357411,0.011570482561603368,0.011570482561603368,0.010390954705605748
30,20,302124,0.5,0.1,0.02,1.0,0.5,2000,6,0.001,25,25,full_batch,500,0.04065795721070763,0.0008265347422738665,0.01156233375114285,0.01156233375114285,0.010377005453581223
30,20,302124,0.5,0.1,0.02,1.0,0.5,2000,6,0.001,25,25,full_batch,525,0.04017621645083469,0.00080706418415216,0.011554488585051537,0.011554488585051537,0.01036358229505463
30,20,302124,0.5,0.1,0.02,1.0,0.5,2000,6,0.001,25,25,full_batch,550,0.03971152129025507,0.0007885024615931908,0.011546924385742119,0.011546924385742119,0.010350645778503753
30,20,302124,0.5,0.1,0.02,1.0,0.5,2000,6,0.001,25,25,full_batch,575,0.03926265412330428,0.0007707780044031112,0.011539621067583106,0.011539621067583106,0.010338160968448029
30,20,302124,0.5,0.1,0.02,1.0,0.5,2000,6,0.001,25,25,full_batch,600,0.03882853063716828,0.000753827395720758,0.01153256074351805,0.01153256074351805,0.010326096759561754
30,20,302124,0.5,0.1,0.02,1.0,0.5,2000,6,0.001,25,25,full_batch,625,0.03840818040851204,0.0007375941611464039,0.011525727405054254,0.011525727405054254,0.01031442531875576
30,20,302124,0.5,0.1,0.02,1.0,0.5,2000,6,0.001,25,25,full_batch,650,0.03800073097616596,0.0007220277773614694,0.01151910665957312,0.01151910665957312,0.010303121627243061
30,20,302124,0.5,0.1,0.02,1.0,0.5,2000,6,0.001,25,25,full_batch,675,0.037605394658861584,0.0007070828537243676,0.01151268551291279,0.01151268551291279,0.010292163101560059
30,20,302124,0.5,0.1,0.02,1.0,0.5,2000,6,0.001,25,25,full_batch,700,0.03722145756188485,0.0006927184515155974,0.011506452188050853,0.011506452188050853,0.010281529277543222
30,20,302124,0.5,0.1,0.02,1.0,0.5,2000,6,0.001,25,25,full_batch,725,0.036848270344848756,0.0006788975137035302,0.011500395972830646,0.011500395972830646,0.01027120154495087
30,20,302124,0.5,0.1,0.02,1.0,0.5,2000,6,0.001,25,25,full_batch,750,0.03648524041813989,0.0006655863841847344,0.011494507091251216,0.011494507091251216,0.01026116292317153
30,20,302124,0.5,0.1,0.02,1.0,0.5,2000,6,0.001,25,25,full_batch,775,0.03613182530723353,0.0006527544000162206,0.011488940016158466,0.011488940016158466,0.010251397870513879
30,20,302124,0.5,0.1,0.02,1.0,0.5,2000,6,0.001,25,25,full_batch,800,0.0357875269784911,0.0006403735436181141,0.011483523161240239,0.011483523161240239,0.010241892121142016
30,20,302124,0.5,0.1,0.02,1.0,0.5,2000,6,0.001,25,25,full_batch,825,0.035451886961778485,0.0006284181445753597,0.011478246863775965,0.011478246863775965,0.010232632544924958
30,20,302124,0.5,0.1,0.02,1.0,0.5,2000,6,0.001,25,25,full_batch,850,0.03512448213752726,0.0006168646227147357,0.011473104206093099,0.011473104206093099,0.010223607026381143
30,20,302124,0.5,0.1,0.02,1.0,0.5,2000,6,0.001,25,25,full_batch,875,0.03480492108107505,0.0006056912657299313,0.011468088789871878,0.011468088789871878,0.010214804359651164
30,20,302124,0.5,0.1,0.02,1.0,0.5,2000,6,0.001,25,25,full_batch,900,0.03449284087693384,0.0005948780358807391,0.011463194683889621,0.011463194683889621,0.010206214156975368
30,20,302124,0.5,0.1,0.02,1.0,0.5,2000,6,0.001,25,25,full_batch,925,0.034187904331363796,0.0005844064012852417,0.011458416378300307,0.011458416378300307,0.010197826768621854
30,20,302124,0.5,0.1,0.02,1.0,0.5,2000,6,0.001,25,25,full_batch,950,0.03388979752415376,0.0005742591881140692,0.011453748744482961,0.011453748744482961,0.010189633212562887
30,20,302124,0.5,0.1,0.02,1.0,0.5,2000,6,0.001,25,25,full_batch,975,0.03359822765060544,0.0005644204506309539,0.011449186999651695,0.011449186999651695,0.01018162511249543
30,20,302124,0.5,0.1,0.02,1.0,0.5,2000,6,0.001,25,25,full_batch,1000,0.033312921112845534,0.0005548753565353348,0.011444726675558792,0.011444726675558792,0.01017379464302215
30,20,302124,0.5,0.1,0.02,1.0,0.5,2000,6,0.001,25,25,full_batch,1025,0.0330336218262267,0.0005456100854790804,0.011440363590725922,0.011440363590725922,0.010166134481019162
30,20,302124,0.5,0.1,0.02,1.0,0.5,2000,6,0.001,25,25,full_batch,1050,0.03276008971198603,0.0005366117389686865,0.011436093825730853,0.011436093825730853,0.010158647992784597
30,20,302124,0.5,0.1,0.02,1.0,0.5,2000,6,0.001,25,25,full_batch,1075,0.03249209935178936,0.0005278682601432752,0.011431913701151764,0.011431913701151764,0.010151325368081665
30,20,302124,0.5,0.1,0.02,1.0,0.5,2000,6,0.001,25,25,full_batch,1100,0.03222943878345445,0.000519368362148219,0.01142781975782764,0.01142781975782764,0.010144151290836456
30,20,302124,0.5,0.1,0.02,1.0,0.5,2000,6,0.001,25,25,full_batch,1125,0.031971908420216015,0.0005111014640153398,0.011423808739142338,0.011423808739142338,0.010137120206727912
30,20,302124,0.5,0.1,0.02,1.0,0.5,2000,6,0.001,25,25,full_batch,1150,0.03171932007842302,0.0005030576331187249,0.01141987757509244,0.01141987757509244,0.010130226877718196
30,20,302124,0.5,0.1,0.02,1.0,0.5,2000,6,0.001,25,25,full_batch,1175,0.031471496100703246,0.0004952275334082898,0.011416023367915695,0.011416023367915695,0.010123466357794542
30,20,302124,0.5,0.1,0.02,1.0,0.5,2000,6,0.001,25,25,full_batch,1200,0.03122826856341381,0.00048760237873434956,0.011412243379105347,0.011412243379105347,0.010116833971035577
30,20,302124,0.5,0.1,0.02,1.0,0.5,2000,6,0.001,25,25,full_batch,1225,0.030989478558711855,0.00048017389067043093,0.011408535017646992,0.011408535017646992,0.010110325291742495
30,20,302124,0.5,0.1,0.02,1.0,0.5,2000,6,0.001,25,25,full_batch,1250,0.030754975542859646,0.0004729342603209475,0.011404895829341233,0.011404895829341233,0.010103936126398316
30,20,302124,0.5,0.1,0.02,1.0,0.5,2000,6,0.001,25,25,full_batch,1275,0.030524616743471327,0.00046587611366790505,0.011401323487093495,0.011401323487093495,0.010097662497255355
30,20,302124,0.5,0.1,0.02,1.0,0.5,2000,6,0.001,25,25,full_batch,1300,0.030298266619329918,0.0004589924800680008,0.011397815782065446,0.011397815782065446,0.010091500627376793
30,20,302124,0.5,0.1,0.02,1.0,0.5,2000,6,0.001,25,25,full_batch,1325,0.030075796367208252,0.00045227676356088855,0.011394370615597726,0.011394370615597726,0.01008544692697716
30,20,302124,0.5,0.1,0.02,1.0,0.5,2000,6,0.001,25,25,full_batch,1350,0.029857083470806532,0.00044572271669135433,0.011390985991821423,0.011390985991821423,0.01007949798092661
30,20,302124,0.5,0.1,0.02,1.0,0.5,2000,6,0.001,25,25,full_batch,1375,0.02964201128750393,0.0004393244165842552,0.011387660010891809,0.011387660010891809,0.01007365053730036
30,20,302124,0.5,0.1,0.02,1.0,0.5,2000,6,0.001,25,25,full_batch,1400,0.0294304686691361,0.00043307624304250074,0.011384390862777594,0.011384390862777594,0.010067901496871423
30,20,302124,0.5,0.1,0.02,1.0,0.5,2000,6,0.001,25,25,full_batch,1425,0.02922234961344859,0.00042697285846530944,0.011381176821555039,0.011381176821555039,0.010062247903448285
30,20,302124,0.5,0.1,0.02,1.0,0.5,2000,6,0.001,25,25,full_batch,1450,0.029017552943254633,0.0004210091894072928,0.011378016240153832,0.011378016240153832,0.01005668693498113
30,20,302124,0.5,0.1,0.02,1.0,0.5,2000,6,0.001,25,25,full_batch,1475,0.028815982010666017,0.00041518040961951373,0.011374907545515511,0.011374907545515511,0.01005121589536273
30,20,302124,0.5,0.1,0.02,1.0,0.5,2000,6,0.001,25,25,full_batch,1500,0.028617544424049526,0.00040948192443122407,0.011371849234125375,0.011371849234125375,0.010045832206855343
30,20,302124,0.5,0.1,0.02,1.0,0.5,2000,6,0.001,25,25,full_batch,1525,0.0284221517956184,0.00040390935634658715,0.011368839867878344,0.011368839867878344,0.010040533403090246
30,20,302124,0.5,0.1,0.02,1.0,0.5,2000,6,0.001,25,25,full_batch,1550,0.028229719507794192,0.00039845853174436796,0.011365878070257796,0.011365878070257796,0.01003531712258704
30,20,302124,0.5,0.1,0.02,1.0,0.5,2000,6,0.001,25,25,full_batch,1575,0.028040166496664184,0.00039312546858032426,0.01136296252278951,0.01136296252278951,0.010030181102746172
30,20,302124,0.5,0.1,0.02,1.0,0.5,2000,6,0.001,25,25,full_batch,1600,0.02785341505103775,0.0003879063650026881,0.011360091961755026,0.011360091961755026,0.010025123174272788
30,20,302124,0.5,0.1,0.02,1.0,0.5,2000,6,0.001,25,25,full_batch,1625,0.02766939062575617,0.00038279758880034175,0.011357265175136022,0.011357265175136022,0.010020140530931976
30,20,302124,0.5,0.1,0.02,1.0,0.5,2000,6,0.001,25,25,full_batch,1650,0.027488021668041263,0.00037779566761135297,0.01135448099977382,0.01135448099977382,0.01001523220405054
30,20,302124,0.5,0.1,0.02,1.0,0.5,2000,6,0.001,25,25,full_batch,1675,0.027309239455795744,0.0003728972798269955,0.011351738318723159,0.011351738318723159,0.010010396675729116
30,20,302124,0.5,0.1,0.02,1.0,0.5,2000,6,0.001,25,25,full_batch,1700,0.027132977946865793,0.00036809924613255275,0.011349036058786954,0.011349036058786954,0.010005649936060346
30,20,302124,0.5,0.1,0.02,1.0,0.5,2000,6,0.001,25,25,full_batch,1725,0.026959173638377208,0.0003633985216320863,0.01134637318821613,0.01134637318821613,0.010001189211293449
30,20,302124,0.5,0.1,0.02,1.0,0.5,2000,6,0.001,25,25,full_batch,1750,0.026787765435335138,0.00035879218850926796,0.011343748714558621,0.011343748714558621,0.00999679392413444
30,20,302124,0.5,0.1,0.02,1.0,0.5,2000,6,0.001,25,25,full_batch,1775,0.026618694527760483,0.00035427744918111294,0.011341161682651257,0.011341161682651257,0.009992462423938364
30,20,302124,0.5,0.1,0.02,1.0,0.5,2000,6,0.001,25,25,full_batch,1800,0.02645190427569274,0.000349851619905206,0.011338611172739543,0.011338611172739543,0.00998819312177368
30,20,302124,0.5,0.1,0.02,1.0,0.5,2000,6,0.001,25,25,full_batch,1825,0.02628734010145792,0.00034551212480485885,0.01133609629871496,0.01133609629871496,0.009983984487336173
30,20,302124,0.5,0.1,0.02,1.0,0.5,2000,6,0.001,25,25,full_batch,1850,0.026124949388650922,0.0003412564902797861,0.011333616206464281,0.011333616206464281,0.00997983504605593
30,20,302124,0.5,0.1,0.02,1.0,0.5,2000,6,0.001,25,25,full_batch,1875,0.025964681387330164,0.0003370823397727847,0.011331170072317931,0.011331170072317931,0.00997574337638446
30,20,302124,0.5,0.1,0.02,1.0,0.5,2000,6,0.001,25,25,full_batch,1900,0.025806487124963143,0.00033298738886544427,0.01132875710159742,0.01132875710159742,0.009971708107247068
30,20,302124,0.5,0.1,0.02,1.0,0.5,2000,6,0.001,25,25,full_batch,1925,0.02565031932271051,0.00032896944067850804,0.011326376527242943,0.011326376527242943,0.009967727915645541
30,20,302124,0.5,0.1,0.02,1.0,0.5,2000,6,0.001,25,25,full_batch,1950,0.02549613231665788,0.0003250263815542632,0.01132402760852863,0.01132402760852863,0.009963801524406957
30,20,302124,0.5,0.1,0.02,1.0,0.5,2000,6,0.001,25,25,full_batch,1975,0.025343881983648446,0.00032115617700055013,0.01132170962984913,0.01132170962984913,0.00995992770006321
30,20,302124,0.5,0.1,0.02,1.0,0.5,2000,6,0.001,25,25,full_batch,2000,0.025193525671392637,0.00031735686787755994,0.011319421899578574,0.011319421899578574,0.009956105250853275
30,20,302124,0.5,0.1,0.02,1.0,0.5,2000,6,0.001,25,25,minibatch,0,0.06520446528541761,0.002125811146578615,0.011967791929881288,0.011967791929881288,0.011087787376619529
30,20,302124,0.5,0.1,0.02,1.0,0.5,2000,6,0.001,25,25,minibatch,25,0.059308607456906935,0.0017587554592387385,0.011867737068259387,0.011867737068259387,0.010918466503173352
30,20,302124,0.5,0.1,0.02,1.0,0.5,2000,6,0.001,25,25,minibatch,50,0.05670971302703896,0.0016079957758045563,0.011828342818271831,0.011828342818271831,0.010841717046648602
30,20,302124,0.5,0.1,0.02,1.0,0.5,2000,6,0.001,25,25,minibatch,75,0.05474169131638035,0.0014983263840889357,0.01179842070819953,0.01179842070819953,0.010784705014334373
30,20,302124,0.5,0.1,0.02,1.0,0.5,2000,6,0.001,25,25,minibatch,100,0.05316984347721001,0.001413516127695506,0.011775029850616126,0.011775029850616126,0.010738685062583242
30,20,302124,0.5,0.1,0.02,1.0,0.5,2000,6,0.001,25,25,minibatch,125,0.0518201749865964,0.0013426652678207355,0.011752663621809212,0.011752663621809212,0.010699482192253584
30,20,302124,0.5,0.1,0.02,1.0,0.5,2000,6,0.001,25,25,minibatch,150,0.05064221874241632,0.0012823171595773713,0.011733679952241782,0.011733679952241782,0.010664221188466827
30,20,302124,0.5,0.1,0.02,1.0,0.5,2000,6,0.001,25,25,minibatch,175,0.04955380487878579,0.001227789788982387,0.011713958894980059,0.011713958894980059,0.010634254362218154
30,20,302124,0.5,0.1,0.02,1.0,0.5,2000,6,0.001,25,25,minibatch,200,0.04859218141266303,0.001180600047220577,0.01169773193369339,0.01169773193369339,0.010606868292207028
30,20,302124,0.5,0.1,0.02,1.0,0.5,2000,6,0.001,25,25,minibatch,225,0.04772440602459189,0.0011388094652000512,0.011682100703263754,0.011682100703263754,0.010580449843255402
30,20,302124,0.5,0.1,0.02,1.0,0.5,2000,6,0.001,25,25,minibatch,250,0.04687870225841579,0.0010988063627165989,0.01167001885668878,0.01167001885668878,0.010555426010121716
30,20,302124,0.5,0.1,0.02,1.0,0.5,2000,6,0.001,25,25,minibatch,275,0.04610246321548164,0.0010627185572674189,0.011657211867951545,0.011657211867951545,0.010532156921404745
30,20,302124,0.5,0.1,0.02,1.0,0.5,2000,6,0.001,25,25,minibatch,300,0.04534045181171033,0.0010278782852450132,0.01164366817234741,0.01164366817234741,0.01050965516068969
30,20,302124,0.5,0.1,0.02,1.0,0.5,2000,6,0.001,25,25,minibatch,325,0.044650316043381995,0.0009968253613869477,0.01163142705954262,0.01163142705954262,0.01049167135417095
30,20,302124,0.5,0.1,0.02,1.0,0.5,2000,6,0.001,25,25,minibatch,350,0.04395493627976641,0.0009660182116791627,0.011619468976222347,0.011619468976222347,0.0104720603376377
30,20,302124,0.5,0.1,0.02,1.0,0.5,2000,6,0.001,25,25,minibatch,375,0.04328174120125386,0.0009366545607061579,0.011608422733061785,0.011608422733061785,0.010453286290533326
30,20,302124,0.5,0.1,0.02,1.0,0.5,2000,6,0.001,25,25,minibatch,400,0.04273206554789803,0.000913014712994927,0.011597735724998892,0.011597735724998892,0.010439198528173821
30,20,302124,0.5,0.1,0.02,1.0,0.5,2000,6,0.001,25,25,minibatch,425,0.04219841590622542,0.0008903531524973892,0.011590014165084983,0.011590014165084983,0.010423106194609566
30,20,302124,0.5,0.1,0.02,1.0,0.5,2000,6,0.001,25,25,minibatch,450,0.04167510360018279,0.0008684071300429843,0.011580186290234717,0.011580186290234717,0.010408663417097841
30,20,302124,0.5,0.1,0.02,1.0,0.5,2000,6,0.001,25,25,minibatch,475,0.041159269600561446,0.0008470427370258508,0.011572811315849418,0.011572811315849418,0.010395116134191196
30,20,302124,0.5,0.1,0.02,1.0,0.5,2000,6,0.001,25,25,minibatch,500,0.04065033032334781,0.0008262246776986453,0.01156299344678735,0.01156299344678735,0.010381007559118693
30,20,302124,0.5,0.1,0.02,1.0,0.5,2000,6,0.001,25,25,minibatch,525,0.04015456871655451,0.0008061946944062492,0.011555021243785879,0.011555021243785879,0.010366383149790437
30,20,302124,0.5,0.1,0.02,1.0,0.5,2000,6,0.001,25,25,minibatch,550,0.03967157271570339,0.0007869168408686707,0.011546777172116496,0.011546777172116496,0.010352538381263598
30,20,302124,0.5,0.1,0.02,1.0,0.5,2000,6,0.001,25,25,minibatch,575,0.03922930959916029,0.0007694693658133847,0.011539538121074056,0.011539538121074056,0.01034015129153254
30,20,302124,0.5,0.1,0.02,1.0,0.5,2000,6,0.001,25,25,minibatch,600,0.038832312085015246,0.0007539742309340105,0.011533812231049989,0.011533812231049989,0.010328862221642643
30,20,302124,0.5,0.1,0.02,1.0,0.5,2000,6,0.001,25,25,minibatch,625,0.038433727963178003,0.0007385757225737854,0.011526823936665098,0.011526823936665098,0.010318213528920872
30,20,302124,0.5,0.1,0.02,1.0,0.5,2000,6,0.001,25,25,minibatch,650,0.0380442847537248,0.0007236838012112487,0.011521318614089615,0.011521318614089615,0.010307648765812694
30,20,302124,0.5,0.1,0.02,1.0,0.5,2000,6,0.001,25,25,minibatch,675,0.037638186497436464,0.0007083165414079043,0.011514600105661688,0.011514600105661688,0.01029729286802189
30,20,302124,0.5,0.1,0.02,1.0,0.5,2000,6,0.001,25,25,minibatch,700,0.03723476701560917,0.0006932139373533483,0.011507421074982982,0.011507421074982982,0.01028668317290865
30,20,302124,0.5,0.1,0.02,1.0,0.5,2000,6,0.001,25,25,minibatch,725,0.036866339343095925,0.0006795634882801512,0.011501333753205611,0.011501333753205611,0.010276447502451769
30,20,302124,0.5,0.1,0.02,1.0,0.5,2000,6,0.001,25,25,minibatch,750,0.03649032215013305,0.0006657718053102454,0.01149349841094599,0.01149349841094599,0.01026631591646271
30,20,302124,0.5,0.1,0.02,1.0,0.5,2000,6,0.001,25,25,minibatch,775,0.03612595675245952,0.0006525423756402877,0.011487574338852224,0.011487574338852224,0.01025527959708028
30,20,302124,0.5,0.1,0.02,1.0,0.5,2000,6,0.001,25,25,minibatch,800,0.03577456701018587,0.0006399098223831397,0.011482053267780346,0.011482053267780346,0.01024513348806827
30,20,302124,0.5,0.1,0.02,1.0,0.5,2000,6,0.001,25,25,minibatch,825,0.03543603603024692,0.0006278563247684789,0.011477458095475734,0.011477458095475734,0.010235865967461621
30,20,302124,0.5,0.1,0.02,1.0,0.5,2000,6,0.001,25,25,minibatch,850,0.03510192525085846,0.0006160725781584273,0.011471710569629312,0.011471710569629312,0.01022640683517323
30,20,302124,0.5,0.1,0.02,1.0,0.5,2000,6,0.001,25,25,minibatch,875,0.03477274674764033,0.0006045719581877656,0.011466573719342676,0.011466573719342676,0.010217999338169304
30,20,302124,0.5,0.1,0.02,1.0,0.5,2000,6,0.001,25,25,minibatch,900,0.03446844728869817,0.0005940369292468821,0.01146292343502714,0.01146292343502714,0.010210076310911809
30,20,302124,0.5,0.1,0.02,1.0,0.5,2000,6,0.001,25,25,minibatch,925,0.034154966810188925,0.0005832808789025535,0.011457706021758218,0.011457706021758218,0.010200861836868358
30,20,302124,0.5,0.1,0.02,1.0,0.5,2000,6,0.001,25,25,minibatch,950,0.03383398398910855,0.0005723692362876268,0.011453162818931995,0.011453162818931995,0.010191539128239169
30,20,302124,0.5,0.1,0.02,1.0,0.5,2000,6,0.001,25,25,minibatch,975,0.03354157919327665,0.0005625187673894244,0.01144920651943454,0.01144920651943454,0.010184550179924479
30,20,302124,0.5,0.1,0.02,1.0,0.5,2000,6,0.001,25,25,minibatch,1000,0.033256024739233295,0.0005529815907282485,0.011445567322639183,0.011445567322639183,0.010176945052253528
30,20,302124,0.5,0.1,0.02,1.0,0.5,2000,6,0.001,25,25,minibatch,1025,0.03295397358371513,0.0005429821874780973,0.011441897781617583,0.011441897781617583,0.01016874992848854
30,20,302124,0.5,0.1,0.02,1.0,0.5,2000,6,0.001,25,25,minibatch,1050,0.0326740816402363,0.0005337978055164135,0.011438193153514797,0.011438193153514797,0.010161592560491817
30,20,302124,0.5,0.1,0.02,1.0,0.5,2000,6,0.001,25,25,minibatch,1075,0.032379509572781615,0.0005242163200869281,0.011434343603065222,0.011434343603065222,0.010152108030362261
30,20,302124,0.5,0.1,0.02,1.0,0.5,2000,6,0.001,25,25,minibatch,1100,0.03215210963241226,0.0005168790769073286,0.011429506030574799,0.011429506030574799,0.010145712660056705
30,20,302124,0.5,0.1,0.02,1.0,0.5,2000,6,0.001,25,25,minibatch,1125,0.031876978648669625,0.0005080708838838695,0.011426340981426308,0.011426340981426308,0.010138086717213501
30,20,302124,0.5,0.1,0.02,1.0,0.5,2000,6,0.001,25,25,minibatch,1150,0.03163002455723408,0.0005002292267456154,0.011422483436918152,0.011422483436918152,0.010130873991267386
30,20,302124,0.5,0.1,0.02,1.0,0.5,2000,6,0.001,25,25,minibatch,1175,0.03136911334386876,0.0004920106359902424,0.011419442422209658,0.011419442422209658,0.01012390766813348
30,20,302124,0.5,0.1,0.02,1.0,0.5,2000,6,0.001,25,25,minibatch,1200,0.031135435130820836,0.00048470766039277613,0.01141591774343187,0.01141591774343187,0.01011801407134627
30,20,302124,0.5,0.1,0.02,1.0,0.5,2000,6,0.001,25,25,minibatch,1225,0.03090041328293936,0.00047741777052822765,0.011412383082937128,0.011412383082937128,0.01011155220246518
30,20,302124,0.5,0.1,0.02,1.0,0.5,2000,6,0.001,25,25,minibatch,1250,0.030659698219083018,0.0004700085474426212,0.011409816560415564,0.011409816560415564,0.010105220012601002
30,20,302124,0.5,0.1,0.02,1.0,0.5,2000,6,0.001,25,25,minibatch,1275,0.030422272105304647,0.0004627573200245986,0.011406180480607098,0.011406180480607098,0.010098852908487332
30,20,302124,0.5,0.1,0.02,1.0,0.5,2000,6,0.001,25,25,minibatch,1300,0.03020491177963042,0.00045616834780762825,0.011401765130450492,0.011401765130450492,0.010093388812900228
30,20,302124,0.5,0.1,0.02,1.0,0.5,2000,6,0.001,25,25,minibatch,1325,0.030008805498477016,0.00045026420372271217,0.01139804561178176,0.01139804561178176,0.010088239327597781
30,20,302124,0.5,0.1,0.02,1.0,0.5,2000,6,0.001,25,25,minibatch,1350,0.02978127322044691,0.00044346211731545416,0.011394240501939157,0.011394240501939157,0.010082072467247238
30,20,302124,0.5,0.1,0.02,1.0,0.5,2000,6,0.001,25,25,minibatch,1375,0.029568881588626805,0.00043715937920111664,0.011390665522490073,0.011390665522490073,0.010075780141816482
30,20,302124,0.5,0.1,0.02,1.0,0.5,2000,6,0.001,25,25,minibatch,1400,0.02936171054076622,0.00043105502293987104,0.011387553947977025,0.011387553947977025,0.010070372305508557
30,20,302124,0.5,0.1,0.02,1.0,0.5,2000,6,0.001,25,25,minibatch,1425,0.0291330853078979,0.0004243683297786283,0.011384063413475809,0.011384063413475809,0.010063801823919527
30,20,302124,0.5,0.1,0.02,1.0,0.5,2000,6,0.001,25,25,minibatch,1450,0.028929709091993747,0.0004184640340736928,0.01138089143427684,0.01138089143427684,0.010058735457282253
30,20,302124,0.5,0.1,0.02,1.0,0.5,2000,6,0.001,25,25,minibatch,1475,0.028712954342117403,0.0004122168735262593,0.011377260012230661,0.011377260012230661,0.010053420506423716
30,20,302124,0.5,0.1,0.02,1.0,0.5,2000,6,0.001,25,25,minibatch,1500,0.02852225447303199,0.00040675950011219664,0.011374360334315381,0.011374360334315381,0.010048397678960708
30,20,302124,0.5,0.1,0.02,1.0,0.5,2000,6,0.001,25,25,minibatch,1525,0.02832438914037733,0.0004011355100877626,0.011370749224871968,0.011370749224871968,0.010043374238667468
30,20,302124,0.5,0.1,0.02,1.0,0.5,2000,6,0.001,25,25,minibatch,1550,0.028137156642856133,0.0003958497919723115,0.011368919667998023,0.011368919667998023,0.010038078398958872
30,20,302124,0.5,0.1,0.02,1.0,0.5,2000,6,0.001,25,25,minibatch,1575,0.027940119295465287,0.00039032513312241583,0.0113662001641473,0.0113662001641473,0.010032860478635497
30,20,302124,0.5,0.1,0.02,1.0,0.5,2000,6,0.001,25,25,minibatch,1600,0.027754368499258508,0.00038515248539631644,0.011362560754869577,0.011362560754869577,0.010027822958309951
30,20,302124,0.5,0.1,0.02,1.0,0.5,2000,6,0.001,25,25,minibatch,1625,0.027582136930742872,0.0003803871388331249,0.011358864591849704,0.011358864591849704,0.010024022439654834
30,20,302124,0.5,0.1,0.02,1.0,0.5,2000,6,0.001,25,25,minibatch,1650,0.027393614669346762,0.0003752050623263251,0.011356262381565285,0.011356262381565285,0.010018851530568917
30,20,302124,0.5,0.1,0.02,1.0,0.5,2000,6,0.001,25,25,minibatch,1675,0.027202771605604012,0.0003699953915133279,0.011353654865260854,0.011353654865260854,0.010013847309047252
30,20,302124,0.5,0.1,0.02,1.0,0.5,2000,6,0.001,25,25,minibatch,1700,0.027041043392755034,0.00036560901388443036,0.01135061761162287,0.01135061761162287,0.010009351279742507
30,20,302124,0.5,0.1,0.02,1.0,0.5,2000,6,0.001,25,25,minibatch,1725,0.026849836583275388,0.00036045686227429666,0.01134867730003275,0.01134867730003275,0.010004361604544654
30,20,302124,0.5,0.1,0.02,1.0,0.5,2000,6,0.001,25,25,minibatch,1750,0.02668800127761572,0.0003561247060970092,0.01134560423746217,0.01134560423746217,0.010000350584244089
30,20,302124,0.5,0.1,0.02,1.0,0.5,2000,6,0.001,25,25,minibatch,1775,0.02650818794280648,0.00035134201400557544,0.01134208669398612,0.01134208669398612,0.009995495529892096
30,20,302124,0.5,0.1,0.02,1.0,0.5,2000,6,0.001,25,25,minibatch,1800,0.026350722590570773,0.0003471802905226084,0.011340100383152807,0.011340100383152807,0.009991300432322325
30,20,302124,0.5,0.1,0.02,1.0,0.5,2000,6,0.001,25,25,minibatch,1825,0.02617840317911316,0.00034265439650410105,0.011337903862904508,0.011337903862904508,0.009986277139224897
30,20,302124,0.5,0.1,0.02,1.0,0.5,2000,6,0.001,25,25,minibatch,1850,0.026003375169518735,0.00033808776010337173,0.011335604675055566,0.011335604675055566,0.009981555607391779
30,20,302124,0.5,0.1,0.02,1.0,0.5,2000,6,0.001,25,25,minibatch,1875,0.025837680308632698,0.0003337928618655529,0.01133332731492237,0.01133332731492237,0.009977521083500973
30,20,302124,0.5,0.1,0.02,1.0,0.5,2000,6,0.001,25,25,minibatch,1900,0.025683314974851764,0.0003298163340487224,0.011330211725643302,0.011330211725643302,0.009973209326709032
30,20,302124,0.5,0.1,0.02,1.0,0.5,2000,6,0.001,25,25,minibatch,1925,0.02553895321727654,0.0003261190657171199,0.011328190726246856,0.011328190726246856,0.009969767103093274
30,20,302124,0.5,0.1,0.02,1.0,0.5,2000,6,0.001,25,25,minibatch,1950,0.0253999508924025,0.0003225787526682293,0.011326181975999383,0.011326181975999383,0.009965797928350728
30,20,302124,0.5,0.1,0.02,1.0,0.5,2000,6,0.001,25,25,minibatch,1975,0.025249300373360335,0.0003187635846720872,0.01132415255704855,0.01132415255704855,0.009962359471492155
30,20,302124,0.5,0.1,0.02,1.0,0.5,2000,6,0.001,25,25,minibatch,2000,0.025109160937025924,0.0003152349814807343,0.011321783773179439,0.011321783773179439,0.009959181376103354
30,20,302125,0.5,0.1,0.02,1.0,0.5,2000,6,0.001,25,25,full_batch,0,0.07245898281154298,0.0026251520950417405,0.02043072023371184,0.012056670989044227,0.02043072023371184
30,20,302125,0.5,0.1,0.02,1.0,0.5,2000,6,0.001,25,25,full_batch,25,0.06614685866114937,0.002187703455369036,0.020264634385722236,0.01196719271136093,0.020264634385722236
30,20,302125,0.5,0.1,0.02,1.0,0.5,2000,6,0.001,25,25,full_batch,50,0.06335846891874587,0.0020071477918638435,0.02019271591680416,0.011927430118919669,0.02019271591680416
30,20,302125,0.5,0.1,0.02,1.0,0.5,2000,6,0.001,25,25,full_batch,75,0.0612997038091044,0.0018788268435419643,0.02014020383366255,0.011897976532635579,0.02014020383366255
30,20,302125,0.5,0.1,0.02,1.0,0.5,2000,6,0.001,25,25,full_batch,100,0.059618442838821284,0.0017771793632629005,0.020097702408422846,0.011873863624015879,0.020097702408422846
30,20,302125,0.5,0.1,0.02,1.0,0.5,2000,6,0.001,25,25,full_batch,125,0.05817759028387414,0.0016923160056191635,0.020061558737783924,0.011853155851374697,0.020061558737783924
30,20,302125,0.5,0.1,0.02,1.0,0.5,2000,6,0.001,25,25,full_batch,150,0.05690676745405399,0.0016191900910348894,0.020029900030485215,0.011834859031285838,0.020029900030485215
30,20,302125,0.5,0.1,0.02,1.0,0.5,2000,6,0.001,25,25,full_batch,175,0.05576418526871204,0.0015548221793416205,0.020001678856905514,0.011818382516842252,0.020001678856905514
30,20,302125,0.5,0.1,0.02,1.0,0.5,2000,6,0.001,25,25,full_batch,200,0.05472264636776824,0.0014972840127459091,0.019976163513701573,0.011803341692659286,0.019976163513701573
30,20,302125,0.5,0.1,0.02,1.0,0.5,2000,6,0.001,25,25,full_batch,225,0.05376328747156164,0.0014452455398748882,0.019952798382506576,0.01178946965921962,0.019952798382506576
30,20,302125,0.5,0.1,0.02,1.0,0.5,2000,6,0.001,25,25,full_batch,250,0.052872397755672255,0.0013977452222170082,0.019931220830706864,0.01177657231844187,0.019931220830706864
30,20,302125,0.5,0.1,0.02,1.0,0.5,2000,6,0.001,25,25,full_batch,275,0.05203964574586054,0.0013540623646773307,0.01991115788659953,0.011764503336813004,0.01991115788659953
30,20,302125,0.5,0.1,0.02,1.0,0.5,2000,6,0.001,25,25,full_batch,300,0.05125702046158954,0.0013136410732999043,0.019892398105973597,0.011753149190260326,0.019892398105973597
30,20,302125,0.5,0.1,0.02,1.0,0.5,2000,6,0.001,25,25,full_batch,325,0.05051816393186059,0.00127604244352317,0.019874773845706184,0.011742419734379062,0.019874773845706184
30,20,302125,0.5,0.1,0.02,1.0,0.5,2000,6,0.001,25,25,full_batch,350,0.049817931672406175,0.0012409131580582652,0.01985814959681298,0.01173248006289268,0.01985814959681298
30,20,302125,0.5,0.1,0.02,1.0,0.5,2000,6,0.001,25,25,full_batch,375,0.049152092682462865,0.0012079641075327097,0.019842414024692556,0.01172319729622684,0.019842414024692556
30,20,302125,0.5,0.1,0.02,1.0,0.5,2000,6,0.001,25,25,full_batch,400,0.04851711840616051,0.0011769553892186995,0.019827474372398624,0.011714342711015457,0.019827474372398624
30,20,302125,0.5,0.1,0.02,1.0,0.5,2000,6,0.001,25,25,full_batch,425,0.0479100304166075,0.0011476855072601279,0.019813252423090122,0.011705875135598454,0.019813252423090122
30,20,302125,0.5,0.1,0.02,1.0,0.5,2000,6,0.001,25,25,full_batch,450,0.04732828802286593,0.0011199834235876773,0.019799681522122747,0.011697759440155553,0.019799681522122747
30,20,302125,0.5,0.1,0.02,1.0,0.5,2000,6,0.001,25,25,full_batch,475,0.04676970372115127,0.0010937025930821357,0.01978670433790808,0.011689965370608513,0.01978670433790808
30,20,302125,0.5,0.1,0.02,1.0,0.5,2000,6,0.001,25,25,full_batch,500,0.04623237850454324,0.0010687164110936757,0.019774271149481992,0.011682466656288804,0.019774271149481992
30,20,302125,0.5,0.1,0.02,1.0,0.5,2000,6,0.001,25,25,full_batch,525,0.045714651617447616,0.001044914686252303,0.01976233851704845,0.011675240316758762,0.01976233851704845
30,20,302125,0.5,0.1,0.02,1.0,0.5,2000,6,0.001,25,25,full_batch,550,0.04521506100237459,0.0010222008707242275,0.019750868235914376,0.011668266116073078,0.019750868235914376
30,20,302125,0.5,0.1,0.02,1.0,0.5,2000,6,0.001,25,25,full_batch,575,0.044732311786267055,0.0010004898588719033,0.019739826503420044,0.011661526127901223,0.019739826503420044
30,20,302125,0.5,0.1,0.02,1.0,0.5,2000,6,0.001,25,25,full_batch,600,0.04426525089751971,0.0009797062185101847,0.01972918324825018,0.011655004385211998,0.01972918324825018
30,20,302125,0.5,0.1,0.02,1.0,0.5,2000,6,0.001,25,25,full_batch,625,0.04381284641804375,0.0009597827556255444,0.019718911585098087,0.011648686595261915,0.019718911585098087
30,20,302125,0.5,0.1,0.02,1.0,0.5,2000,6,0.001,25,25,full_batch,650,0.04337417063508428,0.0009406593391407037,0.019708987367254405,0.011642559905627403,0.019708987367254405
30,20,302125,0.5,0.1,0.02,1.0,0.5,2000,6,0.001,25,25,full_batch,675,0.04294838601463167,0.0009222819306309045,0.019699388816486585,0.011636612710541283,0.019699388816486585
30,20,302125,0.5,0.1,0.02,1.0,0.5,2000,6,0.001,25,25,full_batch,700,0.042534733504441584,0.0009046017771469327,0.01969009621453288,0.01163083448937291,0.01969009621453288
30,20,302125,0.5,0.1,0.02,1.0,0.5,2000,6,0.001,25,25,full_batch,725,0.04213252271130432,0.0008875747350092872,0.019681091644146387,0.011625215670971079,0.019681091644146387
30,20,302125,0.5,0.1,0.02,1.0,0.5,2000,6,0.001,25,25,full_batch,750,0.04174112359870004,0.0008711606996409766,0.019672358770320697,0.011619747518992307,0.019672358770320697
30,20,302125,0.5,0.1,0.02,1.0,0.5,2000,6,0.001,25,25,full_batch,775,0.04135995942725872,0.0008553231219122438,0.019663882654348708,0.011614422034377292,0.019663882654348708
30,20,302125,0.5,0.1,0.02,1.0,0.5,2000,6,0.001,25,25,full_batch,800,0.04098850071835202,0.000840028595569172,0.01965564959490218,0.01160923187195595,0.01965564959490218
30,20,302125,0.5,0.1,0.02,1.0,0.5,2000,6,0.001,25,25,full_batch,825,0.040626260065570685,0.0008252465034576917,0.019647646991497125,0.011604170268752378,0.019647646991497125
30,20,302125,0.5,0.1,0.02,1.0,0.5,2000,6,0.001,25,25,full_batch,850,0.04027278765320356,0.0008109487126800125,0.019639863226613763,0.011599230982054676,0.019639863226613763
30,20,302125,0.5,0.1,0.02,1.0,0.5,2000,6,0.001,25,25,full_batch,875,0.039927667367665357,0.0007971093107114645,0.0196322875634643,0.011594408235671094,0.0196322875634643
30,20,302125,0.5,0.1,0.02,1.0,0.5,2000,6,0.001,25,25,full_batch,900,0.039590513408923694,0.0007837043759910834,0.019624910056943168,0.011589696673089012,0.019624910056943168
30,20,302125,0.5,0.1,0.02,1.0,0.5,2000,6,0.001,25,25,full_batch,925,0.03926096732569103,0.0007707117776744894,0.01961772147575047,0.011585091316489493,0.01961772147575047
30,20,302125,0.5,0.1,0.02,1.0,0.5,2000,6,0.001,25,25,full_batch,950,0.038938695411509974,0.000758111000175174,0.019610713234025245,0.011580587530744313,0.019610713234025245
30,20,302125,0.5,0.1,0.02,1.0,0.5,2000,6,0.001,25,25,full_batch,975,0.03862338640957141,0.0007458829888715326,0.019603877331112463,0.011576180991678786,0.019603877331112463
30,20,302125,0.5,0.1,0.02,1.0,0.5,2000,6,0.001,25,25,full_batch,1000,0.038314749482781976,0.0007340100139641709,0.01959720629831624,0.01157186765799767,0.01959720629831624
30,20,302125,0.5,0.1,0.02,1.0,0.5,2000,6,0.001,25,25,full_batch,1025,0.038012512412641995,0.0007224755499606308,0.019590693151674443,0.011567643746374145,0.019590693151674443
30,20,302125,0.5,0.1,0.02,1.0,0.5,2000,6,0.001,25,25,full_batch,1050,0.03771641999626057,0.000711264168667162,0.01958433134995019,0.011563505709275335,0.01958433134995019
30,20,302125,0.5,0.1,0.02,1.0,0.5,2000,6,0.001,25,25,full_batch,1075,0.03742623261557186,0.0007003614438974475,0.019578114757149545,0.01155945021516841,0.019578114757149545
30,20,302125,0.5,0.1,0.02,1.0,0.5,2000,6,0.001,25,25,full_batch,1100,0.0371417249567287,0.0006897538663806417,0.019572037608992843,0.011555474130800714,0.019572037608992843
30,20,302125,0.5,0.1,0.02,1.0,0.5,2000,6,0.001,25,25,full_batch,1125,0.036862684860900025,0.0006794287675770139,0.019566094482837026,0.011551574505297924,0.019566094482837026
30,20,302125,0.5,0.1,0.02,1.0,0.5,2000,6,0.001,25,25,full_batch,1150,0.03658891229040599,0.0006693742512975114,0.019560280270630948,0.011547748555855664,0.019560280270630948
30,20,302125,0.5,0.1,0.02,1.0,0.5,2000,6,0.001,25,25,full_batch,1175,0.03632021839639033,0.0006595791321807454,0.019554590154535978,0.011543993654834162,0.019554590154535978
30,20,302125,0.5,0.1,0.02,1.0,0.5,2000,6,0.001,25,25,full_batch,1200,0.03605642467613727,0.0006500328802129802,0.01954901958490307,0.011540307318094079,0.01954901958490307
30,20,302125,0.5,0.1,0.02,1.0,0.5,2000,6,0.001,25,25,full_batch,1225,0.035797362209753845,0.0006407255705881563,0.019543564260330604,0.011536687194428408,0.019543564260330604
30,20,302125,0.5,0.1,0.02,1.0,0.5,2000,6,0.001,25,25,full_batch,1250,0.03554287096729138,0.0006316478382987624,0.01953822010957329,0.011533131055968149,0.01953822010957329
30,20,302125,0.5,0.1,0.02,1.0,0.5,2000,6,0.001,25,25,full_batch,1275,0.03529279917855123,0.0006227908369287732,0.019532983275092897,0.011529636789455733,0.019532983275092897
30,20,302125,0.5,0.1,0.02,1.0,0.5,2000,6,0.001,25,25,full_batch,1300,0.0350470027587973,0.0006141462011875727,0.01952785009807667,0.011526202388292384,0.01952785009807667
30,20,302125,0.5,0.1,0.02,1.0,0.5,2000,6,0.001,25,25,full_batch,1325,0.03480534478445591,0.0006057060127824262,0.01952281710476511,0.011522825945275483,0.01952281710476511
30,20,302125,0.5,0.1,0.02,1.0,0.5,2000,6,0.001,25,25,full_batch,1350,0.034567695013598666,0.0005974627692765871,0.019517880993954517,0.011519505645955108,0.019517880993954517
30,20,302125,0.5,0.1,0.02,1.0,0.5,2000,6,0.001,25,25,full_batch,1375,0.03433392944663888,0.0005894093556233881,0.019513038625550927,0.011516239762549174,0.019513038625550927
30,20,302125,0.5,0.1,0.02,1.0,0.5,2000,6,0.001,25,25,full_batch,1400,0.03410392992321037,0.0005815390181036217,0.019508287010073455,0.011513026648357738,0.019508287010073455
30,20,302125,0.5,0.1,0.02,1.0,0.5,2000,6,0.001,25,25,full_batch,1425,0.03387758375166043,0.0005738453404253834,0.019503623299009565,0.01150986473262744,0.019503623299009565
30,20,302125,0.5,0.1,0.02,1.0,0.5,2000,6,0.001,25,25,full_batch,1450,0.033654783368005654,0.000566322221773695,0.019499044775943164,0.011506752515826946,0.019499044775943164
30,20,302125,0.5,0.1,0.02,1.0,0.5,2000,6,0.001,25,25,full_batch,1475,0.03343542602154319,0.0005589638566210436,0.01949454884837748,0.011503688565288328,0.01949454884837748
30,20,302125,0.5,0.1,0.02,1.0,0.5,2000,6,0.001,25,25,full_batch,1500,0.0332194134846268,0.0005517647161313024,0.01949013304019298,0.011500671511183558,0.01949013304019298
30,20,302125,0.5,0.1,0.02,1.0,0.5,2000,6,0.001,25,25,full_batch,1525,0.033006651784382744,0.0005447195310077483,0.01948579498467634,0.011497700042806536,0.01948579498467634
30,20,302125,0.5,0.1,0.02,1.0,0.5,2000,6,0.001,25,25,full_batch,1550,0.03279705095438021,0.0005378232756521058,0.01948153241806988,0.011494772905127904,0.01948153241806988
30,20,302125,0.5,0.1,0.02,1.0,0.5,2000,6,0.001,25,25,full_batch,1575,0.03259052480447924,0.0005310711535156884,0.01947734317360017,0.011491888895606095,0.01947734317360017
30,20,302125,0.5,0.1,0.02,1.0,0.5,2000,6,0.001,25,25,full_batch,1600,0.03238699070726161,0.0005244585835361249,0.019473225175933917,0.011489046861223928,0.019473225175933917
30,20,302125,0.5,0.1,0.02,1.0,0.5,2000,6,0.001,25,25,full_batch,1625,0.03218636939961421,0.000517981187564211,0.01946917643603502,0.011486245695737196,0.01946917643603502
30,20,302125,0.5,0.1,0.02,1.0,0.5,2000,6,0.001,25,25,full_batch,1650,0.031988584798174964,0.0005116347786950152,0.019465195046377948,0.011483484337113659,0.019465195046377948
30,20,302125,0.5,0.1,0.02,1.0,0.5,2000,6,0.001,25,25,full_batch,1675,0.031793563827484154,0.0005054153504261544,0.01946127917649698,0.011480761765151282,0.01946127917649698
30,20,302125,0.5,0.1,0.02,1.0,0.5,2000,6,0.001,25,25,full_batch,1700,0.031601236259787724,0.0004993190665734612,0.019457427068836575,0.01147807699925285,0.019457427068836575
30,20,302125,0.5,0.1,0.02,1.0,0.5,2000,6,0.001,25,25,full_batch,1725,0.03141153456555041,0.000493342251881384,0.01945363703488112,0.011475429096354406,0.01945363703488112
30,20,302125,0.5,0.1,0.02,1.0,0.5,2000,6,0.001,25,25,full_batch,1750,0.031224393773816844,0.000487481383271186,0.019449907451542903,0.011472817148985903,0.019449907451542903
30,20,302125,0.5,0.1,0.02,1.0,0.5,2000,6,0.001,25,25,full_batch,1775,0.031039751341643496,0.0004817330816755296,0.019446236757784174,0.011470240283458777,0.019446236757784174
30,20,302125,0.5,0.1,0.02,1.0,0.5,2000,6,0.001,25,25,full_batch,1800,0.03085754703189595,0.0004760941044128353,0.019442623451459473,0.011467697658171516,0.019442623451459473
30,20,302125,0.5,0.1,0.02,1.0,0.5,2000,6,0.001,25,25,full_batch,1825,0.030677722798767428,0.0004705613380590074,0.01943906608635515,0.011465188462018494,0.01943906608635515
30,20,302125,0.5,0.1,0.02,1.0,0.5,2000,6,0.001,25,25,full_batch,1850,0.03050022268043329,0.00046513179177800864,0.019435563269419087,0.011462711912900603,0.019435563269419087
30,20,302125,0.5,0.1,0.02,1.0,0.5,2000,6,0.001,25,25,full_batch,1875,0.030324992698307147,0.0004598025910761909,0.019432113658159056,0.011460267256327539,0.019432113658159056
30,20,302125,0.5,0.1,0.02,1.0,0.5,2000,6,0.001,25,25,full_batch,1900,0.0301519807624155,0.00045457097194853723,0.019428715958200282,0.011457853764101689,0.019428715958200282
30,20,302125,0.5,0.1,0.02,1.0,0.5,2000,6,0.001,25,25,full_batch,1925,0.029981136582438603,0.0004494342753874191,0.01942536892099256,0.01145547073308456,0.01942536892099256
30,20,302125,0.5,0.1,0.02,1.0,0.5,2000,6,0.001,25,25,full_batch,1950,0.02981241158401422,0.0004443899422273326,0.01942207134165036,0.011453117484032382,0.01942207134165036
30,20,302125,0.5,0.1,0.02,1.0,0.5,2000,6,0.001,25,25,full_batch,1975,0.029645758829931868,0.00043943550830124166,0.019418842314320506,0.01145079336050464,0.019418842314320506
30,20,302125,0.5,0.1,0.02,1.0,0.5,2000,6,0.001,25,25,full_batch,2000,0.029481132945871208,0.00043456859988606636,0.01941568068252153,0.011448497727828466,0.01941568068252153
30,20,302125,0.5,0.1,0.02,1.0,0.5,2000,6,0.001,25,25,minibatch,0,0.07245898281154298,0.0026251520950417405,0.02043072023371184,0.012056670989044227,0.02043072023371184
30,20,302125,0.5,0.1,0.02,1.0,0.5,2000,6,0.001,25,25,minibatch,25,0.06602951342256981,0.0021799483214106634,0.020261857020094753,0.011961810334042977,0.020261857020094753
30,20,302125,0.5,0.1,0.02,1.0,0.5,2000,6,0.001,25,25,minibatch,50,0.06318377743412834,0.001996094865422733,0.02019473826317092,0.011919412061828671,0.02019473826317092
30,20,302125,0.5,0.1,0.02,1.0,0.5,2000,6,0.001,25,25,minibatch,75,0.06113222198115824,0.0018685742821768032,0.020134090603448895,0.01189483948626846,0.020134090603448895
30,20,302125,0.5,0.1,0.02,1.0,0.5,2000,6,0.001,25,25,minibatch,100,0.059501221378176254,0.0017701976727473694,0.020090403003606927,0.011872505391541444,0.020090403003606927
30,20,302125,0.5,0.1,0.02,1.0,0.5,2000,6,0.001,25,25,minibatch,125,0.058085950245161375,0.0016869888079416814,0.02005331446894998,0.0118530323968975,0.02005331446894998
30,20,302125,0.5,0.1,0.02,1.0,0.5,2000,6,0.001,25,25,minibatch,150,0.05685416751638204,0.0016161981819904153,0.02002420083551104,0.01183365892614574,0.02002420083551104
30,20,302125,0.5,0.1,0.02,1.0,0.5,2000,6,0.001,25,25,minibatch,175,0.05571385152023776,0.0015520166256095494,0.019998149644145813,0.011816066636350486,0.019998149644145813
30,20,302125,0.5,0.1,0.02,1.0,0.5,2000,6,0.001,25,25,minibatch,200,0.054685536062771885,0.0014952539272363621,0.019975842537106048,0.011799696651616898,0.019975842537106048
30,20,302125,0.5,0.1,0.02,1.0,0.5,2000,6,0.001,25,25,minibatch,225,0.05368763389780007,0.0014411810167721056,0.019951967295812334,0.011786459314938436,0.019951967295812334
30,20,302125,0.5,0.1,0.02,1.0,0.5,2000,6,0.001,25,25,minibatch,250,0.052794706866954685,0.0013936405365838362,0.01993103191707818,0.011775546758197974,0.01993103191707818
30,20,302125,0.5,0.1,0.02,1.0,0.5,2000,6,0.001,25,25,minibatch,275,0.051955542847309154,0.0013496892162792886,0.01990983738523444,0.011764229186225217,0.01990983738523444
30,20,302125,0.5,0.1,0.02,1.0,0.5,2000,6,0.001,25,25,minibatch,300,0.0511576236499433,0.001308551228754619,0.019891346891233896,0.011753049461817655,0.019891346891233896
30,20,302125,0.5,0.1,0.02,1.0,0.5,2000,6,0.001,25,25,minibatch,325,0.05040968654524615,0.0012705682487949854,0.019872265045383808,0.011742558956243598,0.019872265045383808
30,20,302125,0.5,0.1,0.02,1.0,0.5,2000,6,0.001,25,25,minibatch,350,0.04970814708033949,0.001235449943080332,0.019854364375960554,0.011732737697464968,0.019854364375960554
30,20,302125,0.5,0.1,0.02,1.0,0.5,2000,6,0.001,25,25,minibatch,375,0.049031271331962015,0.00120203278421424,0.019837247256830337,0.011723949343095674,0.019837247256830337
30,20,302125,0.5,0.1,0.02,1.0,0.5,2000,6,0.001,25,25,minibatch,400,0.048398680703551994,0.001171216146922188,0.019819564816205004,0.011713441984968875,0.019819564816205004
30,20,302125,0.5,0.1,0.02,1.0,0.5,2000,6,0.001,25,25,minibatch,425,0.0477873841785544,0.0011418170433143758,0.019805269136600856,0.011706015736520747,0.019805269136600856
30,20,302125,0.5,0.1,0.02,1.0,0.5,2000,6,0.001,25,25,minibatch,450,0.04719878231237608,0.0011138625258855324,0.0197935227061794,0.011697702271856736,0.0197935227061794
30,20,302125,0.5,0.1,0.02,1.0,0.5,2000,6,0.001,25,25,minibatch,475,0.04665978517212645,0.0010885677761544956,0.019782877667222754,0.011690260521199147,0.019782877667222754
30,20,302125,0.5,0.1,0.02,1.0,0.5,2000,6,0.001,25,25,minibatch,500,0.04613533585367116,0.0010642346071655178,0.019771728253108245,0.011683553412431824,0.019771728253108245
30,20,302125,0.5,0.1,0.02,1.0,0.5,2000,6,0.001,25,25,minibatch,525,0.04564400088077611,0.0010416874082021452,0.019760199455917893,0.011676367456302739,0.019760199455917893
30,20,302125,0.5,0.1,0.02,1.0,0.5,2000,6,0.001,25,25,minibatch,550,0.045166791299548904,0.0010200195181485033,0.0197500727787156,0.011667609112918476,0.0197500727787156
30,20,302125,0.5,0.1,0.02,1.0,0.5,2000,6,0.001,25,25,minibatch,575,0.04468516102460202,0.000998381807897306,0.019736114332962795,0.011661428881941827,0.019736114332962795
30,20,302125,0.5,0.1,0.02,1.0,0.5,2000,6,0.001,25,25,minibatch,600,0.04420245686788395,0.0009769285965785706,0.019725151874848967,0.01165494518177862,0.019725151874848967
30,20,302125,0.5,0.1,0.02,1.0,0.5,2000,6,0.001,25,25,minibatch,625,0.04376825599382074,0.0009578301163703126,0.01971540713316733,0.011648992996008634,0.01971540713316733
30,20,302125,0.5,0.1,0.02,1.0,0.5,2000,6,0.001,25,25,minibatch,650,0.04335663967091892,0.0009398991017769502,0.019706485705464127,0.011641755207425497,0.019706485705464127
30,20,302125,0.5,0.1,0.02,1.0,0.5,2000,6,0.001,25,25,minibatch,675,0.04295912346001126,0.0009227431442262449,0.019696454529539442,0.011635884179232392,0.019696454529539442
30,20,302125,0.5,0.1,0.02,1.0,0.5,2000,6,0.001,25,25,minibatch,700,0.04256563219685286,0.0009059165221588784,0.019689093286389736,0.011629441595993606,0.019689093286389736
30,20,302125,0.5,0.1,0.02,1.0,0.5,2000,6,0.001,25,25,minibatch,725,0.0421718875882659,0.0008892340513786677,0.019679038285865147,0.011624333427827871,0.019679038285865147
30,20,302125,0.5,0.1,0.02,1.0,0.5,2000,6,0.001,25,25,minibatch,750,0.041802188471301634,0.0008737114804951116,0.01967118876485352,0.011620315786805557,0.01967118876485352
30,20,302125,0.5,0.1,0.02,1.0,0.5,2000,6,0.001,25,25,minibatch,775,0.04142226965224973,0.0008579022115718445,0.019662855339425578,0.011613691752140054,0.019662855339425578
30,20,302125,0.5,0.1,0.02,1.0,0.5,2000,6,0.001,25,25,minibatch,800,0.041044068887446813,0.0008423077954187397,0.01965381716614112,0.011607741692597207,0.01965381716614112
30,20,302125,0.5,0.1,0.02,1.0,0.5,2000,6,0.001,25,25,minibatch,825,0.040665880427083585,0.0008268569154549299,0.01964474822239115,0.01160176122718054,0.01964474822239115
30,20,302125,0.5,0.1,0.02,1.0,0.5,2000,6,0.001,25,25,minibatch,850,0.04034097126383629,0.0008136969812548326,0.019637435059806196,0.01159650743231172,0.019637435059806196
30,20,302125,0.5,0.1,0.02,1.0,0.5,2000,6,0.001,25,25,minibatch,875,0.039999628894748895,0.0007999851558588153,0.019628999763774135,0.011591043843887705,0.019628999763774135
30,20,302125,0.5,0.1,0.02,1.0,0.5,2000,6,0.001,25,25,minibatch,900,0.03966454828049503,0.0007866381951478606,0.019623430552282495,0.011586318623677982,0.019623430552282495
30,20,302125,0.5,0.1,0.02,1.0,0.5,2000,6,0.001,25,25,minibatch,925,0.03933947000911942,0.0007737969502992032,0.01961644235017762,0.011582386137533596,0.01961644235017762
30,20,302125,0.5,0.1,0.02,1.0,0.5,2000,6,0.001,25,25,minibatch,950,0.039005843289895904,0.0007607279053779587,0.019609156312352494,0.011577714377802861,0.019609156312352494
30,20,302125,0.5,0.1,0.02,1.0,0.5,2000,6,0.001,25,25,minibatch,975,0.03867901559459263,0.0007480331236833699,0.019601988400443138,0.011573197809154168,0.019601988400443138
30,20,302125,0.5,0.1,0.02,1.0,0.5,2000,6,0.001,25,25,minibatch,1000,0.0383864320720214,0.0007367590836099567,0.019595418526908936,0.01156977178095464,0.019595418526908936
30,20,302125,0.5,0.1,0.02,1.0,0.5,2000,6,0.001,25,25,minibatch,1025,0.03807035732648322,0.0007246760534830573,0.01958868271979014,0.011566249220883673,0.01958868271979014
30,20,302125,0.5,0.1,0.02,1.0,0.5,2000,6,0.001,25,25,minibatch,1050,0.03777663528270754,0.0007135370866413522,0.01958212326444425,0.011562499922136593,0.01958212326444425
30,20,302125,0.5,0.1,0.02,1.0,0.5,2000,6,0.001,25,25,minibatch,1075,0.03747992284311242,0.00070237230816283,0.019574533236639435,0.011558964431263918,0.019574533236639435
30,20,302125,0.5,0.1,0.02,1.0,0.5,2000,6,0.001,25,25,minibatch,1100,0.037184794725323794,0.0006913544793822341,0.019568187661493597,0.011555042131233206,0.019568187661493597
30,20,302125,0.5,0.1,0.02,1.0,0.5,2000,6,0.001,25,25,minibatch,1125,0.03689234342814897,0.0006805225018102432,0.01956159654351397,0.011551453185432381,0.01956159654351397
30,20,302125,0.5,0.1,0.02,1.0,0.5,2000,6,0.001,25,25,minibatch,1150,0.036633831665508605,0.0006710188112484105,0.019556181983780008,0.011547511402655086,0.019556181983780008
30,20,302125,0.5,0.1,0.02,1.0,0.5,2000,6,0.001,25,25,minibatch,1175,0.03635505286767716,0.0006608449345058006,0.019550105966480547,0.01154392958607886,0.019550105966480547
30,20,302125,0.5,0.1,0.02,1.0,0.5,2000,6,0.001,25,25,minibatch,1200,0.03609460687115843,0.0006514103225917387,0.019543681863857243,0.011540243358430624,0.019543681863857243
30,20,302125,0.5,0.1,0.02,1.0,0.5,2000,6,0.001,25,25,minibatch,1225,0.03585435789310153,0.0006427674899633059,0.019538346869580392,0.011536547952437415,0.019538346869580392
30,20,302125,0.5,0.1,0.02,1.0,0.5,2000,6,0.001,25,25,minibatch,1250,0.03559498852799922,0.0006335016041541981,0.019532891902389604,0.011533354844290356,0.019532891902389604
30,20,302125,0.5,0.1,0.02,1.0,0.5,2000,6,0.001,25,25,minibatch,1275,0.03535519447725921,0.00062499488826241,0.01952837173869243,0.011528868631014155,0.01952837173869243
30,20,302125,0.5,0.1,0.02,1.0,0.5,2000,6,0.001,25,25,minibatch,1300,0.03510958406527255,0.0006163414466182201,0.019523406369092777,0.011525245658929095,0.019523406369092777
30,20,302125,0.5,0.1,0.02,1.0,0.5,2000,6,0.001,25,25,minibatch,1325,0.0348671938924722,0.0006078606049676253,0.01951892624604773,0.011520907318387341,0.01951892624604773
30,20,302125,0.5,0.1,0.02,1.0,0.5,2000,6,0.001,25,25,minibatch,1350,0.03463118538095313,0.0005996595004449709,0.019513550468761465,0.011518251287500891,0.019513550468761465
30,20,302125,0.5,0.1,0.02,1.0,0.5,2000,6,0.001,25,25,minibatch,1375,0.03440629638760442,0.0005918966155558404,0.019510247784630175,0.01151391422633502,0.019510247784630175
30,20,302125,0.5,0.1,0.02,1.0,0.5,2000,6,0.001,25,25,minibatch,1400,0.034153600864121156,0.0005832342259928486,0.019505360393262283,0.011509857934645706,0.019505360393262283
30,20,302125,0.5,0.1,0.02,1.0,0.5,2000,6,0.001,25,25,minibatch,1425,0.03392395647657901,0.0005754174115124135,0.019501164134923754,0.011507295575270582,0.019501164134923754
30,20,302125,0.5,0.1,0.02,1.0,0.5,2000,6,0.001,25,25,minibatch,1450,0.033710402350825765,0.0005681956133272797,0.019497462969417123,0.01150323404703435,0.019497462969417123
30,20,302125,0.5,0.1,0.02,1.0,0.5,2000,6,0.001,25,25,minibatch,1475,0.03348194584104986,0.0005605203486514981,0.019491972699261007,0.011500163421219955,0.019491972699261007
30,20,302125,0.5,0.1,0.02,1.0,0.5,2000,6,0.001,25,25,minibatch,1500,0.03326060012674556,0.0005531337603956334,0.01948809860315559,0.011497198715253787,0.01948809860315559
30,20,302125,0.5,0.1,0.02,1.0,0.5,2000,6,0.001,25,25,minibatch,1525,0.033047701275425244,0.0005460752797948717,0.019482731073290127,0.01149538062365646,0.019482731073290127
30,20,302125,0.5,0.1,0.02,1.0,0.5,2000,6,0.001,25,25,minibatch,1550,0.03283332065943583,0.0005390134727626679,0.019479885009308473,0.011493043816320825,0.019479885009308473
30,20,302125,0.5,0.1,0.02,1.0,0.5,2000,6,0.001,25,25,minibatch,1575,0.03263029655668686,0.0005323681266886652,0.019475527566720607,0.011490502473006592,0.019475527566720607
30,20,302125,0.5,0.1,0.02,1.0,0.5,2000,6,0.001,25,25,minibatch,1600,0.03243644836657772,0.0005260615913188312,0.019472511896714118,0.011487509633558601,0.019472511896714118
30,20,302125,0.5,0.1,0.02,1.0,0.5,2000,6,0.001,25,25,minibatch,1625,0.03223785456969679,0.0005196396336284602,0.019469247022348424,0.011484606561953103,0.019469247022348424
30,20,302125,0.5,0.1,0.02,1.0,0.5,2000,6,0.001,25,25,minibatch,1650,0.03203589301631454,0.0005131492206763755,0.019465331281680487,0.01148186367819043,0.019465331281680487
30,20,302125,0.5,0.1,0.02,1.0,0.5,2000,6,0.001,25,25,minibatch,1675,0.03184714103081764,0.0005071201959183943,0.019461642348300168,0.011479174322442665,0.019461642348300168
30,20,302125,0.5,0.1,0.02,1.0,0.5,2000,6,0.001,25,25,minibatch,1700,0.03165376753929321,0.0005009804997158061,0.019458765044196358,0.01147614566558569,0.019458765044196358
30,20,302125,0.5,0.1,0.02,1.0,0.5,2000,6,0.001,25,25,minibatch,1725,0.031459628492608395,0.000494854112446469,0.019454877411509808,0.011473361390030079,0.019454877411509808
30,20,302125,0.5,0.1,0.02,1.0,0.5,2000,6,0.001,25,25,minibatch,1750,0.031280121871960456,0.0004892230121623495,0.01945186237426949,0.011470837459032934,0.01945186237426949
30,20,302125,0.5,0.1,0.02,1.0,0.5,2000,6,0.001,25,25,minibatch,1775,0.03107918958076275,0.00048295801249849596,0.01944706853283762,0.011468635427486218,0.01944706853283762
30,20,302125,0.5,0.1,0.02,1.0,0.5,2000,6,0.001,25,25,minibatch,1800,0.030897549277306455,0.0004773292756717903,0.019444300991468932,0.01146588488474265,0.019444300991468932
30,20,302125,0.5,0.1,0.02,1.0,0.5,2000,6,0.001,25,25,minibatch,1825,0.030712776523966617,0.0004716373209055575,0.01944011323320427,0.011462607688552229,0.01944011323320427
30,20,302125,0.5,0.1,0.02,1.0,0.5,2000,6,0.001,25,25,minibatch,1850,0.030536381676449165,0.00046623530294489016,0.019436274571753898,0.011460527248678243,0.019436274571753898
30,20,302125,0.5,0.1,0.02,1.0,0.5,2000,6,0.001,25,25,minibatch,1875,0.030356686693195918,0.00046076421349442907,0.0194325229958785,0.01145769808830338,0.0194325229958785
30,20,302125,0.5,0.1,0.02,1.0,0.5,2000,6,0.001,25,25,minibatch,1900,0.03017944153410825,0.000455399345655329,0.01942839407044966,0.011455795873780983,0.01942839407044966
30,20,302125,0.5,0.1,0.02,1.0,0.5,2000,6,0.001,25,25,minibatch,1925,0.030018542021424316,0.00045055643254600874,0.019424514026937012,0.011453699586971622,0.019424514026937012
30,20,302125,0.5,0.1,0.02,1.0,0.5,2000,6,0.001,25,25,minibatch,1950,0.02983559665921798,0.00044508141400576956,0.019420933814342067,0.011451868576467017,0.019420933814342067
30,20,302125,0.5,0.1,0.02,1.0,0.5,2000,6,0.001,25,25,minibatch,1975,0.029646113988805924,0.00043944603731863713,0.019417774923138842,0.011448536446436453,0.019417774923138842
30,20,302125,0.5,0.1,0.02,1.0,0.5,2000,6,0.001,25,25,minibatch,2000,0.029483321146776768,0.00043463311292198705,0.01941451630315222,0.01144623519347937,0.01941451630315222
100,20,1002123,0.5,0.1,0.02,1.0,0.5,2000,10,0.001,25,25,full_batch,0,0.04206215224019489,0.000884612325538666,0.00940034226682579,0.00940034226682579,0.003913588771301324
100,20,1002123,0.5,0.1,0.02,1.0,0.5,2000,10,0.001,25,25,full_batch,25,0.03843707542019592,0.0007387043834289147,0.009335501213367625,0.009335501213367625,0.0038909008478789087
100,20,1002123,0.5,0.1,0.02,1.0,0.5,2000,10,0.001,25,25,full_batch,50,0.03682692571510886,0.000678111228813073,0.009306887404788189,0.009306887404788189,0.003881033907562559
100,20,1002123,0.5,0.1,0.02,1.0,0.5,2000,10,0.001,25,25,full_batch,75,0.03563479305050535,0.0006349192378761722,0.009285739751202504,0.009285739751202504,0.0038738007727313617
100,20,1002123,0.5,0.1,0.02,1.0,0.5,2000,10,0.001,25,25,full_batch,100,0.034659217767331704,0.0006006306881216609,0.009268458105542277,0.009268458105542277,0.0038678235077291845
100,20,1002123,0.5,0.1,0.02,1.0,0.5,2000,10,0.001,25,25,full_batch,125,0.03382171072346668,0.0005719540581309305,0.009253640157012466,0.009253640157012466,0.0038626708427579315
100,20,1002123,0.5,0.1,0.02,1.0,0.5,2000,10,0.001,25,25,full_batch,150,0.03308195464818015,0.0005472078616721241,0.009240565735037398,0.009240565735037398,0.0038581029977352577
100,20,1002123,0.5,0.1,0.02,1.0,0.5,2000,10,0.001,25,25,full_batch,175,0.032415996338087276,0.0005253984092954438,0.009228807059514899,0.009228807059514899,0.0038539156050948487
100,20,1002123,0.5,0.1,0.02,1.0,0.5,2000,10,0.001,25,25,full_batch,200,0.03180823779856651,0.0005058819959250776,0.009218085620679883,0.009218085620679883,0.0038499981933514116
100,20,1002123,0.5,0.1,0.02,1.0,0.5,2000,10,0.001,25,25,full_batch,225,0.031247854907108782,0.0004882142181478612,0.009208208185909783,0.009208208185909783,0.0038463533540722405
100,20,1002123,0.5,0.1,0.02,1.0,0.5,2000,10,0.001,25,25,full_batch,250,0.030726976011495176,0.0004720735274055,0.009199034256973104,0.009199034256973104,0.0038429372673619566
100,20,1002123,0.5,0.1,0.02,1.0,0.5,2000,10,0.001,25,25,full_batch,275,0.030239666592343842,0.0004572187178080581,0.009190457930773221,0.009190457930773221,0.003839716768872403
100,20,1002123,0.5,0.1,0.02,1.0,0.5,2000,10,0.001,25,25,full_batch,300,0.02978132276436635,0.0004434635927976827,0.009182397065063352,0.009182397065063352,0.003836666032956293
100,20,1002123,0.5,0.1,0.02,1.0,0.5,2000,10,0.001,25,25,full_batch,325,0.029348288849194284,0.0004306610291878708,0.009174786447503969,0.009174786447503969,0.00383376447708339
100,20,1002123,0.5,0.1,0.02,1.0,0.5,2000,10,0.001,25,25,full_batch,350,0.02893760549024654,0.00041869250575457333,0.009167573296865072,0.009167573296865072,0.003831002353124502
100,20,1002123,0.5,0.1,0.02,1.0,0.5,2000,10,0.001,25,25,full_batch,375,0.02854683768025649,0.00040746097077145585,0.009160714191776387,0.009160714191776387,0.0038285627784554466
100,20,1002123,0.5,0.1,0.02,1.0,0.5,2000,10,0.001,25,25,full_batch,400,0.02817395375566311,0.00039688583511312175,0.009154172909881686,0.009154172909881686,0.0038262428942794635
100,20,1002123,0.5,0.1,0.02,1.0,0.5,2000,10,0.001,25,25,full_batch,425,0.02781723803950274,0.0003868993660731791,0.009147918867999982,0.009147918867999982,0.0038240275867363893
100,20,1002123,0.5,0.1,0.02,1.0,0.5,2000,10,0.001,25,25,full_batch,450,0.027475226365045104,0.0003774440319052348,0.009141925970942322,0.009141925970942322,0.003821907250326939
100,20,1002123,0.5,0.1,0.02,1.0,0.5,2000,10,0.001,25,25,full_batch,475,0.027146657560820523,0.000368470508362227,0.009136171745383503,0.009136171745383503,0.003819864157744046
100,20,1002123,0.5,0.1,0.02,1.0,0.5,2000,10,0.001,25,25,full_batch,500,0.026830436321591777,0.0003599361566034956,0.009130656070338583,0.009130656070338583,0.003817893372586312
100,20,1002123,0.5,0.1,0.02,1.0,0.5,2000,10,0.001,25,25,full_batch,525,0.026525604362915307,0.00035180384340895577,0.009125370779081654,0.009125370779081654,0.0038159921409303132
100,20,1002123,0.5,0.1,0.02,1.0,0.5,2000,10,0.001,25,25,full_batch,550,0.026231317708601185,0.0003440410143647871,0.009120269570700779,0.009120269570700779,0.0038141553205400802
100,20,1002123,0.5,0.1,0.02,1.0,0.5,2000,10,0.001,25,25,full_batch,575,0.02594682859039482,0.0003366189569496651,0.009115339377126053,0.009115339377126053,0.0038123783556361923
100,20,1002123,0.5,0.1,0.02,1.0,0.5,2000,10,0.001,25,25,full_batch,600,0.025671470865470086,0.0003295122081983397,0.009110568557128496,0.009110568557128496,0.0038106571879563678
100,20,1002123,0.5,0.1,0.02,1.0,0.5,2000,10,0.001,25,25,full_batch,625,0.025404648151427064,0.0003226980738489033,0.009105946688899247,0.009105946688899247,0.003808988184393347
100,20,1002123,0.5,0.1,0.02,1.0,0.5,2000,10,0.001,25,25,full_batch,650,0.02514582408503422,0.00031615623445774353,0.009101464399757286,0.009101464399757286,0.0038073680775944085
100,20,1002123,0.5,0.1,0.02,1.0,0.5,2000,10,0.001,25,25,full_batch,675,0.024894514258351323,0.00030986842007962867,0.009097113225181253,0.009097113225181253,0.0038057939167908117
100,20,1002123,0.5,0.1,0.02,1.0,0.5,2000,10,0.001,25,25,full_batch,700,0.024650279492607785,0.00030381813953183994,0.009092885491226832,0.009092885491226832,0.0038042630267904887
100,20,1002123,0.5,0.1,0.02,1.0,0.5,2000,10,0.001,25,25,full_batch,725,0.024412720188551524,0.0002979904535022556,0.009088774215765316,0.009088774215765316,0.003802772973534374
100,20,1002123,0.5,0.1,0.02,1.0,0.5,2000,10,0.001,25,25,full_batch,750,0.024181471550194178,0.0002923717831664252,0.009084773024989223,0.009084773024989223,0.0038013215349832485
100,20,1002123,0.5,0.1,0.02,1.0,0.5,2000,10,0.001,25,25,full_batch,775,0.02395619952261901,0.0002869497477837657,0.00908087608240199,0.00908087608240199,0.0037999066763545475
100,20,1002123,0.5,0.1,0.02,1.0,0.5,2000,10,0.001,25,25,full_batch,800,0.023736597317753103,0.0002817130261125819,0.00907707802808555,0.00907707802808555,0.0037985265289490755
100,20,1002123,0.5,0.1,0.02,1.0,0.5,2000,10,0.001,25,25,full_batch,825,0.02352238242747836,0.00027665123753227135,0.00907337392648816,0.00907337392648816,0.003797179371948345
100,20,1002123,0.5,0.1,0.02,1.0,0.5,2000,10,0.001,25,25,full_batch,850,0.023313294043181127,0.0002717548395719123,0.009069759221316087,0.009069759221316087,0.0037958636166884885
100,20,1002123,0.5,0.1,0.02,1.0,0.5,2000,10,0.001,25,25,full_batch,875,0.023109090816237715,0.00026701503917656114,0.009066229696388206,0.009066229696388206,0.0037945777930139535
100,20,1002123,0.5,0.1,0.02,1.0,0.5,2000,10,0.001,25,25,full_batch,900,0.02290954890603667,0.000262423715539043,0.009062781441512846,0.009062781441512846,0.0037933205373849033
100,20,1002123,0.5,0.1,0.02,1.0,0.5,2000,10,0.001,25,25,full_batch,925,0.022714460271750645,0.00025797335271846917,0.009059410822630454,0.009059410822630454,0.003792090582469876
100,20,1002123,0.5,0.1,0.02,1.0,0.5,2000,10,0.001,25,25,full_batch,950,0.022523631171722104,0.00025365698057988584,0.009056114455581021,0.009056114455581021,0.003790886748002209
100,20,1002123,0.5,0.1,0.02,1.0,0.5,2000,10,0.001,25,25,full_batch,975,0.022336880840491635,0.00024946812284116116,0.009052889182981139,0.009052889182981139,0.003789707932723707
100,20,1002123,0.5,0.1,0.02,1.0,0.5,2000,10,0.001,25,25,full_batch,1000,0.02215404031847575,0.00024540075121632455,0.009049732053766024,0.009049732053766024,0.003788553107252457
100,20,1002123,0.5,0.1,0.02,1.0,0.5,2000,10,0.001,25,25,full_batch,1025,0.021974951413343883,0.00024144924480941216,0.009046640305035769,0.009046640305035769,0.003787421307759553
100,20,1002123,0.5,0.1,0.02,1.0,0.5,2000,10,0.001,25,25,full_batch,1050,0.021799465775464502,0.00023760835404782406,0.009043611345895042,0.009043611345895042,0.003786311630336714
100,20,1002123,0.5,0.1,0.02,1.0,0.5,2000,10,0.001,25,25,full_batch,1075,0.021627444072500345,0.00023387316855456516,0.009040642743025573,0.009040642743025573,0.003785223225969969
100,20,1002123,0.5,0.1,0.02,1.0,0.5,2000,10,0.001,25,25,full_batch,1100,0.02145875525048907,0.00023023908845019612,0.00903775256438405,0.00903775256438405,0.003784155296038594
100,20,1002123,0.5,0.1,0.02,1.0,0.5,2000,10,0.001,25,25,full_batch,1125,0.021293275870614865,0.00022670179865105463,0.009034933809575652,0.009034933809575652,0.003783107088278337
100,20,1002123,0.5,0.1,0.02,1.0,0.5,2000,10,0.001,25,25,full_batch,1150,0.021130889512416814,0.00022325724579298344,0.009032168262156526,0.009032168262156526,0.0037820778931455523
100,20,1002123,0.5,0.1,0.02,1.0,0.5,2000,10,0.001,25,25,full_batch,1175,0.020971486235510282,0.00021990161746309863,0.009029454026427242,0.009029454026427242,0.003781067040541486
100,20,1002123,0.5,0.1,0.02,1.0,0.5,2000,10,0.001,25,25,full_batch,1200,0.02081496209296287,0.0002166313234657406,0.009026789310099648,0.009026789310099648,0.0037800738968475356
100,20,1002123,0.5,0.1,0.02,1.0,0.5,2000,10,0.001,25,25,full_batch,1225,0.020661218690414703,0.00021344297888657094,0.009024172416688347,0.009024172416688347,0.0037790978622430638
100,20,1002123,0.5,0.1,0.02,1.0,0.5,2000,10,0.001,25,25,full_batch,1250,0.02051016278580812,0.0002103333887501741,0.009021601738602003,0.009021601738602003,0.0037781383682670144
100,20,1002123,0.5,0.1,0.02,1.0,0.5,2000,10,0.001,25,25,full_batch,1275,0.02036170592525642,0.00020729953409331123,0.00901907575086075,0.00901907575086075,0.0037771971235772694
100,20,1002123,0.5,0.1,0.02,1.0,0.5,2000,10,0.001,25,25,full_batch,1300,0.020215764111153,0.00020433855929889085,0.00901659300536739,0.00901659300536739,0.003776279859743603
100,20,1002123,0.5,0.1,0.02,1.0,0.5,2000,10,0.001,25,25,full_batch,1325,0.020072257499110867,0.0002014477605553062,0.009014152125678243,0.009014152125678243,0.003775377912817346
100,20,1002123,0.5,0.1,0.02,1.0,0.5,2000,10,0.001,25,25,full_batch,1350,0.01993111012073415,0.00019862457532241563,0.009011751802218249,0.009011751802218249,0.0037744908049051062
100,20,1002123,0.5,0.1,0.02,1.0,0.5,2000,10,0.001,25,25,full_batch,1375,0.019792249629593497,0.00019586657270007196,0.009009390787898641,0.009009390787898641,0.0037736180808910502
100,20,1002123,0.5,0.1,0.02,1.0,0.5,2000,10,0.001,25,25,full_batch,1400,0.01965560706807652,0.0001931714446073098,0.009007067894091336,0.009007067894091336,0.003772759306971407
100,20,1002123,0.5,0.1,0.02,1.0,0.5,2000,10,0.001,25,25,full_batch,1425,0.019521116653062446,0.000190536997691236,0.009004781986933108,0.009004781986933108,0.003771914069306992
100,20,1002123,0.5,0.1,0.02,1.0,0.5,2000,10,0.001,25,25,full_batch,1450,0.01938871557860482,0.00018796114589401665,0.009002531983918705,0.009002531983918705,0.003771081972783641
100,20,1002123,0.5,0.1,0.02,1.0,0.5,2000,10,0.001,25,25,full_batch,1475,0.01925834383399895,0.0001854419036142627,0.00900031685076258,0.00900031685076258,0.003770262639867572
100,20,1002123,0.5,0.1,0.02,1.0,0.5,2000,10,0.001,25,25,full_batch,1500,0.019129944035806812,0.0001829773794065503,0.008998135598498325,0.008998135598498325,0.003769455709549785
100,20,1002123,0.5,0.1,0.02,1.0,0.5,2000,10,0.001,25,25,full_batch,1525,0.019003461272547893,0.0001805657701686138,0.008995987280802198,0.008995987280802198,0.0037686608363690643
100,20,1002123,0.5,0.1,0.02,1.0,0.5,2000,10,0.001,25,25,full_batch,1550,0.018878842960918768,0.00017820535577151605,0.008993870991508057,0.008993870991508057,0.003767877689508592
100,20,1002123,0.5,0.1,0.02,1.0,0.5,2000,10,0.001,25,25,full_batch,1575,0.018756038712511174,0.0001758944940926089,0.00899178586231153,0.00899178586231153,0.0037671059519581718
100,20,1002123,0.5,0.1,0.02,1.0,0.5,2000,10,0.001,25,25,full_batch,1600,0.018635000210112107,0.00017363161641543914,0.008989731060632722,0.008989731060632722,0.003766345319735076
100,20,1002123,0.5,0.1,0.02,1.0,0.5,2000,10,0.001,25,25,full_batch,1625,0.018515681092759764,0.0001714152231643907,0.008987705787633138,0.008987705787633138,0.003765595501162844
100,20,1002123,0.5,0.1,0.02,1.0,0.5,2000,10,0.001,25,25,full_batch,1650,0.018398036848811312,0.00016924387994510945,0.008985709276372045,0.008985709276372045,0.0037648562161975985
100,20,1002123,0.5,0.1,0.02,1.0,0.5,2000,10,0.001,25,25,full_batch,1675,0.018282024716353863,0.00016711621386468676,0.00898374079008718,0.00898374079008718,0.003764127195802547
100,20,1002123,0.5,0.1,0.02,1.0,0.5,2000,10,0.001,25,25,full_batch,1700,0.018167603590353347,0.00016503091010810993,0.0089817996205932,0.0089817996205932,0.003763408181364447
100,20,1002123,0.5,0.1,0.02,1.0,0.5,2000,10,0.001,25,25,full_batch,1725,0.018054733935994074,0.00016298670874976802,0.008979885086784822,0.008979885086784822,0.0037626989241477116
100,20,1002123,0.5,0.1,0.02,1.0,0.5,2000,10,0.001,25,25,full_batch,1750,0.01794337770771511,0.00016098240178086376,0.00897799653324255,0.00897799653324255,0.0037619991847855916
100,20,1002123,0.5,0.1,0.02,1.0,0.5,2000,10,0.001,25,25,full_batch,1775,0.017833498273491125,0.00015901683033530547,0.008976133328923774,0.008976133328923774,0.00376130873280367
100,20,1002123,0.5,0.1,0.02,1.0,0.5,2000,10,0.001,25,25,full_batch,1800,0.017725060343953797,0.00015708888209840175,0.008974294865941645,0.008974294865941645,0.003760627346175216
100,20,1002123,0.5,0.1,0.02,1.0,0.5,2000,10,0.001,25,25,full_batch,1825,0.017618029905979216,0.000155197488883989,0.008972480558418261,0.008972480558418261,0.0037599548109020775
100,20,1002123,0.5,0.1,0.02,1.0,0.5,2000,10,0.001,25,25,full_batch,1850,0.017512374160406158,0.00015334162436703063,0.008970689841409751,0.008970689841409751,0.0037592909206246583
100,20,1002123,0.5,0.1,0.02,1.0,0.5,2000,10,0.001,25,25,full_batch,1875,0.017408061463572797,0.00015152030195976414,0.00896892216990014,0.00896892216990014,0.0037586354762515484
100,20,1002123,0.5,0.1,0.02,1.0,0.5,2000,10,0.001,25,25,full_batch,1900,0.017305061272395752,0.00014973257282068563,0.008967177017849881,0.008967177017849881,0.003757988285617131
100,20,1002123,0.5,0.1,0.02,1.0,0.5,2000,10,0.001,25,25,full_batch,1925,0.01720334409272953,0.00014797752398642604,0.008965453877307683,0.008965453877307683,0.0037573491631541778
100,20,1002123,0.5,0.1,0.02,1.0,0.5,2000,10,0.001,25,25,full_batch,1950,0.017102881430773584,0.00014625427661754992,0.008963752257572621,0.008963752257572621,0.003756717929590647
100,20,1002123,0.5,0.1,0.02,1.0,0.5,2000,10,0.001,25,25,full_batch,1975,0.01700364574730877,0.00014456198434998583,0.00896207168440194,0.00896207168440194,0.0037560944116589168
100,20,1002123,0.5,0.1,0.02,1.0,0.5,2000,10,0.001,25,25,full_batch,2000,0.016905610414568412,0.000142899831744582,0.008960411699269866,0.008960411699269866,0.0037554784418279974
100,20,1002123,0.5,0.1,0.02,1.0,0.5,2000,10,0.001,25,25,minibatch,0,0.04206215224019489,0.000884612325538666,0.00940034226682579,0.00940034226682579,0.003913588771301324
100,20,1002123,0.5,0.1,0.02,1.0,0.5,2000,10,0.001,25,25,minibatch,25,0.03839333293558132,0.0007370240069511967,0.009333246453773592,0.009333246453773592,0.0038894247002296822
100,20,1002123,0.5,0.1,0.02,1.0,0.5,2000,10,0.001,25,25,minibatch,50,0.03677223854382041,0.0006760987637618157,0.009303694185841649,0.009303694185841649,0.00387830929615407
100,20,1002123,0.5,0.1,0.02,1.0,0.5,2000,10,0.001,25,25,minibatch,75,0.03563596234392792,0.0006349609060889244,0.009282969878204095,0.009282969878204095,0.003871347440471906
100,20,1002123,0.5,0.1,0.02,1.0,0.5,2000,10,0.001,25,25,minibatch,100,0.0346858227721579,0.0006015531506907737,0.00926541899671035,0.00926541899671035,0.003865589195697461
100,20,1002123,0.5,0.1,0.02,1.0,0.5,2000,10,0.001,25,25,minibatch,125,0.033842796973925046,0.0005726674535091552,0.009250342572301284,0.009250342572301284,0.0038606758608085157
100,20,1002123,0.5,0.1,0.02,1.0,0.5,2000,10,0.001,25,25,minibatch,150,0.03311784315446071,0.00054839576760173,0.009238145422005906,0.009238145422005906,0.003856823540897558
100,20,1002123,0.5,0.1,0.02,1.0,0.5,2000,10,0.001,25,25,minibatch,175,0.032463559159483464,0.0005269413366506413,0.009227160540761947,0.009227160540761947,0.0038530137885386395
100,20,1002123,0.5,0.1,0.02,1.0,0.5,2000,10,0.001,25,25,minibatch,200,0.03186839083341513,0.0005077971671556489,0.009216742612557838,0.009216742612557838,0.0038498245957303556
100,20,1002123,0.5,0.1,0.02,1.0,0.5,2000,10,0.001,25,25,minibatch,225,0.03131315292570342,0.0004902567730742444,0.009206492286826518,0.009206492286826518,0.0038461549904683645
100,20,1002123,0.5,0.1,0.02,1.0,0.5,2000,10,0.001,25,25,minibatch,250,0.030780431796664332,0.0004737174907945523,0.009196949197199544,0.009196949197199544,0.003842623982991067
100,20,1002123,0.5,0.1,0.02,1.0,0.5,2000,10,0.001,25,25,minibatch,275,0.030284576071504216,0.0004585777739153629,0.009188251751668597,0.009188251751668597,0.003839205693562442
100,20,1002123,0.5,0.1,0.02,1.0,0.5,2000,10,0.001,25,25,minibatch,300,0.029829380954644717,0.0004448959840686605,0.009180301342942121,0.009180301342942121,0.0038356649076639604
100,20,1002123,0.5,0.1,0.02,1.0,0.5,2000,10,0.001,25,25,minibatch,325,0.029391935634661547,0.0004319429401760436,0.00917319243041359,0.00917319243041359,0.0038332646323034902
100,20,1002123,0.5,0.1,0.02,1.0,0.5,2000,10,0.001,25,25,minibatch,350,0.028966738167573836,0.0004195359600343894,0.009165973008008976,0.009165973008008976,0.003830466423074941
100,20,1002123,0.5,0.1,0.02,1.0,0.5,2000,10,0.001,25,25,minibatch,375,0.028582993457310996,0.0004084937574903416,0.009158809304674775,0.009158809304674775,0.0038285150537378243
100,20,1002123,0.5,0.1,0.02,1.0,0.5,2000,10,0.001,25,25,minibatch,400,0.028220995268227498,0.0003982122869646594,0.009152469186834156,0.009152469186834156,0.003825631293235765
100,20,1002123,0.5,0.1,0.02,1.0,0.5,2000,10,0.001,25,25,minibatch,425,0.027857771681800002,0.00038802772153764906,0.00914598594917021,0.00914598594917021,0.0038234764810565203
100,20,1002123,0.5,0.1,0.02,1.0,0.5,2000,10,0.001,25,25,minibatch,450,0.027509447934357997,0.00037838486282657673,0.0091401815127099,0.0091401815127099,0.0038213174326848787
100,20,1002123,0.5,0.1,0.02,1.0,0.5,2000,10,0.001,25,25,minibatch,475,0.02717811954107326,0.00036932509089443406,0.00913431717292984,0.00913431717292984,0.0038193078551822524
100,20,1002123,0.5,0.1,0.02,1.0,0.5,2000,10,0.001,25,25,minibatch,500,0.026862022052090578,0.00036078411436350023,0.00912887324621442,0.00912887324621442,0.003816884589918468
100,20,1002123,0.5,0.1,0.02,1.0,0.5,2000,10,0.001,25,25,minibatch,525,0.02652498391898488,0.00035178738595120323,0.009123209970582524,0.009123209970582524,0.0038151792353657843
100,20,1002123,0.5,0.1,0.02,1.0,0.5,2000,10,0.001,25,25,minibatch,550,0.026243503856074258,0.00034436074732189224,0.009118884302236396,0.009118884302236396,0.003813128730027593
100,20,1002123,0.5,0.1,0.02,1.0,0.5,2000,10,0.001,25,25,minibatch,575,0.025960382543878138,0.0003369707309122464,0.009113979079216794,0.009113979079216794,0.0038117832923193484
100,20,1002123,0.5,0.1,0.02,1.0,0.5,2000,10,0.001,25,25,minibatch,600,0.025684604571086858,0.00032984945598654795,0.009109178420584063,0.009109178420584063,0.0038098097511916063
100,20,1002123,0.5,0.1,0.02,1.0,0.5,2000,10,0.001,25,25,minibatch,625,0.02541595559711316,0.0003229853994572139,0.00910448403426789,0.00910448403426789,0.0038081832221767975
100,20,1002123,0.5,0.1,0.02,1.0,0.5,2000,10,0.001,25,25,minibatch,650,0.025158952283394025,0.00031648643999904874,0.009099980358674209,0.009099980358674209,0.0038064858945687785
100,20,1002123,0.5,0.1,0.02,1.0,0.5,2000,10,0.001,25,25,minibatch,675,0.0248995047783548,0.00030999266910365674,0.009095399101221424,0.009095399101221424,0.003804614917764959
100,20,1002123,0.5,0.1,0.02,1.0,0.5,2000,10,0.001,25,25,minibatch,700,0.024640446209166812,0.0003035757946934216,0.009090886747752547,0.009090886747752547,0.0038030659193697414
100,20,1002123,0.5,0.1,0.02,1.0,0.5,2000,10,0.001,25,25,minibatch,725,0.024417036332787686,0.000298095831638337,0.009087544519919555,0.009087544519919555,0.0038014710278295727
100,20,1002123,0.5,0.1,0.02,1.0,0.5,2000,10,0.001,25,25,minibatch,750,0.024188105486778973,0.0002925322235197735,0.00908398057805021,0.00908398057805021,0.003800139053956042
100,20,1002123,0.5,0.1,0.02,1.0,0.5,2000,10,0.001,25,25,minibatch,775,0.02396562726485919,0.00028717564509908106,0.009080195396810653,0.009080195396810653,0.0037984609574015504
100,20,1002123,0.5,0.1,0.02,1.0,0.5,2000,10,0.001,25,25,minibatch,800,0.023738651417608527,0.00028176178556336366,0.009076471130408381,0.009076471130408381,0.0037968408786326346
100,20,1002123,0.5,0.1,0.02,1.0,0.5,2000,10,0.001,25,25,minibatch,825,0.023525878994712333,0.0002767334912369235,0.009072795922823562,0.009072795922823562,0.0037955718345781264
100,20,1002123,0.5,0.1,0.02,1.0,0.5,2000,10,0.001,25,25,minibatch,850,0.023318498715127797,0.00027187619116370834,0.00906950256116551,0.00906950256116551,0.0037942919745227455
100,20,1002123,0.5,0.1,0.02,1.0,0.5,2000,10,0.001,25,25,minibatch,875,0.02312069810065616,0.00026728334033084266,0.009066218382849267,0.009066218382849267,0.0037931574093065246
100,20,1002123,0.5,0.1,0.02,1.0,0.5,2000,10,0.001,25,25,minibatch,900,0.022930187841312892,0.0002628967572189468,0.009063028013405028,0.009063028013405028,0.003792259141724208
100,20,1002123,0.5,0.1,0.02,1.0,0.5,2000,10,0.001,25,25,minibatch,925,0.022739795486879648,0.000258549149392556,0.009059606078467619,0.009059606078467619,0.003791133781356426
100,20,1002123,0.5,0.1,0.02,1.0,0.5,2000,10,0.001,25,25,minibatch,950,0.022543353446450445,0.0002541013923057946,0.009056224754847242,0.009056224754847242,0.003789720604807645
100,20,1002123,0.5,0.1,0.02,1.0,0.5,2000,10,0.001,25,25,minibatch,975,0.0223603943192897,0.0002499936170570616,0.009052895768687619,0.009052895768687619,0.003788867545690855
100,20,1002123,0.5,0.1,0.02,1.0,0.5,2000,10,0.001,25,25,minibatch,1000,0.022176639727021347,0.0002459016747910507,0.00905014749380012,0.00905014749380012,0.003787774673487787
100,20,1002123,0.5,0.1,0.02,1.0,0.5,2000,10,0.001,25,25,minibatch,1025,0.021998935774070805,0.00024197658759584611,0.00904758146400636,0.00904758146400636,0.0037863081574116553
100,20,1002123,0.5,0.1,0.02,1.0,0.5,2000,10,0.001,25,25,minibatch,1050,0.02182680610958695,0.00023820473247275112,0.009044967868454046,0.009044967868454046,0.0037849711972512967
100,20,1002123,0.5,0.1,0.02,1.0,0.5,2000,10,0.001,25,25,minibatch,1075,0.021651166440862922,0.0002343865041249744,0.009042091018982013,0.009042091018982013,0.0037837890672608454
100,20,1002123,0.5,0.1,0.02,1.0,0.5,2000,10,0.001,25,25,minibatch,1100,0.021479498432290127,0.00023068442645137702,0.00903922937082935,0.00903922937082935,0.0037826198465354954
100,20,1002123,0.5,0.1,0.02,1.0,0.5,2000,10,0.001,25,25,minibatch,1125,0.02131711980286235,0.00022720979834479305,0.009036425389239211,0.009036425389239211,0.003781560008007112
100,20,1002123,0.5,0.1,0.02,1.0,0.5,2000,10,0.001,25,25,minibatch,1150,0.021164324640044207,0.00022396431873459118,0.009034152059725797,0.009034152059725797,0.0037807328904696513
100,20,1002123,0.5,0.1,0.02,1.0,0.5,2000,10,0.001,25,25,minibatch,1175,0.0210035894539444,0.0002205753849749222,0.009031367918171773,0.009031367918171773,0.0037796113989567726
100,20,1002123,0.5,0.1,0.02,1.0,0.5,2000,10,0.001,25,25,minibatch,1200,0.02085135776062048,0.00021738956023069396,0.00902878401171503,0.00902878401171503,0.003778922542707952
100,20,1002123,0.5,0.1,0.02,1.0,0.5,2000,10,0.001,25,25,minibatch,1225,0.02069753742468672,0.00021419402772315365,0.009026230230459342,0.009026230230459342,0.0037779042282859443
100,20,1002123,0.5,0.1,0.02,1.0,0.5,2000,10,0.001,25,25,minibatch,1250,0.02054455740831201,0.00021103941955171395,0.009023416308589827,0.009023416308589827,0.003777065186274964
100,20,1002123,0.5,0.1,0.02,1.0,0.5,2000,10,0.001,25,25,minibatch,1275,0.02038997517122948,0.00020787554374167733,0.009020483151752579,0.009020483151752579,0.003776058581357211
100,20,1002123,0.5,0.1,0.02,1.0,0.5,2000,10,0.001,25,25,minibatch,1300,0.020242678971209314,0.0002048830259657199,0.009017911652184352,0.009017911652184352,0.0037751972101980336
100,20,1002123,0.5,0.1,0.02,1.0,0.5,2000,10,0.001,25,25,minibatch,1325,0.020106798593854815,0.00020214167484692097,0.009015548123321615,0.009015548123321615,0.003774374278685433
100,20,1002123,0.5,0.1,0.02,1.0,0.5,2000,10,0.001,25,25,minibatch,1350,0.019972680600070666,0.00019945398517621956,0.00901333662803544,0.00901333662803544,0.0037734205364235995
100,20,1002123,0.5,0.1,0.02,1.0,0.5,2000,10,0.001,25,25,minibatch,1375,0.019846587243406866,0.0001969435126050801,0.009010986998369774,0.009010986998369774,0.0037729057198468974
100,20,1002123,0.5,0.1,0.02,1.0,0.5,2000,10,0.001,25,25,minibatch,1400,0.019700812160455123,0.00019406099989076821,0.009008490179331696,0.009008490179331696,0.0037718492593907804
100,20,1002123,0.5,0.1,0.02,1.0,0.5,2000,10,0.001,25,25,minibatch,1425,0.01956698062872553,0.0001914333654624601,0.009006182790240902,0.009006182790240902,0.003771132499253982
100,20,1002123,0.5,0.1,0.02,1.0,0.5,2000,10,0.001,25,25,minibatch,1450,0.019436030243156967,0.00018887963580645613,0.009003935637530713,0.009003935637530713,0.0037703700630909998
100,20,1002123,0.5,0.1,0.02,1.0,0.5,2000,10,0.001,25,25,minibatch,1475,0.019301071018619886,0.00018626567123290424,0.009001721065026502,0.009001721065026502,0.0037695810140673247
100,20,1002123,0.5,0.1,0.02,1.0,0.5,2000,10,0.001,25,25,minibatch,1500,0.019176591983473698,0.00018387084005031386,0.00899945271702357,0.00899945271702357,0.003769013247857056
100,20,1002123,0.5,0.1,0.02,1.0,0.5,2000,10,0.001,25,25,minibatch,1525,0.019045646351014123,0.0001813683224639488,0.008996858576309386,0.008996858576309386,0.0037681239609480555
100,20,1002123,0.5,0.1,0.02,1.0,0.5,2000,10,0.001,25,25,minibatch,1550,0.01890394467046546,0.00017867956205200973,0.008994384379965303,0.008994384379965303,0.003767328037419415
100,20,1002123,0.5,0.1,0.02,1.0,0.5,2000,10,0.001,25,25,minibatch,1575,0.01878241551677719,0.0001763895663224363,0.008992229651276828,0.008992229651276828,0.0037664912041752707
100,20,1002123,0.5,0.1,0.02,1.0,0.5,2000,10,0.001,25,25,minibatch,1600,0.018651813935177352,0.00017394508153623802,0.008990071718664006,0.008990071718664006,0.0037656689028082724
100,20,1002123,0.5,0.1,0.02,1.0,0.5,2000,10,0.001,25,25,minibatch,1625,0.018541240045991562,0.00017188879122154057,0.008988057735772936,0.008988057735772936,0.003765211667970614
100,20,1002123,0.5,0.1,0.02,1.0,0.5,2000,10,0.001,25,25,minibatch,1650,0.01843086501973191,0.0001698483926877887,0.008985947618989187,0.008985947618989187,0.003764485166139253
100,20,1002123,0.5,0.1,0.02,1.0,0.5,2000,10,0.001,25,25,minibatch,1675,0.01830320527071498,0.00016750366159096433,0.008983768062511166,0.008983768062511166,0.003763775705825645
100,20,1002123,0.5,0.1,0.02,1.0,0.5,2000,10,0.001,25,25,minibatch,1700,0.018178310801447127,0.00016522549179700464,0.008981852960175452,0.008981852960175452,0.0037630072418668448
100,20,1002123,0.5,0.1,0.02,1.0,0.5,2000,10,0.001,25,25,minibatch,1725,0.01806609111412285,0.00016319182407189428,0.008979686673312504,0.008979686673312504,0.0037622900801532744
100,20,1002123,0.5,0.1,0.02,1.0,0.5,2000,10,0.001,25,25,minibatch,1750,0.017953503514823416,0.00016116414422838836,0.008977678952402257,0.008977678952402257,0.0037614961413917625
100,20,1002123,0.5,0.1,0.02,1.0,0.5,2000,10,0.001,25,25,minibatch,1775,0.01784111607551177,0.00015915271140994226,0.008975770469100863,0.008975770469100863,0.0037607638893540907
100,20,1002123,0.5,0.1,0.02,1.0,0.5,2000,10,0.001,25,25,minibatch,1800,0.017744100426423416,0.00015742654997149983,0.008974145872045147,0.008974145872045147,0.0037601177661783503
100,20,1002123,0.5,0.1,0.02,1.0,0.5,2000,10,0.001,25,25,minibatch,1825,0.01764393318163653,0.00015565418905902727,0.008972444300111126,0.008972444300111126,0.003759586951211591
100,20,1002123,0.5,0.1,0.02,1.0,0.5,2000,10,0.001,25,25,minibatch,1850,0.017535388362154687,0.00015374492250579502,0.0089706730187879,0.0089706730187879,0.003759077376465192
100,20,1002123,0.5,0.1,0.02,1.0,0.5,2000,10,0.001,25,25,minibatch,1875,0.017424271488129358,0.00015180261844601882,0.00896877476699226,0.00896877476699226,0.0037584799499200683
100,20,1002123,0.5,0.1,0.02,1.0,0.5,2000,10,0.001,25,25,minibatch,1900,0.01731903268850229,0.00014997444663270547,0.008967012036197208,0.008967012036197208,0.0037578502169123285
100,20,1002123,0.5,0.1,0.02,1.0,0.5,2000,10,0.001,25,25,minibatch,1925,0.017214738871962662,0.00014817361721493116,0.008965348979293852,0.008965348979293852,0.0037570529201312874
100,20,1002123,0.5,0.1,0.02,1.0,0.5,2000,10,0.001,25,25,minibatch,1950,0.017115189946984966,0.00014646486346068762,0.008963406035369048,0.008963406035369048,0.0037562550651182303
100,20,1002123,0.5,0.1,0.02,1.0,0.5,2000,10,0.001,25,25,minibatch,1975,0.017008264637717214,0.00014464053299331094,0.0089617389105075,0.0089617389105075,0.0037555600413033963
100,20,1002123,0.5,0.1,0.02,1.0,0.5,2000,10,0.001,25,25,minibatch,2000,0.016905032164828082,0.00014289005624693602,0.008959861699384453,0.008959861699384453,0.0037549069261447743
100,20,1002124,0.5,0.1,0.02,1.0,0.5,2000,10,0.001,25,25,full_batch,0,0.0321919961189557,0.0005181623070614294,0.005036118438292769,0.005036118438292769,0.0029653835430576425
100,20,1002124,0.5,0.1,0.02,1.0,0.5,2000,10,0.001,25,25,full_batch,25,0.02940917356583497,0.00043244974491270314,0.005000816303957156,0.005000816303957156,0.002943894647498224
100,20,1002124,0.5,0.1,0.02,1.0,0.5,2000,10,0.001,25,25,full_batch,50,0.028174106892801386,0.0003968901496034993,0.004985285359298708,0.004985285359298708,0.0029351452517029086
100,20,1002124,0.5,0.1,0.02,1.0,0.5,2000,10,0.001,25,25,full_batch,75,0.02726009220433083,0.0003715563134943092,0.004973846854373465,0.004973846854373465,0.0029288426971821324
100,20,1002124,0.5,0.1,0.02,1.0,0.5,2000,10,0.001,25,25,full_batch,100,0.02651238364681425,0.00035145324331793177,0.004964525172511114,0.004964525172511114,0.0029237274496463628
100,20,1002124,0.5,0.1,0.02,1.0,0.5,2000,10,0.001,25,25,full_batch,125,0.025870694197315813,0.000334646409125515,0.004956551164851775,0.004956551164851775,0.0029193669492827423
100,20,1002124,0.5,0.1,0.02,1.0,0.5,2000,10,0.001,25,25,full_batch,150,0.025304057555518608,0.00032014766438649917,0.0049495300096711325,0.0049495300096711325,0.0029156849342862334
100,20,1002124,0.5,0.1,0.02,1.0,0.5,2000,10,0.001,25,25,full_batch,175,0.024794076776539276,0.0003073731216004621,0.004943227287791563,0.004943227287791563,0.002912424878929065
100,20,1002124,0.5,0.1,0.02,1.0,0.5,2000,10,0.001,25,25,full_batch,200,0.024328772473987084,0.0002959445850455158,0.004937490444897996,0.004937490444897996,0.0029094705508966867
100,20,1002124,0.5,0.1,0.02,1.0,0.5,2000,10,0.001,25,25,full_batch,225,0.023899831951022327,0.0002856009836435538,0.0049322136825121765,0.0049322136825121765,0.0029067642387599624
100,20,1002124,0.5,0.1,0.02,1.0,0.5,2000,10,0.001,25,25,full_batch,250,0.023501210179947173,0.00027615343996102633,0.004927320107516897,0.004927320107516897,0.002904264049323979
100,20,1002124,0.5,0.1,0.02,1.0,0.5,2000,10,0.001,25,25,full_batch,275,0.023128349932093412,0.0002674602852906827,0.00492269596576328,0.00492269596576328,0.0029019554546483306
100,20,1002124,0.5,0.1,0.02,1.0,0.5,2000,10,0.001,25,25,full_batch,300,0.02277771593933018,0.0002594121717064081,0.004918346835594389,0.004918346835594389,0.00289979711879218
100,20,1002124,0.5,0.1,0.02,1.0,0.5,2000,10,0.001,25,25,full_batch,325,0.02244650116441131,0.0002519227072619592,0.004914246055725435,0.004914246055725435,0.0028977667870971335
100,20,1002124,0.5,0.1,0.02,1.0,0.5,2000,10,0.001,25,25,full_batch,350,0.022132433339220634,0.0002449223027575225,0.004910363526768657,0.004910363526768657,0.0028958492381820355
100,20,1002124,0.5,0.1,0.02,1.0,0.5,2000,10,0.001,25,25,full_batch,375,0.021833642882348802,0.00023835398075697025,0.004906668378668766,0.004906668378668766,0.0028940319627407396
100,20,1002124,0.5,0.1,0.02,1.0,0.5,2000,10,0.001,25,25,full_batch,400,0.021548569962866353,0.000232170433722273,0.004903148217050457,0.004903148217050457,0.002892304536048662
100,20,1002124,0.5,0.1,0.02,1.0,0.5,2000,10,0.001,25,25,full_batch,425,0.021275897408256046,0.00022633190526331816,0.0048997860968821305,0.0048997860968821305,0.0028906581652174412
100,20,1002124,0.5,0.1,0.02,1.0,0.5,2000,10,0.001,25,25,full_batch,450,0.02101450118599295,0.00022080463004804958,0.0048965675654649155,0.0048965675654649155,0.002889085355218035
100,20,1002124,0.5,0.1,0.02,1.0,0.5,2000,10,0.001,25,25,full_batch,475,0.02076341314419061,0.00021555966269817367,0.004893514027684731,0.004893514027684731,0.0028875796577287893
100,20,1002124,0.5,0.1,0.02,1.0,0.5,2000,10,0.001,25,25,full_batch,500,0.020521792497067,0.0002105719836463377,0.004890593309520075,0.004890593309520075,0.0028861354790305493
100,20,1002124,0.5,0.1,0.02,1.0,0.5,2000,10,0.001,25,25,full_batch,525,0.020288903672431448,0.00020581980611460114,0.004887781789688017,0.004887781789688017,0.0028847479308453106
100,20,1002124,0.5,0.1,0.02,1.0,0.5,2000,10,0.001,25,25,full_batch,550,0.02006409886935008,0.0002012840317195276,0.004885071283191267,0.004885071283191267,0.0028834127129546694
100,20,1002124,0.5,0.1,0.02,1.0,0.5,2000,10,0.001,25,25,full_batch,575,0.019846804158040528,0.0001969478176438074,0.00488245454209002,0.00488245454209002,0.0028821260197075538
100,20,1002124,0.5,0.1,0.02,1.0,0.5,2000,10,0.001,25,25,full_batch,600,0.019636508281445305,0.00019279622874363502,0.004879925113174088,0.004879925113174088,0.0028808844647378873
100,20,1002124,0.5,0.1,0.02,1.0,0.5,2000,10,0.001,25,25,full_batch,625,0.019432753543822314,0.00018881595514746936,0.004877477222189286,0.004877477222189286,0.0028796850197491675
100,20,1002124,0.5,0.1,0.02,1.0,0.5,2000,10,0.001,25,25,full_batch,650,0.019235128330332956,0.00018499508094218874,0.004875105678812108,0.004875105678812108,0.0028785249642807043
100,20,1002124,0.5,0.1,0.02,1.0,0.5,2000,10,0.001,25,25,full_batch,675,0.01904326091481353,0.00018132289313483232,0.004872805798010693,0.004872805798010693,0.0028774674016315838
100,20,1002124,0.5,0.1,0.02,1.0,0.5,2000,10,0.001,25,25,full_batch,700,0.01885681429488913,0.00017778972267596752,0.004870573334466943,0.004870573334466943,0.0028764470557163246
100,20,1002124,0.5,0.1,0.02,1.0,0.5,2000,10,0.001,25,25,full_batch,725,0.01867548185376975,0.00017438681123524161,0.0048684044275116856,0.0048684044275116856,0.002875457528291381
100,20,1002124,0.5,0.1,0.02,1.0,0.5,2000,10,0.001,25,25,full_batch,750,0.018498983692762906,0.00017110619883255396,0.004866295554582956,0.004866295554582956,0.002874497080058991
100,20,1002124,0.5,0.1,0.02,1.0,0.5,2000,10,0.001,25,25,full_batch,775,0.018327063512142135,0.00016794062848904582,0.004864243491655429,0.004864243491655429,0.002873564120136396
100,20,1002124,0.5,0.1,0.02,1.0,0.5,2000,10,0.001,25,25,full_batch,800,0.01815948594352435,0.0001648834648665292,0.004862245279404265,0.004862245279404265,0.0028726700996648535
100,20,1002124,0.5,0.1,0.02,1.0,0.5,2000,10,0.001,25,25,full_batch,825,0.017996034256485053,0.00016192862448029176,0.004860298194124479,0.004860298194124479,0.002871801684044495
100,20,1002124,0.5,0.1,0.02,1.0,0.5,2000,10,0.001,25,25,full_batch,850,0.017836508377276374,0.00015907051554632515,0.004858399722613149,0.004858399722613149,0.0028709564134400956
100,20,1002124,0.5,0.1,0.02,1.0,0.5,2000,10,0.001,25,25,full_batch,875,0.01768072316934876,0.00015630398589557302,0.004856547540378342,0.004856547540378342,0.002870133157711119
100,20,1002124,0.5,0.1,0.02,1.0,0.5,2000,10,0.001,25,25,full_batch,900,0.017528506934671447,0.0001536242776794125,0.00485473949264803,0.00485473949264803,0.0028693308699059283
100,20,1002124,0.5,0.1,0.02,1.0,0.5,2000,10,0.001,25,25,full_batch,925,0.017379700102215883,0.0001510269878214814,0.004852973577757158,0.004852973577757158,0.0028685485780886033
100,20,1002124,0.5,0.1,0.02,1.0,0.5,2000,10,0.001,25,25,full_batch,950,0.017234154075862283,0.00014850803335528028,0.0048512479325569235,0.0048512479325569235,0.002867785378158627
100,20,1002124,0.5,0.1,0.02,1.0,0.5,2000,10,0.001,25,25,full_batch,975,0.017091730218709703,0.0001460636209345772,0.004849560819554344,0.004849560819554344,0.0028670407796572706
100,20,1002124,0.5,0.1,0.02,1.0,0.5,2000,10,0.001,25,25,full_batch,1000,0.016952298954595327,0.00014369021992298691,0.004847910615539797,0.004847910615539797,0.002866314210527854
100,20,1002124,0.5,0.1,0.02,1.0,0.5,2000,10,0.001,25,25,full_batch,1025,0.016815738970739874,0.00014138453856602987,0.0048462958014949264,0.0048462958014949264,0.0028656039897673735
100,20,1002124,0.5,0.1,0.02,1.0,0.5,2000,10,0.001,25,25,full_batch,1050,0.016681936507972058,0.0001391435028280055,0.004844714953615159,0.004844714953615159,0.0028649094498897076
100,20,1002124,0.5,0.1,0.02,1.0,0.5,2000,10,0.001,25,25,full_batch,1075,0.016550784727088864,0.000136964237541219,0.004843166735292448,0.004843166735292448,0.0028642299645213476
100,20,1002124,0.5,0.1,0.02,1.0,0.5,2000,10,0.001,25,25,full_batch,1100,0.016422183141613287,0.00013484404956834383,0.0048416498899434,0.0048416498899434,0.0028635649450104994
100,20,1002124,0.5,0.1,0.02,1.0,0.5,2000,10,0.001,25,25,full_batch,1125,0.016296037108668844,0.000132780412723556,0.00484016323457237,0.00484016323457237,0.0028629138373837404
100,20,1002124,0.5,0.1,0.02,1.0,0.5,2000,10,0.001,25,25,full_batch,1150,0.016172257370865226,0.00013077095423475233,0.004838705653980924,0.004838705653980924,0.0028622633083486004
100,20,1002124,0.5,0.1,0.02,1.0,0.5,2000,10,0.001,25,25,full_batch,1175,0.016050759643103762,0.00012881344256034422,0.004837276095546461,0.004837276095546461,0.002861607661006682
100,20,1002124,0.5,0.1,0.02,1.0,0.5,2000,10,0.001,25,25,full_batch,1200,0.0159314642390452,0.00012690577639998802,0.004835873564503712,0.004835873564503712,0.0028609659376897523
100,20,1002124,0.5,0.1,0.02,1.0,0.5,2000,10,0.001,25,25,full_batch,1225,0.015814295732696996,0.0001250459747605992,0.004834497119669434,0.004834497119669434,0.0028603376283343196
100,20,1002124,0.5,0.1,0.02,1.0,0.5,2000,10,0.001,25,25,full_batch,1250,0.015699182651175772,0.00012323216795748917,0.004833145869563904,0.004833145869563904,0.0028597222504803677
100,20,1002124,0.5,0.1,0.02,1.0,0.5,2000,10,0.001,25,25,full_batch,1275,0.0155860571952162,0.00012146258944627533,0.004831818968882129,0.004831818968882129,0.002859119347287664
100,20,1002124,0.5,0.1,0.02,1.0,0.5,2000,10,0.001,25,25,full_batch,1300,0.015474854984432464,0.00011973556839460714,0.004830515615278752,0.004830515615278752,0.0028585284857245985
100,20,1002124,0.5,0.1,0.02,1.0,0.5,2000,10,0.001,25,25,full_batch,1325,0.015365514824710377,0.00011804952291419718,0.0048292350464329,0.0048292350464329,0.0028579492549197782
100,20,1002124,0.5,0.1,0.02,1.0,0.5,2000,10,0.001,25,25,full_batch,1350,0.015257978495432744,0.00011640295388354403,0.004827976537364109,0.004827976537364109,0.0028573812646535135
100,20,1002124,0.5,0.1,0.02,1.0,0.5,2000,10,0.001,25,25,full_batch,1375,0.015152190554515771,0.00011479443930017848,0.004826739397972901,0.004826739397972901,0.002856824143979031
100,20,1002124,0.5,0.1,0.02,1.0,0.5,2000,10,0.001,25,25,full_batch,1400,0.015048098159473276,0.00011322262910857149,0.0048255229707851455,0.0048255229707851455,0.0028562775399561535
100,20,1002124,0.5,0.1,0.02,1.0,0.5,2000,10,0.001,25,25,full_batch,1425,0.014945650902929642,0.00011168624045612081,0.004824326628878328,0.004824326628878328,0.002855741116491284
100,20,1002124,0.5,0.1,0.02,1.0,0.5,2000,10,0.001,25,25,full_batch,1450,0.014844800661187407,0.00011018405333519504,0.004823149773973079,0.004823149773973079,0.002855214553266483
100,20,1002124,0.5,0.1,0.02,1.0,0.5,2000,10,0.001,25,25,full_batch,1475,0.014745501454610397,0.00010871490657395867,0.0048219918346737445,0.0048219918346737445,0.002854697544758533
100,20,1002124,0.5,0.1,0.02,1.0,0.5,2000,10,0.001,25,25,full_batch,1500,0.014647709318713903,0.00010727769414276904,0.0048208487288919355,0.0048208487288919355,0.0028541897993284993
100,20,1002124,0.5,0.1,0.02,1.0,0.5,2000,10,0.001,25,25,full_batch,1525,0.014551382184982295,0.00010587136174671005,0.004819722043633956,0.004819722043633956,0.0028536910383850644
100,20,1002124,0.5,0.1,0.02,1.0,0.5,2000,10,0.001,25,25,full_batch,1550,0.014456479770534218,0.00010449490367793253,0.004818612738752448,0.004818612738752448,0.0028532009956102056
100,20,1002124,0.5,0.1,0.02,1.0,0.5,2000,10,0.001,25,25,full_batch,1575,0.014362963475846088,0.00010314735990424437,0.004817520335320069,0.004817520335320069,0.002852719416237992
100,20,1002124,0.5,0.1,0.02,1.0,0.5,2000,10,0.001,25,25,full_batch,1600,0.014270796289831847,0.0001018278133729392,0.004816444374275586,0.004816444374275586,0.0028522460563937257
100,20,1002124,0.5,0.1,0.02,1.0,0.5,2000,10,0.001,25,25,full_batch,1625,0.014179942701642337,0.00010053538751092989,0.004815384415314428,0.004815384415314428,0.0028517806824721603
100,20,1002124,0.5,0.1,0.02,1.0,0.5,2000,10,0.001,25,25,full_batch,1650,0.014090368618614058,9.926924390421192e-05,0.004814340035859954,0.004814340035859954,0.002851323070565126
100,20,1002124,0.5,0.1,0.02,1.0,0.5,2000,10,0.001,25,25,full_batch,1675,0.014002041289854765,9.802858014139885e-05,0.004813310830101947,0.004813310830101947,0.0028508730059279563
100,20,1002124,0.5,0.1,0.02,1.0,0.5,2000,10,0.001,25,25,full_batch,1700,0.013914929235000381,9.681262780753416e-05,0.004812296408104488,0.004812296408104488,0.002850430282481109
100,20,1002124,0.5,0.1,0.02,1.0,0.5,2000,10,0.001,25,25,full_batch,1725,0.013829002177723832,9.562065061574525e-05,0.004811296394969633,0.004811296394969633,0.002849994702345704
100,20,1002124,0.5,0.1,0.02,1.0,0.5,2000,10,0.001,25,25,full_batch,1750,0.013744230983614738,9.445194266547767e-05,0.004810310430059805,0.004810310430059805,0.002849566075413368
100,20,1002124,0.5,0.1,0.02,1.0,0.5,2000,10,0.001,25,25,full_batch,1775,0.013660587602085132,9.330582681712101e-05,0.00480933816626633,0.00480933816626633,0.0028491442189374494
100,20,1002124,0.5,0.1,0.02,1.0,0.5,2000,10,0.001,25,25,full_batch,1800,0.013578045011992682,9.218165317384967e-05,0.004808379269330254,0.004808379269330254,0.002848728957159541
100,20,1002124,0.5,0.1,0.02,1.0,0.5,2000,10,0.001,25,25,full_batch,1825,0.013496577170685461,9.107879766213399e-05,0.004807433417202078,0.004807433417202078,0.0028483201209525966
100,20,1002124,0.5,0.1,0.02,1.0,0.5,2000,10,0.001,25,25,full_batch,1850,0.013416158966222383,8.999666070347462e-05,0.0048065002994416295,0.0048065002994416295,0.0028479132650299777
100,20,1002124,0.5,0.1,0.02,1.0,0.5,2000,10,0.001,25,25,full_batch,1875,0.013336766172523308,8.893466597028101e-05,0.004805579616657507,0.004805579616657507,0.0028475103326405238
100,20,1002124,0.5,0.1,0.02,1.0,0.5,2000,10,0.001,25,25,full_batch,1900,0.013258375407233933,8.789225921957279e-05,0.00480467107997834,0.00480467107997834,0.0028471132868039817
100,20,1002124,0.5,0.1,0.02,1.0,0.5,2000,10,0.001,25,25,full_batch,1925,0.013180964092113114,8.686890719878765e-05,0.004803774410556738,0.004803774410556738,0.0028467219858300252
100,20,1002124,0.5,0.1,0.02,1.0,0.5,2000,10,0.001,25,25,full_batch,1950,0.013104510415755052,8.586409661831632e-05,0.0048028893391015015,0.0048028893391015015,0.002846336293004681
100,20,1002124,0.5,0.1,0.02,1.0,0.5,2000,10,0.001,25,25,full_batch,1975,0.013028993298485343,8.487733318598799e-05,0.004802015605438581,0.004802015605438581,0.002845956076357792
100,20,1002124,0.5,0.1,0.02,1.0,0.5,2000,10,0.001,25,25,full_batch,2000,0.012954392359276234,8.390814069903724e-05,0.004801152958096355,0.004801152958096355,0.0028455812084435816
100,20,1002124,0.5,0.1,0.02,1.0,0.5,2000,10,0.001,25,25,minibatch,0,0.0321919961189557,0.0005181623070614294,0.005036118438292769,0.005036118438292769,0.0029653835430576425
100,20,1002124,0.5,0.1,0.02,1.0,0.5,2000,10,0.001,25,25,minibatch,25,0.02952937591679803,0.0004359920210177857,0.005001400669932599,0.005001400669932599,0.00294781077008216
100,20,1002124,0.5,0.1,0.02,1.0,0.5,2000,10,0.001,25,25,minibatch,50,0.028291297263763178,0.00040019875043330696,0.004985780246421767,0.004985780246421767,0.002939946615774014
100,20,1002124,0.5,0.1,0.02,1.0,0.5,2000,10,0.001,25,25,minibatch,75,0.0273575483559452,0.00037421772602393995,0.004973430574553628,0.004973430574553628,0.0029338057530161055
100,20,1002124,0.5,0.1,0.02,1.0,0.5,2000,10,0.001,25,25,minibatch,100,0.026606966156137887,0.00035396532401693343,0.004964674612815911,0.004964674612815911,0.002928288459085826
100,20,1002124,0.5,0.1,0.02,1.0,0.5,2000,10,0.001,25,25,minibatch,125,0.0259709742490915,0.00033724575172348697,0.0049560219581376574,0.0049560219581376574,0.0029248770310272842
100,20,1002124,0.5,0.1,0.02,1.0,0.5,2000,10,0.001,25,25,minibatch,150,0.025397535718287532,0.0003225174102808455,0.004948319749397245,0.004948319749397245,0.002921298709371467
100,20,1002124,0.5,0.1,0.02,1.0,0.5,2000,10,0.001,25,25,minibatch,175,0.024883230378896927,0.0003095875770446295,0.0049421954521812195,0.0049421954521812195,0.0029173971925030573
100,20,1002124,0.5,0.1,0.02,1.0,0.5,2000,10,0.001,25,25,minibatch,200,0.02440089489039674,0.0002977018357260948,0.004936397630092182,0.004936397630092182,0.0029138008858932696
100,20,1002124,0.5,0.1,0.02,1.0,0.5,2000,10,0.001,25,25,minibatch,225,0.02397271012009398,0.00028734541525102816,0.00493116699348406,0.00493116699348406,0.002911115869034697
100,20,1002124,0.5,0.1,0.02,1.0,0.5,2000,10,0.001,25,25,minibatch,250,0.023552141167595086,0.0002773516767891636,0.004926160207375518,0.004926160207375518,0.0029080736852518108
100,20,1002124,0.5,0.1,0.02,1.0,0.5,2000,10,0.001,25,25,minibatch,275,0.02319014329476544,0.0002688913730158773,0.004921858051179839,0.004921858051179839,0.0029067489756718357
100,20,1002124,0.5,0.1,0.02,1.0,0.5,2000,10,0.001,25,25,minibatch,300,0.02286259146468812,0.00026134904424061504,0.004917400812995021,0.004917400812995021,0.0029047543636468998
100,20,1002124,0.5,0.1,0.02,1.0,0.5,2000,10,0.001,25,25,minibatch,325,0.022530515326752088,0.0002538120604445054,0.0049130826624111945,0.0049130826624111945,0.0029023211444372254
100,20,1002124,0.5,0.1,0.02,1.0,0.5,2000,10,0.001,25,25,minibatch,350,0.022214108173162828,0.0002467333009644898,0.004909010865036201,0.004909010865036201,0.0029001668532411817
100,20,1002124,0.5,0.1,0.02,1.0,0.5,2000,10,0.001,25,25,minibatch,375,0.021907431237732245,0.00023996777171798327,0.004905164955706143,0.004905164955706143,0.002898012666586458
100,20,1002124,0.5,0.1,0.02,1.0,0.5,2000,10,0.001,25,25,minibatch,400,0.02162848493746977,0.00023389568034517833,0.0049014576712574365,0.0049014576712574365,0.0028962486323803605
100,20,1002124,0.5,0.1,0.02,1.0,0.5,2000,10,0.001,25,25,minibatch,425,0.02134289139836366,0.00022775950662117276,0.004898029072219867,0.004898029072219867,0.0028947821108532
100,20,1002124,0.5,0.1,0.02,1.0,0.5,2000,10,0.001,25,25,minibatch,450,0.021079804591374873,0.00022217908080527458,0.004894693169656628,0.004894693169656628,0.002892666365381491
100,20,1002124,0.5,0.1,0.02,1.0,0.5,2000,10,0.001,25,25,minibatch,475,0.02083168806707387,0.0002169796138619339,0.0048913873253324525,0.0048913873253324525,0.002890927772482288
100,20,1002124,0.5,0.1,0.02,1.0,0.5,2000,10,0.001,25,25,minibatch,500,0.020577093482362325,0.00021170838809093904,0.004888485879305904,0.004888485879305904,0.00288954372293021
100,20,1002124,0.5,0.1,0.02,1.0,0.5,2000,10,0.001,25,25,minibatch,525,0.020352026419728143,0.0002071024896946562,0.004885192374278424,0.004885192374278424,0.002887781161414804
100,20,1002124,0.5,0.1,0.02,1.0,0.5,2000,10,0.001,25,25,minibatch,550,0.02012175759449685,0.00020244256434584585,0.004882673020660866,0.004882673020660866,0.0028863093829906705
100,20,1002124,0.5,0.1,0.02,1.0,0.5,2000,10,0.001,25,25,minibatch,575,0.019906820244243884,0.00019814074611831906,0.004880146996698476,0.004880146996698476,0.0028850185813018014
100,20,1002124,0.5,0.1,0.02,1.0,0.5,2000,10,0.001,25,25,minibatch,600,0.01968610415500953,0.00019377134840094172,0.004877806004057961,0.004877806004057961,0.0028834060578438736
100,20,1002124,0.5,0.1,0.02,1.0,0.5,2000,10,0.001,25,25,minibatch,625,0.01949384724963106,0.00019000504029597422,0.004875800809287678,0.004875800809287678,0.0028820229265588693
100,20,1002124,0.5,0.1,0.02,1.0,0.5,2000,10,0.001,25,25,minibatch,650,0.019293582231891804,0.00018612115766938558,0.004873445017421485,0.004873445017421485,0.002880621589338439
100,20,1002124,0.5,0.1,0.02,1.0,0.5,2000,10,0.001,25,25,minibatch,675,0.019101145599563742,0.00018242688160786667,0.00487122246098276,0.00487122246098276,0.0028797723315918677
100,20,1002124,0.5,0.1,0.02,1.0,0.5,2000,10,0.001,25,25,minibatch,700,0.01891389689468206,0.00017886774787133185,0.004868997587662016,0.004868997587662016,0.002878660693873547
100,20,1002124,0.5,0.1,0.02,1.0,0.5,2000,10,0.001,25,25,minibatch,725,0.018728616152736816,0.00017538053149827718,0.004867303354075203,0.004867303354075203,0.0028777070504511504
100,20,1002124,0.5,0.1,0.02,1.0,0.5,2000,10,0.001,25,25,minibatch,750,0.018546413229108768,0.00017198472183243036,0.004864714659773395,0.004864714659773395,0.002876647194136994
100,20,1002124,0.5,0.1,0.02,1.0,0.5,2000,10,0.001,25,25,minibatch,775,0.018385539615849454,0.00016901403348298485,0.004862963619500338,0.004862963619500338,0.00287587702313008
100,20,1002124,0.5,0.1,0.02,1.0,0.5,2000,10,0.001,25,25,minibatch,800,0.018224267128218584,0.00016606195618033422,0.004861000059770693,0.004861000059770693,0.0028748920126987487
100,20,1002124,0.5,0.1,0.02,1.0,0.5,2000,10,0.001,25,25,minibatch,825,0.018081019189765637,0.00016346162747033662,0.004859259805824301,0.004859259805824301,0.002874309072456671
100,20,1002124,0.5,0.1,0.02,1.0,0.5,2000,10,0.001,25,25,minibatch,850,0.017905202080431185,0.00016029813077053862,0.004857016575608775,0.004857016575608775,0.002873473242983704
100,20,1002124,0.5,0.1,0.02,1.0,0.5,2000,10,0.001,25,25,minibatch,875,0.017749851550391278,0.00015752861503046383,0.0048550428156766134,0.0048550428156766134,0.002872923474799338
100,20,1002124,0.5,0.1,0.02,1.0,0.5,2000,10,0.001,25,25,minibatch,900,0.01760008266942979,0.0001548814549853814,0.0048534595182929685,0.0048534595182929685,0.0028721816641698594
100,20,1002124,0.5,0.1,0.02,1.0,0.5,2000,10,0.001,25,25,minibatch,925,0.017459131453923277,0.00015241063556268656,0.004852044583767812,0.004852044583767812,0.0028711127864237684
100,20,1002124,0.5,0.1,0.02,1.0,0.5,2000,10,0.001,25,25,minibatch,950,0.017314737580482645,0.000149900068740489,0.0048504201685365955,0.0048504201685365955,0.002870363386699215
100,20,1002124,0.5,0.1,0.02,1.0,0.5,2000,10,0.001,25,25,minibatch,975,0.01717778549054468,0.00014753815717958365,0.004848817537637995,0.004848817537637995,0.0028696405651043033
100,20,1002124,0.5,0.1,0.02,1.0,0.5,2000,10,0.001,25,25,minibatch,1000,0.017050238918459155,0.0001453553235882696,0.004847475863504314,0.004847475863504314,0.002868754107939242
100,20,1002124,0.5,0.1,0.02,1.0,0.5,2000,10,0.001,25,25,minibatch,1025,0.01690926745207297,0.00014296166288286718,0.004845951329040643,0.004845951329040643,0.002867967315409614
100,20,1002124,0.5,0.1,0.02,1.0,0.5,2000,10,0.001,25,25,minibatch,1050,0.01677015333031666,0.00014061902136116547,0.004844125467971416,0.004844125467971416,0.002867584542751378
100,20,1002124,0.5,0.1,0.02,1.0,0.5,2000,10,0.001,25,25,minibatch,1075,0.016634771129149944,0.00013835780525960024,0.004842802931359358,0.004842802931359358,0.002866962869412626
100,20,1002124,0.5,0.1,0.02,1.0,0.5,2000,10,0.001,25,25,minibatch,1100,0.01650861871321064,0.00013626724590908425,0.004841268812317556,0.004841268812317556,0.002866225578497028
100,20,1002124,0.5,0.1,0.02,1.0,0.5,2000,10,0.001,25,25,minibatch,1125,0.01637464080328556,0.00013406443071831215,0.004839812947011912,0.004839812947011912,0.0028656006561381675
100,20,1002124,0.5,0.1,0.02,1.0,0.5,2000,10,0.001,25,25,minibatch,1150,0.016242395041126238,0.0001319076983360011,0.004838255752261655,0.004838255752261655,0.002865358320846556
100,20,1002124,0.5,0.1,0.02,1.0,0.5,2000,10,0.001,25,25,minibatch,1175,0.016113130293975663,0.0001298164839353181,0.0048368547647198445,0.0048368547647198445,0.0028641916558911906
100,20,1002124,0.5,0.1,0.02,1.0,0.5,2000,10,0.001,25,25,minibatch,1200,0.01598860102956005,0.00012781768144122434,0.004835533834436856,0.004835533834436856,0.002863300920275036
100,20,1002124,0.5,0.1,0.02,1.0,0.5,2000,10,0.001,25,25,minibatch,1225,0.0158755100204027,0.00012601590920395325,0.004834332489961124,0.004834332489961124,0.002862562841416616
100,20,1002124,0.5,0.1,0.02,1.0,0.5,2000,10,0.001,25,25,minibatch,1250,0.015755885973700107,0.0001241239714081199,0.004832940346519765,0.004832940346519765,0.0028620176684543974
100,20,1002124,0.5,0.1,0.02,1.0,0.5,2000,10,0.001,25,25,minibatch,1275,0.015648845518341798,0.0001224431830284631,0.004831752776084108,0.004831752776084108,0.0028615546025075322
100,20,1002124,0.5,0.1,0.02,1.0,0.5,2000,10,0.001,25,25,minibatch,1300,0.015529794204246094,0.00012058725401311778,0.004830373734879878,0.004830373734879878,0.002860944970106305
100,20,1002124,0.5,0.1,0.02,1.0,0.5,2000,10,0.001,25,25,minibatch,1325,0.015411795507518032,0.0001187617203827765,0.004829077798056969,0.004829077798056969,0.0028602842648302595
100,20,1002124,0.5,0.1,0.02,1.0,0.5,2000,10,0.001,25,25,minibatch,1350,0.015311265900806895,0.000117217431742606,0.004827798557817786,0.004827798557817786,0.002859762386341669
100,20,1002124,0.5,0.1,0.02,1.0,0.5,2000,10,0.001,25,25,minibatch,1375,0.01521007987501422,0.0001156732649021563,0.004826560512224742,0.004826560512224742,0.0028595307131523695
100,20,1002124,0.5,0.1,0.02,1.0,0.5,2000,10,0.001,25,25,minibatch,1400,0.015094867283487889,0.00011392750915305652,0.004825486153200054,0.004825486153200054,0.0028588267000439482
100,20,1002124,0.5,0.1,0.02,1.0,0.5,2000,10,0.001,25,25,minibatch,1425,0.015000103090516912,0.00011250154636306751,0.0048246370890870915,0.0048246370890870915,0.002858043709016378
100,20,1002124,0.5,0.1,0.02,1.0,0.5,2000,10,0.001,25,25,minibatch,1450,0.01489837949047168,0.0001109808557210536,0.004823342074116055,0.004823342074116055,0.002857536810513206
100,20,1002124,0.5,0.1,0.02,1.0,0.5,2000,10,0.001,25,25,minibatch,1475,0.014792067573671186,0.00010940263155202729,0.0048219928078210295,0.0048219928078210295,0.002856809158491236
100,20,1002124,0.5,0.1,0.02,1.0,0.5,2000,10,0.001,25,25,minibatch,1500,0.014687317388771385,0.00010785864603925315,0.004820915362371725,0.004820915362371725,0.00285598904982054
100,20,1002124,0.5,0.1,0.02,1.0,0.5,2000,10,0.001,25,25,minibatch,1525,0.01458148347391363,0.00010630983015000814,0.004819627500933399,0.004819627500933399,0.0028551356215914536
100,20,1002124,0.5,0.1,0.02,1.0,0.5,2000,10,0.001,25,25,minibatch,1550,0.014490417967527418,0.00010498610643682072,0.004818609177910105,0.004818609177910105,0.002854855038540216
100,20,1002124,0.5,0.1,0.02,1.0,0.5,2000,10,0.001,25,25,minibatch,1575,0.014406672836888849,0.0001037761111145755,0.004817741340743531,0.004817741340743531,0.0028540354785765443
100,20,1002124,0.5,0.1,0.02,1.0,0.5,2000,10,0.001,25,25,minibatch,1600,0.0143115171112965,0.00010240976101346628,0.0048165974895242325,0.0048165974895242325,0.0028532385129587112
100,20,1002124,0.5,0.1,0.02,1.0,0.5,2000,10,0.001,25,25,minibatch,1625,0.014222262813060643,0.00010113637976188381,0.004815467946898966,0.004815467946898966,0.0028528040824125633
100,20,1002124,0.5,0.1,0.02,1.0,0.5,2000,10,0.001,25,25,minibatch,1650,0.014135975252094068,9.991289816390798e-05,0.004814648747876238,0.004814648747876238,0.002852406518159878
100,20,1002124,0.5,0.1,0.02,1.0,0.5,2000,10,0.001,25,25,minibatch,1675,0.014042042731834112,9.85894820413276e-05,0.004813395942079468,0.004813395942079468,0.002852020129829713
100,20,1002124,0.5,0.1,0.02,1.0,0.5,2000,10,0.001,25,25,minibatch,1700,0.013955756575444218,9.738157079652727e-05,0.004812431431637343,0.004812431431637343,0.0028513010115514548
100,20,1002124,0.5,0.1,0.02,1.0,0.5,2000,10,0.001,25,25,minibatch,1725,0.013858501011160734,9.602902513817154e-05,0.004811308549749427,0.004811308549749427,0.0028510066104271425
100,20,1002124,0.5,0.1,0.02,1.0,0.5,2000,10,0.001,25,25,minibatch,1750,0.013773913426270297,9.486034553719458e-05,0.004810342000484635,0.004810342000484635,0.002850741613970975
100,20,1002124,0.5,0.1,0.02,1.0,0.5,2000,10,0.001,25,25,minibatch,1775,0.01368359747231019,9.362041989210691e-05,0.004809078424118429,0.004809078424118429,0.0028504192322332256
100,20,1002124,0.5,0.1,0.02,1.0,0.5,2000,10,0.001,25,25,minibatch,1800,0.013600947535612704,9.249288693324464e-05,0.004808233728020028,0.004808233728020028,0.002850173706583914
100,20,1002124,0.5,0.1,0.02,1.0,0.5,2000,10,0.001,25,25,minibatch,1825,0.013515515980589844,9.133458611078973e-05,0.004807190013572549,0.004807190013572549,0.0028499831994118208
100,20,1002124,0.5,0.1,0.02,1.0,0.5,2000,10,0.001,25,25,minibatch,1850,0.013434271242869432,9.02398219134943e-05,0.004806452927343496,0.004806452927343496,0.0028495447245553973
100,20,1002124,0.5,0.1,0.02,1.0,0.5,2000,10,0.001,25,25,minibatch,1875,0.013351047140182249,8.912522986968431e-05,0.004805454724447211,0.004805454724447211,0.0028489448229110925
100,20,1002124,0.5,0.1,0.02,1.0,0.5,2000,10,0.001,25,25,minibatch,1900,0.013273851955986297,8.809757287472062e-05,0.004804573646938148,0.004804573646938148,0.0028488372577423204
100,20,1002124,0.5,0.1,0.02,1.0,0.5,2000,10,0.001,25,25,minibatch,1925,0.0131870437169392,8.694906099623281e-05,0.004803752689359009,0.004803752689359009,0.002848582967594493
100,20,1002124,0.5,0.1,0.02,1.0,0.5,2000,10,0.001,25,25,minibatch,1950,0.013102253074033442,8.58345178080094e-05,0.004802905935585633,0.004802905935585633,0.0028479699073892806
100,20,1002124,0.5,0.1,0.02,1.0,0.5,2000,10,0.001,25,25,minibatch,1975,0.01302056090899684,8.47675031924483e-05,0.004801916454427402,0.004801916454427402,0.002847675673501693
100,20,1002124,0.5,0.1,0.02,1.0,0.5,2000,10,0.001,25,25,minibatch,2000,0.012947327985460997,8.381665098155077e-05,0.004800749021194761,0.004800749021194761,0.002847605829640887
