risk,K,n,rep,seed,method,status,success,censored,time_limit_s,time_s,observed_time_s,source,exit_code,status_message,gamma,alpha,epsilon,epsilon_scr,support_kappa,support_tau,max_candidates,n_screen_starts,n_support_starts,screen_maxiter,support_maxiter,stochastic_max_iter,stochastic_minibatch_size,stochastic_entropy_kappa,stochastic_smoothing_tau,stochastic_step_size,stochastic_step_decay,stochastic_logit_bound,stochastic_gradient_clip_norm,stochastic_record_every,stochastic_certify_every,stochastic_regret_tolerance,eta,regret1,regret2,has_profile,error,solver,candidate_index,support_eta,screen_eta,best_screen_eta,best_screen_success,best_screen_violation,best_screen_candidate_index,best_screen_message,support_violation,residual_norm,objective,iterations,best_certificate_eta,best_certificate_iteration,profiles_checked,total_profiles,best_response_solves,sampling_seed,termination_reason,uncapped_success,uncapped_eta
msd,5,5,0,50623,qptas,completed,True,False,86400,0.2899140320000697,0.2899140320000697,capped_run,,,0.5,nan,0.01,0.006666666666666667,3,5,1000,3,20,1000,1000,1000,3,0.1,0.02,1.0,0.5,20.0,,0,100,0.001,0.007559229287859792,0.0,0.007559229287859792,True,,highs,,nan,nan,nan,,nan,,,nan,nan,nan,,nan,,157,1225,165,50623,epsilon_reached,,
msd,5,5,1,50624,qptas,completed,True,False,86400,1.1870555819999709,1.1870555819999709,capped_run,,,0.5,nan,0.01,0.006666666666666667,3,5,1000,3,20,1000,1000,1000,3,0.1,0.02,1.0,0.5,20.0,,0,100,0.001,0.0033916740873846107,0.0033916740873846107,0.002601463918294744,True,,highs,,nan,nan,nan,,nan,,,nan,nan,nan,,nan,,701,1225,735,50624,epsilon_reached,,
msd,5,5,2,50625,qptas,completed,True,False,86400,0.7002835980000555,0.7002835980000555,capped_run,,,0.5,nan,0.01,0.006666666666666667,3,5,1000,3,20,1000,1000,1000,3,0.1,0.02,1.0,0.5,20.0,,0,100,0.001,0.004998626563026187,0.0,0.004998626563026187,True,,highs,,nan,nan,nan,,nan,,,nan,nan,nan,,nan,,421,1225,438,50625,epsilon_reached,,
msd,5,5,3,50626,qptas,completed,True,False,86400,0.033893664999936846,0.033893664999936846,capped_run,,,0.5,nan,0.01,0.006666666666666667,3,5,1000,3,20,1000,1000,1000,3,0.1,0.02,1.0,0.5,20.0,,0,100,0.001,0.008044812373980581,0.008044812373980581,0.007373362260918226,True,,highs,,nan,nan,nan,,nan,,,nan,nan,nan,,nan,,16,1225,17,50626,epsilon_reached,,
msd,5,5,4,50627,qptas,completed,True,False,86400,0.13810013300007995,0.13810013300007995,capped_run,,,0.5,nan,0.01,0.006666666666666667,3,5,1000,3,20,1000,1000,1000,3,0.1,0.02,1.0,0.5,20.0,,0,100,0.001,0.004127150964481352,0.004127150964481352,0.003763039541540336,True,,highs,,nan,nan,nan,,nan,,,nan,nan,nan,,nan,,81,1225,86,50627,epsilon_reached,,
msd,5,5,5,50628,qptas,completed,True,False,86400,1.0494569500000352,1.0494569500000352,capped_run,,,0.5,nan,0.01,0.006666666666666667,3,5,1000,3,20,1000,1000,1000,3,0.1,0.02,1.0,0.5,20.0,,0,100,0.001,0.009235351218681909,0.008328893982365582,0.009235351218681909,True,,highs,,nan,nan,nan,,nan,,,nan,nan,nan,,nan,,633,1225,668,50628,epsilon_reached,,
msd,5,5,6,50629,qptas,completed,False,False,86400,1.7052748239999573,1.7052748239999573,capped_run,,,0.5,nan,0.01,0.006666666666666667,3,5,1000,3,20,1000,1000,1000,3,0.1,0.02,1.0,0.5,20.0,,0,100,0.001,nan,nan,nan,False,,highs,,nan,nan,nan,,nan,,,nan,nan,nan,,nan,,1000,1225,1041,50629,sample_exhausted,,
msd,5,5,7,50630,qptas,completed,True,False,86400,0.07307716700006495,0.07307716700006495,capped_run,,,0.5,nan,0.01,0.006666666666666667,3,5,1000,3,20,1000,1000,1000,3,0.1,0.02,1.0,0.5,20.0,,0,100,0.001,0.0068282182957771775,0.0068282182957771775,0.0008443939664768418,True,,highs,,nan,nan,nan,,nan,,,nan,nan,nan,,nan,,42,1225,44,50630,epsilon_reached,,
msd,5,5,8,50631,qptas,completed,True,False,86400,0.7698004999999739,0.7698004999999739,capped_run,,,0.5,nan,0.01,0.006666666666666667,3,5,1000,3,20,1000,1000,1000,3,0.1,0.02,1.0,0.5,20.0,,0,100,0.001,0.007415850852651618,0.007415850852651618,0.0024033510173052663,True,,highs,,nan,nan,nan,,nan,,,nan,nan,nan,,nan,,448,1225,476,50631,epsilon_reached,,
msd,5,5,9,50632,qptas,completed,True,False,86400,0.04361299400000007,0.04361299400000007,capped_run,,,0.5,nan,0.01,0.006666666666666667,3,5,1000,3,20,1000,1000,1000,3,0.1,0.02,1.0,0.5,20.0,,0,100,0.001,0.0035340083070771744,0.0004917466305885965,0.0035340083070771744,True,,highs,,nan,nan,nan,,nan,,,nan,nan,nan,,nan,,20,1225,22,50632,epsilon_reached,,
msd,5,5,10,50633,qptas,completed,True,False,86400,1.0991416879999178,1.0991416879999178,capped_run,,,0.5,nan,0.01,0.006666666666666667,3,5,1000,3,20,1000,1000,1000,3,0.1,0.02,1.0,0.5,20.0,,0,100,0.001,0.005583814764715811,0.005583814764715811,0.003604346843416373,True,,highs,,nan,nan,nan,,nan,,,nan,nan,nan,,nan,,639,1225,679,50633,epsilon_reached,,
msd,5,5,11,50634,qptas,completed,True,False,86400,0.05029542800002673,0.05029542800002673,capped_run,,,0.5,nan,0.01,0.006666666666666667,3,5,1000,3,20,1000,1000,1000,3,0.1,0.02,1.0,0.5,20.0,,0,100,0.001,0.003508858459334463,0.003508858459334463,0.0,True,,highs,,nan,nan,nan,,nan,,,nan,nan,nan,,nan,,25,1225,28,50634,epsilon_reached,,
msd,5,5,12,50635,qptas,completed,True,False,86400,0.8833443070000158,0.8833443070000158,capped_run,,,0.5,nan,0.01,0.006666666666666667,3,5,1000,3,20,1000,1000,1000,3,0.1,0.02,1.0,0.5,20.0,,0,100,0.001,0.006637220089831808,0.005403510277674606,0.006637220089831808,True,,highs,,nan,nan,nan,,nan,,,nan,nan,nan,,nan,,506,1225,542,50635,epsilon_reached,,
msd,5,5,13,50636,qptas,completed,True,False,86400,0.6251671449999776,0.6251671449999776,capped_run,,,0.5,nan,0.01,0.006666666666666667,3,5,1000,3,20,1000,1000,1000,3,0.1,0.02,1.0,0.5,20.0,,0,100,0.001,0.008479609935958421,0.006973003446672177,0.008479609935958421,True,,highs,,nan,nan,nan,,nan,,,nan,nan,nan,,nan,,346,1225,372,50636,epsilon_reached,,
msd,5,5,14,50637,qptas,completed,True,False,86400,0.34167413000000124,0.34167413000000124,capped_run,,,0.5,nan,0.01,0.006666666666666667,3,5,1000,3,20,1000,1000,1000,3,0.1,0.02,1.0,0.5,20.0,,0,100,0.001,0.007630349426402172,0.0004737791372527722,0.007630349426402172,True,,highs,,nan,nan,nan,,nan,,,nan,nan,nan,,nan,,186,1225,197,50637,epsilon_reached,,
msd,5,5,15,50638,qptas,completed,True,False,86400,0.047332937000078346,0.047332937000078346,capped_run,,,0.5,nan,0.01,0.006666666666666667,3,5,1000,3,20,1000,1000,1000,3,0.1,0.02,1.0,0.5,20.0,,0,100,0.001,0.007870512403416019,0.007870512403416019,0.0032959242014104495,True,,highs,,nan,nan,nan,,nan,,,nan,nan,nan,,nan,,28,1225,30,50638,epsilon_reached,,
msd,5,5,16,50639,qptas,completed,True,False,86400,0.15490374900002735,0.15490374900002735,capped_run,,,0.5,nan,0.01,0.006666666666666667,3,5,1000,3,20,1000,1000,1000,3,0.1,0.02,1.0,0.5,20.0,,0,100,0.001,0.009255065398125928,0.005375318154177133,0.009255065398125928,True,,highs,,nan,nan,nan,,nan,,,nan,nan,nan,,nan,,95,1225,100,50639,epsilon_reached,,
msd,5,5,17,50640,qptas,completed,True,False,86400,0.4912719420000258,0.4912719420000258,capped_run,,,0.5,nan,0.01,0.006666666666666667,3,5,1000,3,20,1000,1000,1000,3,0.1,0.02,1.0,0.5,20.0,,0,100,0.001,0.008622360017164099,0.008622360017164099,0.0,True,,highs,,nan,nan,nan,,nan,,,nan,nan,nan,,nan,,282,1225,303,50640,epsilon_reached,,
msd,5,5,18,50641,qptas,completed,True,False,86400,0.4100565879999749,0.4100565879999749,capped_run,,,0.5,nan,0.01,0.006666666666666667,3,5,1000,3,20,1000,1000,1000,3,0.1,0.02,1.0,0.5,20.0,,0,100,0.001,2.6831945926342193e-05,2.6831945926342193e-05,0.0,True,,highs,,nan,nan,nan,,nan,,,nan,nan,nan,,nan,,229,1225,250,50641,epsilon_reached,,
msd,5,5,19,50642,qptas,completed,True,False,86400,0.5611273889999211,0.5611273889999211,capped_run,,,0.5,nan,0.01,0.006666666666666667,3,5,1000,3,20,1000,1000,1000,3,0.1,0.02,1.0,0.5,20.0,,0,100,0.001,0.006320929258222252,0.004880583040865305,0.006320929258222252,True,,highs,,nan,nan,nan,,nan,,,nan,nan,nan,,nan,,325,1225,344,50642,epsilon_reached,,
msd,5,10,0,51123,qptas,completed,False,False,86400,1.6513361280000254,1.6513361280000254,capped_run,,,0.5,nan,0.01,0.006666666666666667,4,5,1000,3,20,1000,1000,1000,3,0.1,0.02,1.0,0.5,20.0,,0,100,0.001,nan,nan,nan,False,,highs,,nan,nan,nan,,nan,,,nan,nan,nan,,nan,,1000,511225,1005,51123,sample_exhausted,,
msd,5,10,1,51124,qptas,completed,False,False,86400,1.6464041220000354,1.6464041220000354,capped_run,,,0.5,nan,0.01,0.006666666666666667,4,5,1000,3,20,1000,1000,1000,3,0.1,0.02,1.0,0.5,20.0,,0,100,0.001,nan,nan,nan,False,,highs,,nan,nan,nan,,nan,,,nan,nan,nan,,nan,,1000,511225,1008,51124,sample_exhausted,,
msd,5,10,2,51125,qptas,completed,True,False,86400,0.8571857319999481,0.8571857319999481,capped_run,,,0.5,nan,0.01,0.006666666666666667,4,5,1000,3,20,1000,1000,1000,3,0.1,0.02,1.0,0.5,20.0,,0,100,0.001,0.005169420652065271,0.0036523248473731007,0.005169420652065271,True,,highs,,nan,nan,nan,,nan,,,nan,nan,nan,,nan,,532,511225,541,51125,epsilon_reached,,
msd,5,10,3,51126,qptas,completed,False,False,86400,1.613558997000041,1.613558997000041,capped_run,,,0.5,nan,0.01,0.006666666666666667,4,5,1000,3,20,1000,1000,1000,3,0.1,0.02,1.0,0.5,20.0,,0,100,0.001,nan,nan,nan,False,,highs,,nan,nan,nan,,nan,,,nan,nan,nan,,nan,,1000,511225,1008,51126,sample_exhausted,,
msd,5,10,4,51127,qptas,completed,False,False,86400,1.6543441469999607,1.6543441469999607,capped_run,,,0.5,nan,0.01,0.006666666666666667,4,5,1000,3,20,1000,1000,1000,3,0.1,0.02,1.0,0.5,20.0,,0,100,0.001,nan,nan,nan,False,,highs,,nan,nan,nan,,nan,,,nan,nan,nan,,nan,,1000,511225,1006,51127,sample_exhausted,,
msd,5,10,5,51128,qptas,completed,False,False,86400,1.6015869029999976,1.6015869029999976,capped_run,,,0.5,nan,0.01,0.006666666666666667,4,5,1000,3,20,1000,1000,1000,3,0.1,0.02,1.0,0.5,20.0,,0,100,0.001,nan,nan,nan,False,,highs,,nan,nan,nan,,nan,,,nan,nan,nan,,nan,,1000,511225,1008,51128,sample_exhausted,,
msd,5,10,6,51129,qptas,completed,False,False,86400,1.614101077999976,1.614101077999976,capped_run,,,0.5,nan,0.01,0.006666666666666667,4,5,1000,3,20,1000,1000,1000,3,0.1,0.02,1.0,0.5,20.0,,0,100,0.001,nan,nan,nan,False,,highs,,nan,nan,nan,,nan,,,nan,nan,nan,,nan,,1000,511225,1005,51129,sample_exhausted,,
msd,5,10,7,51130,qptas,completed,False,False,86400,1.576098027999933,1.576098027999933,capped_run,,,0.5,nan,0.01,0.006666666666666667,4,5,1000,3,20,1000,1000,1000,3,0.1,0.02,1.0,0.5,20.0,,0,100,0.001,nan,nan,nan,False,,highs,,nan,nan,nan,,nan,,,nan,nan,nan,,nan,,1000,511225,1008,51130,sample_exhausted,,
msd,5,10,8,51131,qptas,completed,False,False,86400,1.6348289840000234,1.6348289840000234,capped_run,,,0.5,nan,0.01,0.006666666666666667,4,5,1000,3,20,1000,1000,1000,3,0.1,0.02,1.0,0.5,20.0,,0,100,0.001,nan,nan,nan,False,,highs,,nan,nan,nan,,nan,,,nan,nan,nan,,nan,,1000,511225,1007,51131,sample_exhausted,,
msd,5,10,9,51132,qptas,completed,False,False,86400,1.6177840009999045,1.6177840009999045,capped_run,,,0.5,nan,0.01,0.006666666666666667,4,5,1000,3,20,1000,1000,1000,3,0.1,0.02,1.0,0.5,20.0,,0,100,0.001,nan,nan,nan,False,,highs,,nan,nan,nan,,nan,,,nan,nan,nan,,nan,,1000,511225,1008,51132,sample_exhausted,,
msd,5,10,10,51133,qptas,completed,False,False,86400,1.593186537000065,1.593186537000065,capped_run,,,0.5,nan,0.01,0.006666666666666667,4,5,1000,3,20,1000,1000,1000,3,0.1,0.02,1.0,0.5,20.0,,0,100,0.001,nan,nan,nan,False,,highs,,nan,nan,nan,,nan,,,nan,nan,nan,,nan,,1000,511225,1007,51133,sample_exhausted,,
msd,5,10,11,51134,qptas,completed,False,False,86400,1.62132111599999,1.62132111599999,capped_run,,,0.5,nan,0.01,0.006666666666666667,4,5,1000,3,20,1000,1000,1000,3,0.1,0.02,1.0,0.5,20.0,,0,100,0.001,nan,nan,nan,False,,highs,,nan,nan,nan,,nan,,,nan,nan,nan,,nan,,1000,511225,1009,51134,sample_exhausted,,
msd,5,10,12,51135,qptas,completed,False,False,86400,1.6186825839999983,1.6186825839999983,capped_run,,,0.5,nan,0.01,0.006666666666666667,4,5,1000,3,20,1000,1000,1000,3,0.1,0.02,1.0,0.5,20.0,,0,100,0.001,nan,nan,nan,False,,highs,,nan,nan,nan,,nan,,,nan,nan,nan,,nan,,1000,511225,1006,51135,sample_exhausted,,
msd,5,10,13,51136,qptas,completed,False,False,86400,1.6055930730000227,1.6055930730000227,capped_run,,,0.5,nan,0.01,0.006666666666666667,4,5,1000,3,20,1000,1000,1000,3,0.1,0.02,1.0,0.5,20.0,,0,100,0.001,nan,nan,nan,False,,highs,,nan,nan,nan,,nan,,,nan,nan,nan,,nan,,1000,511225,1001,51136,sample_exhausted,,
msd,5,10,14,51137,qptas,completed,False,False,86400,1.576186765999978,1.576186765999978,capped_run,,,0.5,nan,0.01,0.006666666666666667,4,5,1000,3,20,1000,1000,1000,3,0.1,0.02,1.0,0.5,20.0,,0,100,0.001,nan,nan,nan,False,,highs,,nan,nan,nan,,nan,,,nan,nan,nan,,nan,,1000,511225,1005,51137,sample_exhausted,,
msd,5,10,15,51138,qptas,completed,False,False,86400,1.5835048359999746,1.5835048359999746,capped_run,,,0.5,nan,0.01,0.006666666666666667,4,5,1000,3,20,1000,1000,1000,3,0.1,0.02,1.0,0.5,20.0,,0,100,0.001,nan,nan,nan,False,,highs,,nan,nan,nan,,nan,,,nan,nan,nan,,nan,,1000,511225,1007,51138,sample_exhausted,,
msd,5,10,16,51139,qptas,completed,False,False,86400,1.6146383860000242,1.6146383860000242,capped_run,,,0.5,nan,0.01,0.006666666666666667,4,5,1000,3,20,1000,1000,1000,3,0.1,0.02,1.0,0.5,20.0,,0,100,0.001,nan,nan,nan,False,,highs,,nan,nan,nan,,nan,,,nan,nan,nan,,nan,,1000,511225,1007,51139,sample_exhausted,,
msd,5,10,17,51140,qptas,completed,False,False,86400,1.6364107590000003,1.6364107590000003,capped_run,,,0.5,nan,0.01,0.006666666666666667,4,5,1000,3,20,1000,1000,1000,3,0.1,0.02,1.0,0.5,20.0,,0,100,0.001,nan,nan,nan,False,,highs,,nan,nan,nan,,nan,,,nan,nan,nan,,nan,,1000,511225,1007,51140,sample_exhausted,,
msd,5,10,18,51141,qptas,completed,False,False,86400,1.6025453820000166,1.6025453820000166,capped_run,,,0.5,nan,0.01,0.006666666666666667,4,5,1000,3,20,1000,1000,1000,3,0.1,0.02,1.0,0.5,20.0,,0,100,0.001,nan,nan,nan,False,,highs,,nan,nan,nan,,nan,,,nan,nan,nan,,nan,,1000,511225,1006,51141,sample_exhausted,,
msd,5,10,19,51142,qptas,completed,False,False,86400,1.6036577639999905,1.6036577639999905,capped_run,,,0.5,nan,0.01,0.006666666666666667,4,5,1000,3,20,1000,1000,1000,3,0.1,0.02,1.0,0.5,20.0,,0,100,0.001,nan,nan,nan,False,,highs,,nan,nan,nan,,nan,,,nan,nan,nan,,nan,,1000,511225,1011,51142,sample_exhausted,,
msd,5,20,0,52123,qptas,completed,False,False,86400,1.6271232930000679,1.6271232930000679,capped_run,,,0.5,nan,0.01,0.006666666666666667,5,5,1000,3,20,1000,1000,1000,3,0.1,0.02,1.0,0.5,20.0,,0,100,0.001,nan,nan,nan,False,,highs,,nan,nan,nan,,nan,,,nan,nan,nan,,nan,,1000,1806590016,1000,52123,sample_exhausted,,
msd,5,20,1,52124,qptas,completed,False,False,86400,1.5761351349999586,1.5761351349999586,capped_run,,,0.5,nan,0.01,0.006666666666666667,5,5,1000,3,20,1000,1000,1000,3,0.1,0.02,1.0,0.5,20.0,,0,100,0.001,nan,nan,nan,False,,highs,,nan,nan,nan,,nan,,,nan,nan,nan,,nan,,1000,1806590016,1000,52124,sample_exhausted,,
msd,5,20,2,52125,qptas,completed,False,False,86400,1.6350855629999614,1.6350855629999614,capped_run,,,0.5,nan,0.01,0.006666666666666667,5,5,1000,3,20,1000,1000,1000,3,0.1,0.02,1.0,0.5,20.0,,0,100,0.001,nan,nan,nan,False,,highs,,nan,nan,nan,,nan,,,nan,nan,nan,,nan,,1000,1806590016,1000,52125,sample_exhausted,,
msd,5,20,3,52126,qptas,completed,False,False,86400,1.6119114670000272,1.6119114670000272,capped_run,,,0.5,nan,0.01,0.006666666666666667,5,5,1000,3,20,1000,1000,1000,3,0.1,0.02,1.0,0.5,20.0,,0,100,0.001,nan,nan,nan,False,,highs,,nan,nan,nan,,nan,,,nan,nan,nan,,nan,,1000,1806590016,1000,52126,sample_exhausted,,
msd,5,20,4,52127,qptas,completed,False,False,86400,1.6490018460000329,1.6490018460000329,capped_run,,,0.5,nan,0.01,0.006666666666666667,5,5,1000,3,20,1000,1000,1000,3,0.1,0.02,1.0,0.5,20.0,,0,100,0.001,nan,nan,nan,False,,highs,,nan,nan,nan,,nan,,,nan,nan,nan,,nan,,1000,1806590016,1000,52127,sample_exhausted,,
msd,5,20,5,52128,qptas,completed,False,False,86400,1.6485502360000055,1.6485502360000055,capped_run,,,0.5,nan,0.01,0.006666666666666667,5,5,1000,3,20,1000,1000,1000,3,0.1,0.02,1.0,0.5,20.0,,0,100,0.001,nan,nan,nan,False,,highs,,nan,nan,nan,,nan,,,nan,nan,nan,,nan,,1000,1806590016,1001,52128,sample_exhausted,,
msd,5,20,6,52129,qptas,completed,False,False,86400,1.635134508999954,1.635134508999954,capped_run,,,0.5,nan,0.01,0.006666666666666667,5,5,1000,3,20,1000,1000,1000,3,0.1,0.02,1.0,0.5,20.0,,0,100,0.001,nan,nan,nan,False,,highs,,nan,nan,nan,,nan,,,nan,nan,nan,,nan,,1000,1806590016,1000,52129,sample_exhausted,,
msd,5,20,7,52130,qptas,completed,False,False,86400,1.6970613639999783,1.6970613639999783,capped_run,,,0.5,nan,0.01,0.006666666666666667,5,5,1000,3,20,1000,1000,1000,3,0.1,0.02,1.0,0.5,20.0,,0,100,0.001,nan,nan,nan,False,,highs,,nan,nan,nan,,nan,,,nan,nan,nan,,nan,,1000,1806590016,1000,52130,sample_exhausted,,
msd,5,20,8,52131,qptas,completed,False,False,86400,1.6571134959999654,1.6571134959999654,capped_run,,,0.5,nan,0.01,0.006666666666666667,5,5,1000,3,20,1000,1000,1000,3,0.1,0.02,1.0,0.5,20.0,,0,100,0.001,nan,nan,nan,False,,highs,,nan,nan,nan,,nan,,,nan,nan,nan,,nan,,1000,1806590016,1000,52131,sample_exhausted,,
msd,5,20,9,52132,qptas,completed,False,False,86400,1.686029322999957,1.686029322999957,capped_run,,,0.5,nan,0.01,0.006666666666666667,5,5,1000,3,20,1000,1000,1000,3,0.1,0.02,1.0,0.5,20.0,,0,100,0.001,nan,nan,nan,False,,highs,,nan,nan,nan,,nan,,,nan,nan,nan,,nan,,1000,1806590016,1001,52132,sample_exhausted,,
msd,5,20,10,52133,qptas,completed,False,False,86400,1.6465372050000724,1.6465372050000724,capped_run,,,0.5,nan,0.01,0.006666666666666667,5,5,1000,3,20,1000,1000,1000,3,0.1,0.02,1.0,0.5,20.0,,0,100,0.001,nan,nan,nan,False,,highs,,nan,nan,nan,,nan,,,nan,nan,nan,,nan,,1000,1806590016,1000,52133,sample_exhausted,,
msd,5,20,11,52134,qptas,completed,False,False,86400,1.6623514840000553,1.6623514840000553,capped_run,,,0.5,nan,0.01,0.006666666666666667,5,5,1000,3,20,1000,1000,1000,3,0.1,0.02,1.0,0.5,20.0,,0,100,0.001,nan,nan,nan,False,,highs,,nan,nan,nan,,nan,,,nan,nan,nan,,nan,,1000,1806590016,1000,52134,sample_exhausted,,
msd,5,20,12,52135,qptas,completed,False,False,86400,1.6277214509999567,1.6277214509999567,capped_run,,,0.5,nan,0.01,0.006666666666666667,5,5,1000,3,20,1000,1000,1000,3,0.1,0.02,1.0,0.5,20.0,,0,100,0.001,nan,nan,nan,False,,highs,,nan,nan,nan,,nan,,,nan,nan,nan,,nan,,1000,1806590016,1000,52135,sample_exhausted,,
msd,5,20,13,52136,qptas,completed,False,False,86400,1.6862971150000021,1.6862971150000021,capped_run,,,0.5,nan,0.01,0.006666666666666667,5,5,1000,3,20,1000,1000,1000,3,0.1,0.02,1.0,0.5,20.0,,0,100,0.001,nan,nan,nan,False,,highs,,nan,nan,nan,,nan,,,nan,nan,nan,,nan,,1000,1806590016,1000,52136,sample_exhausted,,
msd,5,20,14,52137,qptas,completed,False,False,86400,1.6803881540000702,1.6803881540000702,capped_run,,,0.5,nan,0.01,0.006666666666666667,5,5,1000,3,20,1000,1000,1000,3,0.1,0.02,1.0,0.5,20.0,,0,100,0.001,nan,nan,nan,False,,highs,,nan,nan,nan,,nan,,,nan,nan,nan,,nan,,1000,1806590016,1000,52137,sample_exhausted,,
msd,5,20,15,52138,qptas,completed,False,False,86400,1.674826635000045,1.674826635000045,capped_run,,,0.5,nan,0.01,0.006666666666666667,5,5,1000,3,20,1000,1000,1000,3,0.1,0.02,1.0,0.5,20.0,,0,100,0.001,nan,nan,nan,False,,highs,,nan,nan,nan,,nan,,,nan,nan,nan,,nan,,1000,1806590016,1000,52138,sample_exhausted,,
msd,5,20,16,52139,qptas,completed,False,False,86400,1.6764288290000877,1.6764288290000877,capped_run,,,0.5,nan,0.01,0.006666666666666667,5,5,1000,3,20,1000,1000,1000,3,0.1,0.02,1.0,0.5,20.0,,0,100,0.001,nan,nan,nan,False,,highs,,nan,nan,nan,,nan,,,nan,nan,nan,,nan,,1000,1806590016,1001,52139,sample_exhausted,,
msd,5,20,17,52140,qptas,completed,False,False,86400,1.7003792110000404,1.7003792110000404,capped_run,,,0.5,nan,0.01,0.006666666666666667,5,5,1000,3,20,1000,1000,1000,3,0.1,0.02,1.0,0.5,20.0,,0,100,0.001,nan,nan,nan,False,,highs,,nan,nan,nan,,nan,,,nan,nan,nan,,nan,,1000,1806590016,1000,52140,sample_exhausted,,
msd,5,20,18,52141,qptas,completed,False,False,86400,1.693379934999939,1.693379934999939,capped_run,,,0.5,nan,0.01,0.006666666666666667,5,5,1000,3,20,1000,1000,1000,3,0.1,0.02,1.0,0.5,20.0,,0,100,0.001,nan,nan,nan,False,,highs,,nan,nan,nan,,nan,,,nan,nan,nan,,nan,,1000,1806590016,1000,52141,sample_exhausted,,
msd,5,20,19,52142,qptas,completed,False,False,86400,1.6644636040000478,1.6644636040000478,capped_run,,,0.5,nan,0.01,0.006666666666666667,5,5,1000,3,20,1000,1000,1000,3,0.1,0.02,1.0,0.5,20.0,,0,100,0.001,nan,nan,nan,False,,highs,,nan,nan,nan,,nan,,,nan,nan,nan,,nan,,1000,1806590016,1001,52142,sample_exhausted,,
msd,5,50,0,55123,qptas,completed,False,False,86400,1.8904911990000528,1.8904911990000528,capped_run,,,0.5,nan,0.01,0.006666666666666667,8,5,1000,3,20,1000,1000,1000,3,0.1,0.02,1.0,0.5,20.0,,0,100,0.001,nan,nan,nan,False,,highs,,nan,nan,nan,,nan,,,nan,nan,nan,,nan,,1000,2730463682711675625,1000,55123,sample_exhausted,,
msd,5,50,1,55124,qptas,completed,False,False,86400,1.864047868000057,1.864047868000057,capped_run,,,0.5,nan,0.01,0.006666666666666667,8,5,1000,3,20,1000,1000,1000,3,0.1,0.02,1.0,0.5,20.0,,0,100,0.001,nan,nan,nan,False,,highs,,nan,nan,nan,,nan,,,nan,nan,nan,,nan,,1000,2730463682711675625,1000,55124,sample_exhausted,,
msd,5,50,2,55125,qptas,completed,False,False,86400,1.8832149039999422,1.8832149039999422,capped_run,,,0.5,nan,0.01,0.006666666666666667,8,5,1000,3,20,1000,1000,1000,3,0.1,0.02,1.0,0.5,20.0,,0,100,0.001,nan,nan,nan,False,,highs,,nan,nan,nan,,nan,,,nan,nan,nan,,nan,,1000,2730463682711675625,1000,55125,sample_exhausted,,
msd,5,50,3,55126,qptas,completed,False,False,86400,1.8722117669999534,1.8722117669999534,capped_run,,,0.5,nan,0.01,0.006666666666666667,8,5,1000,3,20,1000,1000,1000,3,0.1,0.02,1.0,0.5,20.0,,0,100,0.001,nan,nan,nan,False,,highs,,nan,nan,nan,,nan,,,nan,nan,nan,,nan,,1000,2730463682711675625,1000,55126,sample_exhausted,,
msd,5,50,4,55127,qptas,completed,False,False,86400,1.8731295420000151,1.8731295420000151,capped_run,,,0.5,nan,0.01,0.006666666666666667,8,5,1000,3,20,1000,1000,1000,3,0.1,0.02,1.0,0.5,20.0,,0,100,0.001,nan,nan,nan,False,,highs,,nan,nan,nan,,nan,,,nan,nan,nan,,nan,,1000,2730463682711675625,1000,55127,sample_exhausted,,
msd,5,50,5,55128,qptas,completed,False,False,86400,1.8914142289999063,1.8914142289999063,capped_run,,,0.5,nan,0.01,0.006666666666666667,8,5,1000,3,20,1000,1000,1000,3,0.1,0.02,1.0,0.5,20.0,,0,100,0.001,nan,nan,nan,False,,highs,,nan,nan,nan,,nan,,,nan,nan,nan,,nan,,1000,2730463682711675625,1000,55128,sample_exhausted,,
msd,5,50,6,55129,qptas,completed,False,False,86400,1.8917798779999657,1.8917798779999657,capped_run,,,0.5,nan,0.01,0.006666666666666667,8,5,1000,3,20,1000,1000,1000,3,0.1,0.02,1.0,0.5,20.0,,0,100,0.001,nan,nan,nan,False,,highs,,nan,nan,nan,,nan,,,nan,nan,nan,,nan,,1000,2730463682711675625,1000,55129,sample_exhausted,,
msd,5,50,7,55130,qptas,completed,False,False,86400,1.8789080130000002,1.8789080130000002,capped_run,,,0.5,nan,0.01,0.006666666666666667,8,5,1000,3,20,1000,1000,1000,3,0.1,0.02,1.0,0.5,20.0,,0,100,0.001,nan,nan,nan,False,,highs,,nan,nan,nan,,nan,,,nan,nan,nan,,nan,,1000,2730463682711675625,1000,55130,sample_exhausted,,
msd,5,50,8,55131,qptas,completed,False,False,86400,1.8772237130000349,1.8772237130000349,capped_run,,,0.5,nan,0.01,0.006666666666666667,8,5,1000,3,20,1000,1000,1000,3,0.1,0.02,1.0,0.5,20.0,,0,100,0.001,nan,nan,nan,False,,highs,,nan,nan,nan,,nan,,,nan,nan,nan,,nan,,1000,2730463682711675625,1000,55131,sample_exhausted,,
msd,5,50,9,55132,qptas,completed,False,False,86400,1.8573026440000149,1.8573026440000149,capped_run,,,0.5,nan,0.01,0.006666666666666667,8,5,1000,3,20,1000,1000,1000,3,0.1,0.02,1.0,0.5,20.0,,0,100,0.001,nan,nan,nan,False,,highs,,nan,nan,nan,,nan,,,nan,nan,nan,,nan,,1000,2730463682711675625,1000,55132,sample_exhausted,,
msd,5,50,10,55133,qptas,completed,False,False,86400,1.8480406460000722,1.8480406460000722,capped_run,,,0.5,nan,0.01,0.006666666666666667,8,5,1000,3,20,1000,1000,1000,3,0.1,0.02,1.0,0.5,20.0,,0,100,0.001,nan,nan,nan,False,,highs,,nan,nan,nan,,nan,,,nan,nan,nan,,nan,,1000,2730463682711675625,1000,55133,sample_exhausted,,
msd,5,50,11,55134,qptas,completed,False,False,86400,1.8405402050000248,1.8405402050000248,capped_run,,,0.5,nan,0.01,0.006666666666666667,8,5,1000,3,20,1000,1000,1000,3,0.1,0.02,1.0,0.5,20.0,,0,100,0.001,nan,nan,nan,False,,highs,,nan,nan,nan,,nan,,,nan,nan,nan,,nan,,1000,2730463682711675625,1000,55134,sample_exhausted,,
msd,5,50,12,55135,qptas,completed,False,False,86400,1.8905531269999756,1.8905531269999756,capped_run,,,0.5,nan,0.01,0.006666666666666667,8,5,1000,3,20,1000,1000,1000,3,0.1,0.02,1.0,0.5,20.0,,0,100,0.001,nan,nan,nan,False,,highs,,nan,nan,nan,,nan,,,nan,nan,nan,,nan,,1000,2730463682711675625,1000,55135,sample_exhausted,,
msd,5,50,13,55136,qptas,completed,False,False,86400,1.830155265999906,1.830155265999906,capped_run,,,0.5,nan,0.01,0.006666666666666667,8,5,1000,3,20,1000,1000,1000,3,0.1,0.02,1.0,0.5,20.0,,0,100,0.001,nan,nan,nan,False,,highs,,nan,nan,nan,,nan,,,nan,nan,nan,,nan,,1000,2730463682711675625,1000,55136,sample_exhausted,,
msd,5,50,14,55137,qptas,completed,False,False,86400,1.8631823660000464,1.8631823660000464,capped_run,,,0.5,nan,0.01,0.006666666666666667,8,5,1000,3,20,1000,1000,1000,3,0.1,0.02,1.0,0.5,20.0,,0,100,0.001,nan,nan,nan,False,,highs,,nan,nan,nan,,nan,,,nan,nan,nan,,nan,,1000,2730463682711675625,1000,55137,sample_exhausted,,
msd,5,50,15,55138,qptas,completed,False,False,86400,1.8494475490000468,1.8494475490000468,capped_run,,,0.5,nan,0.01,0.006666666666666667,8,5,1000,3,20,1000,1000,1000,3,0.1,0.02,1.0,0.5,20.0,,0,100,0.001,nan,nan,nan,False,,highs,,nan,nan,nan,,nan,,,nan,nan,nan,,nan,,1000,2730463682711675625,1000,55138,sample_exhausted,,
msd,5,50,16,55139,qptas,completed,False,False,86400,1.8476364190000822,1.8476364190000822,capped_run,,,0.5,nan,0.01,0.006666666666666667,8,5,1000,3,20,1000,1000,1000,3,0.1,0.02,1.0,0.5,20.0,,0,100,0.001,nan,nan,nan,False,,highs,,nan,nan,nan,,nan,,,nan,nan,nan,,nan,,1000,2730463682711675625,1000,55139,sample_exhausted,,
msd,5,50,17,55140,qptas,completed,False,False,86400,1.8543339240000023,1.8543339240000023,capped_run,,,0.5,nan,0.01,0.006666666666666667,8,5,1000,3,20,1000,1000,1000,3,0.1,0.02,1.0,0.5,20.0,,0,100,0.001,nan,nan,nan,False,,highs,,nan,nan,nan,,nan,,,nan,nan,nan,,nan,,1000,2730463682711675625,1000,55140,sample_exhausted,,
msd,5,50,18,55141,qptas,completed,False,False,86400,1.8721201909999081,1.8721201909999081,capped_run,,,0.5,nan,0.01,0.006666666666666667,8,5,1000,3,20,1000,1000,1000,3,0.1,0.02,1.0,0.5,20.0,,0,100,0.001,nan,nan,nan,False,,highs,,nan,nan,nan,,nan,,,nan,nan,nan,,nan,,1000,2730463682711675625,1000,55141,sample_exhausted,,
msd,5,50,19,55142,qptas,completed,False,False,86400,1.8542456019999918,1.8542456019999918,capped_run,,,0.5,nan,0.01,0.006666666666666667,8,5,1000,3,20,1000,1000,1000,3,0.1,0.02,1.0,0.5,20.0,,0,100,0.001,nan,nan,nan,False,,highs,,nan,nan,nan,,nan,,,nan,nan,nan,,nan,,1000,2730463682711675625,1000,55142,sample_exhausted,,
msd,10,5,0,100623,qptas,completed,True,False,86400,0.6578770129999612,0.6578770129999612,capped_run,,,0.5,nan,0.01,0.006666666666666667,3,5,1000,3,20,1000,1000,1000,4,0.1,0.02,1.0,0.5,20.0,,0,100,0.001,0.005741301740218474,0.0022647282232790555,0.005741301740218474,True,,highs,,nan,nan,nan,,nan,,,nan,nan,nan,,nan,,372,1225,399,100623,epsilon_reached,,
msd,10,5,1,100624,qptas,completed,True,False,86400,0.7807085609999831,0.7807085609999831,capped_run,,,0.5,nan,0.01,0.006666666666666667,3,5,1000,3,20,1000,1000,1000,4,0.1,0.02,1.0,0.5,20.0,,0,100,0.001,0.009419021363593683,0.004160102788467068,0.009419021363593683,True,,highs,,nan,nan,nan,,nan,,,nan,nan,nan,,nan,,434,1225,480,100624,epsilon_reached,,
msd,10,5,2,100625,qptas,completed,True,False,86400,0.03843399800007319,0.03843399800007319,capped_run,,,0.5,nan,0.01,0.006666666666666667,3,5,1000,3,20,1000,1000,1000,4,0.1,0.02,1.0,0.5,20.0,,0,100,0.001,0.008330208240087789,0.0,0.008330208240087789,True,,highs,,nan,nan,nan,,nan,,,nan,nan,nan,,nan,,16,1225,19,100625,epsilon_reached,,
msd,10,5,3,100626,qptas,completed,True,False,86400,0.5929083580000452,0.5929083580000452,capped_run,,,0.5,nan,0.01,0.006666666666666667,3,5,1000,3,20,1000,1000,1000,4,0.1,0.02,1.0,0.5,20.0,,0,100,0.001,0.006442322832091785,0.006442322832091785,0.0037117024997166403,True,,highs,,nan,nan,nan,,nan,,,nan,nan,nan,,nan,,329,1225,354,100626,epsilon_reached,,
msd,10,5,4,100627,qptas,completed,True,False,86400,1.2587036529999978,1.2587036529999978,capped_run,,,0.5,nan,0.01,0.006666666666666667,3,5,1000,3,20,1000,1000,1000,4,0.1,0.02,1.0,0.5,20.0,,0,100,0.001,0.005089909300373785,0.005089909300373785,0.0034629755324833145,True,,highs,,nan,nan,nan,,nan,,,nan,nan,nan,,nan,,699,1225,753,100627,epsilon_reached,,
msd,10,5,5,100628,qptas,completed,True,False,86400,0.255655991000026,0.255655991000026,capped_run,,,0.5,nan,0.01,0.006666666666666667,3,5,1000,3,20,1000,1000,1000,4,0.1,0.02,1.0,0.5,20.0,,0,100,0.001,0.006919673405837101,0.001554448407578235,0.006919673405837101,True,,highs,,nan,nan,nan,,nan,,,nan,nan,nan,,nan,,131,1225,144,100628,epsilon_reached,,
msd,10,5,6,100629,qptas,completed,True,False,86400,0.19006292900007793,0.19006292900007793,capped_run,,,0.5,nan,0.01,0.006666666666666667,3,5,1000,3,20,1000,1000,1000,4,0.1,0.02,1.0,0.5,20.0,,0,100,0.001,0.0007160789459474959,0.0007160789459474959,0.0,True,,highs,,nan,nan,nan,,nan,,,nan,nan,nan,,nan,,108,1225,115,100629,epsilon_reached,,
msd,10,5,7,100630,qptas,completed,True,False,86400,1.0934286699999802,1.0934286699999802,capped_run,,,0.5,nan,0.01,0.006666666666666667,3,5,1000,3,20,1000,1000,1000,4,0.1,0.02,1.0,0.5,20.0,,0,100,0.001,0.007510847623559969,0.006871744506484145,0.007510847623559969,True,,highs,,nan,nan,nan,,nan,,,nan,nan,nan,,nan,,599,1225,647,100630,epsilon_reached,,
msd,10,5,8,100631,qptas,completed,True,False,86400,1.0178045490000613,1.0178045490000613,capped_run,,,0.5,nan,0.01,0.006666666666666667,3,5,1000,3,20,1000,1000,1000,4,0.1,0.02,1.0,0.5,20.0,,0,100,0.001,0.0019569558594886294,0.0019569558594886294,0.00033397817213876024,True,,highs,,nan,nan,nan,,nan,,,nan,nan,nan,,nan,,586,1225,622,100631,epsilon_reached,,
msd,10,5,9,100632,qptas,completed,True,False,86400,0.0858122029999322,0.0858122029999322,capped_run,,,0.5,nan,0.01,0.006666666666666667,3,5,1000,3,20,1000,1000,1000,4,0.1,0.02,1.0,0.5,20.0,,0,100,0.001,0.003559094028637244,0.0,0.003559094028637244,True,,highs,,nan,nan,nan,,nan,,,nan,nan,nan,,nan,,46,1225,51,100632,epsilon_reached,,
msd,10,5,10,100633,qptas,completed,True,False,86400,0.26990521999994144,0.26990521999994144,capped_run,,,0.5,nan,0.01,0.006666666666666667,3,5,1000,3,20,1000,1000,1000,4,0.1,0.02,1.0,0.5,20.0,,0,100,0.001,0.008418580447794644,5.1922251621205895e-05,0.008418580447794644,True,,highs,,nan,nan,nan,,nan,,,nan,nan,nan,,nan,,143,1225,155,100633,epsilon_reached,,
msd,10,5,11,100634,qptas,completed,True,False,86400,1.2600388419999717,1.2600388419999717,capped_run,,,0.5,nan,0.01,0.006666666666666667,3,5,1000,3,20,1000,1000,1000,4,0.1,0.02,1.0,0.5,20.0,,0,100,0.001,0.009342903987208773,0.0035355993235365313,0.009342903987208773,True,,highs,,nan,nan,nan,,nan,,,nan,nan,nan,,nan,,694,1225,740,100634,epsilon_reached,,
msd,10,5,12,100635,qptas,completed,True,False,86400,0.63488143699999,0.63488143699999,capped_run,,,0.5,nan,0.01,0.006666666666666667,3,5,1000,3,20,1000,1000,1000,4,0.1,0.02,1.0,0.5,20.0,,0,100,0.001,0.009208227143825631,0.009208227143825631,0.007739024524889504,True,,highs,,nan,nan,nan,,nan,,,nan,nan,nan,,nan,,342,1225,367,100635,epsilon_reached,,
msd,10,5,13,100636,qptas,completed,True,False,86400,0.9029943900000035,0.9029943900000035,capped_run,,,0.5,nan,0.01,0.006666666666666667,3,5,1000,3,20,1000,1000,1000,4,0.1,0.02,1.0,0.5,20.0,,0,100,0.001,0.009011433578982764,0.009011433578982764,0.00652909584781447,True,,highs,,nan,nan,nan,,nan,,,nan,nan,nan,,nan,,490,1225,538,100636,epsilon_reached,,
msd,10,5,14,100637,qptas,completed,True,False,86400,0.020260231999941425,0.020260231999941425,capped_run,,,0.5,nan,0.01,0.006666666666666667,3,5,1000,3,20,1000,1000,1000,4,0.1,0.02,1.0,0.5,20.0,,0,100,0.001,0.006980382149858633,0.0,0.006980382149858633,True,,highs,,nan,nan,nan,,nan,,,nan,nan,nan,,nan,,7,1225,8,100637,epsilon_reached,,
msd,10,5,15,100638,qptas,completed,True,False,86400,0.2884615699999813,0.2884615699999813,capped_run,,,0.5,nan,0.01,0.006666666666666667,3,5,1000,3,20,1000,1000,1000,4,0.1,0.02,1.0,0.5,20.0,,0,100,0.001,0.008849625131762517,0.0007821575722626317,0.008849625131762517,True,,highs,,nan,nan,nan,,nan,,,nan,nan,nan,,nan,,170,1225,179,100638,epsilon_reached,,
msd,10,5,16,100639,qptas,completed,True,False,86400,0.04293964800001504,0.04293964800001504,capped_run,,,0.5,nan,0.01,0.006666666666666667,3,5,1000,3,20,1000,1000,1000,4,0.1,0.02,1.0,0.5,20.0,,0,100,0.001,0.008656077816454832,0.008656077816454832,0.0016804613374808985,True,,highs,,nan,nan,nan,,nan,,,nan,nan,nan,,nan,,19,1225,21,100639,epsilon_reached,,
msd,10,5,17,100640,qptas,completed,True,False,86400,1.0218945560000066,1.0218945560000066,capped_run,,,0.5,nan,0.01,0.006666666666666667,3,5,1000,3,20,1000,1000,1000,4,0.1,0.02,1.0,0.5,20.0,,0,100,0.001,0.00033983040364748973,0.00025891384075815704,0.00033983040364748973,True,,highs,,nan,nan,nan,,nan,,,nan,nan,nan,,nan,,584,1225,610,100640,epsilon_reached,,
msd,10,5,18,100641,qptas,completed,True,False,86400,0.4277520889999096,0.4277520889999096,capped_run,,,0.5,nan,0.01,0.006666666666666667,3,5,1000,3,20,1000,1000,1000,4,0.1,0.02,1.0,0.5,20.0,,0,100,0.001,0.008782116570353216,0.008782116570353216,0.0025627711483122706,True,,highs,,nan,nan,nan,,nan,,,nan,nan,nan,,nan,,236,1225,250,100641,epsilon_reached,,
msd,10,5,19,100642,qptas,completed,True,False,86400,1.3995711790000769,1.3995711790000769,capped_run,,,0.5,nan,0.01,0.006666666666666667,3,5,1000,3,20,1000,1000,1000,4,0.1,0.02,1.0,0.5,20.0,,0,100,0.001,0.00998971774260704,0.00998971774260704,0.009149061107348033,True,,highs,,nan,nan,nan,,nan,,,nan,nan,nan,,nan,,776,1225,839,100642,epsilon_reached,,
msd,10,10,0,101123,qptas,completed,False,False,86400,1.7060469680000097,1.7060469680000097,capped_run,,,0.5,nan,0.01,0.006666666666666667,4,5,1000,3,20,1000,1000,1000,4,0.1,0.02,1.0,0.5,20.0,,0,100,0.001,nan,nan,nan,False,,highs,,nan,nan,nan,,nan,,,nan,nan,nan,,nan,,1000,511225,1016,101123,sample_exhausted,,
msd,10,10,1,101124,qptas,completed,False,False,86400,1.6701063459998977,1.6701063459998977,capped_run,,,0.5,nan,0.01,0.006666666666666667,4,5,1000,3,20,1000,1000,1000,4,0.1,0.02,1.0,0.5,20.0,,0,100,0.001,nan,nan,nan,False,,highs,,nan,nan,nan,,nan,,,nan,nan,nan,,nan,,1000,511225,1013,101124,sample_exhausted,,
msd,10,10,2,101125,qptas,completed,False,False,86400,1.6419429080000327,1.6419429080000327,capped_run,,,0.5,nan,0.01,0.006666666666666667,4,5,1000,3,20,1000,1000,1000,4,0.1,0.02,1.0,0.5,20.0,,0,100,0.001,nan,nan,nan,False,,highs,,nan,nan,nan,,nan,,,nan,nan,nan,,nan,,1000,511225,1006,101125,sample_exhausted,,
msd,10,10,3,101126,qptas,completed,False,False,86400,1.679147381000007,1.679147381000007,capped_run,,,0.5,nan,0.01,0.006666666666666667,4,5,1000,3,20,1000,1000,1000,4,0.1,0.02,1.0,0.5,20.0,,0,100,0.001,nan,nan,nan,False,,highs,,nan,nan,nan,,nan,,,nan,nan,nan,,nan,,1000,511225,1009,101126,sample_exhausted,,
msd,10,10,4,101127,qptas,completed,False,False,86400,1.688459641999998,1.688459641999998,capped_run,,,0.5,nan,0.01,0.006666666666666667,4,5,1000,3,20,1000,1000,1000,4,0.1,0.02,1.0,0.5,20.0,,0,100,0.001,nan,nan,nan,False,,highs,,nan,nan,nan,,nan,,,nan,nan,nan,,nan,,1000,511225,1015,101127,sample_exhausted,,
msd,10,10,5,101128,qptas,completed,False,False,86400,1.726428043999931,1.726428043999931,capped_run,,,0.5,nan,0.01,0.006666666666666667,4,5,1000,3,20,1000,1000,1000,4,0.1,0.02,1.0,0.5,20.0,,0,100,0.001,nan,nan,nan,False,,highs,,nan,nan,nan,,nan,,,nan,nan,nan,,nan,,1000,511225,1013,101128,sample_exhausted,,
msd,10,10,6,101129,qptas,completed,False,False,86400,1.651380721999999,1.651380721999999,capped_run,,,0.5,nan,0.01,0.006666666666666667,4,5,1000,3,20,1000,1000,1000,4,0.1,0.02,1.0,0.5,20.0,,0,100,0.001,nan,nan,nan,False,,highs,,nan,nan,nan,,nan,,,nan,nan,nan,,nan,,1000,511225,1013,101129,sample_exhausted,,
msd,10,10,7,101130,qptas,completed,False,False,86400,1.695721897999988,1.695721897999988,capped_run,,,0.5,nan,0.01,0.006666666666666667,4,5,1000,3,20,1000,1000,1000,4,0.1,0.02,1.0,0.5,20.0,,0,100,0.001,nan,nan,nan,False,,highs,,nan,nan,nan,,nan,,,nan,nan,nan,,nan,,1000,511225,1005,101130,sample_exhausted,,
msd,10,10,8,101131,qptas,completed,True,False,86400,1.484096308000062,1.484096308000062,capped_run,,,0.5,nan,0.01,0.006666666666666667,4,5,1000,3,20,1000,1000,1000,4,0.1,0.02,1.0,0.5,20.0,,0,100,0.001,0.005237917770071099,0.0015534839093014896,0.005237917770071099,True,,highs,,nan,nan,nan,,nan,,,nan,nan,nan,,nan,,873,511225,888,101131,epsilon_reached,,
msd,10,10,9,101132,qptas,completed,False,False,86400,1.6784944470000482,1.6784944470000482,capped_run,,,0.5,nan,0.01,0.006666666666666667,4,5,1000,3,20,1000,1000,1000,4,0.1,0.02,1.0,0.5,20.0,,0,100,0.001,nan,nan,nan,False,,highs,,nan,nan,nan,,nan,,,nan,nan,nan,,nan,,1000,511225,1020,101132,sample_exhausted,,
msd,10,10,10,101133,qptas,completed,False,False,86400,1.6961333010000317,1.6961333010000317,capped_run,,,0.5,nan,0.01,0.006666666666666667,4,5,1000,3,20,1000,1000,1000,4,0.1,0.02,1.0,0.5,20.0,,0,100,0.001,nan,nan,nan,False,,highs,,nan,nan,nan,,nan,,,nan,nan,nan,,nan,,1000,511225,1011,101133,sample_exhausted,,
msd,10,10,11,101134,qptas,completed,False,False,86400,1.663385880000078,1.663385880000078,capped_run,,,0.5,nan,0.01,0.006666666666666667,4,5,1000,3,20,1000,1000,1000,4,0.1,0.02,1.0,0.5,20.0,,0,100,0.001,nan,nan,nan,False,,highs,,nan,nan,nan,,nan,,,nan,nan,nan,,nan,,1000,511225,1008,101134,sample_exhausted,,
msd,10,10,12,101135,qptas,completed,False,False,86400,1.7041462270000238,1.7041462270000238,capped_run,,,0.5,nan,0.01,0.006666666666666667,4,5,1000,3,20,1000,1000,1000,4,0.1,0.02,1.0,0.5,20.0,,0,100,0.001,nan,nan,nan,False,,highs,,nan,nan,nan,,nan,,,nan,nan,nan,,nan,,1000,511225,1021,101135,sample_exhausted,,
msd,10,10,13,101136,qptas,completed,False,False,86400,1.672290289999978,1.672290289999978,capped_run,,,0.5,nan,0.01,0.006666666666666667,4,5,1000,3,20,1000,1000,1000,4,0.1,0.02,1.0,0.5,20.0,,0,100,0.001,nan,nan,nan,False,,highs,,nan,nan,nan,,nan,,,nan,nan,nan,,nan,,1000,511225,1016,101136,sample_exhausted,,
msd,10,10,14,101137,qptas,completed,False,False,86400,1.7071499720000247,1.7071499720000247,capped_run,,,0.5,nan,0.01,0.006666666666666667,4,5,1000,3,20,1000,1000,1000,4,0.1,0.02,1.0,0.5,20.0,,0,100,0.001,nan,nan,nan,False,,highs,,nan,nan,nan,,nan,,,nan,nan,nan,,nan,,1000,511225,1017,101137,sample_exhausted,,
msd,10,10,15,101138,qptas,completed,False,False,86400,1.6877260339999793,1.6877260339999793,capped_run,,,0.5,nan,0.01,0.006666666666666667,4,5,1000,3,20,1000,1000,1000,4,0.1,0.02,1.0,0.5,20.0,,0,100,0.001,nan,nan,nan,False,,highs,,nan,nan,nan,,nan,,,nan,nan,nan,,nan,,1000,511225,1010,101138,sample_exhausted,,
msd,10,10,16,101139,qptas,completed,False,False,86400,1.6747646950000217,1.6747646950000217,capped_run,,,0.5,nan,0.01,0.006666666666666667,4,5,1000,3,20,1000,1000,1000,4,0.1,0.02,1.0,0.5,20.0,,0,100,0.001,nan,nan,nan,False,,highs,,nan,nan,nan,,nan,,,nan,nan,nan,,nan,,1000,511225,1015,101139,sample_exhausted,,
msd,10,10,17,101140,qptas,completed,False,False,86400,1.7081661419999818,1.7081661419999818,capped_run,,,0.5,nan,0.01,0.006666666666666667,4,5,1000,3,20,1000,1000,1000,4,0.1,0.02,1.0,0.5,20.0,,0,100,0.001,nan,nan,nan,False,,highs,,nan,nan,nan,,nan,,,nan,nan,nan,,nan,,1000,511225,1007,101140,sample_exhausted,,
msd,10,10,18,101141,qptas,completed,True,False,86400,0.5583217930000046,0.5583217930000046,capped_run,,,0.5,nan,0.01,0.006666666666666667,4,5,1000,3,20,1000,1000,1000,4,0.1,0.02,1.0,0.5,20.0,,0,100,0.001,0.004903681611345578,0.004903681611345578,0.001472560764953057,True,,highs,,nan,nan,nan,,nan,,,nan,nan,nan,,nan,,346,511225,351,101141,epsilon_reached,,
msd,10,10,19,101142,qptas,completed,False,False,86400,1.6251606320000747,1.6251606320000747,capped_run,,,0.5,nan,0.01,0.006666666666666667,4,5,1000,3,20,1000,1000,1000,4,0.1,0.02,1.0,0.5,20.0,,0,100,0.001,nan,nan,nan,False,,highs,,nan,nan,nan,,nan,,,nan,nan,nan,,nan,,1000,511225,1011,101142,sample_exhausted,,
msd,10,20,0,102123,qptas,completed,False,False,86400,1.6731684999999743,1.6731684999999743,capped_run,,,0.5,nan,0.01,0.006666666666666667,5,5,1000,3,20,1000,1000,1000,4,0.1,0.02,1.0,0.5,20.0,,0,100,0.001,nan,nan,nan,False,,highs,,nan,nan,nan,,nan,,,nan,nan,nan,,nan,,1000,1806590016,1002,102123,sample_exhausted,,
msd,10,20,1,102124,qptas,completed,False,False,86400,1.751705146000063,1.751705146000063,capped_run,,,0.5,nan,0.01,0.006666666666666667,5,5,1000,3,20,1000,1000,1000,4,0.1,0.02,1.0,0.5,20.0,,0,100,0.001,nan,nan,nan,False,,highs,,nan,nan,nan,,nan,,,nan,nan,nan,,nan,,1000,1806590016,1003,102124,sample_exhausted,,
msd,10,20,2,102125,qptas,completed,False,False,86400,1.7571360419999564,1.7571360419999564,capped_run,,,0.5,nan,0.01,0.006666666666666667,5,5,1000,3,20,1000,1000,1000,4,0.1,0.02,1.0,0.5,20.0,,0,100,0.001,nan,nan,nan,False,,highs,,nan,nan,nan,,nan,,,nan,nan,nan,,nan,,1000,1806590016,1003,102125,sample_exhausted,,
msd,10,20,3,102126,qptas,completed,False,False,86400,1.6951407899999822,1.6951407899999822,capped_run,,,0.5,nan,0.01,0.006666666666666667,5,5,1000,3,20,1000,1000,1000,4,0.1,0.02,1.0,0.5,20.0,,0,100,0.001,nan,nan,nan,False,,highs,,nan,nan,nan,,nan,,,nan,nan,nan,,nan,,1000,1806590016,1001,102126,sample_exhausted,,
msd,10,20,4,102127,qptas,completed,False,False,86400,1.7697241920000124,1.7697241920000124,capped_run,,,0.5,nan,0.01,0.006666666666666667,5,5,1000,3,20,1000,1000,1000,4,0.1,0.02,1.0,0.5,20.0,,0,100,0.001,nan,nan,nan,False,,highs,,nan,nan,nan,,nan,,,nan,nan,nan,,nan,,1000,1806590016,1004,102127,sample_exhausted,,
msd,10,20,5,102128,qptas,completed,False,False,86400,1.7328618730000471,1.7328618730000471,capped_run,,,0.5,nan,0.01,0.006666666666666667,5,5,1000,3,20,1000,1000,1000,4,0.1,0.02,1.0,0.5,20.0,,0,100,0.001,nan,nan,nan,False,,highs,,nan,nan,nan,,nan,,,nan,nan,nan,,nan,,1000,1806590016,1002,102128,sample_exhausted,,
msd,10,20,6,102129,qptas,completed,False,False,86400,1.7699611619999587,1.7699611619999587,capped_run,,,0.5,nan,0.01,0.006666666666666667,5,5,1000,3,20,1000,1000,1000,4,0.1,0.02,1.0,0.5,20.0,,0,100,0.001,nan,nan,nan,False,,highs,,nan,nan,nan,,nan,,,nan,nan,nan,,nan,,1000,1806590016,1000,102129,sample_exhausted,,
msd,10,20,7,102130,qptas,completed,False,False,86400,1.7561591510000198,1.7561591510000198,capped_run,,,0.5,nan,0.01,0.006666666666666667,5,5,1000,3,20,1000,1000,1000,4,0.1,0.02,1.0,0.5,20.0,,0,100,0.001,nan,nan,nan,False,,highs,,nan,nan,nan,,nan,,,nan,nan,nan,,nan,,1000,1806590016,1003,102130,sample_exhausted,,
msd,10,20,8,102131,qptas,completed,False,False,86400,1.7830992699999797,1.7830992699999797,capped_run,,,0.5,nan,0.01,0.006666666666666667,5,5,1000,3,20,1000,1000,1000,4,0.1,0.02,1.0,0.5,20.0,,0,100,0.001,nan,nan,nan,False,,highs,,nan,nan,nan,,nan,,,nan,nan,nan,,nan,,1000,1806590016,1001,102131,sample_exhausted,,
msd,10,20,9,102132,qptas,completed,False,False,86400,1.7528982669999777,1.7528982669999777,capped_run,,,0.5,nan,0.01,0.006666666666666667,5,5,1000,3,20,1000,1000,1000,4,0.1,0.02,1.0,0.5,20.0,,0,100,0.001,nan,nan,nan,False,,highs,,nan,nan,nan,,nan,,,nan,nan,nan,,nan,,1000,1806590016,1003,102132,sample_exhausted,,
msd,10,20,10,102133,qptas,completed,False,False,86400,1.7782627439999033,1.7782627439999033,capped_run,,,0.5,nan,0.01,0.006666666666666667,5,5,1000,3,20,1000,1000,1000,4,0.1,0.02,1.0,0.5,20.0,,0,100,0.001,nan,nan,nan,False,,highs,,nan,nan,nan,,nan,,,nan,nan,nan,,nan,,1000,1806590016,1001,102133,sample_exhausted,,
msd,10,20,11,102134,qptas,completed,False,False,86400,1.741067682999983,1.741067682999983,capped_run,,,0.5,nan,0.01,0.006666666666666667,5,5,1000,3,20,1000,1000,1000,4,0.1,0.02,1.0,0.5,20.0,,0,100,0.001,nan,nan,nan,False,,highs,,nan,nan,nan,,nan,,,nan,nan,nan,,nan,,1000,1806590016,1001,102134,sample_exhausted,,
msd,10,20,12,102135,qptas,completed,False,False,86400,1.7632574710000881,1.7632574710000881,capped_run,,,0.5,nan,0.01,0.006666666666666667,5,5,1000,3,20,1000,1000,1000,4,0.1,0.02,1.0,0.5,20.0,,0,100,0.001,nan,nan,nan,False,,highs,,nan,nan,nan,,nan,,,nan,nan,nan,,nan,,1000,1806590016,1000,102135,sample_exhausted,,
msd,10,20,13,102136,qptas,completed,False,False,86400,1.7589482959999714,1.7589482959999714,capped_run,,,0.5,nan,0.01,0.006666666666666667,5,5,1000,3,20,1000,1000,1000,4,0.1,0.02,1.0,0.5,20.0,,0,100,0.001,nan,nan,nan,False,,highs,,nan,nan,nan,,nan,,,nan,nan,nan,,nan,,1000,1806590016,1001,102136,sample_exhausted,,
msd,10,20,14,102137,qptas,completed,False,False,86400,1.6990846290000263,1.6990846290000263,capped_run,,,0.5,nan,0.01,0.006666666666666667,5,5,1000,3,20,1000,1000,1000,4,0.1,0.02,1.0,0.5,20.0,,0,100,0.001,nan,nan,nan,False,,highs,,nan,nan,nan,,nan,,,nan,nan,nan,,nan,,1000,1806590016,1002,102137,sample_exhausted,,
msd,10,20,15,102138,qptas,completed,False,False,86400,1.7532965979999062,1.7532965979999062,capped_run,,,0.5,nan,0.01,0.006666666666666667,5,5,1000,3,20,1000,1000,1000,4,0.1,0.02,1.0,0.5,20.0,,0,100,0.001,nan,nan,nan,False,,highs,,nan,nan,nan,,nan,,,nan,nan,nan,,nan,,1000,1806590016,1000,102138,sample_exhausted,,
msd,10,20,16,102139,qptas,completed,False,False,86400,1.727114252999968,1.727114252999968,capped_run,,,0.5,nan,0.01,0.006666666666666667,5,5,1000,3,20,1000,1000,1000,4,0.1,0.02,1.0,0.5,20.0,,0,100,0.001,nan,nan,nan,False,,highs,,nan,nan,nan,,nan,,,nan,nan,nan,,nan,,1000,1806590016,1003,102139,sample_exhausted,,
msd,10,20,17,102140,qptas,completed,False,False,86400,1.7601744380000355,1.7601744380000355,capped_run,,,0.5,nan,0.01,0.006666666666666667,5,5,1000,3,20,1000,1000,1000,4,0.1,0.02,1.0,0.5,20.0,,0,100,0.001,nan,nan,nan,False,,highs,,nan,nan,nan,,nan,,,nan,nan,nan,,nan,,1000,1806590016,1000,102140,sample_exhausted,,
msd,10,20,18,102141,qptas,completed,False,False,86400,1.7639395520000107,1.7639395520000107,capped_run,,,0.5,nan,0.01,0.006666666666666667,5,5,1000,3,20,1000,1000,1000,4,0.1,0.02,1.0,0.5,20.0,,0,100,0.001,nan,nan,nan,False,,highs,,nan,nan,nan,,nan,,,nan,nan,nan,,nan,,1000,1806590016,1001,102141,sample_exhausted,,
msd,10,20,19,102142,qptas,completed,False,False,86400,1.7738153509999393,1.7738153509999393,capped_run,,,0.5,nan,0.01,0.006666666666666667,5,5,1000,3,20,1000,1000,1000,4,0.1,0.02,1.0,0.5,20.0,,0,100,0.001,nan,nan,nan,False,,highs,,nan,nan,nan,,nan,,,nan,nan,nan,,nan,,1000,1806590016,1000,102142,sample_exhausted,,
msd,10,50,0,105123,qptas,completed,False,False,86400,2.069510703999981,2.069510703999981,capped_run,,,0.5,nan,0.01,0.006666666666666667,8,5,1000,3,20,1000,1000,1000,4,0.1,0.02,1.0,0.5,20.0,,0,100,0.001,nan,nan,nan,False,,highs,,nan,nan,nan,,nan,,,nan,nan,nan,,nan,,1000,2730463682711675625,1000,105123,sample_exhausted,,
msd,10,50,1,105124,qptas,completed,False,False,86400,2.0386748749999697,2.0386748749999697,capped_run,,,0.5,nan,0.01,0.006666666666666667,8,5,1000,3,20,1000,1000,1000,4,0.1,0.02,1.0,0.5,20.0,,0,100,0.001,nan,nan,nan,False,,highs,,nan,nan,nan,,nan,,,nan,nan,nan,,nan,,1000,2730463682711675625,1000,105124,sample_exhausted,,
msd,10,50,2,105125,qptas,completed,False,False,86400,2.0692868510000153,2.0692868510000153,capped_run,,,0.5,nan,0.01,0.006666666666666667,8,5,1000,3,20,1000,1000,1000,4,0.1,0.02,1.0,0.5,20.0,,0,100,0.001,nan,nan,nan,False,,highs,,nan,nan,nan,,nan,,,nan,nan,nan,,nan,,1000,2730463682711675625,1000,105125,sample_exhausted,,
msd,10,50,3,105126,qptas,completed,False,False,86400,2.0420470310000383,2.0420470310000383,capped_run,,,0.5,nan,0.01,0.006666666666666667,8,5,1000,3,20,1000,1000,1000,4,0.1,0.02,1.0,0.5,20.0,,0,100,0.001,nan,nan,nan,False,,highs,,nan,nan,nan,,nan,,,nan,nan,nan,,nan,,1000,2730463682711675625,1000,105126,sample_exhausted,,
msd,10,50,4,105127,qptas,completed,False,False,86400,2.038180089000093,2.038180089000093,capped_run,,,0.5,nan,0.01,0.006666666666666667,8,5,1000,3,20,1000,1000,1000,4,0.1,0.02,1.0,0.5,20.0,,0,100,0.001,nan,nan,nan,False,,highs,,nan,nan,nan,,nan,,,nan,nan,nan,,nan,,1000,2730463682711675625,1000,105127,sample_exhausted,,
msd,10,50,5,105128,qptas,completed,False,False,86400,2.022402166000006,2.022402166000006,capped_run,,,0.5,nan,0.01,0.006666666666666667,8,5,1000,3,20,1000,1000,1000,4,0.1,0.02,1.0,0.5,20.0,,0,100,0.001,nan,nan,nan,False,,highs,,nan,nan,nan,,nan,,,nan,nan,nan,,nan,,1000,2730463682711675625,1000,105128,sample_exhausted,,
msd,10,50,6,105129,qptas,completed,False,False,86400,2.008832753999968,2.008832753999968,capped_run,,,0.5,nan,0.01,0.006666666666666667,8,5,1000,3,20,1000,1000,1000,4,0.1,0.02,1.0,0.5,20.0,,0,100,0.001,nan,nan,nan,False,,highs,,nan,nan,nan,,nan,,,nan,nan,nan,,nan,,1000,2730463682711675625,1000,105129,sample_exhausted,,
msd,10,50,7,105130,qptas,completed,False,False,86400,2.0492975700000216,2.0492975700000216,capped_run,,,0.5,nan,0.01,0.006666666666666667,8,5,1000,3,20,1000,1000,1000,4,0.1,0.02,1.0,0.5,20.0,,0,100,0.001,nan,nan,nan,False,,highs,,nan,nan,nan,,nan,,,nan,nan,nan,,nan,,1000,2730463682711675625,1000,105130,sample_exhausted,,
msd,10,50,8,105131,qptas,completed,False,False,86400,2.0286885189999566,2.0286885189999566,capped_run,,,0.5,nan,0.01,0.006666666666666667,8,5,1000,3,20,1000,1000,1000,4,0.1,0.02,1.0,0.5,20.0,,0,100,0.001,nan,nan,nan,False,,highs,,nan,nan,nan,,nan,,,nan,nan,nan,,nan,,1000,2730463682711675625,1000,105131,sample_exhausted,,
msd,10,50,9,105132,qptas,completed,False,False,86400,1.9971392410000135,1.9971392410000135,capped_run,,,0.5,nan,0.01,0.006666666666666667,8,5,1000,3,20,1000,1000,1000,4,0.1,0.02,1.0,0.5,20.0,,0,100,0.001,nan,nan,nan,False,,highs,,nan,nan,nan,,nan,,,nan,nan,nan,,nan,,1000,2730463682711675625,1000,105132,sample_exhausted,,
msd,10,50,10,105133,qptas,completed,False,False,86400,1.9917582099999436,1.9917582099999436,capped_run,,,0.5,nan,0.01,0.006666666666666667,8,5,1000,3,20,1000,1000,1000,4,0.1,0.02,1.0,0.5,20.0,,0,100,0.001,nan,nan,nan,False,,highs,,nan,nan,nan,,nan,,,nan,nan,nan,,nan,,1000,2730463682711675625,1000,105133,sample_exhausted,,
msd,10,50,11,105134,qptas,completed,False,False,86400,2.0314154909999615,2.0314154909999615,capped_run,,,0.5,nan,0.01,0.006666666666666667,8,5,1000,3,20,1000,1000,1000,4,0.1,0.02,1.0,0.5,20.0,,0,100,0.001,nan,nan,nan,False,,highs,,nan,nan,nan,,nan,,,nan,nan,nan,,nan,,1000,2730463682711675625,1000,105134,sample_exhausted,,
msd,10,50,12,105135,qptas,completed,False,False,86400,1.9739321570000357,1.9739321570000357,capped_run,,,0.5,nan,0.01,0.006666666666666667,8,5,1000,3,20,1000,1000,1000,4,0.1,0.02,1.0,0.5,20.0,,0,100,0.001,nan,nan,nan,False,,highs,,nan,nan,nan,,nan,,,nan,nan,nan,,nan,,1000,2730463682711675625,1000,105135,sample_exhausted,,
msd,10,50,13,105136,qptas,completed,False,False,86400,2.0479863699999896,2.0479863699999896,capped_run,,,0.5,nan,0.01,0.006666666666666667,8,5,1000,3,20,1000,1000,1000,4,0.1,0.02,1.0,0.5,20.0,,0,100,0.001,nan,nan,nan,False,,highs,,nan,nan,nan,,nan,,,nan,nan,nan,,nan,,1000,2730463682711675625,1000,105136,sample_exhausted,,
msd,10,50,14,105137,qptas,completed,False,False,86400,2.0136105090000456,2.0136105090000456,capped_run,,,0.5,nan,0.01,0.006666666666666667,8,5,1000,3,20,1000,1000,1000,4,0.1,0.02,1.0,0.5,20.0,,0,100,0.001,nan,nan,nan,False,,highs,,nan,nan,nan,,nan,,,nan,nan,nan,,nan,,1000,2730463682711675625,1000,105137,sample_exhausted,,
msd,10,50,15,105138,qptas,completed,False,False,86400,2.0290679070000124,2.0290679070000124,capped_run,,,0.5,nan,0.01,0.006666666666666667,8,5,1000,3,20,1000,1000,1000,4,0.1,0.02,1.0,0.5,20.0,,0,100,0.001,nan,nan,nan,False,,highs,,nan,nan,nan,,nan,,,nan,nan,nan,,nan,,1000,2730463682711675625,1000,105138,sample_exhausted,,
msd,10,50,16,105139,qptas,completed,False,False,86400,1.9904274970000415,1.9904274970000415,capped_run,,,0.5,nan,0.01,0.006666666666666667,8,5,1000,3,20,1000,1000,1000,4,0.1,0.02,1.0,0.5,20.0,,0,100,0.001,nan,nan,nan,False,,highs,,nan,nan,nan,,nan,,,nan,nan,nan,,nan,,1000,2730463682711675625,1000,105139,sample_exhausted,,
msd,10,50,17,105140,qptas,completed,False,False,86400,2.0480215110000017,2.0480215110000017,capped_run,,,0.5,nan,0.01,0.006666666666666667,8,5,1000,3,20,1000,1000,1000,4,0.1,0.02,1.0,0.5,20.0,,0,100,0.001,nan,nan,nan,False,,highs,,nan,nan,nan,,nan,,,nan,nan,nan,,nan,,1000,2730463682711675625,1000,105140,sample_exhausted,,
msd,10,50,18,105141,qptas,completed,False,False,86400,2.0207337209999423,2.0207337209999423,capped_run,,,0.5,nan,0.01,0.006666666666666667,8,5,1000,3,20,1000,1000,1000,4,0.1,0.02,1.0,0.5,20.0,,0,100,0.001,nan,nan,nan,False,,highs,,nan,nan,nan,,nan,,,nan,nan,nan,,nan,,1000,2730463682711675625,1000,105141,sample_exhausted,,
msd,10,50,19,105142,qptas,completed,False,False,86400,1.9854065529999616,1.9854065529999616,capped_run,,,0.5,nan,0.01,0.006666666666666667,8,5,1000,3,20,1000,1000,1000,4,0.1,0.02,1.0,0.5,20.0,,0,100,0.001,nan,nan,nan,False,,highs,,nan,nan,nan,,nan,,,nan,nan,nan,,nan,,1000,2730463682711675625,1000,105142,sample_exhausted,,
msd,30,5,0,300623,qptas,completed,True,False,86400,0.05565270199997485,0.05565270199997485,capped_run,,,0.5,nan,0.01,0.006666666666666667,3,6,1000,3,20,1000,1000,1000,6,0.1,0.02,1.0,0.5,20.0,,0,100,0.001,0.006325707845303896,0.0,0.006325707845303896,True,,highs,,nan,nan,nan,,nan,,,nan,nan,nan,,nan,,21,1225,24,300623,epsilon_reached,,
msd,30,5,1,300624,qptas,completed,True,False,86400,0.04699639900002239,0.04699639900002239,capped_run,,,0.5,nan,0.01,0.006666666666666667,3,6,1000,3,20,1000,1000,1000,6,0.1,0.02,1.0,0.5,20.0,,0,100,0.001,0.0019857359089522353,0.0019857359089522353,0.0007785917343225424,True,,highs,,nan,nan,nan,,nan,,,nan,nan,nan,,nan,,17,1225,20,300624,epsilon_reached,,
msd,30,5,2,300625,qptas,completed,True,False,86400,0.02570376699998178,0.02570376699998178,capped_run,,,0.5,nan,0.01,0.006666666666666667,3,6,1000,3,20,1000,1000,1000,6,0.1,0.02,1.0,0.5,20.0,,0,100,0.001,0.007180518470024211,0.007180518470024211,0.0020054526622571567,True,,highs,,nan,nan,nan,,nan,,,nan,nan,nan,,nan,,8,1225,9,300625,epsilon_reached,,
msd,30,5,3,300626,qptas,completed,True,False,86400,0.08524025200006236,0.08524025200006236,capped_run,,,0.5,nan,0.01,0.006666666666666667,3,6,1000,3,20,1000,1000,1000,6,0.1,0.02,1.0,0.5,20.0,,0,100,0.001,0.006798760083690791,0.006798760083690791,0.005850393216725758,True,,highs,,nan,nan,nan,,nan,,,nan,nan,nan,,nan,,37,1225,41,300626,epsilon_reached,,
msd,30,5,4,300627,qptas,completed,True,False,86400,0.27412623899999744,0.27412623899999744,capped_run,,,0.5,nan,0.01,0.006666666666666667,3,6,1000,3,20,1000,1000,1000,6,0.1,0.02,1.0,0.5,20.0,,0,100,0.001,0.006855985775611084,0.006855985775611084,0.0030241968392501484,True,,highs,,nan,nan,nan,,nan,,,nan,nan,nan,,nan,,120,1225,140,300627,epsilon_reached,,
msd,30,5,5,300628,qptas,completed,True,False,86400,0.013604086999976062,0.013604086999976062,capped_run,,,0.5,nan,0.01,0.006666666666666667,3,6,1000,3,20,1000,1000,1000,6,0.1,0.02,1.0,0.5,20.0,,0,100,0.001,0.00939554192467612,0.00939554192467612,0.005696373047715753,True,,highs,,nan,nan,nan,,nan,,,nan,nan,nan,,nan,,2,1225,3,300628,epsilon_reached,,
msd,30,5,6,300629,qptas,completed,True,False,86400,0.2889396000000488,0.2889396000000488,capped_run,,,0.5,nan,0.01,0.006666666666666667,3,6,1000,3,20,1000,1000,1000,6,0.1,0.02,1.0,0.5,20.0,,0,100,0.001,0.008199264363640046,0.004558663132913199,0.008199264363640046,True,,highs,,nan,nan,nan,,nan,,,nan,nan,nan,,nan,,133,1225,147,300629,epsilon_reached,,
msd,30,5,7,300630,qptas,completed,True,False,86400,0.05174928099995668,0.05174928099995668,capped_run,,,0.5,nan,0.01,0.006666666666666667,3,6,1000,3,20,1000,1000,1000,6,0.1,0.02,1.0,0.5,20.0,,0,100,0.001,0.006460645599010328,0.006460645599010328,0.0017987578466251986,True,,highs,,nan,nan,nan,,nan,,,nan,nan,nan,,nan,,20,1225,25,300630,epsilon_reached,,
msd,30,5,8,300631,qptas,completed,True,False,86400,0.4793897649999508,0.4793897649999508,capped_run,,,0.5,nan,0.01,0.006666666666666667,3,6,1000,3,20,1000,1000,1000,6,0.1,0.02,1.0,0.5,20.0,,0,100,0.001,0.00687251643183201,0.006214507103912692,0.00687251643183201,True,,highs,,nan,nan,nan,,nan,,,nan,nan,nan,,nan,,229,1225,253,300631,epsilon_reached,,
msd,30,5,9,300632,qptas,completed,True,False,86400,0.08499310100000912,0.08499310100000912,capped_run,,,0.5,nan,0.01,0.006666666666666667,3,6,1000,3,20,1000,1000,1000,6,0.1,0.02,1.0,0.5,20.0,,0,100,0.001,0.008736059750513725,0.0016142001787365357,0.008736059750513725,True,,highs,,nan,nan,nan,,nan,,,nan,nan,nan,,nan,,36,1225,41,300632,epsilon_reached,,
msd,30,5,10,300633,qptas,completed,True,False,86400,0.11840810800003965,0.11840810800003965,capped_run,,,0.5,nan,0.01,0.006666666666666667,3,6,1000,3,20,1000,1000,1000,6,0.1,0.02,1.0,0.5,20.0,,0,100,0.001,0.008446306191952968,0.008446306191952968,0.008211428044625546,True,,highs,,nan,nan,nan,,nan,,,nan,nan,nan,,nan,,46,1225,53,300633,epsilon_reached,,
msd,30,5,11,300634,qptas,completed,True,False,86400,0.15037083599997914,0.15037083599997914,capped_run,,,0.5,nan,0.01,0.006666666666666667,3,6,1000,3,20,1000,1000,1000,6,0.1,0.02,1.0,0.5,20.0,,0,100,0.001,0.007962401497458194,0.007962401497458194,0.00016627525668433396,True,,highs,,nan,nan,nan,,nan,,,nan,nan,nan,,nan,,69,1225,75,300634,epsilon_reached,,
msd,30,5,12,300635,qptas,completed,True,False,86400,0.0088576360000161,0.0088576360000161,capped_run,,,0.5,nan,0.01,0.006666666666666667,3,6,1000,3,20,1000,1000,1000,6,0.1,0.02,1.0,0.5,20.0,,0,100,0.001,0.003747903852749146,0.002325081796493933,0.003747903852749146,True,,highs,,nan,nan,nan,,nan,,,nan,nan,nan,,nan,,1,1225,2,300635,epsilon_reached,,
msd,30,5,13,300636,qptas,completed,True,False,86400,0.42766573500000504,0.42766573500000504,capped_run,,,0.5,nan,0.01,0.006666666666666667,3,6,1000,3,20,1000,1000,1000,6,0.1,0.02,1.0,0.5,20.0,,0,100,0.001,0.005540653910062976,0.004668443615369722,0.005540653910062976,True,,highs,,nan,nan,nan,,nan,,,nan,nan,nan,,nan,,195,1225,219,300636,epsilon_reached,,
msd,30,5,14,300637,qptas,completed,True,False,86400,0.06806336399995416,0.06806336399995416,capped_run,,,0.5,nan,0.01,0.006666666666666667,3,6,1000,3,20,1000,1000,1000,6,0.1,0.02,1.0,0.5,20.0,,0,100,0.001,0.0063255355968768745,0.005350763912997603,0.0063255355968768745,True,,highs,,nan,nan,nan,,nan,,,nan,nan,nan,,nan,,27,1225,32,300637,epsilon_reached,,
msd,30,5,15,300638,qptas,completed,True,False,86400,0.020796154999970895,0.020796154999970895,capped_run,,,0.5,nan,0.01,0.006666666666666667,3,6,1000,3,20,1000,1000,1000,6,0.1,0.02,1.0,0.5,20.0,,0,100,0.001,0.007661701147733957,0.007661701147733957,0.006177951608217436,True,,highs,,nan,nan,nan,,nan,,,nan,nan,nan,,nan,,6,1225,7,300638,epsilon_reached,,
msd,30,5,16,300639,qptas,completed,True,False,86400,0.09023944600005507,0.09023944600005507,capped_run,,,0.5,nan,0.01,0.006666666666666667,3,6,1000,3,20,1000,1000,1000,6,0.1,0.02,1.0,0.5,20.0,,0,100,0.001,0.008973851294913737,0.0035739201820368383,0.008973851294913737,True,,highs,,nan,nan,nan,,nan,,,nan,nan,nan,,nan,,46,1225,51,300639,epsilon_reached,,
msd,30,5,17,300640,qptas,completed,True,False,86400,0.15476809400001912,0.15476809400001912,capped_run,,,0.5,nan,0.01,0.006666666666666667,3,6,1000,3,20,1000,1000,1000,6,0.1,0.02,1.0,0.5,20.0,,0,100,0.001,0.009870817791164721,0.009870817791164721,0.002676429043880879,True,,highs,,nan,nan,nan,,nan,,,nan,nan,nan,,nan,,69,1225,78,300640,epsilon_reached,,
msd,30,5,18,300641,qptas,completed,True,False,86400,0.10848647899990738,0.10848647899990738,capped_run,,,0.5,nan,0.01,0.006666666666666667,3,6,1000,3,20,1000,1000,1000,6,0.1,0.02,1.0,0.5,20.0,,0,100,0.001,0.002670469548147425,0.0022122443470381503,0.002670469548147425,True,,highs,,nan,nan,nan,,nan,,,nan,nan,nan,,nan,,49,1225,53,300641,epsilon_reached,,
msd,30,5,19,300642,qptas,completed,True,False,86400,0.5232564570000022,0.5232564570000022,capped_run,,,0.5,nan,0.01,0.006666666666666667,3,6,1000,3,20,1000,1000,1000,6,0.1,0.02,1.0,0.5,20.0,,0,100,0.001,0.008310464520819683,0.0071763688790204005,0.008310464520819683,True,,highs,,nan,nan,nan,,nan,,,nan,nan,nan,,nan,,246,1225,270,300642,epsilon_reached,,
msd,30,10,0,301123,qptas,completed,True,False,86400,0.33900155499998164,0.33900155499998164,capped_run,,,0.5,nan,0.01,0.006666666666666667,4,6,1000,3,20,1000,1000,1000,6,0.1,0.02,1.0,0.5,20.0,,0,100,0.001,0.007719107475760101,0.0063324930877945995,0.007719107475760101,True,,highs,,nan,nan,nan,,nan,,,nan,nan,nan,,nan,,163,511225,168,301123,epsilon_reached,,
msd,30,10,1,301124,qptas,completed,True,False,86400,0.16081619800002045,0.16081619800002045,capped_run,,,0.5,nan,0.01,0.006666666666666667,4,6,1000,3,20,1000,1000,1000,6,0.1,0.02,1.0,0.5,20.0,,0,100,0.001,0.009189054461116952,0.008261564605408556,0.009189054461116952,True,,highs,,nan,nan,nan,,nan,,,nan,nan,nan,,nan,,78,511225,82,301124,epsilon_reached,,
msd,30,10,2,301125,qptas,completed,False,False,86400,1.9762280549999787,1.9762280549999787,capped_run,,,0.5,nan,0.01,0.006666666666666667,4,6,1000,3,20,1000,1000,1000,6,0.1,0.02,1.0,0.5,20.0,,0,100,0.001,nan,nan,nan,False,,highs,,nan,nan,nan,,nan,,,nan,nan,nan,,nan,,1000,511225,1024,301125,sample_exhausted,,
msd,30,10,3,301126,qptas,completed,False,False,86400,1.9348366909999868,1.9348366909999868,capped_run,,,0.5,nan,0.01,0.006666666666666667,4,6,1000,3,20,1000,1000,1000,6,0.1,0.02,1.0,0.5,20.0,,0,100,0.001,nan,nan,nan,False,,highs,,nan,nan,nan,,nan,,,nan,nan,nan,,nan,,1000,511225,1033,301126,sample_exhausted,,
msd,30,10,4,301127,qptas,completed,True,False,86400,0.22278416699998616,0.22278416699998616,capped_run,,,0.5,nan,0.01,0.006666666666666667,4,6,1000,3,20,1000,1000,1000,6,0.1,0.02,1.0,0.5,20.0,,0,100,0.001,0.00981960957932504,0.00981960957932504,0.009349915269225018,True,,highs,,nan,nan,nan,,nan,,,nan,nan,nan,,nan,,105,511225,110,301127,epsilon_reached,,
msd,30,10,5,301128,qptas,completed,True,False,86400,0.7707856440000569,0.7707856440000569,capped_run,,,0.5,nan,0.01,0.006666666666666667,4,6,1000,3,20,1000,1000,1000,6,0.1,0.02,1.0,0.5,20.0,,0,100,0.001,0.007893589038216797,0.006864572605684738,0.007893589038216797,True,,highs,,nan,nan,nan,,nan,,,nan,nan,nan,,nan,,365,511225,391,301128,epsilon_reached,,
msd,30,10,6,301129,qptas,completed,False,False,86400,1.9391027450000138,1.9391027450000138,capped_run,,,0.5,nan,0.01,0.006666666666666667,4,6,1000,3,20,1000,1000,1000,6,0.1,0.02,1.0,0.5,20.0,,0,100,0.001,nan,nan,nan,False,,highs,,nan,nan,nan,,nan,,,nan,nan,nan,,nan,,1000,511225,1018,301129,sample_exhausted,,
msd,30,10,7,301130,qptas,completed,True,False,86400,0.2356818219999468,0.2356818219999468,capped_run,,,0.5,nan,0.01,0.006666666666666667,4,6,1000,3,20,1000,1000,1000,6,0.1,0.02,1.0,0.5,20.0,,0,100,0.001,0.009285400585495762,0.00798486166993484,0.009285400585495762,True,,highs,,nan,nan,nan,,nan,,,nan,nan,nan,,nan,,115,511225,118,301130,epsilon_reached,,
msd,30,10,8,301131,qptas,completed,True,False,86400,1.8322265259999995,1.8322265259999995,capped_run,,,0.5,nan,0.01,0.006666666666666667,4,6,1000,3,20,1000,1000,1000,6,0.1,0.02,1.0,0.5,20.0,,0,100,0.001,0.009158399537845419,0.008421289581625468,0.009158399537845419,True,,highs,,nan,nan,nan,,nan,,,nan,nan,nan,,nan,,921,511225,957,301131,epsilon_reached,,
msd,30,10,9,301132,qptas,completed,True,False,86400,0.5556667600000083,0.5556667600000083,capped_run,,,0.5,nan,0.01,0.006666666666666667,4,6,1000,3,20,1000,1000,1000,6,0.1,0.02,1.0,0.5,20.0,,0,100,0.001,0.008827233763086806,0.008827233763086806,0.003852946584549488,True,,highs,,nan,nan,nan,,nan,,,nan,nan,nan,,nan,,287,511225,292,301132,epsilon_reached,,
msd,30,10,10,301133,qptas,completed,False,False,86400,1.9556379969999398,1.9556379969999398,capped_run,,,0.5,nan,0.01,0.006666666666666667,4,6,1000,3,20,1000,1000,1000,6,0.1,0.02,1.0,0.5,20.0,,0,100,0.001,nan,nan,nan,False,,highs,,nan,nan,nan,,nan,,,nan,nan,nan,,nan,,1000,511225,1032,301133,sample_exhausted,,
msd,30,10,11,301134,qptas,completed,True,False,86400,1.8998646689999532,1.8998646689999532,capped_run,,,0.5,nan,0.01,0.006666666666666667,4,6,1000,3,20,1000,1000,1000,6,0.1,0.02,1.0,0.5,20.0,,0,100,0.001,0.008229340386309125,0.008229340386309125,0.006757935472227028,True,,highs,,nan,nan,nan,,nan,,,nan,nan,nan,,nan,,952,511225,994,301134,epsilon_reached,,
msd,30,10,12,301135,qptas,completed,False,False,86400,1.9661017529999754,1.9661017529999754,capped_run,,,0.5,nan,0.01,0.006666666666666667,4,6,1000,3,20,1000,1000,1000,6,0.1,0.02,1.0,0.5,20.0,,0,100,0.001,nan,nan,nan,False,,highs,,nan,nan,nan,,nan,,,nan,nan,nan,,nan,,1000,511225,1025,301135,sample_exhausted,,
msd,30,10,13,301136,qptas,completed,True,False,86400,1.9775379530000237,1.9775379530000237,capped_run,,,0.5,nan,0.01,0.006666666666666667,4,6,1000,3,20,1000,1000,1000,6,0.1,0.02,1.0,0.5,20.0,,0,100,0.001,0.009060325614730858,0.009060325614730858,0.005495710615731453,True,,highs,,nan,nan,nan,,nan,,,nan,nan,nan,,nan,,986,511225,1035,301136,epsilon_reached,,
msd,30,10,14,301137,qptas,completed,True,False,86400,0.7778977970000369,0.7778977970000369,capped_run,,,0.5,nan,0.01,0.006666666666666667,4,6,1000,3,20,1000,1000,1000,6,0.1,0.02,1.0,0.5,20.0,,0,100,0.001,0.0032579320275207824,0.0032579320275207824,0.0028006028509756087,True,,highs,,nan,nan,nan,,nan,,,nan,nan,nan,,nan,,414,511225,425,301137,epsilon_reached,,
msd,30,10,15,301138,qptas,completed,True,False,86400,0.573399828000106,0.573399828000106,capped_run,,,0.5,nan,0.01,0.006666666666666667,4,6,1000,3,20,1000,1000,1000,6,0.1,0.02,1.0,0.5,20.0,,0,100,0.001,0.00950495774633242,0.009031384497805661,0.00950495774633242,True,,highs,,nan,nan,nan,,nan,,,nan,nan,nan,,nan,,286,511225,296,301138,epsilon_reached,,
msd,30,10,16,301139,qptas,completed,True,False,86400,0.21763808900004733,0.21763808900004733,capped_run,,,0.5,nan,0.01,0.006666666666666667,4,6,1000,3,20,1000,1000,1000,6,0.1,0.02,1.0,0.5,20.0,,0,100,0.001,0.0057285035368063175,0.0057285035368063175,0.0023153756888088517,True,,highs,,nan,nan,nan,,nan,,,nan,nan,nan,,nan,,107,511225,110,301139,epsilon_reached,,
msd,30,10,17,301140,qptas,completed,True,False,86400,1.6547603429999072,1.6547603429999072,capped_run,,,0.5,nan,0.01,0.006666666666666667,4,6,1000,3,20,1000,1000,1000,6,0.1,0.02,1.0,0.5,20.0,,0,100,0.001,0.009618935483943603,0.009618935483943603,0.001739701162321916,True,,highs,,nan,nan,nan,,nan,,,nan,nan,nan,,nan,,840,511225,873,301140,epsilon_reached,,
msd,30,10,18,301141,qptas,completed,True,False,86400,0.8335111730000335,0.8335111730000335,capped_run,,,0.5,nan,0.01,0.006666666666666667,4,6,1000,3,20,1000,1000,1000,6,0.1,0.02,1.0,0.5,20.0,,0,100,0.001,0.00782725973156373,0.00782725973156373,0.007762721705648956,True,,highs,,nan,nan,nan,,nan,,,nan,nan,nan,,nan,,408,511225,422,301141,epsilon_reached,,
msd,30,10,19,301142,qptas,completed,True,False,86400,0.16288488999998663,0.16288488999998663,capped_run,,,0.5,nan,0.01,0.006666666666666667,4,6,1000,3,20,1000,1000,1000,6,0.1,0.02,1.0,0.5,20.0,,0,100,0.001,0.008399696402474899,0.008160309552588951,0.008399696402474899,True,,highs,,nan,nan,nan,,nan,,,nan,nan,nan,,nan,,76,511225,81,301142,epsilon_reached,,
msd,30,20,0,302123,qptas,completed,False,False,86400,2.0809814410000627,2.0809814410000627,capped_run,,,0.5,nan,0.01,0.006666666666666667,5,6,1000,3,20,1000,1000,1000,6,0.1,0.02,1.0,0.5,20.0,,0,100,0.001,nan,nan,nan,False,,highs,,nan,nan,nan,,nan,,,nan,nan,nan,,nan,,1000,1806590016,1003,302123,sample_exhausted,,
msd,30,20,1,302124,qptas,completed,False,False,86400,2.1319156179999936,2.1319156179999936,capped_run,,,0.5,nan,0.01,0.006666666666666667,5,6,1000,3,20,1000,1000,1000,6,0.1,0.02,1.0,0.5,20.0,,0,100,0.001,nan,nan,nan,False,,highs,,nan,nan,nan,,nan,,,nan,nan,nan,,nan,,1000,1806590016,1009,302124,sample_exhausted,,
msd,30,20,2,302125,qptas,completed,False,False,86400,2.061429523999891,2.061429523999891,capped_run,,,0.5,nan,0.01,0.006666666666666667,5,6,1000,3,20,1000,1000,1000,6,0.1,0.02,1.0,0.5,20.0,,0,100,0.001,nan,nan,nan,False,,highs,,nan,nan,nan,,nan,,,nan,nan,nan,,nan,,1000,1806590016,1005,302125,sample_exhausted,,
msd,30,20,3,302126,qptas,completed,False,False,86400,2.048671151999997,2.048671151999997,capped_run,,,0.5,nan,0.01,0.006666666666666667,5,6,1000,3,20,1000,1000,1000,6,0.1,0.02,1.0,0.5,20.0,,0,100,0.001,nan,nan,nan,False,,highs,,nan,nan,nan,,nan,,,nan,nan,nan,,nan,,1000,1806590016,1008,302126,sample_exhausted,,
msd,30,20,4,302127,qptas,completed,False,False,86400,2.128436179000005,2.128436179000005,capped_run,,,0.5,nan,0.01,0.006666666666666667,5,6,1000,3,20,1000,1000,1000,6,0.1,0.02,1.0,0.5,20.0,,0,100,0.001,nan,nan,nan,False,,highs,,nan,nan,nan,,nan,,,nan,nan,nan,,nan,,1000,1806590016,1015,302127,sample_exhausted,,
msd,30,20,5,302128,qptas,completed,False,False,86400,2.094574057999921,2.094574057999921,capped_run,,,0.5,nan,0.01,0.006666666666666667,5,6,1000,3,20,1000,1000,1000,6,0.1,0.02,1.0,0.5,20.0,,0,100,0.001,nan,nan,nan,False,,highs,,nan,nan,nan,,nan,,,nan,nan,nan,,nan,,1000,1806590016,1009,302128,sample_exhausted,,
msd,30,20,6,302129,qptas,completed,False,False,86400,2.1197282579998955,2.1197282579998955,capped_run,,,0.5,nan,0.01,0.006666666666666667,5,6,1000,3,20,1000,1000,1000,6,0.1,0.02,1.0,0.5,20.0,,0,100,0.001,nan,nan,nan,False,,highs,,nan,nan,nan,,nan,,,nan,nan,nan,,nan,,1000,1806590016,1008,302129,sample_exhausted,,
msd,30,20,7,302130,qptas,completed,False,False,86400,2.093139145000009,2.093139145000009,capped_run,,,0.5,nan,0.01,0.006666666666666667,5,6,1000,3,20,1000,1000,1000,6,0.1,0.02,1.0,0.5,20.0,,0,100,0.001,nan,nan,nan,False,,highs,,nan,nan,nan,,nan,,,nan,nan,nan,,nan,,1000,1806590016,1005,302130,sample_exhausted,,
msd,30,20,8,302131,qptas,completed,False,False,86400,2.112911109000038,2.112911109000038,capped_run,,,0.5,nan,0.01,0.006666666666666667,5,6,1000,3,20,1000,1000,1000,6,0.1,0.02,1.0,0.5,20.0,,0,100,0.001,nan,nan,nan,False,,highs,,nan,nan,nan,,nan,,,nan,nan,nan,,nan,,1000,1806590016,1005,302131,sample_exhausted,,
msd,30,20,9,302132,qptas,completed,False,False,86400,2.0586382989999947,2.0586382989999947,capped_run,,,0.5,nan,0.01,0.006666666666666667,5,6,1000,3,20,1000,1000,1000,6,0.1,0.02,1.0,0.5,20.0,,0,100,0.001,nan,nan,nan,False,,highs,,nan,nan,nan,,nan,,,nan,nan,nan,,nan,,1000,1806590016,1006,302132,sample_exhausted,,
msd,30,20,10,302133,qptas,completed,False,False,86400,2.0537613440000086,2.0537613440000086,capped_run,,,0.5,nan,0.01,0.006666666666666667,5,6,1000,3,20,1000,1000,1000,6,0.1,0.02,1.0,0.5,20.0,,0,100,0.001,nan,nan,nan,False,,highs,,nan,nan,nan,,nan,,,nan,nan,nan,,nan,,1000,1806590016,1007,302133,sample_exhausted,,
msd,30,20,11,302134,qptas,completed,False,False,86400,2.0858728320000637,2.0858728320000637,capped_run,,,0.5,nan,0.01,0.006666666666666667,5,6,1000,3,20,1000,1000,1000,6,0.1,0.02,1.0,0.5,20.0,,0,100,0.001,nan,nan,nan,False,,highs,,nan,nan,nan,,nan,,,nan,nan,nan,,nan,,1000,1806590016,1010,302134,sample_exhausted,,
msd,30,20,12,302135,qptas,completed,False,False,86400,2.1148974740000313,2.1148974740000313,capped_run,,,0.5,nan,0.01,0.006666666666666667,5,6,1000,3,20,1000,1000,1000,6,0.1,0.02,1.0,0.5,20.0,,0,100,0.001,nan,nan,nan,False,,highs,,nan,nan,nan,,nan,,,nan,nan,nan,,nan,,1000,1806590016,1008,302135,sample_exhausted,,
msd,30,20,13,302136,qptas,completed,False,False,86400,2.148644539000088,2.148644539000088,capped_run,,,0.5,nan,0.01,0.006666666666666667,5,6,1000,3,20,1000,1000,1000,6,0.1,0.02,1.0,0.5,20.0,,0,100,0.001,nan,nan,nan,False,,highs,,nan,nan,nan,,nan,,,nan,nan,nan,,nan,,1000,1806590016,1005,302136,sample_exhausted,,
msd,30,20,14,302137,qptas,completed,False,False,86400,2.1053089879999334,2.1053089879999334,capped_run,,,0.5,nan,0.01,0.006666666666666667,5,6,1000,3,20,1000,1000,1000,6,0.1,0.02,1.0,0.5,20.0,,0,100,0.001,nan,nan,nan,False,,highs,,nan,nan,nan,,nan,,,nan,nan,nan,,nan,,1000,1806590016,1008,302137,sample_exhausted,,
msd,30,20,15,302138,qptas,completed,False,False,86400,2.1284110090000468,2.1284110090000468,capped_run,,,0.5,nan,0.01,0.006666666666666667,5,6,1000,3,20,1000,1000,1000,6,0.1,0.02,1.0,0.5,20.0,,0,100,0.001,nan,nan,nan,False,,highs,,nan,nan,nan,,nan,,,nan,nan,nan,,nan,,1000,1806590016,1009,302138,sample_exhausted,,
msd,30,20,16,302139,qptas,completed,False,False,86400,2.127355147000003,2.127355147000003,capped_run,,,0.5,nan,0.01,0.006666666666666667,5,6,1000,3,20,1000,1000,1000,6,0.1,0.02,1.0,0.5,20.0,,0,100,0.001,nan,nan,nan,False,,highs,,nan,nan,nan,,nan,,,nan,nan,nan,,nan,,1000,1806590016,1011,302139,sample_exhausted,,
msd,30,20,17,302140,qptas,completed,False,False,86400,2.1439440359999935,2.1439440359999935,capped_run,,,0.5,nan,0.01,0.006666666666666667,5,6,1000,3,20,1000,1000,1000,6,0.1,0.02,1.0,0.5,20.0,,0,100,0.001,nan,nan,nan,False,,highs,,nan,nan,nan,,nan,,,nan,nan,nan,,nan,,1000,1806590016,1006,302140,sample_exhausted,,
msd,30,20,18,302141,qptas,completed,False,False,86400,2.127972090000071,2.127972090000071,capped_run,,,0.5,nan,0.01,0.006666666666666667,5,6,1000,3,20,1000,1000,1000,6,0.1,0.02,1.0,0.5,20.0,,0,100,0.001,nan,nan,nan,False,,highs,,nan,nan,nan,,nan,,,nan,nan,nan,,nan,,1000,1806590016,1007,302141,sample_exhausted,,
msd,30,20,19,302142,qptas,completed,False,False,86400,2.100969574999908,2.100969574999908,capped_run,,,0.5,nan,0.01,0.006666666666666667,5,6,1000,3,20,1000,1000,1000,6,0.1,0.02,1.0,0.5,20.0,,0,100,0.001,nan,nan,nan,False,,highs,,nan,nan,nan,,nan,,,nan,nan,nan,,nan,,1000,1806590016,1007,302142,sample_exhausted,,
msd,30,50,0,305123,qptas,completed,False,False,86400,2.679517718999932,2.679517718999932,capped_run,,,0.5,nan,0.01,0.006666666666666667,8,6,1000,3,20,1000,1000,1000,6,0.1,0.02,1.0,0.5,20.0,,0,100,0.001,nan,nan,nan,False,,highs,,nan,nan,nan,,nan,,,nan,nan,nan,,nan,,1000,2730463682711675625,1000,305123,sample_exhausted,,
msd,30,50,1,305124,qptas,completed,False,False,86400,2.732135830999937,2.732135830999937,capped_run,,,0.5,nan,0.01,0.006666666666666667,8,6,1000,3,20,1000,1000,1000,6,0.1,0.02,1.0,0.5,20.0,,0,100,0.001,nan,nan,nan,False,,highs,,nan,nan,nan,,nan,,,nan,nan,nan,,nan,,1000,2730463682711675625,1001,305124,sample_exhausted,,
msd,30,50,2,305125,qptas,completed,False,False,86400,2.628357230000006,2.628357230000006,capped_run,,,0.5,nan,0.01,0.006666666666666667,8,6,1000,3,20,1000,1000,1000,6,0.1,0.02,1.0,0.5,20.0,,0,100,0.001,nan,nan,nan,False,,highs,,nan,nan,nan,,nan,,,nan,nan,nan,,nan,,1000,2730463682711675625,1000,305125,sample_exhausted,,
msd,30,50,3,305126,qptas,completed,False,False,86400,2.6899307050000516,2.6899307050000516,capped_run,,,0.5,nan,0.01,0.006666666666666667,8,6,1000,3,20,1000,1000,1000,6,0.1,0.02,1.0,0.5,20.0,,0,100,0.001,nan,nan,nan,False,,highs,,nan,nan,nan,,nan,,,nan,nan,nan,,nan,,1000,2730463682711675625,1000,305126,sample_exhausted,,
msd,30,50,4,305127,qptas,completed,False,False,86400,2.6911103740000044,2.6911103740000044,capped_run,,,0.5,nan,0.01,0.006666666666666667,8,6,1000,3,20,1000,1000,1000,6,0.1,0.02,1.0,0.5,20.0,,0,100,0.001,nan,nan,nan,False,,highs,,nan,nan,nan,,nan,,,nan,nan,nan,,nan,,1000,2730463682711675625,1001,305127,sample_exhausted,,
msd,30,50,5,305128,qptas,completed,False,False,86400,2.6884921519999807,2.6884921519999807,capped_run,,,0.5,nan,0.01,0.006666666666666667,8,6,1000,3,20,1000,1000,1000,6,0.1,0.02,1.0,0.5,20.0,,0,100,0.001,nan,nan,nan,False,,highs,,nan,nan,nan,,nan,,,nan,nan,nan,,nan,,1000,2730463682711675625,1000,305128,sample_exhausted,,
msd,30,50,6,305129,qptas,completed,False,False,86400,2.66365015100007,2.66365015100007,capped_run,,,0.5,nan,0.01,0.006666666666666667,8,6,1000,3,20,1000,1000,1000,6,0.1,0.02,1.0,0.5,20.0,,0,100,0.001,nan,nan,nan,False,,highs,,nan,nan,nan,,nan,,,nan,nan,nan,,nan,,1000,2730463682711675625,1000,305129,sample_exhausted,,
msd,30,50,7,305130,qptas,completed,False,False,86400,2.6449513849998993,2.6449513849998993,capped_run,,,0.5,nan,0.01,0.006666666666666667,8,6,1000,3,20,1000,1000,1000,6,0.1,0.02,1.0,0.5,20.0,,0,100,0.001,nan,nan,nan,False,,highs,,nan,nan,nan,,nan,,,nan,nan,nan,,nan,,1000,2730463682711675625,1001,305130,sample_exhausted,,
msd,30,50,8,305131,qptas,completed,False,False,86400,2.6398141900000383,2.6398141900000383,capped_run,,,0.5,nan,0.01,0.006666666666666667,8,6,1000,3,20,1000,1000,1000,6,0.1,0.02,1.0,0.5,20.0,,0,100,0.001,nan,nan,nan,False,,highs,,nan,nan,nan,,nan,,,nan,nan,nan,,nan,,1000,2730463682711675625,1001,305131,sample_exhausted,,
msd,30,50,9,305132,qptas,completed,False,False,86400,2.719145277999928,2.719145277999928,capped_run,,,0.5,nan,0.01,0.006666666666666667,8,6,1000,3,20,1000,1000,1000,6,0.1,0.02,1.0,0.5,20.0,,0,100,0.001,nan,nan,nan,False,,highs,,nan,nan,nan,,nan,,,nan,nan,nan,,nan,,1000,2730463682711675625,1000,305132,sample_exhausted,,
msd,30,50,10,305133,qptas,completed,False,False,86400,2.683666733999985,2.683666733999985,capped_run,,,0.5,nan,0.01,0.006666666666666667,8,6,1000,3,20,1000,1000,1000,6,0.1,0.02,1.0,0.5,20.0,,0,100,0.001,nan,nan,nan,False,,highs,,nan,nan,nan,,nan,,,nan,nan,nan,,nan,,1000,2730463682711675625,1001,305133,sample_exhausted,,
msd,30,50,11,305134,qptas,completed,False,False,86400,2.7326531439999826,2.7326531439999826,capped_run,,,0.5,nan,0.01,0.006666666666666667,8,6,1000,3,20,1000,1000,1000,6,0.1,0.02,1.0,0.5,20.0,,0,100,0.001,nan,nan,nan,False,,highs,,nan,nan,nan,,nan,,,nan,nan,nan,,nan,,1000,2730463682711675625,1002,305134,sample_exhausted,,
msd,30,50,12,305135,qptas,completed,False,False,86400,2.717022627999995,2.717022627999995,capped_run,,,0.5,nan,0.01,0.006666666666666667,8,6,1000,3,20,1000,1000,1000,6,0.1,0.02,1.0,0.5,20.0,,0,100,0.001,nan,nan,nan,False,,highs,,nan,nan,nan,,nan,,,nan,nan,nan,,nan,,1000,2730463682711675625,1000,305135,sample_exhausted,,
msd,30,50,13,305136,qptas,completed,False,False,86400,2.6669348990000117,2.6669348990000117,capped_run,,,0.5,nan,0.01,0.006666666666666667,8,6,1000,3,20,1000,1000,1000,6,0.1,0.02,1.0,0.5,20.0,,0,100,0.001,nan,nan,nan,False,,highs,,nan,nan,nan,,nan,,,nan,nan,nan,,nan,,1000,2730463682711675625,1001,305136,sample_exhausted,,
msd,30,50,14,305137,qptas,completed,False,False,86400,2.6454639249999445,2.6454639249999445,capped_run,,,0.5,nan,0.01,0.006666666666666667,8,6,1000,3,20,1000,1000,1000,6,0.1,0.02,1.0,0.5,20.0,,0,100,0.001,nan,nan,nan,False,,highs,,nan,nan,nan,,nan,,,nan,nan,nan,,nan,,1000,2730463682711675625,1000,305137,sample_exhausted,,
msd,30,50,15,305138,qptas,completed,False,False,86400,2.6845639239999173,2.6845639239999173,capped_run,,,0.5,nan,0.01,0.006666666666666667,8,6,1000,3,20,1000,1000,1000,6,0.1,0.02,1.0,0.5,20.0,,0,100,0.001,nan,nan,nan,False,,highs,,nan,nan,nan,,nan,,,nan,nan,nan,,nan,,1000,2730463682711675625,1000,305138,sample_exhausted,,
msd,30,50,16,305139,qptas,completed,False,False,86400,2.6632058160000724,2.6632058160000724,capped_run,,,0.5,nan,0.01,0.006666666666666667,8,6,1000,3,20,1000,1000,1000,6,0.1,0.02,1.0,0.5,20.0,,0,100,0.001,nan,nan,nan,False,,highs,,nan,nan,nan,,nan,,,nan,nan,nan,,nan,,1000,2730463682711675625,1000,305139,sample_exhausted,,
msd,30,50,17,305140,qptas,completed,False,False,86400,2.6660409859999845,2.6660409859999845,capped_run,,,0.5,nan,0.01,0.006666666666666667,8,6,1000,3,20,1000,1000,1000,6,0.1,0.02,1.0,0.5,20.0,,0,100,0.001,nan,nan,nan,False,,highs,,nan,nan,nan,,nan,,,nan,nan,nan,,nan,,1000,2730463682711675625,1000,305140,sample_exhausted,,
msd,30,50,18,305141,qptas,completed,False,False,86400,2.666529106999974,2.666529106999974,capped_run,,,0.5,nan,0.01,0.006666666666666667,8,6,1000,3,20,1000,1000,1000,6,0.1,0.02,1.0,0.5,20.0,,0,100,0.001,nan,nan,nan,False,,highs,,nan,nan,nan,,nan,,,nan,nan,nan,,nan,,1000,2730463682711675625,1000,305141,sample_exhausted,,
msd,30,50,19,305142,qptas,completed,False,False,86400,2.585381200000029,2.585381200000029,capped_run,,,0.5,nan,0.01,0.006666666666666667,8,6,1000,3,20,1000,1000,1000,6,0.1,0.02,1.0,0.5,20.0,,0,100,0.001,nan,nan,nan,False,,highs,,nan,nan,nan,,nan,,,nan,nan,nan,,nan,,1000,2730463682711675625,1001,305142,sample_exhausted,,
msd,100,5,0,1000623,qptas,completed,True,False,86400,0.00862637000000177,0.00862637000000177,capped_run,,,0.5,nan,0.01,0.006666666666666667,3,10,1000,3,20,1000,1000,1000,10,0.1,0.02,1.0,0.5,20.0,,0,100,0.001,0.008067796712904418,0.00447043816779924,0.008067796712904418,True,,highs,,nan,nan,nan,,nan,,,nan,nan,nan,,nan,,1,1225,2,1000623,epsilon_reached,,
msd,100,5,1,1000624,qptas,completed,True,False,86400,0.10775701700003992,0.10775701700003992,capped_run,,,0.5,nan,0.01,0.006666666666666667,3,10,1000,3,20,1000,1000,1000,10,0.1,0.02,1.0,0.5,20.0,,0,100,0.001,0.0070204348984208576,0.0070204348984208576,0.002433321759463647,True,,highs,,nan,nan,nan,,nan,,,nan,nan,nan,,nan,,27,1225,36,1000624,epsilon_reached,,
msd,100,5,2,1000625,qptas,completed,True,False,86400,0.049575463999985914,0.049575463999985914,capped_run,,,0.5,nan,0.01,0.006666666666666667,3,10,1000,3,20,1000,1000,1000,10,0.1,0.02,1.0,0.5,20.0,,0,100,0.001,0.007253732940903368,0.007253732940903368,0.0064720957175500304,True,,highs,,nan,nan,nan,,nan,,,nan,nan,nan,,nan,,14,1225,18,1000625,epsilon_reached,,
msd,100,5,3,1000626,qptas,completed,True,False,86400,0.042417016999934276,0.042417016999934276,capped_run,,,0.5,nan,0.01,0.006666666666666667,3,10,1000,3,20,1000,1000,1000,10,0.1,0.02,1.0,0.5,20.0,,0,100,0.001,0.005922415838238659,0.0018745508187698046,0.005922415838238659,True,,highs,,nan,nan,nan,,nan,,,nan,nan,nan,,nan,,8,1225,11,1000626,epsilon_reached,,
msd,100,5,4,1000627,qptas,completed,True,False,86400,0.021322171000065282,0.021322171000065282,capped_run,,,0.5,nan,0.01,0.006666666666666667,3,10,1000,3,20,1000,1000,1000,10,0.1,0.02,1.0,0.5,20.0,,0,100,0.001,0.009374431767080138,0.0037455835516918,0.009374431767080138,True,,highs,,nan,nan,nan,,nan,,,nan,nan,nan,,nan,,3,1225,5,1000627,epsilon_reached,,
msd,100,5,5,1000628,qptas,completed,True,False,86400,0.14248187399994094,0.14248187399994094,capped_run,,,0.5,nan,0.01,0.006666666666666667,3,10,1000,3,20,1000,1000,1000,10,0.1,0.02,1.0,0.5,20.0,,0,100,0.001,0.002569645457479952,0.002569645457479952,0.001921399048429473,True,,highs,,nan,nan,nan,,nan,,,nan,nan,nan,,nan,,46,1225,49,1000628,epsilon_reached,,
msd,100,5,6,1000629,qptas,completed,True,False,86400,0.03439493999997012,0.03439493999997012,capped_run,,,0.5,nan,0.01,0.006666666666666667,3,10,1000,3,20,1000,1000,1000,10,0.1,0.02,1.0,0.5,20.0,,0,100,0.001,0.008140519403142532,0.008140519403142532,0.005436229607195087,True,,highs,,nan,nan,nan,,nan,,,nan,nan,nan,,nan,,6,1225,8,1000629,epsilon_reached,,
msd,100,5,7,1000630,qptas,completed,True,False,86400,0.07701420199998665,0.07701420199998665,capped_run,,,0.5,nan,0.01,0.006666666666666667,3,10,1000,3,20,1000,1000,1000,10,0.1,0.02,1.0,0.5,20.0,,0,100,0.001,0.009088487966547543,0.004977356031015123,0.009088487966547543,True,,highs,,nan,nan,nan,,nan,,,nan,nan,nan,,nan,,20,1225,26,1000630,epsilon_reached,,
msd,100,5,8,1000631,qptas,completed,True,False,86400,0.016431700999987697,0.016431700999987697,capped_run,,,0.5,nan,0.01,0.006666666666666667,3,10,1000,3,20,1000,1000,1000,10,0.1,0.02,1.0,0.5,20.0,,0,100,0.001,0.004144024518146383,0.003189714226630447,0.004144024518146383,True,,highs,,nan,nan,nan,,nan,,,nan,nan,nan,,nan,,2,1225,3,1000631,epsilon_reached,,
msd,100,5,9,1000632,qptas,completed,True,False,86400,0.05225499300001957,0.05225499300001957,capped_run,,,0.5,nan,0.01,0.006666666666666667,3,10,1000,3,20,1000,1000,1000,10,0.1,0.02,1.0,0.5,20.0,,0,100,0.001,0.0062384337614760366,0.0005860671729551181,0.0062384337614760366,True,,highs,,nan,nan,nan,,nan,,,nan,nan,nan,,nan,,14,1225,18,1000632,epsilon_reached,,
msd,100,5,10,1000633,qptas,completed,True,False,86400,0.02677303400002984,0.02677303400002984,capped_run,,,0.5,nan,0.01,0.006666666666666667,3,10,1000,3,20,1000,1000,1000,10,0.1,0.02,1.0,0.5,20.0,,0,100,0.001,0.004134851759787339,0.004134851759787339,0.003906896786394554,True,,highs,,nan,nan,nan,,nan,,,nan,nan,nan,,nan,,5,1225,7,1000633,epsilon_reached,,
msd,100,5,11,1000634,qptas,completed,True,False,86400,0.1761462140000276,0.1761462140000276,capped_run,,,0.5,nan,0.01,0.006666666666666667,3,10,1000,3,20,1000,1000,1000,10,0.1,0.02,1.0,0.5,20.0,,0,100,0.001,0.0018261542380991758,0.0007540371986808347,0.0018261542380991758,True,,highs,,nan,nan,nan,,nan,,,nan,nan,nan,,nan,,48,1225,59,1000634,epsilon_reached,,
msd,100,5,12,1000635,qptas,completed,True,False,86400,0.05828389800001332,0.05828389800001332,capped_run,,,0.5,nan,0.01,0.006666666666666667,3,10,1000,3,20,1000,1000,1000,10,0.1,0.02,1.0,0.5,20.0,,0,100,0.001,0.009322347396229336,0.009322347396229336,0.0037437111594041395,True,,highs,,nan,nan,nan,,nan,,,nan,nan,nan,,nan,,15,1225,18,1000635,epsilon_reached,,
msd,100,5,13,1000636,qptas,completed,True,False,86400,0.04818785400004799,0.04818785400004799,capped_run,,,0.5,nan,0.01,0.006666666666666667,3,10,1000,3,20,1000,1000,1000,10,0.1,0.02,1.0,0.5,20.0,,0,100,0.001,0.00925692507371223,0.00925692507371223,0.00856631799946006,True,,highs,,nan,nan,nan,,nan,,,nan,nan,nan,,nan,,15,1225,17,1000636,epsilon_reached,,
msd,100,5,14,1000637,qptas,completed,True,False,86400,0.03919989999997142,0.03919989999997142,capped_run,,,0.5,nan,0.01,0.006666666666666667,3,10,1000,3,20,1000,1000,1000,10,0.1,0.02,1.0,0.5,20.0,,0,100,0.001,0.008108070350162977,0.008108070350162977,0.004085507074588712,True,,highs,,nan,nan,nan,,nan,,,nan,nan,nan,,nan,,10,1225,13,1000637,epsilon_reached,,
msd,100,5,15,1000638,qptas,completed,True,False,86400,0.05554365800003325,0.05554365800003325,capped_run,,,0.5,nan,0.01,0.006666666666666667,3,10,1000,3,20,1000,1000,1000,10,0.1,0.02,1.0,0.5,20.0,,0,100,0.001,0.007111757707198185,0.007111757707198185,0.005956205594750685,True,,highs,,nan,nan,nan,,nan,,,nan,nan,nan,,nan,,16,1225,21,1000638,epsilon_reached,,
msd,100,5,16,1000639,qptas,completed,True,False,86400,0.021754321000003074,0.021754321000003074,capped_run,,,0.5,nan,0.01,0.006666666666666667,3,10,1000,3,20,1000,1000,1000,10,0.1,0.02,1.0,0.5,20.0,,0,100,0.001,0.007907800067447956,0.0011063178926278283,0.007907800067447956,True,,highs,,nan,nan,nan,,nan,,,nan,nan,nan,,nan,,5,1225,7,1000639,epsilon_reached,,
msd,100,5,17,1000640,qptas,completed,True,False,86400,0.07012720399995942,0.07012720399995942,capped_run,,,0.5,nan,0.01,0.006666666666666667,3,10,1000,3,20,1000,1000,1000,10,0.1,0.02,1.0,0.5,20.0,,0,100,0.001,0.00526442969146812,0.0030117742463561803,0.00526442969146812,True,,highs,,nan,nan,nan,,nan,,,nan,nan,nan,,nan,,20,1225,22,1000640,epsilon_reached,,
msd,100,5,18,1000641,qptas,completed,True,False,86400,0.053352346999986366,0.053352346999986366,capped_run,,,0.5,nan,0.01,0.006666666666666667,3,10,1000,3,20,1000,1000,1000,10,0.1,0.02,1.0,0.5,20.0,,0,100,0.001,0.009615577874911851,0.009615577874911851,0.0025349821767178815,True,,highs,,nan,nan,nan,,nan,,,nan,nan,nan,,nan,,13,1225,18,1000641,epsilon_reached,,
msd,100,5,19,1000642,qptas,completed,True,False,86400,0.20745552400001088,0.20745552400001088,capped_run,,,0.5,nan,0.01,0.006666666666666667,3,10,1000,3,20,1000,1000,1000,10,0.1,0.02,1.0,0.5,20.0,,0,100,0.001,0.00985208750749439,0.007297550398767616,0.00985208750749439,True,,highs,,nan,nan,nan,,nan,,,nan,nan,nan,,nan,,63,1225,74,1000642,epsilon_reached,,
msd,100,10,0,1001123,qptas,completed,True,False,86400,0.0711102050000818,0.0711102050000818,capped_run,,,0.5,nan,0.01,0.006666666666666667,4,10,1000,3,20,1000,1000,1000,10,0.1,0.02,1.0,0.5,20.0,,0,100,0.001,0.00834766326765235,0.006812822896606063,0.00834766326765235,True,,highs,,nan,nan,nan,,nan,,,nan,nan,nan,,nan,,18,511225,20,1001123,epsilon_reached,,
msd,100,10,1,1001124,qptas,completed,True,False,86400,0.15100416899997526,0.15100416899997526,capped_run,,,0.5,nan,0.01,0.006666666666666667,4,10,1000,3,20,1000,1000,1000,10,0.1,0.02,1.0,0.5,20.0,,0,100,0.001,0.009038853746865194,0.0012538132449426698,0.009038853746865194,True,,highs,,nan,nan,nan,,nan,,,nan,nan,nan,,nan,,35,511225,45,1001124,epsilon_reached,,
msd,100,10,2,1001125,qptas,completed,True,False,86400,0.2044984489999706,0.2044984489999706,capped_run,,,0.5,nan,0.01,0.006666666666666667,4,10,1000,3,20,1000,1000,1000,10,0.1,0.02,1.0,0.5,20.0,,0,100,0.001,0.006742269560349234,0.005457528985979898,0.006742269560349234,True,,highs,,nan,nan,nan,,nan,,,nan,nan,nan,,nan,,62,511225,69,1001125,epsilon_reached,,
msd,100,10,3,1001126,qptas,completed,True,False,86400,0.4668542240000306,0.4668542240000306,capped_run,,,0.5,nan,0.01,0.006666666666666667,4,10,1000,3,20,1000,1000,1000,10,0.1,0.02,1.0,0.5,20.0,,0,100,0.001,0.006056173937226017,0.006056173937226017,0.005367543277887632,True,,highs,,nan,nan,nan,,nan,,,nan,nan,nan,,nan,,143,511225,158,1001126,epsilon_reached,,
msd,100,10,4,1001127,qptas,completed,True,False,86400,0.171715488000018,0.171715488000018,capped_run,,,0.5,nan,0.01,0.006666666666666667,4,10,1000,3,20,1000,1000,1000,10,0.1,0.02,1.0,0.5,20.0,,0,100,0.001,0.009833167783294183,0.005293093775918467,0.009833167783294183,True,,highs,,nan,nan,nan,,nan,,,nan,nan,nan,,nan,,58,511225,61,1001127,epsilon_reached,,
msd,100,10,5,1001128,qptas,completed,True,False,86400,0.09271128700004283,0.09271128700004283,capped_run,,,0.5,nan,0.01,0.006666666666666667,4,10,1000,3,20,1000,1000,1000,10,0.1,0.02,1.0,0.5,20.0,,0,100,0.001,0.009740924553339525,0.009740924553339525,0.00962133849962854,True,,highs,,nan,nan,nan,,nan,,,nan,nan,nan,,nan,,26,511225,29,1001128,epsilon_reached,,
msd,100,10,6,1001129,qptas,completed,True,False,86400,0.11463604700009,0.11463604700009,capped_run,,,0.5,nan,0.01,0.006666666666666667,4,10,1000,3,20,1000,1000,1000,10,0.1,0.02,1.0,0.5,20.0,,0,100,0.001,0.009557020321334708,0.004802982303775849,0.009557020321334708,True,,highs,,nan,nan,nan,,nan,,,nan,nan,nan,,nan,,35,511225,38,1001129,epsilon_reached,,
msd,100,10,7,1001130,qptas,completed,True,False,86400,0.16739592900000844,0.16739592900000844,capped_run,,,0.5,nan,0.01,0.006666666666666667,4,10,1000,3,20,1000,1000,1000,10,0.1,0.02,1.0,0.5,20.0,,0,100,0.001,0.009176460641857731,0.005911386340109126,0.009176460641857731,True,,highs,,nan,nan,nan,,nan,,,nan,nan,nan,,nan,,47,511225,53,1001130,epsilon_reached,,
msd,100,10,8,1001131,qptas,completed,True,False,86400,0.8095433980000735,0.8095433980000735,capped_run,,,0.5,nan,0.01,0.006666666666666667,4,10,1000,3,20,1000,1000,1000,10,0.1,0.02,1.0,0.5,20.0,,0,100,0.001,0.007366529922255283,0.007366529922255283,0.006631833478434934,True,,highs,,nan,nan,nan,,nan,,,nan,nan,nan,,nan,,263,511225,284,1001131,epsilon_reached,,
msd,100,10,9,1001132,qptas,completed,True,False,86400,0.09604472099999839,0.09604472099999839,capped_run,,,0.5,nan,0.01,0.006666666666666667,4,10,1000,3,20,1000,1000,1000,10,0.1,0.02,1.0,0.5,20.0,,0,100,0.001,0.007151079452867859,0.005465834313725437,0.007151079452867859,True,,highs,,nan,nan,nan,,nan,,,nan,nan,nan,,nan,,26,511225,29,1001132,epsilon_reached,,
msd,100,10,10,1001133,qptas,completed,True,False,86400,0.030017683999972178,0.030017683999972178,capped_run,,,0.5,nan,0.01,0.006666666666666667,4,10,1000,3,20,1000,1000,1000,10,0.1,0.02,1.0,0.5,20.0,,0,100,0.001,0.009396475169462293,0.0075228333066161834,0.009396475169462293,True,,highs,,nan,nan,nan,,nan,,,nan,nan,nan,,nan,,8,511225,10,1001133,epsilon_reached,,
msd,100,10,11,1001134,qptas,completed,True,False,86400,0.04051321999997981,0.04051321999997981,capped_run,,,0.5,nan,0.01,0.006666666666666667,4,10,1000,3,20,1000,1000,1000,10,0.1,0.02,1.0,0.5,20.0,,0,100,0.001,0.005888231099944796,0.005888231099944796,0.002360984960221968,True,,highs,,nan,nan,nan,,nan,,,nan,nan,nan,,nan,,10,511225,13,1001134,epsilon_reached,,
msd,100,10,12,1001135,qptas,completed,True,False,86400,0.08392950500001461,0.08392950500001461,capped_run,,,0.5,nan,0.01,0.006666666666666667,4,10,1000,3,20,1000,1000,1000,10,0.1,0.02,1.0,0.5,20.0,,0,100,0.001,0.005500975284255694,0.003845278602055968,0.005500975284255694,True,,highs,,nan,nan,nan,,nan,,,nan,nan,nan,,nan,,21,511225,24,1001135,epsilon_reached,,
msd,100,10,13,1001136,qptas,completed,True,False,86400,0.22312204599995766,0.22312204599995766,capped_run,,,0.5,nan,0.01,0.006666666666666667,4,10,1000,3,20,1000,1000,1000,10,0.1,0.02,1.0,0.5,20.0,,0,100,0.001,0.009496829258231754,0.005640831212091024,0.009496829258231754,True,,highs,,nan,nan,nan,,nan,,,nan,nan,nan,,nan,,70,511225,75,1001136,epsilon_reached,,
msd,100,10,14,1001137,qptas,completed,True,False,86400,0.4032557509999606,0.4032557509999606,capped_run,,,0.5,nan,0.01,0.006666666666666667,4,10,1000,3,20,1000,1000,1000,10,0.1,0.02,1.0,0.5,20.0,,0,100,0.001,0.008179577797611692,0.008179577797611692,0.004140786060041979,True,,highs,,nan,nan,nan,,nan,,,nan,nan,nan,,nan,,132,511225,142,1001137,epsilon_reached,,
msd,100,10,15,1001138,qptas,completed,True,False,86400,1.2521880030000148,1.2521880030000148,capped_run,,,0.5,nan,0.01,0.006666666666666667,4,10,1000,3,20,1000,1000,1000,10,0.1,0.02,1.0,0.5,20.0,,0,100,0.001,0.008923780214689425,0.008923780214689425,0.0026603116487308176,True,,highs,,nan,nan,nan,,nan,,,nan,nan,nan,,nan,,396,511225,431,1001138,epsilon_reached,,
msd,100,10,16,1001139,qptas,completed,True,False,86400,0.3286947850000388,0.3286947850000388,capped_run,,,0.5,nan,0.01,0.006666666666666667,4,10,1000,3,20,1000,1000,1000,10,0.1,0.02,1.0,0.5,20.0,,0,100,0.001,0.00861253978526727,0.00861253978526727,0.008134223286151487,True,,highs,,nan,nan,nan,,nan,,,nan,nan,nan,,nan,,96,511225,110,1001139,epsilon_reached,,
msd,100,10,17,1001140,qptas,completed,True,False,86400,0.02567553999995198,0.02567553999995198,capped_run,,,0.5,nan,0.01,0.006666666666666667,4,10,1000,3,20,1000,1000,1000,10,0.1,0.02,1.0,0.5,20.0,,0,100,0.001,0.008914872813087005,0.008914872813087005,0.006741497641164218,True,,highs,,nan,nan,nan,,nan,,,nan,nan,nan,,nan,,7,511225,8,1001140,epsilon_reached,,
msd,100,10,18,1001141,qptas,completed,True,False,86400,0.44083767400002216,0.44083767400002216,capped_run,,,0.5,nan,0.01,0.006666666666666667,4,10,1000,3,20,1000,1000,1000,10,0.1,0.02,1.0,0.5,20.0,,0,100,0.001,0.009376499105390401,0.009376499105390401,0.007606803642106141,True,,highs,,nan,nan,nan,,nan,,,nan,nan,nan,,nan,,124,511225,145,1001141,epsilon_reached,,
msd,100,10,19,1001142,qptas,completed,True,False,86400,0.052541515000029904,0.052541515000029904,capped_run,,,0.5,nan,0.01,0.006666666666666667,4,10,1000,3,20,1000,1000,1000,10,0.1,0.02,1.0,0.5,20.0,,0,100,0.001,0.009224387352022967,0.007763520215389841,0.009224387352022967,True,,highs,,nan,nan,nan,,nan,,,nan,nan,nan,,nan,,14,511225,15,1001142,epsilon_reached,,
msd,100,20,0,1002123,qptas,completed,True,False,86400,2.6673048420000214,2.6673048420000214,capped_run,,,0.5,nan,0.01,0.006666666666666667,5,10,1000,3,20,1000,1000,1000,10,0.1,0.02,1.0,0.5,20.0,,0,100,0.001,0.009375625435351309,0.009375625435351309,0.006225313041983704,True,,highs,,nan,nan,nan,,nan,,,nan,nan,nan,,nan,,732,1806590016,760,1002123,epsilon_reached,,
msd,100,20,1,1002124,qptas,completed,True,False,86400,0.26345737900010135,0.26345737900010135,capped_run,,,0.5,nan,0.01,0.006666666666666667,5,10,1000,3,20,1000,1000,1000,10,0.1,0.02,1.0,0.5,20.0,,0,100,0.001,0.007551548737097458,0.007551548737097458,0.004757588844056748,True,,highs,,nan,nan,nan,,nan,,,nan,nan,nan,,nan,,77,1806590016,79,1002124,epsilon_reached,,
msd,100,20,2,1002125,qptas,completed,True,False,86400,0.21875483500002701,0.21875483500002701,capped_run,,,0.5,nan,0.01,0.006666666666666667,5,10,1000,3,20,1000,1000,1000,10,0.1,0.02,1.0,0.5,20.0,,0,100,0.001,0.009456460450776139,0.008414423101044233,0.009456460450776139,True,,highs,,nan,nan,nan,,nan,,,nan,nan,nan,,nan,,57,1806590016,61,1002125,epsilon_reached,,
msd,100,20,3,1002126,qptas,completed,True,False,86400,1.379466750000006,1.379466750000006,capped_run,,,0.5,nan,0.01,0.006666666666666667,5,10,1000,3,20,1000,1000,1000,10,0.1,0.02,1.0,0.5,20.0,,0,100,0.001,0.009669878320523129,0.009669878320523129,0.008150304919350315,True,,highs,,nan,nan,nan,,nan,,,nan,nan,nan,,nan,,389,1806590016,405,1002126,epsilon_reached,,
msd,100,20,4,1002127,qptas,completed,True,False,86400,2.329292030999909,2.329292030999909,capped_run,,,0.5,nan,0.01,0.006666666666666667,5,10,1000,3,20,1000,1000,1000,10,0.1,0.02,1.0,0.5,20.0,,0,100,0.001,0.00971798881853636,0.00816640322810347,0.00971798881853636,True,,highs,,nan,nan,nan,,nan,,,nan,nan,nan,,nan,,656,1806590016,677,1002127,epsilon_reached,,
msd,100,20,5,1002128,qptas,completed,True,False,86400,3.5300385099999403,3.5300385099999403,capped_run,,,0.5,nan,0.01,0.006666666666666667,5,10,1000,3,20,1000,1000,1000,10,0.1,0.02,1.0,0.5,20.0,,0,100,0.001,0.009255679971046538,0.009255679971046538,0.00755082522041195,True,,highs,,nan,nan,nan,,nan,,,nan,nan,nan,,nan,,968,1806590016,1017,1002128,epsilon_reached,,
msd,100,20,6,1002129,qptas,completed,True,False,86400,2.6438367709999966,2.6438367709999966,capped_run,,,0.5,nan,0.01,0.006666666666666667,5,10,1000,3,20,1000,1000,1000,10,0.1,0.02,1.0,0.5,20.0,,0,100,0.001,0.009471922288970425,0.009471922288970425,0.00408397312046449,True,,highs,,nan,nan,nan,,nan,,,nan,nan,nan,,nan,,716,1806590016,754,1002129,epsilon_reached,,
msd,100,20,7,1002130,qptas,completed,True,False,86400,3.210222163000026,3.210222163000026,capped_run,,,0.5,nan,0.01,0.006666666666666667,5,10,1000,3,20,1000,1000,1000,10,0.1,0.02,1.0,0.5,20.0,,0,100,0.001,0.009898864305903587,0.004693410721431757,0.009898864305903587,True,,highs,,nan,nan,nan,,nan,,,nan,nan,nan,,nan,,893,1806590016,932,1002130,epsilon_reached,,
msd,100,20,8,1002131,qptas,completed,True,False,86400,2.07604621400003,2.07604621400003,capped_run,,,0.5,nan,0.01,0.006666666666666667,5,10,1000,3,20,1000,1000,1000,10,0.1,0.02,1.0,0.5,20.0,,0,100,0.001,0.008631670398522362,0.008631670398522362,0.008334466075267055,True,,highs,,nan,nan,nan,,nan,,,nan,nan,nan,,nan,,581,1806590016,612,1002131,epsilon_reached,,
msd,100,20,9,1002132,qptas,completed,True,False,86400,1.4982251669999869,1.4982251669999869,capped_run,,,0.5,nan,0.01,0.006666666666666667,5,10,1000,3,20,1000,1000,1000,10,0.1,0.02,1.0,0.5,20.0,,0,100,0.001,0.009844420637449058,0.009844420637449058,0.008869923983011396,True,,highs,,nan,nan,nan,,nan,,,nan,nan,nan,,nan,,430,1806590016,446,1002132,epsilon_reached,,
msd,100,20,10,1002133,qptas,completed,True,False,86400,0.9595513000000437,0.9595513000000437,capped_run,,,0.5,nan,0.01,0.006666666666666667,5,10,1000,3,20,1000,1000,1000,10,0.1,0.02,1.0,0.5,20.0,,0,100,0.001,0.008060897041477666,0.008060897041477666,0.0047764871018929345,True,,highs,,nan,nan,nan,,nan,,,nan,nan,nan,,nan,,268,1806590016,282,1002133,epsilon_reached,,
msd,100,20,11,1002134,qptas,completed,False,False,86400,3.687109108999948,3.687109108999948,capped_run,,,0.5,nan,0.01,0.006666666666666667,5,10,1000,3,20,1000,1000,1000,10,0.1,0.02,1.0,0.5,20.0,,0,100,0.001,nan,nan,nan,False,,highs,,nan,nan,nan,,nan,,,nan,nan,nan,,nan,,1000,1806590016,1055,1002134,sample_exhausted,,
msd,100,20,12,1002135,qptas,completed,True,False,86400,1.269128980000005,1.269128980000005,capped_run,,,0.5,nan,0.01,0.006666666666666667,5,10,1000,3,20,1000,1000,1000,10,0.1,0.02,1.0,0.5,20.0,,0,100,0.001,0.007665086217676809,0.007235744839698965,0.007665086217676809,True,,highs,,nan,nan,nan,,nan,,,nan,nan,nan,,nan,,341,1806590016,362,1002135,epsilon_reached,,
msd,100,20,13,1002136,qptas,completed,True,False,86400,1.8980006350000167,1.8980006350000167,capped_run,,,0.5,nan,0.01,0.006666666666666667,5,10,1000,3,20,1000,1000,1000,10,0.1,0.02,1.0,0.5,20.0,,0,100,0.001,0.009290221550937394,0.009290221550937394,0.007461962441930703,True,,highs,,nan,nan,nan,,nan,,,nan,nan,nan,,nan,,527,1806590016,555,1002136,epsilon_reached,,
msd,100,20,14,1002137,qptas,completed,True,False,86400,0.2703329659999554,0.2703329659999554,capped_run,,,0.5,nan,0.01,0.006666666666666667,5,10,1000,3,20,1000,1000,1000,10,0.1,0.02,1.0,0.5,20.0,,0,100,0.001,0.009852727325262989,0.009852727325262989,0.007234781761336739,True,,highs,,nan,nan,nan,,nan,,,nan,nan,nan,,nan,,72,1806590016,76,1002137,epsilon_reached,,
msd,100,20,15,1002138,qptas,completed,True,False,86400,0.7495845910000298,0.7495845910000298,capped_run,,,0.5,nan,0.01,0.006666666666666667,5,10,1000,3,20,1000,1000,1000,10,0.1,0.02,1.0,0.5,20.0,,0,100,0.001,0.009033069064410315,0.009033069064410315,0.007349942324146652,True,,highs,,nan,nan,nan,,nan,,,nan,nan,nan,,nan,,200,1806590016,217,1002138,epsilon_reached,,
msd,100,20,16,1002139,qptas,completed,True,False,86400,0.49857840799995756,0.49857840799995756,capped_run,,,0.5,nan,0.01,0.006666666666666667,5,10,1000,3,20,1000,1000,1000,10,0.1,0.02,1.0,0.5,20.0,,0,100,0.001,0.009900355013430506,0.008330076372824013,0.009900355013430506,True,,highs,,nan,nan,nan,,nan,,,nan,nan,nan,,nan,,136,1806590016,145,1002139,epsilon_reached,,
msd,100,20,17,1002140,qptas,completed,True,False,86400,0.4580293949999259,0.4580293949999259,capped_run,,,0.5,nan,0.01,0.006666666666666667,5,10,1000,3,20,1000,1000,1000,10,0.1,0.02,1.0,0.5,20.0,,0,100,0.001,0.009813632970030628,0.0068904117441645485,0.009813632970030628,True,,highs,,nan,nan,nan,,nan,,,nan,nan,nan,,nan,,119,1806590016,130,1002140,epsilon_reached,,
msd,100,20,18,1002141,qptas,completed,True,False,86400,0.9273051890000943,0.9273051890000943,capped_run,,,0.5,nan,0.01,0.006666666666666667,5,10,1000,3,20,1000,1000,1000,10,0.1,0.02,1.0,0.5,20.0,,0,100,0.001,0.009957715301119885,0.009957715301119885,0.00616229639430349,True,,highs,,nan,nan,nan,,nan,,,nan,nan,nan,,nan,,251,1806590016,266,1002141,epsilon_reached,,
msd,100,20,19,1002142,qptas,completed,False,False,86400,3.630276026000047,3.630276026000047,capped_run,,,0.5,nan,0.01,0.006666666666666667,5,10,1000,3,20,1000,1000,1000,10,0.1,0.02,1.0,0.5,20.0,,0,100,0.001,nan,nan,nan,False,,highs,,nan,nan,nan,,nan,,,nan,nan,nan,,nan,,1000,1806590016,1052,1002142,sample_exhausted,,
msd,100,50,0,1005123,qptas,completed,False,False,86400,5.21288588799996,5.21288588799996,capped_run,,,0.5,nan,0.01,0.006666666666666667,8,10,1000,3,20,1000,1000,1000,10,0.1,0.02,1.0,0.5,20.0,,0,100,0.001,nan,nan,nan,False,,highs,,nan,nan,nan,,nan,,,nan,nan,nan,,nan,,1000,2730463682711675625,1016,1005123,sample_exhausted,,
msd,100,50,1,1005124,qptas,completed,False,False,86400,5.043627504999904,5.043627504999904,capped_run,,,0.5,nan,0.01,0.006666666666666667,8,10,1000,3,20,1000,1000,1000,10,0.1,0.02,1.0,0.5,20.0,,0,100,0.001,nan,nan,nan,False,,highs,,nan,nan,nan,,nan,,,nan,nan,nan,,nan,,1000,2730463682711675625,1022,1005124,sample_exhausted,,
msd,100,50,2,1005125,qptas,completed,False,False,86400,5.271465029999945,5.271465029999945,capped_run,,,0.5,nan,0.01,0.006666666666666667,8,10,1000,3,20,1000,1000,1000,10,0.1,0.02,1.0,0.5,20.0,,0,100,0.001,nan,nan,nan,False,,highs,,nan,nan,nan,,nan,,,nan,nan,nan,,nan,,1000,2730463682711675625,1022,1005125,sample_exhausted,,
msd,100,50,3,1005126,qptas,completed,False,False,86400,5.2208498060000466,5.2208498060000466,capped_run,,,0.5,nan,0.01,0.006666666666666667,8,10,1000,3,20,1000,1000,1000,10,0.1,0.02,1.0,0.5,20.0,,0,100,0.001,nan,nan,nan,False,,highs,,nan,nan,nan,,nan,,,nan,nan,nan,,nan,,1000,2730463682711675625,1019,1005126,sample_exhausted,,
msd,100,50,4,1005127,qptas,completed,False,False,86400,5.198550772999965,5.198550772999965,capped_run,,,0.5,nan,0.01,0.006666666666666667,8,10,1000,3,20,1000,1000,1000,10,0.1,0.02,1.0,0.5,20.0,,0,100,0.001,nan,nan,nan,False,,highs,,nan,nan,nan,,nan,,,nan,nan,nan,,nan,,1000,2730463682711675625,1012,1005127,sample_exhausted,,
msd,100,50,5,1005128,qptas,completed,False,False,86400,5.084905873000025,5.084905873000025,capped_run,,,0.5,nan,0.01,0.006666666666666667,8,10,1000,3,20,1000,1000,1000,10,0.1,0.02,1.0,0.5,20.0,,0,100,0.001,nan,nan,nan,False,,highs,,nan,nan,nan,,nan,,,nan,nan,nan,,nan,,1000,2730463682711675625,1016,1005128,sample_exhausted,,
msd,100,50,6,1005129,qptas,completed,False,False,86400,5.111109462999934,5.111109462999934,capped_run,,,0.5,nan,0.01,0.006666666666666667,8,10,1000,3,20,1000,1000,1000,10,0.1,0.02,1.0,0.5,20.0,,0,100,0.001,nan,nan,nan,False,,highs,,nan,nan,nan,,nan,,,nan,nan,nan,,nan,,1000,2730463682711675625,1018,1005129,sample_exhausted,,
msd,100,50,7,1005130,qptas,completed,False,False,86400,5.058549848999974,5.058549848999974,capped_run,,,0.5,nan,0.01,0.006666666666666667,8,10,1000,3,20,1000,1000,1000,10,0.1,0.02,1.0,0.5,20.0,,0,100,0.001,nan,nan,nan,False,,highs,,nan,nan,nan,,nan,,,nan,nan,nan,,nan,,1000,2730463682711675625,1018,1005130,sample_exhausted,,
msd,100,50,8,1005131,qptas,completed,True,False,86400,0.5255570519999537,0.5255570519999537,capped_run,,,0.5,nan,0.01,0.006666666666666667,8,10,1000,3,20,1000,1000,1000,10,0.1,0.02,1.0,0.5,20.0,,0,100,0.001,0.00910456688474015,0.007062626300607944,0.00910456688474015,True,,highs,,nan,nan,nan,,nan,,,nan,nan,nan,,nan,,102,2730463682711675625,103,1005131,epsilon_reached,,
msd,100,50,9,1005132,qptas,completed,False,False,86400,5.141571210000052,5.141571210000052,capped_run,,,0.5,nan,0.01,0.006666666666666667,8,10,1000,3,20,1000,1000,1000,10,0.1,0.02,1.0,0.5,20.0,,0,100,0.001,nan,nan,nan,False,,highs,,nan,nan,nan,,nan,,,nan,nan,nan,,nan,,1000,2730463682711675625,1024,1005132,sample_exhausted,,
msd,100,50,10,1005133,qptas,completed,True,False,86400,2.609962178999922,2.609962178999922,capped_run,,,0.5,nan,0.01,0.006666666666666667,8,10,1000,3,20,1000,1000,1000,10,0.1,0.02,1.0,0.5,20.0,,0,100,0.001,0.006583064880772205,0.006583064880772205,0.005956321444007706,True,,highs,,nan,nan,nan,,nan,,,nan,nan,nan,,nan,,499,2730463682711675625,514,1005133,epsilon_reached,,
msd,100,50,11,1005134,qptas,completed,False,False,86400,5.077906591999977,5.077906591999977,capped_run,,,0.5,nan,0.01,0.006666666666666667,8,10,1000,3,20,1000,1000,1000,10,0.1,0.02,1.0,0.5,20.0,,0,100,0.001,nan,nan,nan,False,,highs,,nan,nan,nan,,nan,,,nan,nan,nan,,nan,,1000,2730463682711675625,1013,1005134,sample_exhausted,,
msd,100,50,12,1005135,qptas,completed,False,False,86400,5.1535705369999505,5.1535705369999505,capped_run,,,0.5,nan,0.01,0.006666666666666667,8,10,1000,3,20,1000,1000,1000,10,0.1,0.02,1.0,0.5,20.0,,0,100,0.001,nan,nan,nan,False,,highs,,nan,nan,nan,,nan,,,nan,nan,nan,,nan,,1000,2730463682711675625,1012,1005135,sample_exhausted,,
msd,100,50,13,1005136,qptas,completed,False,False,86400,5.1924122490000855,5.1924122490000855,capped_run,,,0.5,nan,0.01,0.006666666666666667,8,10,1000,3,20,1000,1000,1000,10,0.1,0.02,1.0,0.5,20.0,,0,100,0.001,nan,nan,nan,False,,highs,,nan,nan,nan,,nan,,,nan,nan,nan,,nan,,1000,2730463682711675625,1017,1005136,sample_exhausted,,
msd,100,50,14,1005137,qptas,completed,False,False,86400,5.172463816000004,5.172463816000004,capped_run,,,0.5,nan,0.01,0.006666666666666667,8,10,1000,3,20,1000,1000,1000,10,0.1,0.02,1.0,0.5,20.0,,0,100,0.001,nan,nan,nan,False,,highs,,nan,nan,nan,,nan,,,nan,nan,nan,,nan,,1000,2730463682711675625,1018,1005137,sample_exhausted,,
msd,100,50,15,1005138,qptas,completed,False,False,86400,5.0970589040000505,5.0970589040000505,capped_run,,,0.5,nan,0.01,0.006666666666666667,8,10,1000,3,20,1000,1000,1000,10,0.1,0.02,1.0,0.5,20.0,,0,100,0.001,nan,nan,nan,False,,highs,,nan,nan,nan,,nan,,,nan,nan,nan,,nan,,1000,2730463682711675625,1008,1005138,sample_exhausted,,
msd,100,50,16,1005139,qptas,completed,False,False,86400,5.109530146999987,5.109530146999987,capped_run,,,0.5,nan,0.01,0.006666666666666667,8,10,1000,3,20,1000,1000,1000,10,0.1,0.02,1.0,0.5,20.0,,0,100,0.001,nan,nan,nan,False,,highs,,nan,nan,nan,,nan,,,nan,nan,nan,,nan,,1000,2730463682711675625,1016,1005139,sample_exhausted,,
msd,100,50,17,1005140,qptas,completed,False,False,86400,5.192675832999953,5.192675832999953,capped_run,,,0.5,nan,0.01,0.006666666666666667,8,10,1000,3,20,1000,1000,1000,10,0.1,0.02,1.0,0.5,20.0,,0,100,0.001,nan,nan,nan,False,,highs,,nan,nan,nan,,nan,,,nan,nan,nan,,nan,,1000,2730463682711675625,1023,1005140,sample_exhausted,,
msd,100,50,18,1005141,qptas,completed,True,False,86400,2.554204487999982,2.554204487999982,capped_run,,,0.5,nan,0.01,0.006666666666666667,8,10,1000,3,20,1000,1000,1000,10,0.1,0.02,1.0,0.5,20.0,,0,100,0.001,0.009300546882346994,0.009300546882346994,0.008572626676133677,True,,highs,,nan,nan,nan,,nan,,,nan,nan,nan,,nan,,504,2730463682711675625,515,1005141,epsilon_reached,,
msd,100,50,19,1005142,qptas,completed,False,False,86400,5.077790816999936,5.077790816999936,capped_run,,,0.5,nan,0.01,0.006666666666666667,8,10,1000,3,20,1000,1000,1000,10,0.1,0.02,1.0,0.5,20.0,,0,100,0.001,nan,nan,nan,False,,highs,,nan,nan,nan,,nan,,,nan,nan,nan,,nan,,1000,2730463682711675625,1011,1005142,sample_exhausted,,
msd,250,5,0,2500623,qptas,completed,True,False,86400,0.04369952499996543,0.04369952499996543,capped_run,,,0.5,nan,0.01,0.006666666666666667,3,16,1000,3,20,1000,1000,1000,16,0.1,0.02,1.0,0.5,20.0,,0,100,0.001,0.005364248047220077,0.005364248047220077,0.0029888892590034244,True,,highs,,nan,nan,nan,,nan,,,nan,nan,nan,,nan,,6,1225,7,2500623,epsilon_reached,,
msd,250,5,1,2500624,qptas,completed,True,False,86400,0.029807309000034365,0.029807309000034365,capped_run,,,0.5,nan,0.01,0.006666666666666667,3,16,1000,3,20,1000,1000,1000,16,0.1,0.02,1.0,0.5,20.0,,0,100,0.001,0.009927165723605635,0.0042018364923352425,0.009927165723605635,True,,highs,,nan,nan,nan,,nan,,,nan,nan,nan,,nan,,2,1225,4,2500624,epsilon_reached,,
msd,250,5,2,2500625,qptas,completed,True,False,86400,0.013655469000013909,0.013655469000013909,capped_run,,,0.5,nan,0.01,0.006666666666666667,3,16,1000,3,20,1000,1000,1000,16,0.1,0.02,1.0,0.5,20.0,,0,100,0.001,0.00783817242263285,0.00609763390197976,0.00783817242263285,True,,highs,,nan,nan,nan,,nan,,,nan,nan,nan,,nan,,1,1225,2,2500625,epsilon_reached,,
msd,250,5,3,2500626,qptas,completed,True,False,86400,0.12380263099998956,0.12380263099998956,capped_run,,,0.5,nan,0.01,0.006666666666666667,3,16,1000,3,20,1000,1000,1000,16,0.1,0.02,1.0,0.5,20.0,,0,100,0.001,0.007298770249978437,0.007298770249978437,0.001982086859884935,True,,highs,,nan,nan,nan,,nan,,,nan,nan,nan,,nan,,14,1225,21,2500626,epsilon_reached,,
msd,250,5,4,2500627,qptas,completed,True,False,86400,0.053251120000027186,0.053251120000027186,capped_run,,,0.5,nan,0.01,0.006666666666666667,3,16,1000,3,20,1000,1000,1000,16,0.1,0.02,1.0,0.5,20.0,,0,100,0.001,0.007286172605539709,0.007286172605539709,0.006649991201433059,True,,highs,,nan,nan,nan,,nan,,,nan,nan,nan,,nan,,5,1225,8,2500627,epsilon_reached,,
msd,250,5,5,2500628,qptas,completed,True,False,86400,0.04420024000000922,0.04420024000000922,capped_run,,,0.5,nan,0.01,0.006666666666666667,3,16,1000,3,20,1000,1000,1000,16,0.1,0.02,1.0,0.5,20.0,,0,100,0.001,0.005072466189504854,0.005072466189504854,0.002572953225580099,True,,highs,,nan,nan,nan,,nan,,,nan,nan,nan,,nan,,5,1225,7,2500628,epsilon_reached,,
msd,250,5,6,2500629,qptas,completed,True,False,86400,0.05078550400003223,0.05078550400003223,capped_run,,,0.5,nan,0.01,0.006666666666666667,3,16,1000,3,20,1000,1000,1000,16,0.1,0.02,1.0,0.5,20.0,,0,100,0.001,0.009344432569094285,0.004034831616699874,0.009344432569094285,True,,highs,,nan,nan,nan,,nan,,,nan,nan,nan,,nan,,5,1225,7,2500629,epsilon_reached,,
msd,250,5,7,2500630,qptas,completed,True,False,86400,0.028069159999972726,0.028069159999972726,capped_run,,,0.5,nan,0.01,0.006666666666666667,3,16,1000,3,20,1000,1000,1000,16,0.1,0.02,1.0,0.5,20.0,,0,100,0.001,0.004931939469127067,0.004210912155470037,0.004931939469127067,True,,highs,,nan,nan,nan,,nan,,,nan,nan,nan,,nan,,1,1225,2,2500630,epsilon_reached,,
msd,250,5,8,2500631,qptas,completed,True,False,86400,0.08300004199998057,0.08300004199998057,capped_run,,,0.5,nan,0.01,0.006666666666666667,3,16,1000,3,20,1000,1000,1000,16,0.1,0.02,1.0,0.5,20.0,,0,100,0.001,0.008075128929566189,0.0068304755319273935,0.008075128929566189,True,,highs,,nan,nan,nan,,nan,,,nan,nan,nan,,nan,,8,1225,14,2500631,epsilon_reached,,
msd,250,5,9,2500632,qptas,completed,True,False,86400,0.030566262999968785,0.030566262999968785,capped_run,,,0.5,nan,0.01,0.006666666666666667,3,16,1000,3,20,1000,1000,1000,16,0.1,0.02,1.0,0.5,20.0,,0,100,0.001,0.00903808776809012,0.00903808776809012,0.002295483372732443,True,,highs,,nan,nan,nan,,nan,,,nan,nan,nan,,nan,,2,1225,4,2500632,epsilon_reached,,
msd,250,5,10,2500633,qptas,completed,True,False,86400,0.04394634799996311,0.04394634799996311,capped_run,,,0.5,nan,0.01,0.006666666666666667,3,16,1000,3,20,1000,1000,1000,16,0.1,0.02,1.0,0.5,20.0,,0,100,0.001,0.009532441157538929,0.00573411798958301,0.009532441157538929,True,,highs,,nan,nan,nan,,nan,,,nan,nan,nan,,nan,,7,1225,8,2500633,epsilon_reached,,
msd,250,5,11,2500634,qptas,completed,True,False,86400,0.029808111999955145,0.029808111999955145,capped_run,,,0.5,nan,0.01,0.006666666666666667,3,16,1000,3,20,1000,1000,1000,16,0.1,0.02,1.0,0.5,20.0,,0,100,0.001,0.007471507782761511,0.007471507782761511,0.005594192625160255,True,,highs,,nan,nan,nan,,nan,,,nan,nan,nan,,nan,,3,1225,5,2500634,epsilon_reached,,
msd,250,5,12,2500635,qptas,completed,True,False,86400,0.07014193400004842,0.07014193400004842,capped_run,,,0.5,nan,0.01,0.006666666666666667,3,16,1000,3,20,1000,1000,1000,16,0.1,0.02,1.0,0.5,20.0,,0,100,0.001,0.00621810319130256,0.005871279881449365,0.00621810319130256,True,,highs,,nan,nan,nan,,nan,,,nan,nan,nan,,nan,,8,1225,12,2500635,epsilon_reached,,
msd,250,5,13,2500636,qptas,completed,True,False,86400,0.1579778630000419,0.1579778630000419,capped_run,,,0.5,nan,0.01,0.006666666666666667,3,16,1000,3,20,1000,1000,1000,16,0.1,0.02,1.0,0.5,20.0,,0,100,0.001,0.008714731095030293,0.008517370760945497,0.008714731095030293,True,,highs,,nan,nan,nan,,nan,,,nan,nan,nan,,nan,,21,1225,27,2500636,epsilon_reached,,
msd,250,5,14,2500637,qptas,completed,True,False,86400,0.037929008999981306,0.037929008999981306,capped_run,,,0.5,nan,0.01,0.006666666666666667,3,16,1000,3,20,1000,1000,1000,16,0.1,0.02,1.0,0.5,20.0,,0,100,0.001,0.009054991126125844,0.009054991126125844,0.0077491477417031,True,,highs,,nan,nan,nan,,nan,,,nan,nan,nan,,nan,,4,1225,6,2500637,epsilon_reached,,
msd,250,5,15,2500638,qptas,completed,True,False,86400,0.16442176600003222,0.16442176600003222,capped_run,,,0.5,nan,0.01,0.006666666666666667,3,16,1000,3,20,1000,1000,1000,16,0.1,0.02,1.0,0.5,20.0,,0,100,0.001,0.008076255394171616,0.004660982275002057,0.008076255394171616,True,,highs,,nan,nan,nan,,nan,,,nan,nan,nan,,nan,,27,1225,32,2500638,epsilon_reached,,
msd,250,5,16,2500639,qptas,completed,True,False,86400,0.019518736000009085,0.019518736000009085,capped_run,,,0.5,nan,0.01,0.006666666666666667,3,16,1000,3,20,1000,1000,1000,16,0.1,0.02,1.0,0.5,20.0,,0,100,0.001,0.009485510114194073,0.009485510114194073,0.0017167313945289364,True,,highs,,nan,nan,nan,,nan,,,nan,nan,nan,,nan,,1,1225,2,2500639,epsilon_reached,,
msd,250,5,17,2500640,qptas,completed,True,False,86400,0.029433085999926334,0.029433085999926334,capped_run,,,0.5,nan,0.01,0.006666666666666667,3,16,1000,3,20,1000,1000,1000,16,0.1,0.02,1.0,0.5,20.0,,0,100,0.001,0.008771765966038236,0.002972488975728993,0.008771765966038236,True,,highs,,nan,nan,nan,,nan,,,nan,nan,nan,,nan,,3,1225,5,2500640,epsilon_reached,,
msd,250,5,18,2500641,qptas,completed,True,False,86400,0.11335244299993974,0.11335244299993974,capped_run,,,0.5,nan,0.01,0.006666666666666667,3,16,1000,3,20,1000,1000,1000,16,0.1,0.02,1.0,0.5,20.0,,0,100,0.001,0.008681700714196217,0.00543375183937006,0.008681700714196217,True,,highs,,nan,nan,nan,,nan,,,nan,nan,nan,,nan,,17,1225,20,2500641,epsilon_reached,,
msd,250,5,19,2500642,qptas,completed,True,False,86400,0.1590177019999146,0.1590177019999146,capped_run,,,0.5,nan,0.01,0.006666666666666667,3,16,1000,3,20,1000,1000,1000,16,0.1,0.02,1.0,0.5,20.0,,0,100,0.001,0.006146374985714798,0.006146374985714798,0.006130706763112337,True,,highs,,nan,nan,nan,,nan,,,nan,nan,nan,,nan,,26,1225,31,2500642,epsilon_reached,,
msd,250,10,0,2501123,qptas,completed,True,False,86400,0.16073212600008446,0.16073212600008446,capped_run,,,0.5,nan,0.01,0.006666666666666667,4,16,1000,3,20,1000,1000,1000,16,0.1,0.02,1.0,0.5,20.0,,0,100,0.001,0.007854464062853728,0.0038409088412105774,0.007854464062853728,True,,highs,,nan,nan,nan,,nan,,,nan,nan,nan,,nan,,23,511225,26,2501123,epsilon_reached,,
msd,250,10,1,2501124,qptas,completed,True,False,86400,0.0819073049999588,0.0819073049999588,capped_run,,,0.5,nan,0.01,0.006666666666666667,4,16,1000,3,20,1000,1000,1000,16,0.1,0.02,1.0,0.5,20.0,,0,100,0.001,0.007654666999612703,0.00590934521852543,0.007654666999612703,True,,highs,,nan,nan,nan,,nan,,,nan,nan,nan,,nan,,10,511225,12,2501124,epsilon_reached,,
msd,250,10,2,2501125,qptas,completed,True,False,86400,0.12999801799992383,0.12999801799992383,capped_run,,,0.5,nan,0.01,0.006666666666666667,4,16,1000,3,20,1000,1000,1000,16,0.1,0.02,1.0,0.5,20.0,,0,100,0.001,0.0070797058733940155,0.0070797058733940155,0.006191455585485117,True,,highs,,nan,nan,nan,,nan,,,nan,nan,nan,,nan,,17,511225,20,2501125,epsilon_reached,,
msd,250,10,3,2501126,qptas,completed,True,False,86400,0.11803965700005392,0.11803965700005392,capped_run,,,0.5,nan,0.01,0.006666666666666667,4,16,1000,3,20,1000,1000,1000,16,0.1,0.02,1.0,0.5,20.0,,0,100,0.001,0.0069384405873346156,0.0069384405873346156,0.0025146909598766642,True,,highs,,nan,nan,nan,,nan,,,nan,nan,nan,,nan,,15,511225,19,2501126,epsilon_reached,,
msd,250,10,4,2501127,qptas,completed,True,False,86400,0.08048584400000891,0.08048584400000891,capped_run,,,0.5,nan,0.01,0.006666666666666667,4,16,1000,3,20,1000,1000,1000,16,0.1,0.02,1.0,0.5,20.0,,0,100,0.001,0.008509737017183494,0.008334628714359638,0.008509737017183494,True,,highs,,nan,nan,nan,,nan,,,nan,nan,nan,,nan,,6,511225,11,2501127,epsilon_reached,,
msd,250,10,5,2501128,qptas,completed,True,False,86400,0.18809047600007034,0.18809047600007034,capped_run,,,0.5,nan,0.01,0.006666666666666667,4,16,1000,3,20,1000,1000,1000,16,0.1,0.02,1.0,0.5,20.0,,0,100,0.001,0.00993389995411792,0.00993389995411792,0.0070998895869274214,True,,highs,,nan,nan,nan,,nan,,,nan,nan,nan,,nan,,20,511225,27,2501128,epsilon_reached,,
msd,250,10,6,2501129,qptas,completed,True,False,86400,0.23261083900001722,0.23261083900001722,capped_run,,,0.5,nan,0.01,0.006666666666666667,4,16,1000,3,20,1000,1000,1000,16,0.1,0.02,1.0,0.5,20.0,,0,100,0.001,0.005526414294207083,0.0016218947156433905,0.005526414294207083,True,,highs,,nan,nan,nan,,nan,,,nan,nan,nan,,nan,,32,511225,36,2501129,epsilon_reached,,
msd,250,10,7,2501130,qptas,completed,True,False,86400,0.31527589699999226,0.31527589699999226,capped_run,,,0.5,nan,0.01,0.006666666666666667,4,16,1000,3,20,1000,1000,1000,16,0.1,0.02,1.0,0.5,20.0,,0,100,0.001,0.009807336174084136,0.00511144274833053,0.009807336174084136,True,,highs,,nan,nan,nan,,nan,,,nan,nan,nan,,nan,,41,511225,48,2501130,epsilon_reached,,
msd,250,10,8,2501131,qptas,completed,True,False,86400,0.04769491800004744,0.04769491800004744,capped_run,,,0.5,nan,0.01,0.006666666666666667,4,16,1000,3,20,1000,1000,1000,16,0.1,0.02,1.0,0.5,20.0,,0,100,0.001,0.009734839008895435,0.009734839008895435,0.008222229506761602,True,,highs,,nan,nan,nan,,nan,,,nan,nan,nan,,nan,,4,511225,7,2501131,epsilon_reached,,
msd,250,10,9,2501132,qptas,completed,True,False,86400,0.05167181100000562,0.05167181100000562,capped_run,,,0.5,nan,0.01,0.006666666666666667,4,16,1000,3,20,1000,1000,1000,16,0.1,0.02,1.0,0.5,20.0,,0,100,0.001,0.006370532420373554,0.0028292237725115466,0.006370532420373554,True,,highs,,nan,nan,nan,,nan,,,nan,nan,nan,,nan,,5,511225,7,2501132,epsilon_reached,,
msd,250,10,10,2501133,qptas,completed,True,False,86400,0.18759744400006184,0.18759744400006184,capped_run,,,0.5,nan,0.01,0.006666666666666667,4,16,1000,3,20,1000,1000,1000,16,0.1,0.02,1.0,0.5,20.0,,0,100,0.001,0.008957930955302063,0.006766254903231184,0.008957930955302063,True,,highs,,nan,nan,nan,,nan,,,nan,nan,nan,,nan,,23,511225,27,2501133,epsilon_reached,,
msd,250,10,11,2501134,qptas,completed,True,False,86400,0.1619642839999642,0.1619642839999642,capped_run,,,0.5,nan,0.01,0.006666666666666667,4,16,1000,3,20,1000,1000,1000,16,0.1,0.02,1.0,0.5,20.0,,0,100,0.001,0.009538740604317753,0.009361152669270623,0.009538740604317753,True,,highs,,nan,nan,nan,,nan,,,nan,nan,nan,,nan,,23,511225,26,2501134,epsilon_reached,,
msd,250,10,12,2501135,qptas,completed,True,False,86400,0.041053057999988596,0.041053057999988596,capped_run,,,0.5,nan,0.01,0.006666666666666667,4,16,1000,3,20,1000,1000,1000,16,0.1,0.02,1.0,0.5,20.0,,0,100,0.001,0.009236804212944927,0.009236804212944927,0.004259190524124434,True,,highs,,nan,nan,nan,,nan,,,nan,nan,nan,,nan,,4,511225,5,2501135,epsilon_reached,,
msd,250,10,13,2501136,qptas,completed,True,False,86400,0.2434718069999917,0.2434718069999917,capped_run,,,0.5,nan,0.01,0.006666666666666667,4,16,1000,3,20,1000,1000,1000,16,0.1,0.02,1.0,0.5,20.0,,0,100,0.001,0.0050886131102875765,0.0050886131102875765,0.00400809939333191,True,,highs,,nan,nan,nan,,nan,,,nan,nan,nan,,nan,,31,511225,38,2501136,epsilon_reached,,
msd,250,10,14,2501137,qptas,completed,True,False,86400,0.055004854000003434,0.055004854000003434,capped_run,,,0.5,nan,0.01,0.006666666666666667,4,16,1000,3,20,1000,1000,1000,16,0.1,0.02,1.0,0.5,20.0,,0,100,0.001,0.008703589712569015,0.008703589712569015,0.008067492674446952,True,,highs,,nan,nan,nan,,nan,,,nan,nan,nan,,nan,,5,511225,7,2501137,epsilon_reached,,
msd,250,10,15,2501138,qptas,completed,True,False,86400,0.025849275000041416,0.025849275000041416,capped_run,,,0.5,nan,0.01,0.006666666666666667,4,16,1000,3,20,1000,1000,1000,16,0.1,0.02,1.0,0.5,20.0,,0,100,0.001,0.007623748198986979,0.006355671803840335,0.007623748198986979,True,,highs,,nan,nan,nan,,nan,,,nan,nan,nan,,nan,,2,511225,3,2501138,epsilon_reached,,
msd,250,10,16,2501139,qptas,completed,True,False,86400,0.20847160200003145,0.20847160200003145,capped_run,,,0.5,nan,0.01,0.006666666666666667,4,16,1000,3,20,1000,1000,1000,16,0.1,0.02,1.0,0.5,20.0,,0,100,0.001,0.008938178767440685,0.005584070059377222,0.008938178767440685,True,,highs,,nan,nan,nan,,nan,,,nan,nan,nan,,nan,,18,511225,28,2501139,epsilon_reached,,
msd,250,10,17,2501140,qptas,completed,True,False,86400,0.05743050000000949,0.05743050000000949,capped_run,,,0.5,nan,0.01,0.006666666666666667,4,16,1000,3,20,1000,1000,1000,16,0.1,0.02,1.0,0.5,20.0,,0,100,0.001,0.008348715650005278,0.004859252967964356,0.008348715650005278,True,,highs,,nan,nan,nan,,nan,,,nan,nan,nan,,nan,,5,511225,8,2501140,epsilon_reached,,
msd,250,10,18,2501141,qptas,completed,True,False,86400,0.15324616599991714,0.15324616599991714,capped_run,,,0.5,nan,0.01,0.006666666666666667,4,16,1000,3,20,1000,1000,1000,16,0.1,0.02,1.0,0.5,20.0,,0,100,0.001,0.008431313575483768,0.008431313575483768,0.008030403026360988,True,,highs,,nan,nan,nan,,nan,,,nan,nan,nan,,nan,,19,511225,23,2501141,epsilon_reached,,
msd,250,10,19,2501142,qptas,completed,True,False,86400,0.1175572719999991,0.1175572719999991,capped_run,,,0.5,nan,0.01,0.006666666666666667,4,16,1000,3,20,1000,1000,1000,16,0.1,0.02,1.0,0.5,20.0,,0,100,0.001,0.007878180038475124,0.006935515241884016,0.007878180038475124,True,,highs,,nan,nan,nan,,nan,,,nan,nan,nan,,nan,,13,511225,16,2501142,epsilon_reached,,
msd,250,20,0,2502123,qptas,completed,True,False,86400,0.45642767900005765,0.45642767900005765,capped_run,,,0.5,nan,0.01,0.006666666666666667,5,16,1000,3,20,1000,1000,1000,16,0.1,0.02,1.0,0.5,20.0,,0,100,0.001,0.009440803827431066,0.009440803827431066,0.007594738554846825,True,,highs,,nan,nan,nan,,nan,,,nan,nan,nan,,nan,,45,1806590016,53,2502123,epsilon_reached,,
msd,250,20,1,2502124,qptas,completed,True,False,86400,0.28604608000000553,0.28604608000000553,capped_run,,,0.5,nan,0.01,0.006666666666666667,5,16,1000,3,20,1000,1000,1000,16,0.1,0.02,1.0,0.5,20.0,,0,100,0.001,0.0056152022121371825,0.0033695395309663034,0.0056152022121371825,True,,highs,,nan,nan,nan,,nan,,,nan,nan,nan,,nan,,29,1806590016,36,2502124,epsilon_reached,,
msd,250,20,2,2502125,qptas,completed,True,False,86400,0.5861533490000284,0.5861533490000284,capped_run,,,0.5,nan,0.01,0.006666666666666667,5,16,1000,3,20,1000,1000,1000,16,0.1,0.02,1.0,0.5,20.0,,0,100,0.001,0.009586119128028259,0.0056191119228071185,0.009586119128028259,True,,highs,,nan,nan,nan,,nan,,,nan,nan,nan,,nan,,62,1806590016,73,2502125,epsilon_reached,,
msd,250,20,3,2502126,qptas,completed,True,False,86400,0.241365213999984,0.241365213999984,capped_run,,,0.5,nan,0.01,0.006666666666666667,5,16,1000,3,20,1000,1000,1000,16,0.1,0.02,1.0,0.5,20.0,,0,100,0.001,0.008685726236130065,0.007582963301825396,0.008685726236130065,True,,highs,,nan,nan,nan,,nan,,,nan,nan,nan,,nan,,28,1806590016,31,2502126,epsilon_reached,,
msd,250,20,4,2502127,qptas,completed,True,False,86400,0.1269555159999527,0.1269555159999527,capped_run,,,0.5,nan,0.01,0.006666666666666667,5,16,1000,3,20,1000,1000,1000,16,0.1,0.02,1.0,0.5,20.0,,0,100,0.001,0.008410995379945274,0.008410995379945274,0.007873416195357585,True,,highs,,nan,nan,nan,,nan,,,nan,nan,nan,,nan,,15,1806590016,17,2502127,epsilon_reached,,
msd,250,20,5,2502128,qptas,completed,True,False,86400,0.14231510300010086,0.14231510300010086,capped_run,,,0.5,nan,0.01,0.006666666666666667,5,16,1000,3,20,1000,1000,1000,16,0.1,0.02,1.0,0.5,20.0,,0,100,0.001,0.008653442555204782,0.004036016253852193,0.008653442555204782,True,,highs,,nan,nan,nan,,nan,,,nan,nan,nan,,nan,,15,1806590016,17,2502128,epsilon_reached,,
msd,250,20,6,2502129,qptas,completed,True,False,86400,0.14107554499992148,0.14107554499992148,capped_run,,,0.5,nan,0.01,0.006666666666666667,5,16,1000,3,20,1000,1000,1000,16,0.1,0.02,1.0,0.5,20.0,,0,100,0.001,0.008499875622590858,0.004386755225242622,0.008499875622590858,True,,highs,,nan,nan,nan,,nan,,,nan,nan,nan,,nan,,13,1806590016,17,2502129,epsilon_reached,,
msd,250,20,7,2502130,qptas,completed,True,False,86400,0.2679936050000151,0.2679936050000151,capped_run,,,0.5,nan,0.01,0.006666666666666667,5,16,1000,3,20,1000,1000,1000,16,0.1,0.02,1.0,0.5,20.0,,0,100,0.001,0.00934860922783154,0.008502178937913107,0.00934860922783154,True,,highs,,nan,nan,nan,,nan,,,nan,nan,nan,,nan,,26,1806590016,31,2502130,epsilon_reached,,
msd,250,20,8,2502131,qptas,completed,True,False,86400,0.5582394150000027,0.5582394150000027,capped_run,,,0.5,nan,0.01,0.006666666666666667,5,16,1000,3,20,1000,1000,1000,16,0.1,0.02,1.0,0.5,20.0,,0,100,0.001,0.009640287883021292,0.009640287883021292,0.007733055219404039,True,,highs,,nan,nan,nan,,nan,,,nan,nan,nan,,nan,,58,1806590016,70,2502131,epsilon_reached,,
msd,250,20,9,2502132,qptas,completed,True,False,86400,0.2580267929999991,0.2580267929999991,capped_run,,,0.5,nan,0.01,0.006666666666666667,5,16,1000,3,20,1000,1000,1000,16,0.1,0.02,1.0,0.5,20.0,,0,100,0.001,0.00994449738617409,0.00994449738617409,0.009323698334460784,True,,highs,,nan,nan,nan,,nan,,,nan,nan,nan,,nan,,26,1806590016,33,2502132,epsilon_reached,,
msd,250,20,10,2502133,qptas,completed,True,False,86400,0.43705549699996027,0.43705549699996027,capped_run,,,0.5,nan,0.01,0.006666666666666667,5,16,1000,3,20,1000,1000,1000,16,0.1,0.02,1.0,0.5,20.0,,0,100,0.001,0.008391667720751228,0.008391667720751228,0.008318630690308026,True,,highs,,nan,nan,nan,,nan,,,nan,nan,nan,,nan,,48,1806590016,53,2502133,epsilon_reached,,
msd,250,20,11,2502134,qptas,completed,True,False,86400,0.17015688100002535,0.17015688100002535,capped_run,,,0.5,nan,0.01,0.006666666666666667,5,16,1000,3,20,1000,1000,1000,16,0.1,0.02,1.0,0.5,20.0,,0,100,0.001,0.009908117518672044,0.008275673429152253,0.009908117518672044,True,,highs,,nan,nan,nan,,nan,,,nan,nan,nan,,nan,,18,1806590016,22,2502134,epsilon_reached,,
msd,250,20,12,2502135,qptas,completed,True,False,86400,0.03439869999999701,0.03439869999999701,capped_run,,,0.5,nan,0.01,0.006666666666666667,5,16,1000,3,20,1000,1000,1000,16,0.1,0.02,1.0,0.5,20.0,,0,100,0.001,0.007706110435796887,0.007706110435796887,0.007118468946696377,True,,highs,,nan,nan,nan,,nan,,,nan,nan,nan,,nan,,2,1806590016,3,2502135,epsilon_reached,,
msd,250,20,13,2502136,qptas,completed,True,False,86400,0.3470427560000644,0.3470427560000644,capped_run,,,0.5,nan,0.01,0.006666666666666667,5,16,1000,3,20,1000,1000,1000,16,0.1,0.02,1.0,0.5,20.0,,0,100,0.001,0.00883688001537919,0.00883688001537919,0.008261357807239744,True,,highs,,nan,nan,nan,,nan,,,nan,nan,nan,,nan,,34,1806590016,41,2502136,epsilon_reached,,
msd,250,20,14,2502137,qptas,completed,True,False,86400,0.21858090800003538,0.21858090800003538,capped_run,,,0.5,nan,0.01,0.006666666666666667,5,16,1000,3,20,1000,1000,1000,16,0.1,0.02,1.0,0.5,20.0,,0,100,0.001,0.008428653997865965,0.008428653997865965,0.006066269264125734,True,,highs,,nan,nan,nan,,nan,,,nan,nan,nan,,nan,,27,1806590016,31,2502137,epsilon_reached,,
msd,250,20,15,2502138,qptas,completed,True,False,86400,0.24054829400006383,0.24054829400006383,capped_run,,,0.5,nan,0.01,0.006666666666666667,5,16,1000,3,20,1000,1000,1000,16,0.1,0.02,1.0,0.5,20.0,,0,100,0.001,0.009940228077167546,0.009940228077167546,0.008946733408254581,True,,highs,,nan,nan,nan,,nan,,,nan,nan,nan,,nan,,26,1806590016,29,2502138,epsilon_reached,,
msd,250,20,16,2502139,qptas,completed,True,False,86400,0.2753615799999807,0.2753615799999807,capped_run,,,0.5,nan,0.01,0.006666666666666667,5,16,1000,3,20,1000,1000,1000,16,0.1,0.02,1.0,0.5,20.0,,0,100,0.001,0.009395283624925754,0.006250487172751618,0.009395283624925754,True,,highs,,nan,nan,nan,,nan,,,nan,nan,nan,,nan,,31,1806590016,36,2502139,epsilon_reached,,
msd,250,20,17,2502140,qptas,completed,True,False,86400,0.042145914999991874,0.042145914999991874,capped_run,,,0.5,nan,0.01,0.006666666666666667,5,16,1000,3,20,1000,1000,1000,16,0.1,0.02,1.0,0.5,20.0,,0,100,0.001,0.008405036087143158,0.005372834209976585,0.008405036087143158,True,,highs,,nan,nan,nan,,nan,,,nan,nan,nan,,nan,,2,1806590016,4,2502140,epsilon_reached,,
msd,250,20,18,2502141,qptas,completed,True,False,86400,0.039240197000026455,0.039240197000026455,capped_run,,,0.5,nan,0.01,0.006666666666666667,5,16,1000,3,20,1000,1000,1000,16,0.1,0.02,1.0,0.5,20.0,,0,100,0.001,0.008150418740413501,0.008150418740413501,0.007671685686400087,True,,highs,,nan,nan,nan,,nan,,,nan,nan,nan,,nan,,3,1806590016,4,2502141,epsilon_reached,,
msd,250,20,19,2502142,qptas,completed,True,False,86400,0.17042457599995942,0.17042457599995942,capped_run,,,0.5,nan,0.01,0.006666666666666667,5,16,1000,3,20,1000,1000,1000,16,0.1,0.02,1.0,0.5,20.0,,0,100,0.001,0.009072380909220412,0.009072380909220412,0.007645476132874474,True,,highs,,nan,nan,nan,,nan,,,nan,nan,nan,,nan,,17,1806590016,21,2502142,epsilon_reached,,
msd,250,50,0,2505123,qptas,completed,True,False,86400,0.1359222689999342,0.1359222689999342,capped_run,,,0.5,nan,0.01,0.006666666666666667,8,16,1000,3,20,1000,1000,1000,16,0.1,0.02,1.0,0.5,20.0,,0,100,0.001,0.008338552479790429,0.008338552479790429,0.007339082744248826,True,,highs,,nan,nan,nan,,nan,,,nan,nan,nan,,nan,,8,2730463682711675625,10,2505123,epsilon_reached,,
msd,250,50,1,2505124,qptas,completed,True,False,86400,0.5871450690000302,0.5871450690000302,capped_run,,,0.5,nan,0.01,0.006666666666666667,8,16,1000,3,20,1000,1000,1000,16,0.1,0.02,1.0,0.5,20.0,,0,100,0.001,0.009937725749649184,0.00750360203265249,0.009937725749649184,True,,highs,,nan,nan,nan,,nan,,,nan,nan,nan,,nan,,38,2730463682711675625,45,2505124,epsilon_reached,,
msd,250,50,2,2505125,qptas,completed,True,False,86400,0.5285027229999741,0.5285027229999741,capped_run,,,0.5,nan,0.01,0.006666666666666667,8,16,1000,3,20,1000,1000,1000,16,0.1,0.02,1.0,0.5,20.0,,0,100,0.001,0.009579011435010887,0.004657961504687669,0.009579011435010887,True,,highs,,nan,nan,nan,,nan,,,nan,nan,nan,,nan,,35,2730463682711675625,41,2505125,epsilon_reached,,
msd,250,50,3,2505126,qptas,completed,True,False,86400,0.1978809329999649,0.1978809329999649,capped_run,,,0.5,nan,0.01,0.006666666666666667,8,16,1000,3,20,1000,1000,1000,16,0.1,0.02,1.0,0.5,20.0,,0,100,0.001,0.008604377322525891,0.008604377322525891,0.007295654086538428,True,,highs,,nan,nan,nan,,nan,,,nan,nan,nan,,nan,,11,2730463682711675625,14,2505126,epsilon_reached,,
msd,250,50,4,2505127,qptas,completed,True,False,86400,0.08274736499993196,0.08274736499993196,capped_run,,,0.5,nan,0.01,0.006666666666666667,8,16,1000,3,20,1000,1000,1000,16,0.1,0.02,1.0,0.5,20.0,,0,100,0.001,0.008929177103484953,0.008730092612437401,0.008929177103484953,True,,highs,,nan,nan,nan,,nan,,,nan,nan,nan,,nan,,4,2730463682711675625,6,2505127,epsilon_reached,,
msd,250,50,5,2505128,qptas,completed,True,False,86400,0.4171644030000152,0.4171644030000152,capped_run,,,0.5,nan,0.01,0.006666666666666667,8,16,1000,3,20,1000,1000,1000,16,0.1,0.02,1.0,0.5,20.0,,0,100,0.001,0.007060576980861655,0.007060576980861655,0.006501667676400258,True,,highs,,nan,nan,nan,,nan,,,nan,nan,nan,,nan,,26,2730463682711675625,31,2505128,epsilon_reached,,
msd,250,50,6,2505129,qptas,completed,True,False,86400,0.47027162800009137,0.47027162800009137,capped_run,,,0.5,nan,0.01,0.006666666666666667,8,16,1000,3,20,1000,1000,1000,16,0.1,0.02,1.0,0.5,20.0,,0,100,0.001,0.006753009890129558,0.006753009890129558,0.006357083695715859,True,,highs,,nan,nan,nan,,nan,,,nan,nan,nan,,nan,,31,2730463682711675625,35,2505129,epsilon_reached,,
msd,250,50,7,2505130,qptas,completed,True,False,86400,0.14879046300006848,0.14879046300006848,capped_run,,,0.5,nan,0.01,0.006666666666666667,8,16,1000,3,20,1000,1000,1000,16,0.1,0.02,1.0,0.5,20.0,,0,100,0.001,0.009227009172228517,0.009227009172228517,0.008010962092024343,True,,highs,,nan,nan,nan,,nan,,,nan,nan,nan,,nan,,8,2730463682711675625,10,2505130,epsilon_reached,,
msd,250,50,8,2505131,qptas,completed,True,False,86400,0.6123227250000127,0.6123227250000127,capped_run,,,0.5,nan,0.01,0.006666666666666667,8,16,1000,3,20,1000,1000,1000,16,0.1,0.02,1.0,0.5,20.0,,0,100,0.001,0.00933338502450154,0.009103986896553118,0.00933338502450154,True,,highs,,nan,nan,nan,,nan,,,nan,nan,nan,,nan,,37,2730463682711675625,46,2505131,epsilon_reached,,
msd,250,50,9,2505132,qptas,completed,True,False,86400,0.9462235089999922,0.9462235089999922,capped_run,,,0.5,nan,0.01,0.006666666666666667,8,16,1000,3,20,1000,1000,1000,16,0.1,0.02,1.0,0.5,20.0,,0,100,0.001,0.00972780861738165,0.00972780861738165,0.00892767111999715,True,,highs,,nan,nan,nan,,nan,,,nan,nan,nan,,nan,,63,2730463682711675625,73,2505132,epsilon_reached,,
msd,250,50,10,2505133,qptas,completed,True,False,86400,0.35900250200006667,0.35900250200006667,capped_run,,,0.5,nan,0.01,0.006666666666666667,8,16,1000,3,20,1000,1000,1000,16,0.1,0.02,1.0,0.5,20.0,,0,100,0.001,0.007716891108464186,0.007716891108464186,0.005466037650475708,True,,highs,,nan,nan,nan,,nan,,,nan,nan,nan,,nan,,23,2730463682711675625,28,2505133,epsilon_reached,,
msd,250,50,11,2505134,qptas,completed,True,False,86400,0.03774220900004366,0.03774220900004366,capped_run,,,0.5,nan,0.01,0.006666666666666667,8,16,1000,3,20,1000,1000,1000,16,0.1,0.02,1.0,0.5,20.0,,0,100,0.001,0.008759300391420644,0.007957708019075471,0.008759300391420644,True,,highs,,nan,nan,nan,,nan,,,nan,nan,nan,,nan,,1,2730463682711675625,2,2505134,epsilon_reached,,
msd,250,50,12,2505135,qptas,completed,True,False,86400,0.5083311869999534,0.5083311869999534,capped_run,,,0.5,nan,0.01,0.006666666666666667,8,16,1000,3,20,1000,1000,1000,16,0.1,0.02,1.0,0.5,20.0,,0,100,0.001,0.00948903797384848,0.00948903797384848,0.009245930878011288,True,,highs,,nan,nan,nan,,nan,,,nan,nan,nan,,nan,,35,2730463682711675625,38,2505135,epsilon_reached,,
msd,250,50,13,2505136,qptas,completed,True,False,86400,0.1954998759999853,0.1954998759999853,capped_run,,,0.5,nan,0.01,0.006666666666666667,8,16,1000,3,20,1000,1000,1000,16,0.1,0.02,1.0,0.5,20.0,,0,100,0.001,0.009965030475441228,0.009965030475441228,0.009592793220197848,True,,highs,,nan,nan,nan,,nan,,,nan,nan,nan,,nan,,12,2730463682711675625,14,2505136,epsilon_reached,,
msd,250,50,14,2505137,qptas,completed,True,False,86400,0.40942022399997313,0.40942022399997313,capped_run,,,0.5,nan,0.01,0.006666666666666667,8,16,1000,3,20,1000,1000,1000,16,0.1,0.02,1.0,0.5,20.0,,0,100,0.001,0.009514369462929662,0.006368623758944314,0.009514369462929662,True,,highs,,nan,nan,nan,,nan,,,nan,nan,nan,,nan,,27,2730463682711675625,31,2505137,epsilon_reached,,
msd,250,50,15,2505138,qptas,completed,True,False,86400,0.11400206600001184,0.11400206600001184,capped_run,,,0.5,nan,0.01,0.006666666666666667,8,16,1000,3,20,1000,1000,1000,16,0.1,0.02,1.0,0.5,20.0,,0,100,0.001,0.009606249351385932,0.007497769149449163,0.009606249351385932,True,,highs,,nan,nan,nan,,nan,,,nan,nan,nan,,nan,,6,2730463682711675625,8,2505138,epsilon_reached,,
msd,250,50,16,2505139,qptas,completed,True,False,86400,0.2816848119999804,0.2816848119999804,capped_run,,,0.5,nan,0.01,0.006666666666666667,8,16,1000,3,20,1000,1000,1000,16,0.1,0.02,1.0,0.5,20.0,,0,100,0.001,0.008275538065281973,0.0077922375327774684,0.008275538065281973,True,,highs,,nan,nan,nan,,nan,,,nan,nan,nan,,nan,,19,2730463682711675625,21,2505139,epsilon_reached,,
msd,250,50,17,2505140,qptas,completed,True,False,86400,0.051329836000036266,0.051329836000036266,capped_run,,,0.5,nan,0.01,0.006666666666666667,8,16,1000,3,20,1000,1000,1000,16,0.1,0.02,1.0,0.5,20.0,,0,100,0.001,0.009235382217655519,0.004841351907978575,0.009235382217655519,True,,highs,,nan,nan,nan,,nan,,,nan,nan,nan,,nan,,2,2730463682711675625,3,2505140,epsilon_reached,,
msd,250,50,18,2505141,qptas,completed,True,False,86400,0.04652075900003183,0.04652075900003183,capped_run,,,0.5,nan,0.01,0.006666666666666667,8,16,1000,3,20,1000,1000,1000,16,0.1,0.02,1.0,0.5,20.0,,0,100,0.001,0.009788708786677203,0.009788708786677203,0.005302584605824834,True,,highs,,nan,nan,nan,,nan,,,nan,nan,nan,,nan,,2,2730463682711675625,3,2505141,epsilon_reached,,
msd,250,50,19,2505142,qptas,completed,True,False,86400,0.17240490300002875,0.17240490300002875,capped_run,,,0.5,nan,0.01,0.006666666666666667,8,16,1000,3,20,1000,1000,1000,16,0.1,0.02,1.0,0.5,20.0,,0,100,0.001,0.008267461092981099,0.007895921498324243,0.008267461092981099,True,,highs,,nan,nan,nan,,nan,,,nan,nan,nan,,nan,,11,2730463682711675625,12,2505142,epsilon_reached,,
msd,500,5,0,5000623,qptas,completed,True,False,86400,0.13500399699989885,0.13500399699989885,capped_run,,,0.5,nan,0.01,0.006666666666666667,3,23,1000,3,20,1000,1000,1000,23,0.1,0.02,1.0,0.5,20.0,,0,100,0.001,0.007639227566506812,0.0063435911419150726,0.007639227566506812,True,,highs,,nan,nan,nan,,nan,,,nan,nan,nan,,nan,,8,1225,10,5000623,epsilon_reached,,
msd,500,5,1,5000624,qptas,completed,True,False,86400,0.26300826600004257,0.26300826600004257,capped_run,,,0.5,nan,0.01,0.006666666666666667,3,23,1000,3,20,1000,1000,1000,23,0.1,0.02,1.0,0.5,20.0,,0,100,0.001,0.003458729164141805,0.003458729164141805,0.0021739751897232873,True,,highs,,nan,nan,nan,,nan,,,nan,nan,nan,,nan,,15,1225,21,5000624,epsilon_reached,,
msd,500,5,2,5000625,qptas,completed,True,False,86400,0.03779223499998352,0.03779223499998352,capped_run,,,0.5,nan,0.01,0.006666666666666667,3,23,1000,3,20,1000,1000,1000,23,0.1,0.02,1.0,0.5,20.0,,0,100,0.001,0.009935165264628065,0.004908918979437793,0.009935165264628065,True,,highs,,nan,nan,nan,,nan,,,nan,nan,nan,,nan,,1,1225,2,5000625,epsilon_reached,,
msd,500,5,3,5000626,qptas,completed,True,False,86400,0.036820039999952314,0.036820039999952314,capped_run,,,0.5,nan,0.01,0.006666666666666667,3,23,1000,3,20,1000,1000,1000,23,0.1,0.02,1.0,0.5,20.0,,0,100,0.001,0.005870897034471745,0.0008809439240703432,0.005870897034471745,True,,highs,,nan,nan,nan,,nan,,,nan,nan,nan,,nan,,1,1225,2,5000626,epsilon_reached,,
msd,500,5,4,5000627,qptas,completed,True,False,86400,0.0356726999999637,0.0356726999999637,capped_run,,,0.5,nan,0.01,0.006666666666666667,3,23,1000,3,20,1000,1000,1000,23,0.1,0.02,1.0,0.5,20.0,,0,100,0.001,0.008317192653791439,0.008070739604168209,0.008317192653791439,True,,highs,,nan,nan,nan,,nan,,,nan,nan,nan,,nan,,1,1225,2,5000627,epsilon_reached,,
msd,500,5,5,5000628,qptas,completed,True,False,86400,0.08818471900008262,0.08818471900008262,capped_run,,,0.5,nan,0.01,0.006666666666666667,3,23,1000,3,20,1000,1000,1000,23,0.1,0.02,1.0,0.5,20.0,,0,100,0.001,0.006742520702444854,0.006742520702444854,0.0064477203909192315,True,,highs,,nan,nan,nan,,nan,,,nan,nan,nan,,nan,,3,1225,6,5000628,epsilon_reached,,
msd,500,5,6,5000629,qptas,completed,True,False,86400,0.32215937999990274,0.32215937999990274,capped_run,,,0.5,nan,0.01,0.006666666666666667,3,23,1000,3,20,1000,1000,1000,23,0.1,0.02,1.0,0.5,20.0,,0,100,0.001,0.008347744361408005,0.008347744361408005,0.0060367695202070415,True,,highs,,nan,nan,nan,,nan,,,nan,nan,nan,,nan,,20,1225,26,5000629,epsilon_reached,,
msd,500,5,7,5000630,qptas,completed,True,False,86400,0.040400125000019216,0.040400125000019216,capped_run,,,0.5,nan,0.01,0.006666666666666667,3,23,1000,3,20,1000,1000,1000,23,0.1,0.02,1.0,0.5,20.0,,0,100,0.001,0.009790881284312991,0.008052387921503645,0.009790881284312991,True,,highs,,nan,nan,nan,,nan,,,nan,nan,nan,,nan,,1,1225,2,5000630,epsilon_reached,,
msd,500,5,8,5000631,qptas,completed,True,False,86400,0.03769982500000424,0.03769982500000424,capped_run,,,0.5,nan,0.01,0.006666666666666667,3,23,1000,3,20,1000,1000,1000,23,0.1,0.02,1.0,0.5,20.0,,0,100,0.001,0.00914585437298604,0.00669250433979951,0.00914585437298604,True,,highs,,nan,nan,nan,,nan,,,nan,nan,nan,,nan,,1,1225,2,5000631,epsilon_reached,,
msd,500,5,9,5000632,qptas,completed,True,False,86400,0.16917562600008296,0.16917562600008296,capped_run,,,0.5,nan,0.01,0.006666666666666667,3,23,1000,3,20,1000,1000,1000,23,0.1,0.02,1.0,0.5,20.0,,0,100,0.001,0.008085907992560704,0.008085907992560704,0.0034139023337010355,True,,highs,,nan,nan,nan,,nan,,,nan,nan,nan,,nan,,7,1225,12,5000632,epsilon_reached,,
msd,500,5,10,5000633,qptas,completed,True,False,86400,0.05100618900007703,0.05100618900007703,capped_run,,,0.5,nan,0.01,0.006666666666666667,3,23,1000,3,20,1000,1000,1000,23,0.1,0.02,1.0,0.5,20.0,,0,100,0.001,0.00489046897453127,0.00340303247812318,0.00489046897453127,True,,highs,,nan,nan,nan,,nan,,,nan,nan,nan,,nan,,2,1225,3,5000633,epsilon_reached,,
msd,500,5,11,5000634,qptas,completed,True,False,86400,0.03840271399997164,0.03840271399997164,capped_run,,,0.5,nan,0.01,0.006666666666666667,3,23,1000,3,20,1000,1000,1000,23,0.1,0.02,1.0,0.5,20.0,,0,100,0.001,0.008146081660922622,0.008146081660922622,0.0038398752176249107,True,,highs,,nan,nan,nan,,nan,,,nan,nan,nan,,nan,,1,1225,2,5000634,epsilon_reached,,
msd,500,5,12,5000635,qptas,completed,True,False,86400,0.05023734999997487,0.05023734999997487,capped_run,,,0.5,nan,0.01,0.006666666666666667,3,23,1000,3,20,1000,1000,1000,23,0.1,0.02,1.0,0.5,20.0,,0,100,0.001,0.009071099396649851,0.0033332451599564217,0.009071099396649851,True,,highs,,nan,nan,nan,,nan,,,nan,nan,nan,,nan,,2,1225,3,5000635,epsilon_reached,,
msd,500,5,13,5000636,qptas,completed,True,False,86400,0.04644715900008123,0.04644715900008123,capped_run,,,0.5,nan,0.01,0.006666666666666667,3,23,1000,3,20,1000,1000,1000,23,0.1,0.02,1.0,0.5,20.0,,0,100,0.001,0.009551194239756422,0.009551194239756422,0.007046769193694458,True,,highs,,nan,nan,nan,,nan,,,nan,nan,nan,,nan,,2,1225,3,5000636,epsilon_reached,,
msd,500,5,14,5000637,qptas,completed,True,False,86400,0.08769126499998947,0.08769126499998947,capped_run,,,0.5,nan,0.01,0.006666666666666667,3,23,1000,3,20,1000,1000,1000,23,0.1,0.02,1.0,0.5,20.0,,0,100,0.001,0.006426076625823118,0.006426076625823118,0.0037183772182151076,True,,highs,,nan,nan,nan,,nan,,,nan,nan,nan,,nan,,4,1225,6,5000637,epsilon_reached,,
msd,500,5,15,5000638,qptas,completed,True,False,86400,0.1395378710000159,0.1395378710000159,capped_run,,,0.5,nan,0.01,0.006666666666666667,3,23,1000,3,20,1000,1000,1000,23,0.1,0.02,1.0,0.5,20.0,,0,100,0.001,0.0076060577540250085,0.0076060577540250085,0.005478675519748011,True,,highs,,nan,nan,nan,,nan,,,nan,nan,nan,,nan,,10,1225,12,5000638,epsilon_reached,,
msd,500,5,16,5000639,qptas,completed,True,False,86400,0.14975434799998766,0.14975434799998766,capped_run,,,0.5,nan,0.01,0.006666666666666667,3,23,1000,3,20,1000,1000,1000,23,0.1,0.02,1.0,0.5,20.0,,0,100,0.001,0.006899123799987472,0.006899123799987472,0.004162393533897635,True,,highs,,nan,nan,nan,,nan,,,nan,nan,nan,,nan,,7,1225,10,5000639,epsilon_reached,,
msd,500,5,17,5000640,qptas,completed,True,False,86400,0.10201053599996612,0.10201053599996612,capped_run,,,0.5,nan,0.01,0.006666666666666667,3,23,1000,3,20,1000,1000,1000,23,0.1,0.02,1.0,0.5,20.0,,0,100,0.001,0.00820921865179225,0.00820921865179225,0.007662294601596731,True,,highs,,nan,nan,nan,,nan,,,nan,nan,nan,,nan,,7,1225,8,5000640,epsilon_reached,,
msd,500,5,18,5000641,qptas,completed,True,False,86400,0.03930302200001279,0.03930302200001279,capped_run,,,0.5,nan,0.01,0.006666666666666667,3,23,1000,3,20,1000,1000,1000,23,0.1,0.02,1.0,0.5,20.0,,0,100,0.001,0.006273165035423023,0.006273165035423023,0.0020518839556868396,True,,highs,,nan,nan,nan,,nan,,,nan,nan,nan,,nan,,1,1225,2,5000641,epsilon_reached,,
msd,500,5,19,5000642,qptas,completed,True,False,86400,0.19708966500002134,0.19708966500002134,capped_run,,,0.5,nan,0.01,0.006666666666666667,3,23,1000,3,20,1000,1000,1000,23,0.1,0.02,1.0,0.5,20.0,,0,100,0.001,0.006623605795349319,0.006623605795349319,0.0037678515563179804,True,,highs,,nan,nan,nan,,nan,,,nan,nan,nan,,nan,,11,1225,16,5000642,epsilon_reached,,
msd,500,10,0,5001123,qptas,completed,True,False,86400,0.16918504100010523,0.16918504100010523,capped_run,,,0.5,nan,0.01,0.006666666666666667,4,23,1000,3,20,1000,1000,1000,23,0.1,0.02,1.0,0.5,20.0,,0,100,0.001,0.008584122313889553,0.008584122313889553,0.007456691602741039,True,,highs,,nan,nan,nan,,nan,,,nan,nan,nan,,nan,,7,511225,10,5001123,epsilon_reached,,
msd,500,10,1,5001124,qptas,completed,True,False,86400,0.22642083900007037,0.22642083900007037,capped_run,,,0.5,nan,0.01,0.006666666666666667,4,23,1000,3,20,1000,1000,1000,23,0.1,0.02,1.0,0.5,20.0,,0,100,0.001,0.008377900637564828,0.006318909414331497,0.008377900637564828,True,,highs,,nan,nan,nan,,nan,,,nan,nan,nan,,nan,,9,511225,12,5001124,epsilon_reached,,
msd,500,10,2,5001125,qptas,completed,True,False,86400,0.04990856500000973,0.04990856500000973,capped_run,,,0.5,nan,0.01,0.006666666666666667,4,23,1000,3,20,1000,1000,1000,23,0.1,0.02,1.0,0.5,20.0,,0,100,0.001,0.009601432800128484,0.0091965769517246,0.009601432800128484,True,,highs,,nan,nan,nan,,nan,,,nan,nan,nan,,nan,,1,511225,2,5001125,epsilon_reached,,
msd,500,10,3,5001126,qptas,completed,True,False,86400,0.06571304400006284,0.06571304400006284,capped_run,,,0.5,nan,0.01,0.006666666666666667,4,23,1000,3,20,1000,1000,1000,23,0.1,0.02,1.0,0.5,20.0,,0,100,0.001,0.008546884110521291,0.005667816648341595,0.008546884110521291,True,,highs,,nan,nan,nan,,nan,,,nan,nan,nan,,nan,,2,511225,3,5001126,epsilon_reached,,
msd,500,10,4,5001127,qptas,completed,True,False,86400,0.33502286899999945,0.33502286899999945,capped_run,,,0.5,nan,0.01,0.006666666666666667,4,23,1000,3,20,1000,1000,1000,23,0.1,0.02,1.0,0.5,20.0,,0,100,0.001,0.008003035678204706,0.008003035678204706,0.007993335307643401,True,,highs,,nan,nan,nan,,nan,,,nan,nan,nan,,nan,,15,511225,22,5001127,epsilon_reached,,
msd,500,10,5,5001128,qptas,completed,True,False,86400,0.35845841799994105,0.35845841799994105,capped_run,,,0.5,nan,0.01,0.006666666666666667,4,23,1000,3,20,1000,1000,1000,23,0.1,0.02,1.0,0.5,20.0,,0,100,0.001,0.0076710525822824005,0.003962434516903646,0.0076710525822824005,True,,highs,,nan,nan,nan,,nan,,,nan,nan,nan,,nan,,18,511225,22,5001128,epsilon_reached,,
msd,500,10,6,5001129,qptas,completed,True,False,86400,0.12157821499999955,0.12157821499999955,capped_run,,,0.5,nan,0.01,0.006666666666666667,4,23,1000,3,20,1000,1000,1000,23,0.1,0.02,1.0,0.5,20.0,,0,100,0.001,0.00825878730823254,0.007815092517211353,0.00825878730823254,True,,highs,,nan,nan,nan,,nan,,,nan,nan,nan,,nan,,5,511225,6,5001129,epsilon_reached,,
msd,500,10,7,5001130,qptas,completed,True,False,86400,0.2946411210000406,0.2946411210000406,capped_run,,,0.5,nan,0.01,0.006666666666666667,4,23,1000,3,20,1000,1000,1000,23,0.1,0.02,1.0,0.5,20.0,,0,100,0.001,0.009398055108931769,0.009398055108931769,0.004315840290764983,True,,highs,,nan,nan,nan,,nan,,,nan,nan,nan,,nan,,12,511225,16,5001130,epsilon_reached,,
msd,500,10,8,5001131,qptas,completed,True,False,86400,0.07942313499995635,0.07942313499995635,capped_run,,,0.5,nan,0.01,0.006666666666666667,4,23,1000,3,20,1000,1000,1000,23,0.1,0.02,1.0,0.5,20.0,,0,100,0.001,0.006160443687424466,0.006160443687424466,0.005746597700444833,True,,highs,,nan,nan,nan,,nan,,,nan,nan,nan,,nan,,2,511225,4,5001131,epsilon_reached,,
msd,500,10,9,5001132,qptas,completed,True,False,86400,0.19031844099993123,0.19031844099993123,capped_run,,,0.5,nan,0.01,0.006666666666666667,4,23,1000,3,20,1000,1000,1000,23,0.1,0.02,1.0,0.5,20.0,,0,100,0.001,0.00888332453738333,0.00888332453738333,0.00402956693997919,True,,highs,,nan,nan,nan,,nan,,,nan,nan,nan,,nan,,7,511225,11,5001132,epsilon_reached,,
msd,500,10,10,5001133,qptas,completed,True,False,86400,0.08807185000000572,0.08807185000000572,capped_run,,,0.5,nan,0.01,0.006666666666666667,4,23,1000,3,20,1000,1000,1000,23,0.1,0.02,1.0,0.5,20.0,,0,100,0.001,0.0077613430673841854,0.006932279752394632,0.0077613430673841854,True,,highs,,nan,nan,nan,,nan,,,nan,nan,nan,,nan,,2,511225,4,5001133,epsilon_reached,,
msd,500,10,11,5001134,qptas,completed,True,False,86400,0.0442383700000164,0.0442383700000164,capped_run,,,0.5,nan,0.01,0.006666666666666667,4,23,1000,3,20,1000,1000,1000,23,0.1,0.02,1.0,0.5,20.0,,0,100,0.001,0.008081920283608046,0.008081920283608046,0.0040534541324382944,True,,highs,,nan,nan,nan,,nan,,,nan,nan,nan,,nan,,1,511225,2,5001134,epsilon_reached,,
msd,500,10,12,5001135,qptas,completed,True,False,86400,0.24135095999997702,0.24135095999997702,capped_run,,,0.5,nan,0.01,0.006666666666666667,4,23,1000,3,20,1000,1000,1000,23,0.1,0.02,1.0,0.5,20.0,,0,100,0.001,0.006835086067564833,0.006835086067564833,0.0037717808937791086,True,,highs,,nan,nan,nan,,nan,,,nan,nan,nan,,nan,,10,511225,14,5001135,epsilon_reached,,
msd,500,10,13,5001136,qptas,completed,True,False,86400,0.32235240399995746,0.32235240399995746,capped_run,,,0.5,nan,0.01,0.006666666666666667,4,23,1000,3,20,1000,1000,1000,23,0.1,0.02,1.0,0.5,20.0,,0,100,0.001,0.009211564363551972,0.009211564363551972,0.007454724388899603,True,,highs,,nan,nan,nan,,nan,,,nan,nan,nan,,nan,,14,511225,18,5001136,epsilon_reached,,
msd,500,10,14,5001137,qptas,completed,True,False,86400,0.09490848300004018,0.09490848300004018,capped_run,,,0.5,nan,0.01,0.006666666666666667,4,23,1000,3,20,1000,1000,1000,23,0.1,0.02,1.0,0.5,20.0,,0,100,0.001,0.008012031716364498,0.008012031716364498,0.00681906040003305,True,,highs,,nan,nan,nan,,nan,,,nan,nan,nan,,nan,,4,511225,5,5001137,epsilon_reached,,
msd,500,10,15,5001138,qptas,completed,True,False,86400,0.5660664969999516,0.5660664969999516,capped_run,,,0.5,nan,0.01,0.006666666666666667,4,23,1000,3,20,1000,1000,1000,23,0.1,0.02,1.0,0.5,20.0,,0,100,0.001,0.009849225582474253,0.007112799554604865,0.009849225582474253,True,,highs,,nan,nan,nan,,nan,,,nan,nan,nan,,nan,,29,511225,34,5001138,epsilon_reached,,
msd,500,10,16,5001139,qptas,completed,True,False,86400,0.071969222000007,0.071969222000007,capped_run,,,0.5,nan,0.01,0.006666666666666667,4,23,1000,3,20,1000,1000,1000,23,0.1,0.02,1.0,0.5,20.0,,0,100,0.001,0.007361369483766311,0.007361369483766311,0.0070588649537729475,True,,highs,,nan,nan,nan,,nan,,,nan,nan,nan,,nan,,3,511225,4,5001139,epsilon_reached,,
msd,500,10,17,5001140,qptas,completed,True,False,86400,0.13693236500000694,0.13693236500000694,capped_run,,,0.5,nan,0.01,0.006666666666666667,4,23,1000,3,20,1000,1000,1000,23,0.1,0.02,1.0,0.5,20.0,,0,100,0.001,0.008590750699602578,0.008590750699602578,0.0077561327098562005,True,,highs,,nan,nan,nan,,nan,,,nan,nan,nan,,nan,,5,511225,7,5001140,epsilon_reached,,
msd,500,10,18,5001141,qptas,completed,True,False,86400,0.04251241999998001,0.04251241999998001,capped_run,,,0.5,nan,0.01,0.006666666666666667,4,23,1000,3,20,1000,1000,1000,23,0.1,0.02,1.0,0.5,20.0,,0,100,0.001,0.009833211923771512,0.009833211923771512,0.008247819807214563,True,,highs,,nan,nan,nan,,nan,,,nan,nan,nan,,nan,,1,511225,2,5001141,epsilon_reached,,
msd,500,10,19,5001142,qptas,completed,True,False,86400,0.08310440499997185,0.08310440499997185,capped_run,,,0.5,nan,0.01,0.006666666666666667,4,23,1000,3,20,1000,1000,1000,23,0.1,0.02,1.0,0.5,20.0,,0,100,0.001,0.007562791383622314,0.005399540310387141,0.007562791383622314,True,,highs,,nan,nan,nan,,nan,,,nan,nan,nan,,nan,,3,511225,4,5001142,epsilon_reached,,
msd,500,20,0,5002123,qptas,completed,True,False,86400,0.18412342599992826,0.18412342599992826,capped_run,,,0.5,nan,0.01,0.006666666666666667,5,23,1000,3,20,1000,1000,1000,23,0.1,0.02,1.0,0.5,20.0,,0,100,0.001,0.009133592599701701,0.009133592599701701,0.006947320213768038,True,,highs,,nan,nan,nan,,nan,,,nan,nan,nan,,nan,,5,1806590016,8,5002123,epsilon_reached,,
msd,500,20,1,5002124,qptas,completed,True,False,86400,0.3106815670000742,0.3106815670000742,capped_run,,,0.5,nan,0.01,0.006666666666666667,5,23,1000,3,20,1000,1000,1000,23,0.1,0.02,1.0,0.5,20.0,,0,100,0.001,0.0077962461462861565,0.0077689818186711945,0.0077962461462861565,True,,highs,,nan,nan,nan,,nan,,,nan,nan,nan,,nan,,11,1806590016,15,5002124,epsilon_reached,,
msd,500,20,2,5002125,qptas,completed,True,False,86400,0.2467558570000392,0.2467558570000392,capped_run,,,0.5,nan,0.01,0.006666666666666667,5,23,1000,3,20,1000,1000,1000,23,0.1,0.02,1.0,0.5,20.0,,0,100,0.001,0.009697663057625427,0.009697663057625427,0.006642288434159926,True,,highs,,nan,nan,nan,,nan,,,nan,nan,nan,,nan,,9,1806590016,12,5002125,epsilon_reached,,
msd,500,20,3,5002126,qptas,completed,True,False,86400,0.16256567800007815,0.16256567800007815,capped_run,,,0.5,nan,0.01,0.006666666666666667,5,23,1000,3,20,1000,1000,1000,23,0.1,0.02,1.0,0.5,20.0,,0,100,0.001,0.009339336974301449,0.009339336974301449,0.00907772312678895,True,,highs,,nan,nan,nan,,nan,,,nan,nan,nan,,nan,,6,1806590016,7,5002126,epsilon_reached,,
msd,500,20,4,5002127,qptas,completed,True,False,86400,0.12063204100002167,0.12063204100002167,capped_run,,,0.5,nan,0.01,0.006666666666666667,5,23,1000,3,20,1000,1000,1000,23,0.1,0.02,1.0,0.5,20.0,,0,100,0.001,0.008357559660560676,0.007491010681127341,0.008357559660560676,True,,highs,,nan,nan,nan,,nan,,,nan,nan,nan,,nan,,4,1806590016,5,5002127,epsilon_reached,,
msd,500,20,5,5002128,qptas,completed,True,False,86400,0.20082230299999537,0.20082230299999537,capped_run,,,0.5,nan,0.01,0.006666666666666667,5,23,1000,3,20,1000,1000,1000,23,0.1,0.02,1.0,0.5,20.0,,0,100,0.001,0.008510613346273732,0.008510613346273732,0.0051465018112370475,True,,highs,,nan,nan,nan,,nan,,,nan,nan,nan,,nan,,6,1806590016,9,5002128,epsilon_reached,,
msd,500,20,6,5002129,qptas,completed,True,False,86400,0.2257044110000379,0.2257044110000379,capped_run,,,0.5,nan,0.01,0.006666666666666667,5,23,1000,3,20,1000,1000,1000,23,0.1,0.02,1.0,0.5,20.0,,0,100,0.001,0.008991188090715196,0.008991188090715196,0.0074693267575474676,True,,highs,,nan,nan,nan,,nan,,,nan,nan,nan,,nan,,10,1806590016,11,5002129,epsilon_reached,,
msd,500,20,7,5002130,qptas,completed,True,False,86400,0.2894670260000112,0.2894670260000112,capped_run,,,0.5,nan,0.01,0.006666666666666667,5,23,1000,3,20,1000,1000,1000,23,0.1,0.02,1.0,0.5,20.0,,0,100,0.001,0.00903415849630479,0.00903415849630479,0.008043673744655366,True,,highs,,nan,nan,nan,,nan,,,nan,nan,nan,,nan,,11,1806590016,15,5002130,epsilon_reached,,
msd,500,20,8,5002131,qptas,completed,True,False,86400,0.7077408330000026,0.7077408330000026,capped_run,,,0.5,nan,0.01,0.006666666666666667,5,23,1000,3,20,1000,1000,1000,23,0.1,0.02,1.0,0.5,20.0,,0,100,0.001,0.009710855630934101,0.009710855630934101,0.009092565922297902,True,,highs,,nan,nan,nan,,nan,,,nan,nan,nan,,nan,,25,1806590016,33,5002131,epsilon_reached,,
msd,500,20,9,5002132,qptas,completed,True,False,86400,0.35634603800008335,0.35634603800008335,capped_run,,,0.5,nan,0.01,0.006666666666666667,5,23,1000,3,20,1000,1000,1000,23,0.1,0.02,1.0,0.5,20.0,,0,100,0.001,0.008401337276957355,0.008401337276957355,0.005185452772451304,True,,highs,,nan,nan,nan,,nan,,,nan,nan,nan,,nan,,14,1806590016,16,5002132,epsilon_reached,,
msd,500,20,10,5002133,qptas,completed,True,False,86400,0.160798252999939,0.160798252999939,capped_run,,,0.5,nan,0.01,0.006666666666666667,5,23,1000,3,20,1000,1000,1000,23,0.1,0.02,1.0,0.5,20.0,,0,100,0.001,0.008713571971999123,0.008713571971999123,0.008269434406998677,True,,highs,,nan,nan,nan,,nan,,,nan,nan,nan,,nan,,5,1806590016,7,5002133,epsilon_reached,,
msd,500,20,11,5002134,qptas,completed,True,False,86400,1.0073965870000166,1.0073965870000166,capped_run,,,0.5,nan,0.01,0.006666666666666667,5,23,1000,3,20,1000,1000,1000,23,0.1,0.02,1.0,0.5,20.0,,0,100,0.001,0.008341066947229692,0.008341066947229692,0.0036434239626156883,True,,highs,,nan,nan,nan,,nan,,,nan,nan,nan,,nan,,45,1806590016,52,5002134,epsilon_reached,,
msd,500,20,12,5002135,qptas,completed,True,False,86400,0.0625360469999805,0.0625360469999805,capped_run,,,0.5,nan,0.01,0.006666666666666667,5,23,1000,3,20,1000,1000,1000,23,0.1,0.02,1.0,0.5,20.0,,0,100,0.001,0.008862039924393827,0.0074674590511314975,0.008862039924393827,True,,highs,,nan,nan,nan,,nan,,,nan,nan,nan,,nan,,1,1806590016,2,5002135,epsilon_reached,,
msd,500,20,13,5002136,qptas,completed,True,False,86400,0.046913151000012476,0.046913151000012476,capped_run,,,0.5,nan,0.01,0.006666666666666667,5,23,1000,3,20,1000,1000,1000,23,0.1,0.02,1.0,0.5,20.0,,0,100,0.001,0.00946823260804519,0.00925211563155015,0.00946823260804519,True,,highs,,nan,nan,nan,,nan,,,nan,nan,nan,,nan,,1,1806590016,2,5002136,epsilon_reached,,
msd,500,20,14,5002137,qptas,completed,True,False,86400,0.07197214799998619,0.07197214799998619,capped_run,,,0.5,nan,0.01,0.006666666666666667,5,23,1000,3,20,1000,1000,1000,23,0.1,0.02,1.0,0.5,20.0,,0,100,0.001,0.009858221864985472,0.009858221864985472,0.006087558890185196,True,,highs,,nan,nan,nan,,nan,,,nan,nan,nan,,nan,,2,1806590016,3,5002137,epsilon_reached,,
msd,500,20,15,5002138,qptas,completed,True,False,86400,0.1444492650000484,0.1444492650000484,capped_run,,,0.5,nan,0.01,0.006666666666666667,5,23,1000,3,20,1000,1000,1000,23,0.1,0.02,1.0,0.5,20.0,,0,100,0.001,0.008281142730312774,0.008281142730312774,0.007570419029015452,True,,highs,,nan,nan,nan,,nan,,,nan,nan,nan,,nan,,5,1806590016,7,5002138,epsilon_reached,,
msd,500,20,16,5002139,qptas,completed,True,False,86400,0.18019013000002815,0.18019013000002815,capped_run,,,0.5,nan,0.01,0.006666666666666667,5,23,1000,3,20,1000,1000,1000,23,0.1,0.02,1.0,0.5,20.0,,0,100,0.001,0.009038247619942819,0.009004044988375703,0.009038247619942819,True,,highs,,nan,nan,nan,,nan,,,nan,nan,nan,,nan,,6,1806590016,8,5002139,epsilon_reached,,
msd,500,20,17,5002140,qptas,completed,True,False,86400,0.11339281099992604,0.11339281099992604,capped_run,,,0.5,nan,0.01,0.006666666666666667,5,23,1000,3,20,1000,1000,1000,23,0.1,0.02,1.0,0.5,20.0,,0,100,0.001,0.009443090660331721,0.008926645327058003,0.009443090660331721,True,,highs,,nan,nan,nan,,nan,,,nan,nan,nan,,nan,,3,1806590016,5,5002140,epsilon_reached,,
msd,500,20,18,5002141,qptas,completed,True,False,86400,0.6549127920000046,0.6549127920000046,capped_run,,,0.5,nan,0.01,0.006666666666666667,5,23,1000,3,20,1000,1000,1000,23,0.1,0.02,1.0,0.5,20.0,,0,100,0.001,0.009662698215577359,0.009173967018546114,0.009662698215577359,True,,highs,,nan,nan,nan,,nan,,,nan,nan,nan,,nan,,27,1806590016,33,5002141,epsilon_reached,,
msd,500,20,19,5002142,qptas,completed,True,False,86400,0.13358551299995725,0.13358551299995725,capped_run,,,0.5,nan,0.01,0.006666666666666667,5,23,1000,3,20,1000,1000,1000,23,0.1,0.02,1.0,0.5,20.0,,0,100,0.001,0.008635316676909921,0.008635316676909921,0.007384924913913238,True,,highs,,nan,nan,nan,,nan,,,nan,nan,nan,,nan,,4,1806590016,6,5002142,epsilon_reached,,
msd,500,50,0,5005123,qptas,completed,True,False,86400,0.08502339699998629,0.08502339699998629,capped_run,,,0.5,nan,0.01,0.006666666666666667,8,23,1000,3,20,1000,1000,1000,23,0.1,0.02,1.0,0.5,20.0,,0,100,0.001,0.009938581315914519,0.009132409621722903,0.009938581315914519,True,,highs,,nan,nan,nan,,nan,,,nan,nan,nan,,nan,,1,2730463682711675625,2,5005123,epsilon_reached,,
msd,500,50,1,5005124,qptas,completed,True,False,86400,0.08272298999997929,0.08272298999997929,capped_run,,,0.5,nan,0.01,0.006666666666666667,8,23,1000,3,20,1000,1000,1000,23,0.1,0.02,1.0,0.5,20.0,,0,100,0.001,0.008511332596904952,0.006299451315513849,0.008511332596904952,True,,highs,,nan,nan,nan,,nan,,,nan,nan,nan,,nan,,1,2730463682711675625,2,5005124,epsilon_reached,,
msd,500,50,2,5005125,qptas,completed,True,False,86400,0.1689974409999877,0.1689974409999877,capped_run,,,0.5,nan,0.01,0.006666666666666667,8,23,1000,3,20,1000,1000,1000,23,0.1,0.02,1.0,0.5,20.0,,0,100,0.001,0.00884751852504262,0.006833992364370933,0.00884751852504262,True,,highs,,nan,nan,nan,,nan,,,nan,nan,nan,,nan,,3,2730463682711675625,5,5005125,epsilon_reached,,
msd,500,50,3,5005126,qptas,completed,True,False,86400,0.1248627080000233,0.1248627080000233,capped_run,,,0.5,nan,0.01,0.006666666666666667,8,23,1000,3,20,1000,1000,1000,23,0.1,0.02,1.0,0.5,20.0,,0,100,0.001,0.0077677659828296886,0.0077677659828296886,0.007451413109053062,True,,highs,,nan,nan,nan,,nan,,,nan,nan,nan,,nan,,2,2730463682711675625,3,5005126,epsilon_reached,,
msd,500,50,4,5005127,qptas,completed,True,False,86400,0.09721184500006075,0.09721184500006075,capped_run,,,0.5,nan,0.01,0.006666666666666667,8,23,1000,3,20,1000,1000,1000,23,0.1,0.02,1.0,0.5,20.0,,0,100,0.001,0.00928399123051138,0.006653851070990868,0.00928399123051138,True,,highs,,nan,nan,nan,,nan,,,nan,nan,nan,,nan,,1,2730463682711675625,2,5005127,epsilon_reached,,
msd,500,50,5,5005128,qptas,completed,True,False,86400,0.09239225099997839,0.09239225099997839,capped_run,,,0.5,nan,0.01,0.006666666666666667,8,23,1000,3,20,1000,1000,1000,23,0.1,0.02,1.0,0.5,20.0,,0,100,0.001,0.009521824346789332,0.009510883260936576,0.009521824346789332,True,,highs,,nan,nan,nan,,nan,,,nan,nan,nan,,nan,,1,2730463682711675625,2,5005128,epsilon_reached,,
msd,500,50,6,5005129,qptas,completed,True,False,86400,0.2366297080000095,0.2366297080000095,capped_run,,,0.5,nan,0.01,0.006666666666666667,8,23,1000,3,20,1000,1000,1000,23,0.1,0.02,1.0,0.5,20.0,,0,100,0.001,0.008153550912629315,0.006670561680119036,0.008153550912629315,True,,highs,,nan,nan,nan,,nan,,,nan,nan,nan,,nan,,3,2730463682711675625,6,5005129,epsilon_reached,,
msd,500,50,7,5005130,qptas,completed,True,False,86400,0.09307356800002253,0.09307356800002253,capped_run,,,0.5,nan,0.01,0.006666666666666667,8,23,1000,3,20,1000,1000,1000,23,0.1,0.02,1.0,0.5,20.0,,0,100,0.001,0.008777910469850048,0.008777910469850048,0.007488515278812502,True,,highs,,nan,nan,nan,,nan,,,nan,nan,nan,,nan,,1,2730463682711675625,2,5005130,epsilon_reached,,
msd,500,50,8,5005131,qptas,completed,True,False,86400,0.0981250719999025,0.0981250719999025,capped_run,,,0.5,nan,0.01,0.006666666666666667,8,23,1000,3,20,1000,1000,1000,23,0.1,0.02,1.0,0.5,20.0,,0,100,0.001,0.009027979247803908,0.007410090527085411,0.009027979247803908,True,,highs,,nan,nan,nan,,nan,,,nan,nan,nan,,nan,,1,2730463682711675625,2,5005131,epsilon_reached,,
msd,500,50,9,5005132,qptas,completed,True,False,86400,0.18805485300003966,0.18805485300003966,capped_run,,,0.5,nan,0.01,0.006666666666666667,8,23,1000,3,20,1000,1000,1000,23,0.1,0.02,1.0,0.5,20.0,,0,100,0.001,0.00947043631269412,0.00947043631269412,0.008469455544674598,True,,highs,,nan,nan,nan,,nan,,,nan,nan,nan,,nan,,3,2730463682711675625,5,5005132,epsilon_reached,,
msd,500,50,10,5005133,qptas,completed,True,False,86400,0.08394345900001099,0.08394345900001099,capped_run,,,0.5,nan,0.01,0.006666666666666667,8,23,1000,3,20,1000,1000,1000,23,0.1,0.02,1.0,0.5,20.0,,0,100,0.001,0.008832411034304155,0.008832411034304155,0.00747496833271577,True,,highs,,nan,nan,nan,,nan,,,nan,nan,nan,,nan,,1,2730463682711675625,2,5005133,epsilon_reached,,
msd,500,50,11,5005134,qptas,completed,True,False,86400,0.08707492899998215,0.08707492899998215,capped_run,,,0.5,nan,0.01,0.006666666666666667,8,23,1000,3,20,1000,1000,1000,23,0.1,0.02,1.0,0.5,20.0,,0,100,0.001,0.009441107198903398,0.009441107198903398,0.009083326636946776,True,,highs,,nan,nan,nan,,nan,,,nan,nan,nan,,nan,,1,2730463682711675625,2,5005134,epsilon_reached,,
msd,500,50,12,5005135,qptas,completed,True,False,86400,0.592851593999967,0.592851593999967,capped_run,,,0.5,nan,0.01,0.006666666666666667,8,23,1000,3,20,1000,1000,1000,23,0.1,0.02,1.0,0.5,20.0,,0,100,0.001,0.009582031438920058,0.007646495520106378,0.009582031438920058,True,,highs,,nan,nan,nan,,nan,,,nan,nan,nan,,nan,,11,2730463682711675625,17,5005135,epsilon_reached,,
msd,500,50,13,5005136,qptas,completed,True,False,86400,0.08572638699990875,0.08572638699990875,capped_run,,,0.5,nan,0.01,0.006666666666666667,8,23,1000,3,20,1000,1000,1000,23,0.1,0.02,1.0,0.5,20.0,,0,100,0.001,0.009408088580948881,0.0064776819226753934,0.009408088580948881,True,,highs,,nan,nan,nan,,nan,,,nan,nan,nan,,nan,,1,2730463682711675625,2,5005136,epsilon_reached,,
msd,500,50,14,5005137,qptas,completed,True,False,86400,0.09552944999995816,0.09552944999995816,capped_run,,,0.5,nan,0.01,0.006666666666666667,8,23,1000,3,20,1000,1000,1000,23,0.1,0.02,1.0,0.5,20.0,,0,100,0.001,0.009095740346484582,0.009095740346484582,0.006650426908321738,True,,highs,,nan,nan,nan,,nan,,,nan,nan,nan,,nan,,1,2730463682711675625,2,5005137,epsilon_reached,,
msd,500,50,15,5005138,qptas,completed,True,False,86400,0.18274500099994384,0.18274500099994384,capped_run,,,0.5,nan,0.01,0.006666666666666667,8,23,1000,3,20,1000,1000,1000,23,0.1,0.02,1.0,0.5,20.0,,0,100,0.001,0.008922562790979693,0.007884049154959438,0.008922562790979693,True,,highs,,nan,nan,nan,,nan,,,nan,nan,nan,,nan,,4,2730463682711675625,5,5005138,epsilon_reached,,
msd,500,50,16,5005139,qptas,completed,True,False,86400,0.15392969399999856,0.15392969399999856,capped_run,,,0.5,nan,0.01,0.006666666666666667,8,23,1000,3,20,1000,1000,1000,23,0.1,0.02,1.0,0.5,20.0,,0,100,0.001,0.007171426699596861,0.00625005496532427,0.007171426699596861,True,,highs,,nan,nan,nan,,nan,,,nan,nan,nan,,nan,,3,2730463682711675625,4,5005139,epsilon_reached,,
msd,500,50,17,5005140,qptas,completed,True,False,86400,0.19532046300003003,0.19532046300003003,capped_run,,,0.5,nan,0.01,0.006666666666666667,8,23,1000,3,20,1000,1000,1000,23,0.1,0.02,1.0,0.5,20.0,,0,100,0.001,0.0072152941422807815,0.0072152941422807815,0.006255484267504496,True,,highs,,nan,nan,nan,,nan,,,nan,nan,nan,,nan,,3,2730463682711675625,5,5005140,epsilon_reached,,
msd,500,50,18,5005141,qptas,completed,True,False,86400,0.08376958700000614,0.08376958700000614,capped_run,,,0.5,nan,0.01,0.006666666666666667,8,23,1000,3,20,1000,1000,1000,23,0.1,0.02,1.0,0.5,20.0,,0,100,0.001,0.008922594286044805,0.008418343855709054,0.008922594286044805,True,,highs,,nan,nan,nan,,nan,,,nan,nan,nan,,nan,,1,2730463682711675625,2,5005141,epsilon_reached,,
msd,500,50,19,5005142,qptas,completed,True,False,86400,0.11307555300004424,0.11307555300004424,capped_run,,,0.5,nan,0.01,0.006666666666666667,8,23,1000,3,20,1000,1000,1000,23,0.1,0.02,1.0,0.5,20.0,,0,100,0.001,0.008441291090275138,0.008004285575335779,0.008441291090275138,True,,highs,,nan,nan,nan,,nan,,,nan,nan,nan,,nan,,2,2730463682711675625,3,5005142,epsilon_reached,,
cvar,5,5,0,1050623,qptas,completed,False,False,86400,1.7292478179999762,1.7292478179999762,capped_run,,,0.5,0.5,0.01,0.006666666666666667,3,5,1000,3,20,1000,1000,1000,3,0.1,0.02,1.0,0.5,20.0,,0,100,0.001,nan,nan,nan,False,,highs,,nan,nan,nan,,nan,,,nan,nan,nan,,nan,,1000,1225,1053,1050623,sample_exhausted,,
cvar,5,5,1,1050624,qptas,completed,False,False,86400,1.7290815490000568,1.7290815490000568,capped_run,,,0.5,0.5,0.01,0.006666666666666667,3,5,1000,3,20,1000,1000,1000,3,0.1,0.02,1.0,0.5,20.0,,0,100,0.001,nan,nan,nan,False,,highs,,nan,nan,nan,,nan,,,nan,nan,nan,,nan,,1000,1225,1046,1050624,sample_exhausted,,
cvar,5,5,2,1050625,qptas,completed,False,False,86400,1.7300669740000103,1.7300669740000103,capped_run,,,0.5,0.5,0.01,0.006666666666666667,3,5,1000,3,20,1000,1000,1000,3,0.1,0.02,1.0,0.5,20.0,,0,100,0.001,nan,nan,nan,False,,highs,,nan,nan,nan,,nan,,,nan,nan,nan,,nan,,1000,1225,1045,1050625,sample_exhausted,,
cvar,5,5,3,1050626,qptas,completed,True,False,86400,0.5582455709999294,0.5582455709999294,capped_run,,,0.5,0.5,0.01,0.006666666666666667,3,5,1000,3,20,1000,1000,1000,3,0.1,0.02,1.0,0.5,20.0,,0,100,0.001,0.008143399227088288,0.0027345697389487,0.008143399227088288,True,,highs,,nan,nan,nan,,nan,,,nan,nan,nan,,nan,,315,1225,331,1050626,epsilon_reached,,
cvar,5,5,4,1050627,qptas,completed,True,False,86400,0.724743027000045,0.724743027000045,capped_run,,,0.5,0.5,0.01,0.006666666666666667,3,5,1000,3,20,1000,1000,1000,3,0.1,0.02,1.0,0.5,20.0,,0,100,0.001,0.002433813577736421,0.002433813577736421,0.0,True,,highs,,nan,nan,nan,,nan,,,nan,nan,nan,,nan,,426,1225,450,1050627,epsilon_reached,,
cvar,5,5,5,1050628,qptas,completed,True,False,86400,0.431661288999976,0.431661288999976,capped_run,,,0.5,0.5,0.01,0.006666666666666667,3,5,1000,3,20,1000,1000,1000,3,0.1,0.02,1.0,0.5,20.0,,0,100,0.001,0.006228819861182733,0.006228819861182733,0.001543033802124616,True,,highs,,nan,nan,nan,,nan,,,nan,nan,nan,,nan,,247,1225,264,1050628,epsilon_reached,,
cvar,5,5,6,1050629,qptas,completed,True,False,86400,0.9158866760000137,0.9158866760000137,capped_run,,,0.5,0.5,0.01,0.006666666666666667,3,5,1000,3,20,1000,1000,1000,3,0.1,0.02,1.0,0.5,20.0,,0,100,0.001,0.008607971020349603,0.008607971020349603,0.004127856476710767,True,,highs,,nan,nan,nan,,nan,,,nan,nan,nan,,nan,,543,1225,567,1050629,epsilon_reached,,
cvar,5,5,7,1050630,qptas,completed,True,False,86400,0.05490919299995767,0.05490919299995767,capped_run,,,0.5,0.5,0.01,0.006666666666666667,3,5,1000,3,20,1000,1000,1000,3,0.1,0.02,1.0,0.5,20.0,,0,100,0.001,0.0032487838727628393,0.0032487838727628393,0.0022374470104866706,True,,highs,,nan,nan,nan,,nan,,,nan,nan,nan,,nan,,28,1225,31,1050630,epsilon_reached,,
cvar,5,5,8,1050631,qptas,completed,True,False,86400,0.767503773000044,0.767503773000044,capped_run,,,0.5,0.5,0.01,0.006666666666666667,3,5,1000,3,20,1000,1000,1000,3,0.1,0.02,1.0,0.5,20.0,,0,100,0.001,0.0098887212683208,0.006875721744278862,0.0098887212683208,True,,highs,,nan,nan,nan,,nan,,,nan,nan,nan,,nan,,446,1225,465,1050631,epsilon_reached,,
cvar,5,5,9,1050632,qptas,completed,True,False,86400,0.1413672730000144,0.1413672730000144,capped_run,,,0.5,0.5,0.01,0.006666666666666667,3,5,1000,3,20,1000,1000,1000,3,0.1,0.02,1.0,0.5,20.0,,0,100,0.001,0.002745324436033092,0.002745324436033092,0.0,True,,highs,,nan,nan,nan,,nan,,,nan,nan,nan,,nan,,80,1225,83,1050632,epsilon_reached,,
cvar,5,5,10,1050633,qptas,completed,True,False,86400,0.06593077299999095,0.06593077299999095,capped_run,,,0.5,0.5,0.01,0.006666666666666667,3,5,1000,3,20,1000,1000,1000,3,0.1,0.02,1.0,0.5,20.0,,0,100,0.001,0.005208360698980896,0.0012594979536395545,0.005208360698980896,True,,highs,,nan,nan,nan,,nan,,,nan,nan,nan,,nan,,34,1225,35,1050633,epsilon_reached,,
cvar,5,5,11,1050634,qptas,completed,True,False,86400,0.9998875469999575,0.9998875469999575,capped_run,,,0.5,0.5,0.01,0.006666666666666667,3,5,1000,3,20,1000,1000,1000,3,0.1,0.02,1.0,0.5,20.0,,0,100,0.001,0.009771265317187139,0.009771265317187139,0.0,True,,highs,,nan,nan,nan,,nan,,,nan,nan,nan,,nan,,575,1225,601,1050634,epsilon_reached,,
cvar,5,5,12,1050635,qptas,completed,False,False,86400,1.7612819959999797,1.7612819959999797,capped_run,,,0.5,0.5,0.01,0.006666666666666667,3,5,1000,3,20,1000,1000,1000,3,0.1,0.02,1.0,0.5,20.0,,0,100,0.001,nan,nan,nan,False,,highs,,nan,nan,nan,,nan,,,nan,nan,nan,,nan,,1000,1225,1050,1050635,sample_exhausted,,
cvar,5,5,13,1050636,qptas,completed,True,False,86400,0.018561342999987573,0.018561342999987573,capped_run,,,0.5,0.5,0.01,0.006666666666666667,3,5,1000,3,20,1000,1000,1000,3,0.1,0.02,1.0,0.5,20.0,,0,100,0.001,0.0072136456126593584,0.0072136456126593584,0.0014672652813308984,True,,highs,,nan,nan,nan,,nan,,,nan,nan,nan,,nan,,10,1225,11,1050636,epsilon_reached,,
cvar,5,5,14,1050637,qptas,completed,True,False,86400,0.022799871999950483,0.022799871999950483,capped_run,,,0.5,0.5,0.01,0.006666666666666667,3,5,1000,3,20,1000,1000,1000,3,0.1,0.02,1.0,0.5,20.0,,0,100,0.001,0.009754247602575261,0.0017679605069789162,0.009754247602575261,True,,highs,,nan,nan,nan,,nan,,,nan,nan,nan,,nan,,8,1225,9,1050637,epsilon_reached,,
cvar,5,5,15,1050638,qptas,completed,True,False,86400,0.04429024999990361,0.04429024999990361,capped_run,,,0.5,0.5,0.01,0.006666666666666667,3,5,1000,3,20,1000,1000,1000,3,0.1,0.02,1.0,0.5,20.0,,0,100,0.001,0.0026870919842052476,0.0,0.0026870919842052476,True,,highs,,nan,nan,nan,,nan,,,nan,nan,nan,,nan,,21,1225,22,1050638,epsilon_reached,,
cvar,5,5,16,1050639,qptas,completed,True,False,86400,0.060914023000009365,0.060914023000009365,capped_run,,,0.5,0.5,0.01,0.006666666666666667,3,5,1000,3,20,1000,1000,1000,3,0.1,0.02,1.0,0.5,20.0,,0,100,0.001,0.009245525205423544,0.0037623065317583526,0.009245525205423544,True,,highs,,nan,nan,nan,,nan,,,nan,nan,nan,,nan,,30,1225,32,1050639,epsilon_reached,,
cvar,5,5,17,1050640,qptas,completed,True,False,86400,0.06079884999996921,0.06079884999996921,capped_run,,,0.5,0.5,0.01,0.006666666666666667,3,5,1000,3,20,1000,1000,1000,3,0.1,0.02,1.0,0.5,20.0,,0,100,0.001,0.00783727237956161,0.0008942174209080056,0.00783727237956161,True,,highs,,nan,nan,nan,,nan,,,nan,nan,nan,,nan,,32,1225,34,1050640,epsilon_reached,,
cvar,5,5,18,1050641,qptas,completed,False,False,86400,1.6979322769999499,1.6979322769999499,capped_run,,,0.5,0.5,0.01,0.006666666666666667,3,5,1000,3,20,1000,1000,1000,3,0.1,0.02,1.0,0.5,20.0,,0,100,0.001,nan,nan,nan,False,,highs,,nan,nan,nan,,nan,,,nan,nan,nan,,nan,,1000,1225,1050,1050641,sample_exhausted,,
cvar,5,5,19,1050642,qptas,completed,True,False,86400,0.7962831499999083,0.7962831499999083,capped_run,,,0.5,0.5,0.01,0.006666666666666667,3,5,1000,3,20,1000,1000,1000,3,0.1,0.02,1.0,0.5,20.0,,0,100,0.001,0.0,0.0,0.0,True,,highs,,nan,nan,nan,,nan,,,nan,nan,nan,,nan,,451,1225,472,1050642,epsilon_reached,,
cvar,5,10,0,1051123,qptas,completed,True,False,86400,0.15802593900002648,0.15802593900002648,capped_run,,,0.5,0.5,0.01,0.006666666666666667,4,5,1000,3,20,1000,1000,1000,3,0.1,0.02,1.0,0.5,20.0,,0,100,0.001,0.0055517557264013195,0.0033786692793189577,0.0055517557264013195,True,,highs,,nan,nan,nan,,nan,,,nan,nan,nan,,nan,,92,511225,94,1051123,epsilon_reached,,
cvar,5,10,1,1051124,qptas,completed,False,False,86400,1.6708285319999732,1.6708285319999732,capped_run,,,0.5,0.5,0.01,0.006666666666666667,4,5,1000,3,20,1000,1000,1000,3,0.1,0.02,1.0,0.5,20.0,,0,100,0.001,nan,nan,nan,False,,highs,,nan,nan,nan,,nan,,,nan,nan,nan,,nan,,1000,511225,1009,1051124,sample_exhausted,,
cvar,5,10,2,1051125,qptas,completed,False,False,86400,1.7049127889999909,1.7049127889999909,capped_run,,,0.5,0.5,0.01,0.006666666666666667,4,5,1000,3,20,1000,1000,1000,3,0.1,0.02,1.0,0.5,20.0,,0,100,0.001,nan,nan,nan,False,,highs,,nan,nan,nan,,nan,,,nan,nan,nan,,nan,,1000,511225,1009,1051125,sample_exhausted,,
cvar,5,10,3,1051126,qptas,completed,False,False,86400,1.6889418089999708,1.6889418089999708,capped_run,,,0.5,0.5,0.01,0.006666666666666667,4,5,1000,3,20,1000,1000,1000,3,0.1,0.02,1.0,0.5,20.0,,0,100,0.001,nan,nan,nan,False,,highs,,nan,nan,nan,,nan,,,nan,nan,nan,,nan,,1000,511225,1003,1051126,sample_exhausted,,
cvar,5,10,4,1051127,qptas,completed,False,False,86400,1.6948156629999858,1.6948156629999858,capped_run,,,0.5,0.5,0.01,0.006666666666666667,4,5,1000,3,20,1000,1000,1000,3,0.1,0.02,1.0,0.5,20.0,,0,100,0.001,nan,nan,nan,False,,highs,,nan,nan,nan,,nan,,,nan,nan,nan,,nan,,1000,511225,1006,1051127,sample_exhausted,,
cvar,5,10,5,1051128,qptas,completed,False,False,86400,1.6568552960000034,1.6568552960000034,capped_run,,,0.5,0.5,0.01,0.006666666666666667,4,5,1000,3,20,1000,1000,1000,3,0.1,0.02,1.0,0.5,20.0,,0,100,0.001,nan,nan,nan,False,,highs,,nan,nan,nan,,nan,,,nan,nan,nan,,nan,,1000,511225,1004,1051128,sample_exhausted,,
cvar,5,10,6,1051129,qptas,completed,False,False,86400,1.6715255259999822,1.6715255259999822,capped_run,,,0.5,0.5,0.01,0.006666666666666667,4,5,1000,3,20,1000,1000,1000,3,0.1,0.02,1.0,0.5,20.0,,0,100,0.001,nan,nan,nan,False,,highs,,nan,nan,nan,,nan,,,nan,nan,nan,,nan,,1000,511225,1005,1051129,sample_exhausted,,
cvar,5,10,7,1051130,qptas,completed,False,False,86400,1.6455107890000136,1.6455107890000136,capped_run,,,0.5,0.5,0.01,0.006666666666666667,4,5,1000,3,20,1000,1000,1000,3,0.1,0.02,1.0,0.5,20.0,,0,100,0.001,nan,nan,nan,False,,highs,,nan,nan,nan,,nan,,,nan,nan,nan,,nan,,1000,511225,1005,1051130,sample_exhausted,,
cvar,5,10,8,1051131,qptas,completed,False,False,86400,1.6842201310000746,1.6842201310000746,capped_run,,,0.5,0.5,0.01,0.006666666666666667,4,5,1000,3,20,1000,1000,1000,3,0.1,0.02,1.0,0.5,20.0,,0,100,0.001,nan,nan,nan,False,,highs,,nan,nan,nan,,nan,,,nan,nan,nan,,nan,,1000,511225,1005,1051131,sample_exhausted,,
cvar,5,10,9,1051132,qptas,completed,False,False,86400,1.7247079119999853,1.7247079119999853,capped_run,,,0.5,0.5,0.01,0.006666666666666667,4,5,1000,3,20,1000,1000,1000,3,0.1,0.02,1.0,0.5,20.0,,0,100,0.001,nan,nan,nan,False,,highs,,nan,nan,nan,,nan,,,nan,nan,nan,,nan,,1000,511225,1006,1051132,sample_exhausted,,
cvar,5,10,10,1051133,qptas,completed,False,False,86400,1.676684856999941,1.676684856999941,capped_run,,,0.5,0.5,0.01,0.006666666666666667,4,5,1000,3,20,1000,1000,1000,3,0.1,0.02,1.0,0.5,20.0,,0,100,0.001,nan,nan,nan,False,,highs,,nan,nan,nan,,nan,,,nan,nan,nan,,nan,,1000,511225,1001,1051133,sample_exhausted,,
cvar,5,10,11,1051134,qptas,completed,False,False,86400,1.7208119210000632,1.7208119210000632,capped_run,,,0.5,0.5,0.01,0.006666666666666667,4,5,1000,3,20,1000,1000,1000,3,0.1,0.02,1.0,0.5,20.0,,0,100,0.001,nan,nan,nan,False,,highs,,nan,nan,nan,,nan,,,nan,nan,nan,,nan,,1000,511225,1005,1051134,sample_exhausted,,
cvar,5,10,12,1051135,qptas,completed,False,False,86400,1.700811849000047,1.700811849000047,capped_run,,,0.5,0.5,0.01,0.006666666666666667,4,5,1000,3,20,1000,1000,1000,3,0.1,0.02,1.0,0.5,20.0,,0,100,0.001,nan,nan,nan,False,,highs,,nan,nan,nan,,nan,,,nan,nan,nan,,nan,,1000,511225,1005,1051135,sample_exhausted,,
cvar,5,10,13,1051136,qptas,completed,False,False,86400,1.668404570000007,1.668404570000007,capped_run,,,0.5,0.5,0.01,0.006666666666666667,4,5,1000,3,20,1000,1000,1000,3,0.1,0.02,1.0,0.5,20.0,,0,100,0.001,nan,nan,nan,False,,highs,,nan,nan,nan,,nan,,,nan,nan,nan,,nan,,1000,511225,1006,1051136,sample_exhausted,,
cvar,5,10,14,1051137,qptas,completed,False,False,86400,1.6416014459999815,1.6416014459999815,capped_run,,,0.5,0.5,0.01,0.006666666666666667,4,5,1000,3,20,1000,1000,1000,3,0.1,0.02,1.0,0.5,20.0,,0,100,0.001,nan,nan,nan,False,,highs,,nan,nan,nan,,nan,,,nan,nan,nan,,nan,,1000,511225,1003,1051137,sample_exhausted,,
cvar,5,10,15,1051138,qptas,completed,False,False,86400,1.61417351099999,1.61417351099999,capped_run,,,0.5,0.5,0.01,0.006666666666666667,4,5,1000,3,20,1000,1000,1000,3,0.1,0.02,1.0,0.5,20.0,,0,100,0.001,nan,nan,nan,False,,highs,,nan,nan,nan,,nan,,,nan,nan,nan,,nan,,1000,511225,1007,1051138,sample_exhausted,,
cvar,5,10,16,1051139,qptas,completed,False,False,86400,1.6817923210001027,1.6817923210001027,capped_run,,,0.5,0.5,0.01,0.006666666666666667,4,5,1000,3,20,1000,1000,1000,3,0.1,0.02,1.0,0.5,20.0,,0,100,0.001,nan,nan,nan,False,,highs,,nan,nan,nan,,nan,,,nan,nan,nan,,nan,,1000,511225,1006,1051139,sample_exhausted,,
cvar,5,10,17,1051140,qptas,completed,False,False,86400,1.7206030749999854,1.7206030749999854,capped_run,,,0.5,0.5,0.01,0.006666666666666667,4,5,1000,3,20,1000,1000,1000,3,0.1,0.02,1.0,0.5,20.0,,0,100,0.001,nan,nan,nan,False,,highs,,nan,nan,nan,,nan,,,nan,nan,nan,,nan,,1000,511225,1001,1051140,sample_exhausted,,
cvar,5,10,18,1051141,qptas,completed,False,False,86400,1.7013777009999558,1.7013777009999558,capped_run,,,0.5,0.5,0.01,0.006666666666666667,4,5,1000,3,20,1000,1000,1000,3,0.1,0.02,1.0,0.5,20.0,,0,100,0.001,nan,nan,nan,False,,highs,,nan,nan,nan,,nan,,,nan,nan,nan,,nan,,1000,511225,1000,1051141,sample_exhausted,,
cvar,5,10,19,1051142,qptas,completed,False,False,86400,1.713821595000013,1.713821595000013,capped_run,,,0.5,0.5,0.01,0.006666666666666667,4,5,1000,3,20,1000,1000,1000,3,0.1,0.02,1.0,0.5,20.0,,0,100,0.001,nan,nan,nan,False,,highs,,nan,nan,nan,,nan,,,nan,nan,nan,,nan,,1000,511225,1014,1051142,sample_exhausted,,
cvar,5,20,0,1052123,qptas,completed,False,False,86400,1.6928216270000576,1.6928216270000576,capped_run,,,0.5,0.5,0.01,0.006666666666666667,5,5,1000,3,20,1000,1000,1000,3,0.1,0.02,1.0,0.5,20.0,,0,100,0.001,nan,nan,nan,False,,highs,,nan,nan,nan,,nan,,,nan,nan,nan,,nan,,1000,1806590016,1001,1052123,sample_exhausted,,
cvar,5,20,1,1052124,qptas,completed,False,False,86400,1.6897740960000647,1.6897740960000647,capped_run,,,0.5,0.5,0.01,0.006666666666666667,5,5,1000,3,20,1000,1000,1000,3,0.1,0.02,1.0,0.5,20.0,,0,100,0.001,nan,nan,nan,False,,highs,,nan,nan,nan,,nan,,,nan,nan,nan,,nan,,1000,1806590016,1001,1052124,sample_exhausted,,
cvar,5,20,2,1052125,qptas,completed,False,False,86400,1.7893027660001053,1.7893027660001053,capped_run,,,0.5,0.5,0.01,0.006666666666666667,5,5,1000,3,20,1000,1000,1000,3,0.1,0.02,1.0,0.5,20.0,,0,100,0.001,nan,nan,nan,False,,highs,,nan,nan,nan,,nan,,,nan,nan,nan,,nan,,1000,1806590016,1001,1052125,sample_exhausted,,
cvar,5,20,3,1052126,qptas,completed,False,False,86400,1.750625737000064,1.750625737000064,capped_run,,,0.5,0.5,0.01,0.006666666666666667,5,5,1000,3,20,1000,1000,1000,3,0.1,0.02,1.0,0.5,20.0,,0,100,0.001,nan,nan,nan,False,,highs,,nan,nan,nan,,nan,,,nan,nan,nan,,nan,,1000,1806590016,1000,1052126,sample_exhausted,,
cvar,5,20,4,1052127,qptas,completed,False,False,86400,1.7888301060000913,1.7888301060000913,capped_run,,,0.5,0.5,0.01,0.006666666666666667,5,5,1000,3,20,1000,1000,1000,3,0.1,0.02,1.0,0.5,20.0,,0,100,0.001,nan,nan,nan,False,,highs,,nan,nan,nan,,nan,,,nan,nan,nan,,nan,,1000,1806590016,1000,1052127,sample_exhausted,,
cvar,5,20,5,1052128,qptas,completed,False,False,86400,1.789279276000002,1.789279276000002,capped_run,,,0.5,0.5,0.01,0.006666666666666667,5,5,1000,3,20,1000,1000,1000,3,0.1,0.02,1.0,0.5,20.0,,0,100,0.001,nan,nan,nan,False,,highs,,nan,nan,nan,,nan,,,nan,nan,nan,,nan,,1000,1806590016,1000,1052128,sample_exhausted,,
cvar,5,20,6,1052129,qptas,completed,False,False,86400,1.8053534819999868,1.8053534819999868,capped_run,,,0.5,0.5,0.01,0.006666666666666667,5,5,1000,3,20,1000,1000,1000,3,0.1,0.02,1.0,0.5,20.0,,0,100,0.001,nan,nan,nan,False,,highs,,nan,nan,nan,,nan,,,nan,nan,nan,,nan,,1000,1806590016,1000,1052129,sample_exhausted,,
cvar,5,20,7,1052130,qptas,completed,False,False,86400,1.821193274000052,1.821193274000052,capped_run,,,0.5,0.5,0.01,0.006666666666666667,5,5,1000,3,20,1000,1000,1000,3,0.1,0.02,1.0,0.5,20.0,,0,100,0.001,nan,nan,nan,False,,highs,,nan,nan,nan,,nan,,,nan,nan,nan,,nan,,1000,1806590016,1000,1052130,sample_exhausted,,
cvar,5,20,8,1052131,qptas,completed,False,False,86400,1.7315117760000476,1.7315117760000476,capped_run,,,0.5,0.5,0.01,0.006666666666666667,5,5,1000,3,20,1000,1000,1000,3,0.1,0.02,1.0,0.5,20.0,,0,100,0.001,nan,nan,nan,False,,highs,,nan,nan,nan,,nan,,,nan,nan,nan,,nan,,1000,1806590016,1000,1052131,sample_exhausted,,
cvar,5,20,9,1052132,qptas,completed,False,False,86400,1.7452067479999869,1.7452067479999869,capped_run,,,0.5,0.5,0.01,0.006666666666666667,5,5,1000,3,20,1000,1000,1000,3,0.1,0.02,1.0,0.5,20.0,,0,100,0.001,nan,nan,nan,False,,highs,,nan,nan,nan,,nan,,,nan,nan,nan,,nan,,1000,1806590016,1001,1052132,sample_exhausted,,
cvar,5,20,10,1052133,qptas,completed,False,False,86400,1.7903869799999939,1.7903869799999939,capped_run,,,0.5,0.5,0.01,0.006666666666666667,5,5,1000,3,20,1000,1000,1000,3,0.1,0.02,1.0,0.5,20.0,,0,100,0.001,nan,nan,nan,False,,highs,,nan,nan,nan,,nan,,,nan,nan,nan,,nan,,1000,1806590016,1000,1052133,sample_exhausted,,
cvar,5,20,11,1052134,qptas,completed,False,False,86400,1.7417797650000466,1.7417797650000466,capped_run,,,0.5,0.5,0.01,0.006666666666666667,5,5,1000,3,20,1000,1000,1000,3,0.1,0.02,1.0,0.5,20.0,,0,100,0.001,nan,nan,nan,False,,highs,,nan,nan,nan,,nan,,,nan,nan,nan,,nan,,1000,1806590016,1001,1052134,sample_exhausted,,
cvar,5,20,12,1052135,qptas,completed,False,False,86400,1.7772649980000779,1.7772649980000779,capped_run,,,0.5,0.5,0.01,0.006666666666666667,5,5,1000,3,20,1000,1000,1000,3,0.1,0.02,1.0,0.5,20.0,,0,100,0.001,nan,nan,nan,False,,highs,,nan,nan,nan,,nan,,,nan,nan,nan,,nan,,1000,1806590016,1001,1052135,sample_exhausted,,
cvar,5,20,13,1052136,qptas,completed,False,False,86400,1.7846684959999948,1.7846684959999948,capped_run,,,0.5,0.5,0.01,0.006666666666666667,5,5,1000,3,20,1000,1000,1000,3,0.1,0.02,1.0,0.5,20.0,,0,100,0.001,nan,nan,nan,False,,highs,,nan,nan,nan,,nan,,,nan,nan,nan,,nan,,1000,1806590016,1000,1052136,sample_exhausted,,
cvar,5,20,14,1052137,qptas,completed,False,False,86400,1.7696501520000538,1.7696501520000538,capped_run,,,0.5,0.5,0.01,0.006666666666666667,5,5,1000,3,20,1000,1000,1000,3,0.1,0.02,1.0,0.5,20.0,,0,100,0.001,nan,nan,nan,False,,highs,,nan,nan,nan,,nan,,,nan,nan,nan,,nan,,1000,1806590016,1000,1052137,sample_exhausted,,
cvar,5,20,15,1052138,qptas,completed,False,False,86400,1.7418023220000123,1.7418023220000123,capped_run,,,0.5,0.5,0.01,0.006666666666666667,5,5,1000,3,20,1000,1000,1000,3,0.1,0.02,1.0,0.5,20.0,,0,100,0.001,nan,nan,nan,False,,highs,,nan,nan,nan,,nan,,,nan,nan,nan,,nan,,1000,1806590016,1000,1052138,sample_exhausted,,
cvar,5,20,16,1052139,qptas,completed,False,False,86400,1.7717184299999644,1.7717184299999644,capped_run,,,0.5,0.5,0.01,0.006666666666666667,5,5,1000,3,20,1000,1000,1000,3,0.1,0.02,1.0,0.5,20.0,,0,100,0.001,nan,nan,nan,False,,highs,,nan,nan,nan,,nan,,,nan,nan,nan,,nan,,1000,1806590016,1001,1052139,sample_exhausted,,
cvar,5,20,17,1052140,qptas,completed,False,False,86400,1.7148071489999666,1.7148071489999666,capped_run,,,0.5,0.5,0.01,0.006666666666666667,5,5,1000,3,20,1000,1000,1000,3,0.1,0.02,1.0,0.5,20.0,,0,100,0.001,nan,nan,nan,False,,highs,,nan,nan,nan,,nan,,,nan,nan,nan,,nan,,1000,1806590016,1000,1052140,sample_exhausted,,
cvar,5,20,18,1052141,qptas,completed,False,False,86400,1.7528541719999566,1.7528541719999566,capped_run,,,0.5,0.5,0.01,0.006666666666666667,5,5,1000,3,20,1000,1000,1000,3,0.1,0.02,1.0,0.5,20.0,,0,100,0.001,nan,nan,nan,False,,highs,,nan,nan,nan,,nan,,,nan,nan,nan,,nan,,1000,1806590016,1002,1052141,sample_exhausted,,
cvar,5,20,19,1052142,qptas,completed,False,False,86400,1.7647045939999089,1.7647045939999089,capped_run,,,0.5,0.5,0.01,0.006666666666666667,5,5,1000,3,20,1000,1000,1000,3,0.1,0.02,1.0,0.5,20.0,,0,100,0.001,nan,nan,nan,False,,highs,,nan,nan,nan,,nan,,,nan,nan,nan,,nan,,1000,1806590016,1000,1052142,sample_exhausted,,
cvar,5,50,0,1055123,qptas,completed,False,False,86400,1.838644271000021,1.838644271000021,capped_run,,,0.5,0.5,0.01,0.006666666666666667,8,5,1000,3,20,1000,1000,1000,3,0.1,0.02,1.0,0.5,20.0,,0,100,0.001,nan,nan,nan,False,,highs,,nan,nan,nan,,nan,,,nan,nan,nan,,nan,,1000,2730463682711675625,1000,1055123,sample_exhausted,,
cvar,5,50,1,1055124,qptas,completed,False,False,86400,1.9602892650000285,1.9602892650000285,capped_run,,,0.5,0.5,0.01,0.006666666666666667,8,5,1000,3,20,1000,1000,1000,3,0.1,0.02,1.0,0.5,20.0,,0,100,0.001,nan,nan,nan,False,,highs,,nan,nan,nan,,nan,,,nan,nan,nan,,nan,,1000,2730463682711675625,1000,1055124,sample_exhausted,,
cvar,5,50,2,1055125,qptas,completed,False,False,86400,1.9958180219999804,1.9958180219999804,capped_run,,,0.5,0.5,0.01,0.006666666666666667,8,5,1000,3,20,1000,1000,1000,3,0.1,0.02,1.0,0.5,20.0,,0,100,0.001,nan,nan,nan,False,,highs,,nan,nan,nan,,nan,,,nan,nan,nan,,nan,,1000,2730463682711675625,1000,1055125,sample_exhausted,,
cvar,5,50,3,1055126,qptas,completed,False,False,86400,1.9795184159999053,1.9795184159999053,capped_run,,,0.5,0.5,0.01,0.006666666666666667,8,5,1000,3,20,1000,1000,1000,3,0.1,0.02,1.0,0.5,20.0,,0,100,0.001,nan,nan,nan,False,,highs,,nan,nan,nan,,nan,,,nan,nan,nan,,nan,,1000,2730463682711675625,1000,1055126,sample_exhausted,,
cvar,5,50,4,1055127,qptas,completed,False,False,86400,1.9507661149999649,1.9507661149999649,capped_run,,,0.5,0.5,0.01,0.006666666666666667,8,5,1000,3,20,1000,1000,1000,3,0.1,0.02,1.0,0.5,20.0,,0,100,0.001,nan,nan,nan,False,,highs,,nan,nan,nan,,nan,,,nan,nan,nan,,nan,,1000,2730463682711675625,1000,1055127,sample_exhausted,,
cvar,5,50,5,1055128,qptas,completed,False,False,86400,1.9607034520000752,1.9607034520000752,capped_run,,,0.5,0.5,0.01,0.006666666666666667,8,5,1000,3,20,1000,1000,1000,3,0.1,0.02,1.0,0.5,20.0,,0,100,0.001,nan,nan,nan,False,,highs,,nan,nan,nan,,nan,,,nan,nan,nan,,nan,,1000,2730463682711675625,1000,1055128,sample_exhausted,,
cvar,5,50,6,1055129,qptas,completed,False,False,86400,1.9198006379999697,1.9198006379999697,capped_run,,,0.5,0.5,0.01,0.006666666666666667,8,5,1000,3,20,1000,1000,1000,3,0.1,0.02,1.0,0.5,20.0,,0,100,0.001,nan,nan,nan,False,,highs,,nan,nan,nan,,nan,,,nan,nan,nan,,nan,,1000,2730463682711675625,1000,1055129,sample_exhausted,,
cvar,5,50,7,1055130,qptas,completed,False,False,86400,1.9353549730000168,1.9353549730000168,capped_run,,,0.5,0.5,0.01,0.006666666666666667,8,5,1000,3,20,1000,1000,1000,3,0.1,0.02,1.0,0.5,20.0,,0,100,0.001,nan,nan,nan,False,,highs,,nan,nan,nan,,nan,,,nan,nan,nan,,nan,,1000,2730463682711675625,1000,1055130,sample_exhausted,,
cvar,5,50,8,1055131,qptas,completed,False,False,86400,1.9787854490000427,1.9787854490000427,capped_run,,,0.5,0.5,0.01,0.006666666666666667,8,5,1000,3,20,1000,1000,1000,3,0.1,0.02,1.0,0.5,20.0,,0,100,0.001,nan,nan,nan,False,,highs,,nan,nan,nan,,nan,,,nan,nan,nan,,nan,,1000,2730463682711675625,1000,1055131,sample_exhausted,,
cvar,5,50,9,1055132,qptas,completed,False,False,86400,1.934353427000019,1.934353427000019,capped_run,,,0.5,0.5,0.01,0.006666666666666667,8,5,1000,3,20,1000,1000,1000,3,0.1,0.02,1.0,0.5,20.0,,0,100,0.001,nan,nan,nan,False,,highs,,nan,nan,nan,,nan,,,nan,nan,nan,,nan,,1000,2730463682711675625,1000,1055132,sample_exhausted,,
cvar,5,50,10,1055133,qptas,completed,False,False,86400,1.966219983999963,1.966219983999963,capped_run,,,0.5,0.5,0.01,0.006666666666666667,8,5,1000,3,20,1000,1000,1000,3,0.1,0.02,1.0,0.5,20.0,,0,100,0.001,nan,nan,nan,False,,highs,,nan,nan,nan,,nan,,,nan,nan,nan,,nan,,1000,2730463682711675625,1000,1055133,sample_exhausted,,
cvar,5,50,11,1055134,qptas,completed,False,False,86400,1.9896741819999306,1.9896741819999306,capped_run,,,0.5,0.5,0.01,0.006666666666666667,8,5,1000,3,20,1000,1000,1000,3,0.1,0.02,1.0,0.5,20.0,,0,100,0.001,nan,nan,nan,False,,highs,,nan,nan,nan,,nan,,,nan,nan,nan,,nan,,1000,2730463682711675625,1000,1055134,sample_exhausted,,
cvar,5,50,12,1055135,qptas,completed,False,False,86400,1.9500918580000643,1.9500918580000643,capped_run,,,0.5,0.5,0.01,0.006666666666666667,8,5,1000,3,20,1000,1000,1000,3,0.1,0.02,1.0,0.5,20.0,,0,100,0.001,nan,nan,nan,False,,highs,,nan,nan,nan,,nan,,,nan,nan,nan,,nan,,1000,2730463682711675625,1000,1055135,sample_exhausted,,
cvar,5,50,13,1055136,qptas,completed,False,False,86400,1.9323763609999105,1.9323763609999105,capped_run,,,0.5,0.5,0.01,0.006666666666666667,8,5,1000,3,20,1000,1000,1000,3,0.1,0.02,1.0,0.5,20.0,,0,100,0.001,nan,nan,nan,False,,highs,,nan,nan,nan,,nan,,,nan,nan,nan,,nan,,1000,2730463682711675625,1000,1055136,sample_exhausted,,
cvar,5,50,14,1055137,qptas,completed,False,False,86400,1.932104040000013,1.932104040000013,capped_run,,,0.5,0.5,0.01,0.006666666666666667,8,5,1000,3,20,1000,1000,1000,3,0.1,0.02,1.0,0.5,20.0,,0,100,0.001,nan,nan,nan,False,,highs,,nan,nan,nan,,nan,,,nan,nan,nan,,nan,,1000,2730463682711675625,1000,1055137,sample_exhausted,,
cvar,5,50,15,1055138,qptas,completed,False,False,86400,1.9351866779999227,1.9351866779999227,capped_run,,,0.5,0.5,0.01,0.006666666666666667,8,5,1000,3,20,1000,1000,1000,3,0.1,0.02,1.0,0.5,20.0,,0,100,0.001,nan,nan,nan,False,,highs,,nan,nan,nan,,nan,,,nan,nan,nan,,nan,,1000,2730463682711675625,1000,1055138,sample_exhausted,,
cvar,5,50,16,1055139,qptas,completed,False,False,86400,1.9459239609999486,1.9459239609999486,capped_run,,,0.5,0.5,0.01,0.006666666666666667,8,5,1000,3,20,1000,1000,1000,3,0.1,0.02,1.0,0.5,20.0,,0,100,0.001,nan,nan,nan,False,,highs,,nan,nan,nan,,nan,,,nan,nan,nan,,nan,,1000,2730463682711675625,1000,1055139,sample_exhausted,,
cvar,5,50,17,1055140,qptas,completed,False,False,86400,1.8948639790000925,1.8948639790000925,capped_run,,,0.5,0.5,0.01,0.006666666666666667,8,5,1000,3,20,1000,1000,1000,3,0.1,0.02,1.0,0.5,20.0,,0,100,0.001,nan,nan,nan,False,,highs,,nan,nan,nan,,nan,,,nan,nan,nan,,nan,,1000,2730463682711675625,1000,1055140,sample_exhausted,,
cvar,5,50,18,1055141,qptas,completed,False,False,86400,1.9109035740000309,1.9109035740000309,capped_run,,,0.5,0.5,0.01,0.006666666666666667,8,5,1000,3,20,1000,1000,1000,3,0.1,0.02,1.0,0.5,20.0,,0,100,0.001,nan,nan,nan,False,,highs,,nan,nan,nan,,nan,,,nan,nan,nan,,nan,,1000,2730463682711675625,1000,1055141,sample_exhausted,,
cvar,5,50,19,1055142,qptas,completed,False,False,86400,1.9092276979999951,1.9092276979999951,capped_run,,,0.5,0.5,0.01,0.006666666666666667,8,5,1000,3,20,1000,1000,1000,3,0.1,0.02,1.0,0.5,20.0,,0,100,0.001,nan,nan,nan,False,,highs,,nan,nan,nan,,nan,,,nan,nan,nan,,nan,,1000,2730463682711675625,1000,1055142,sample_exhausted,,
cvar,10,5,0,1100623,qptas,completed,True,False,86400,0.5289215709999553,0.5289215709999553,capped_run,,,0.5,0.5,0.01,0.006666666666666667,3,5,1000,3,20,1000,1000,1000,4,0.1,0.02,1.0,0.5,20.0,,0,100,0.001,0.0030232424611735254,0.0030232424611735254,0.002379562897979026,True,,highs,,nan,nan,nan,,nan,,,nan,nan,nan,,nan,,284,1225,305,1100623,epsilon_reached,,
cvar,10,5,1,1100624,qptas,completed,True,False,86400,0.5729149549999875,0.5729149549999875,capped_run,,,0.5,0.5,0.01,0.006666666666666667,3,5,1000,3,20,1000,1000,1000,4,0.1,0.02,1.0,0.5,20.0,,0,100,0.001,0.007313032161148314,0.005931888599818413,0.007313032161148314,True,,highs,,nan,nan,nan,,nan,,,nan,nan,nan,,nan,,326,1225,342,1100624,epsilon_reached,,
cvar,10,5,2,1100625,qptas,completed,True,False,86400,0.733921883999983,0.733921883999983,capped_run,,,0.5,0.5,0.01,0.006666666666666667,3,5,1000,3,20,1000,1000,1000,4,0.1,0.02,1.0,0.5,20.0,,0,100,0.001,0.006845447505694879,0.00045207197875973826,0.006845447505694879,True,,highs,,nan,nan,nan,,nan,,,nan,nan,nan,,nan,,423,1225,451,1100625,epsilon_reached,,
cvar,10,5,3,1100626,qptas,completed,True,False,86400,0.13559352699996907,0.13559352699996907,capped_run,,,0.5,0.5,0.01,0.006666666666666667,3,5,1000,3,20,1000,1000,1000,4,0.1,0.02,1.0,0.5,20.0,,0,100,0.001,0.007285781427391003,0.004350983834806033,0.007285781427391003,True,,highs,,nan,nan,nan,,nan,,,nan,nan,nan,,nan,,68,1225,72,1100626,epsilon_reached,,
cvar,10,5,4,1100627,qptas,completed,True,False,86400,1.0518487809999897,1.0518487809999897,capped_run,,,0.5,0.5,0.01,0.006666666666666667,3,5,1000,3,20,1000,1000,1000,4,0.1,0.02,1.0,0.5,20.0,,0,100,0.001,0.008369424102690037,0.0,0.008369424102690037,True,,highs,,nan,nan,nan,,nan,,,nan,nan,nan,,nan,,609,1225,635,1100627,epsilon_reached,,
cvar,10,5,5,1100628,qptas,completed,True,False,86400,0.902208855999902,0.902208855999902,capped_run,,,0.5,0.5,0.01,0.006666666666666667,3,5,1000,3,20,1000,1000,1000,4,0.1,0.02,1.0,0.5,20.0,,0,100,0.001,0.0019790231675738124,0.0019790231675738124,0.0015838051547570342,True,,highs,,nan,nan,nan,,nan,,,nan,nan,nan,,nan,,500,1225,525,1100628,epsilon_reached,,
cvar,10,5,6,1100629,qptas,completed,True,False,86400,0.5525480119999884,0.5525480119999884,capped_run,,,0.5,0.5,0.01,0.006666666666666667,3,5,1000,3,20,1000,1000,1000,4,0.1,0.02,1.0,0.5,20.0,,0,100,0.001,0.001974536487901246,0.00021845983840584893,0.001974536487901246,True,,highs,,nan,nan,nan,,nan,,,nan,nan,nan,,nan,,307,1225,324,1100629,epsilon_reached,,
cvar,10,5,7,1100630,qptas,completed,True,False,86400,0.9596504380000397,0.9596504380000397,capped_run,,,0.5,0.5,0.01,0.006666666666666667,3,5,1000,3,20,1000,1000,1000,4,0.1,0.02,1.0,0.5,20.0,,0,100,0.001,0.0078061657611875335,0.007501933350334167,0.0078061657611875335,True,,highs,,nan,nan,nan,,nan,,,nan,nan,nan,,nan,,541,1225,567,1100630,epsilon_reached,,
cvar,10,5,8,1100631,qptas,completed,True,False,86400,1.658465275000026,1.658465275000026,capped_run,,,0.5,0.5,0.01,0.006666666666666667,3,5,1000,3,20,1000,1000,1000,4,0.1,0.02,1.0,0.5,20.0,,0,100,0.001,0.005506383339399901,0.005506383339399901,0.0026639523169026402,True,,highs,,nan,nan,nan,,nan,,,nan,nan,nan,,nan,,927,1225,964,1100631,epsilon_reached,,
cvar,10,5,9,1100632,qptas,completed,True,False,86400,0.6213673219999691,0.6213673219999691,capped_run,,,0.5,0.5,0.01,0.006666666666666667,3,5,1000,3,20,1000,1000,1000,4,0.1,0.02,1.0,0.5,20.0,,0,100,0.001,0.009314625156604528,0.007262823870383572,0.009314625156604528,True,,highs,,nan,nan,nan,,nan,,,nan,nan,nan,,nan,,349,1225,372,1100632,epsilon_reached,,
cvar,10,5,10,1100633,qptas,completed,True,False,86400,0.037184312000022146,0.037184312000022146,capped_run,,,0.5,0.5,0.01,0.006666666666666667,3,5,1000,3,20,1000,1000,1000,4,0.1,0.02,1.0,0.5,20.0,,0,100,0.001,0.008515260135435021,0.004595390546386746,0.008515260135435021,True,,highs,,nan,nan,nan,,nan,,,nan,nan,nan,,nan,,16,1225,18,1100633,epsilon_reached,,
cvar,10,5,11,1100634,qptas,completed,True,False,86400,0.7090535370000453,0.7090535370000453,capped_run,,,0.5,0.5,0.01,0.006666666666666667,3,5,1000,3,20,1000,1000,1000,4,0.1,0.02,1.0,0.5,20.0,,0,100,0.001,0.008848731203914162,0.004054253995139923,0.008848731203914162,True,,highs,,nan,nan,nan,,nan,,,nan,nan,nan,,nan,,414,1225,434,1100634,epsilon_reached,,
cvar,10,5,12,1100635,qptas,completed,False,False,86400,1.7957031429999688,1.7957031429999688,capped_run,,,0.5,0.5,0.01,0.006666666666666667,3,5,1000,3,20,1000,1000,1000,4,0.1,0.02,1.0,0.5,20.0,,0,100,0.001,nan,nan,nan,False,,highs,,nan,nan,nan,,nan,,,nan,nan,nan,,nan,,1000,1225,1068,1100635,sample_exhausted,,
cvar,10,5,13,1100636,qptas,completed,True,False,86400,0.35201878899999883,0.35201878899999883,capped_run,,,0.5,0.5,0.01,0.006666666666666667,3,5,1000,3,20,1000,1000,1000,4,0.1,0.02,1.0,0.5,20.0,,0,100,0.001,0.003982417950407435,0.00275502210624029,0.003982417950407435,True,,highs,,nan,nan,nan,,nan,,,nan,nan,nan,,nan,,192,1225,201,1100636,epsilon_reached,,
cvar,10,5,14,1100637,qptas,completed,False,False,86400,1.7656149959999539,1.7656149959999539,capped_run,,,0.5,0.5,0.01,0.006666666666666667,3,5,1000,3,20,1000,1000,1000,4,0.1,0.02,1.0,0.5,20.0,,0,100,0.001,nan,nan,nan,False,,highs,,nan,nan,nan,,nan,,,nan,nan,nan,,nan,,1000,1225,1054,1100637,sample_exhausted,,
cvar,10,5,15,1100638,qptas,completed,True,False,86400,1.1551284119999536,1.1551284119999536,capped_run,,,0.5,0.5,0.01,0.006666666666666667,3,5,1000,3,20,1000,1000,1000,4,0.1,0.02,1.0,0.5,20.0,,0,100,0.001,0.008348532097621764,0.0,0.008348532097621764,True,,highs,,nan,nan,nan,,nan,,,nan,nan,nan,,nan,,655,1225,690,1100638,epsilon_reached,,
cvar,10,5,16,1100639,qptas,completed,False,False,86400,1.7812375429999747,1.7812375429999747,capped_run,,,0.5,0.5,0.01,0.006666666666666667,3,5,1000,3,20,1000,1000,1000,4,0.1,0.02,1.0,0.5,20.0,,0,100,0.001,nan,nan,nan,False,,highs,,nan,nan,nan,,nan,,,nan,nan,nan,,nan,,1000,1225,1066,1100639,sample_exhausted,,
cvar,10,5,17,1100640,qptas,completed,True,False,86400,0.6335366339999382,0.6335366339999382,capped_run,,,0.5,0.5,0.01,0.006666666666666667,3,5,1000,3,20,1000,1000,1000,4,0.1,0.02,1.0,0.5,20.0,,0,100,0.001,0.008428788724993086,0.00019882920455049913,0.008428788724993086,True,,highs,,nan,nan,nan,,nan,,,nan,nan,nan,,nan,,352,1225,369,1100640,epsilon_reached,,
cvar,10,5,18,1100641,qptas,completed,True,False,86400,0.28329130700001315,0.28329130700001315,capped_run,,,0.5,0.5,0.01,0.006666666666666667,3,5,1000,3,20,1000,1000,1000,4,0.1,0.02,1.0,0.5,20.0,,0,100,0.001,0.007963002671433905,0.007963002671433905,0.006944952169060659,True,,highs,,nan,nan,nan,,nan,,,nan,nan,nan,,nan,,162,1225,168,1100641,epsilon_reached,,
cvar,10,5,19,1100642,qptas,completed,True,False,86400,0.7350804559999915,0.7350804559999915,capped_run,,,0.5,0.5,0.01,0.006666666666666667,3,5,1000,3,20,1000,1000,1000,4,0.1,0.02,1.0,0.5,20.0,,0,100,0.001,0.006176440377404613,0.0021111419049058,0.006176440377404613,True,,highs,,nan,nan,nan,,nan,,,nan,nan,nan,,nan,,380,1225,418,1100642,epsilon_reached,,
cvar,10,10,0,1101123,qptas,completed,False,False,86400,1.7818896070000392,1.7818896070000392,capped_run,,,0.5,0.5,0.01,0.006666666666666667,4,5,1000,3,20,1000,1000,1000,4,0.1,0.02,1.0,0.5,20.0,,0,100,0.001,nan,nan,nan,False,,highs,,nan,nan,nan,,nan,,,nan,nan,nan,,nan,,1000,511225,1011,1101123,sample_exhausted,,
cvar,10,10,1,1101124,qptas,completed,False,False,86400,1.8407824390000087,1.8407824390000087,capped_run,,,0.5,0.5,0.01,0.006666666666666667,4,5,1000,3,20,1000,1000,1000,4,0.1,0.02,1.0,0.5,20.0,,0,100,0.001,nan,nan,nan,False,,highs,,nan,nan,nan,,nan,,,nan,nan,nan,,nan,,1000,511225,1003,1101124,sample_exhausted,,
cvar,10,10,2,1101125,qptas,completed,False,False,86400,1.825550552999971,1.825550552999971,capped_run,,,0.5,0.5,0.01,0.006666666666666667,4,5,1000,3,20,1000,1000,1000,4,0.1,0.02,1.0,0.5,20.0,,0,100,0.001,nan,nan,nan,False,,highs,,nan,nan,nan,,nan,,,nan,nan,nan,,nan,,1000,511225,1009,1101125,sample_exhausted,,
cvar,10,10,3,1101126,qptas,completed,False,False,86400,1.812561917000039,1.812561917000039,capped_run,,,0.5,0.5,0.01,0.006666666666666667,4,5,1000,3,20,1000,1000,1000,4,0.1,0.02,1.0,0.5,20.0,,0,100,0.001,nan,nan,nan,False,,highs,,nan,nan,nan,,nan,,,nan,nan,nan,,nan,,1000,511225,1013,1101126,sample_exhausted,,
cvar,10,10,4,1101127,qptas,completed,False,False,86400,1.7915738450000163,1.7915738450000163,capped_run,,,0.5,0.5,0.01,0.006666666666666667,4,5,1000,3,20,1000,1000,1000,4,0.1,0.02,1.0,0.5,20.0,,0,100,0.001,nan,nan,nan,False,,highs,,nan,nan,nan,,nan,,,nan,nan,nan,,nan,,1000,511225,1012,1101127,sample_exhausted,,
cvar,10,10,5,1101128,qptas,completed,False,False,86400,1.7756190300000299,1.7756190300000299,capped_run,,,0.5,0.5,0.01,0.006666666666666667,4,5,1000,3,20,1000,1000,1000,4,0.1,0.02,1.0,0.5,20.0,,0,100,0.001,nan,nan,nan,False,,highs,,nan,nan,nan,,nan,,,nan,nan,nan,,nan,,1000,511225,1015,1101128,sample_exhausted,,
cvar,10,10,6,1101129,qptas,completed,False,False,86400,1.7633689489999824,1.7633689489999824,capped_run,,,0.5,0.5,0.01,0.006666666666666667,4,5,1000,3,20,1000,1000,1000,4,0.1,0.02,1.0,0.5,20.0,,0,100,0.001,nan,nan,nan,False,,highs,,nan,nan,nan,,nan,,,nan,nan,nan,,nan,,1000,511225,1002,1101129,sample_exhausted,,
cvar,10,10,7,1101130,qptas,completed,False,False,86400,1.7681336389999842,1.7681336389999842,capped_run,,,0.5,0.5,0.01,0.006666666666666667,4,5,1000,3,20,1000,1000,1000,4,0.1,0.02,1.0,0.5,20.0,,0,100,0.001,nan,nan,nan,False,,highs,,nan,nan,nan,,nan,,,nan,nan,nan,,nan,,1000,511225,1011,1101130,sample_exhausted,,
cvar,10,10,8,1101131,qptas,completed,False,False,86400,1.7846995090000064,1.7846995090000064,capped_run,,,0.5,0.5,0.01,0.006666666666666667,4,5,1000,3,20,1000,1000,1000,4,0.1,0.02,1.0,0.5,20.0,,0,100,0.001,nan,nan,nan,False,,highs,,nan,nan,nan,,nan,,,nan,nan,nan,,nan,,1000,511225,1008,1101131,sample_exhausted,,
cvar,10,10,9,1101132,qptas,completed,True,False,86400,1.5708837810000205,1.5708837810000205,capped_run,,,0.5,0.5,0.01,0.006666666666666667,4,5,1000,3,20,1000,1000,1000,4,0.1,0.02,1.0,0.5,20.0,,0,100,0.001,0.007402592461555724,0.007002250618231898,0.007402592461555724,True,,highs,,nan,nan,nan,,nan,,,nan,nan,nan,,nan,,865,511225,873,1101132,epsilon_reached,,
cvar,10,10,10,1101133,qptas,completed,True,False,86400,1.0875145649999922,1.0875145649999922,capped_run,,,0.5,0.5,0.01,0.006666666666666667,4,5,1000,3,20,1000,1000,1000,4,0.1,0.02,1.0,0.5,20.0,,0,100,0.001,0.00863420256492653,0.00863420256492653,0.004168953246396545,True,,highs,,nan,nan,nan,,nan,,,nan,nan,nan,,nan,,601,511225,606,1101133,epsilon_reached,,
cvar,10,10,11,1101134,qptas,completed,False,False,86400,1.8199064329999146,1.8199064329999146,capped_run,,,0.5,0.5,0.01,0.006666666666666667,4,5,1000,3,20,1000,1000,1000,4,0.1,0.02,1.0,0.5,20.0,,0,100,0.001,nan,nan,nan,False,,highs,,nan,nan,nan,,nan,,,nan,nan,nan,,nan,,1000,511225,1010,1101134,sample_exhausted,,
cvar,10,10,12,1101135,qptas,completed,False,False,86400,1.7878688380000085,1.7878688380000085,capped_run,,,0.5,0.5,0.01,0.006666666666666667,4,5,1000,3,20,1000,1000,1000,4,0.1,0.02,1.0,0.5,20.0,,0,100,0.001,nan,nan,nan,False,,highs,,nan,nan,nan,,nan,,,nan,nan,nan,,nan,,1000,511225,1008,1101135,sample_exhausted,,
cvar,10,10,13,1101136,qptas,completed,False,False,86400,1.800502712000025,1.800502712000025,capped_run,,,0.5,0.5,0.01,0.006666666666666667,4,5,1000,3,20,1000,1000,1000,4,0.1,0.02,1.0,0.5,20.0,,0,100,0.001,nan,nan,nan,False,,highs,,nan,nan,nan,,nan,,,nan,nan,nan,,nan,,1000,511225,1013,1101136,sample_exhausted,,
cvar,10,10,14,1101137,qptas,completed,False,False,86400,1.7731656099999782,1.7731656099999782,capped_run,,,0.5,0.5,0.01,0.006666666666666667,4,5,1000,3,20,1000,1000,1000,4,0.1,0.02,1.0,0.5,20.0,,0,100,0.001,nan,nan,nan,False,,highs,,nan,nan,nan,,nan,,,nan,nan,nan,,nan,,1000,511225,1005,1101137,sample_exhausted,,
cvar,10,10,15,1101138,qptas,completed,False,False,86400,1.745774678000089,1.745774678000089,capped_run,,,0.5,0.5,0.01,0.006666666666666667,4,5,1000,3,20,1000,1000,1000,4,0.1,0.02,1.0,0.5,20.0,,0,100,0.001,nan,nan,nan,False,,highs,,nan,nan,nan,,nan,,,nan,nan,nan,,nan,,1000,511225,1006,1101138,sample_exhausted,,
cvar,10,10,16,1101139,qptas,completed,False,False,86400,1.8057022199999437,1.8057022199999437,capped_run,,,0.5,0.5,0.01,0.006666666666666667,4,5,1000,3,20,1000,1000,1000,4,0.1,0.02,1.0,0.5,20.0,,0,100,0.001,nan,nan,nan,False,,highs,,nan,nan,nan,,nan,,,nan,nan,nan,,nan,,1000,511225,1013,1101139,sample_exhausted,,
cvar,10,10,17,1101140,qptas,completed,False,False,86400,1.7912562569999864,1.7912562569999864,capped_run,,,0.5,0.5,0.01,0.006666666666666667,4,5,1000,3,20,1000,1000,1000,4,0.1,0.02,1.0,0.5,20.0,,0,100,0.001,nan,nan,nan,False,,highs,,nan,nan,nan,,nan,,,nan,nan,nan,,nan,,1000,511225,1007,1101140,sample_exhausted,,
cvar,10,10,18,1101141,qptas,completed,False,False,86400,1.7575069350000376,1.7575069350000376,capped_run,,,0.5,0.5,0.01,0.006666666666666667,4,5,1000,3,20,1000,1000,1000,4,0.1,0.02,1.0,0.5,20.0,,0,100,0.001,nan,nan,nan,False,,highs,,nan,nan,nan,,nan,,,nan,nan,nan,,nan,,1000,511225,1007,1101141,sample_exhausted,,
cvar,10,10,19,1101142,qptas,completed,False,False,86400,1.8067513119999603,1.8067513119999603,capped_run,,,0.5,0.5,0.01,0.006666666666666667,4,5,1000,3,20,1000,1000,1000,4,0.1,0.02,1.0,0.5,20.0,,0,100,0.001,nan,nan,nan,False,,highs,,nan,nan,nan,,nan,,,nan,nan,nan,,nan,,1000,511225,1012,1101142,sample_exhausted,,
cvar,10,20,0,1102123,qptas,completed,False,False,86400,1.8794234509999797,1.8794234509999797,capped_run,,,0.5,0.5,0.01,0.006666666666666667,5,5,1000,3,20,1000,1000,1000,4,0.1,0.02,1.0,0.5,20.0,,0,100,0.001,nan,nan,nan,False,,highs,,nan,nan,nan,,nan,,,nan,nan,nan,,nan,,1000,1806590016,1001,1102123,sample_exhausted,,
cvar,10,20,1,1102124,qptas,completed,False,False,86400,1.8390483199999608,1.8390483199999608,capped_run,,,0.5,0.5,0.01,0.006666666666666667,5,5,1000,3,20,1000,1000,1000,4,0.1,0.02,1.0,0.5,20.0,,0,100,0.001,nan,nan,nan,False,,highs,,nan,nan,nan,,nan,,,nan,nan,nan,,nan,,1000,1806590016,1000,1102124,sample_exhausted,,
cvar,10,20,2,1102125,qptas,completed,False,False,86400,1.8226407619999918,1.8226407619999918,capped_run,,,0.5,0.5,0.01,0.006666666666666667,5,5,1000,3,20,1000,1000,1000,4,0.1,0.02,1.0,0.5,20.0,,0,100,0.001,nan,nan,nan,False,,highs,,nan,nan,nan,,nan,,,nan,nan,nan,,nan,,1000,1806590016,1003,1102125,sample_exhausted,,
cvar,10,20,3,1102126,qptas,completed,False,False,86400,1.8355974600000309,1.8355974600000309,capped_run,,,0.5,0.5,0.01,0.006666666666666667,5,5,1000,3,20,1000,1000,1000,4,0.1,0.02,1.0,0.5,20.0,,0,100,0.001,nan,nan,nan,False,,highs,,nan,nan,nan,,nan,,,nan,nan,nan,,nan,,1000,1806590016,1000,1102126,sample_exhausted,,
cvar,10,20,4,1102127,qptas,completed,False,False,86400,1.8276354130000527,1.8276354130000527,capped_run,,,0.5,0.5,0.01,0.006666666666666667,5,5,1000,3,20,1000,1000,1000,4,0.1,0.02,1.0,0.5,20.0,,0,100,0.001,nan,nan,nan,False,,highs,,nan,nan,nan,,nan,,,nan,nan,nan,,nan,,1000,1806590016,1000,1102127,sample_exhausted,,
cvar,10,20,5,1102128,qptas,completed,False,False,86400,1.8276197589999583,1.8276197589999583,capped_run,,,0.5,0.5,0.01,0.006666666666666667,5,5,1000,3,20,1000,1000,1000,4,0.1,0.02,1.0,0.5,20.0,,0,100,0.001,nan,nan,nan,False,,highs,,nan,nan,nan,,nan,,,nan,nan,nan,,nan,,1000,1806590016,1000,1102128,sample_exhausted,,
cvar,10,20,6,1102129,qptas,completed,False,False,86400,1.7965843739999627,1.7965843739999627,capped_run,,,0.5,0.5,0.01,0.006666666666666667,5,5,1000,3,20,1000,1000,1000,4,0.1,0.02,1.0,0.5,20.0,,0,100,0.001,nan,nan,nan,False,,highs,,nan,nan,nan,,nan,,,nan,nan,nan,,nan,,1000,1806590016,1000,1102129,sample_exhausted,,
cvar,10,20,7,1102130,qptas,completed,False,False,86400,1.8669825759999412,1.8669825759999412,capped_run,,,0.5,0.5,0.01,0.006666666666666667,5,5,1000,3,20,1000,1000,1000,4,0.1,0.02,1.0,0.5,20.0,,0,100,0.001,nan,nan,nan,False,,highs,,nan,nan,nan,,nan,,,nan,nan,nan,,nan,,1000,1806590016,1001,1102130,sample_exhausted,,
cvar,10,20,8,1102131,qptas,completed,False,False,86400,1.836919676999969,1.836919676999969,capped_run,,,0.5,0.5,0.01,0.006666666666666667,5,5,1000,3,20,1000,1000,1000,4,0.1,0.02,1.0,0.5,20.0,,0,100,0.001,nan,nan,nan,False,,highs,,nan,nan,nan,,nan,,,nan,nan,nan,,nan,,1000,1806590016,1000,1102131,sample_exhausted,,
cvar,10,20,9,1102132,qptas,completed,False,False,86400,1.8504531359999419,1.8504531359999419,capped_run,,,0.5,0.5,0.01,0.006666666666666667,5,5,1000,3,20,1000,1000,1000,4,0.1,0.02,1.0,0.5,20.0,,0,100,0.001,nan,nan,nan,False,,highs,,nan,nan,nan,,nan,,,nan,nan,nan,,nan,,1000,1806590016,1001,1102132,sample_exhausted,,
cvar,10,20,10,1102133,qptas,completed,False,False,86400,1.8097556499999428,1.8097556499999428,capped_run,,,0.5,0.5,0.01,0.006666666666666667,5,5,1000,3,20,1000,1000,1000,4,0.1,0.02,1.0,0.5,20.0,,0,100,0.001,nan,nan,nan,False,,highs,,nan,nan,nan,,nan,,,nan,nan,nan,,nan,,1000,1806590016,1002,1102133,sample_exhausted,,
cvar,10,20,11,1102134,qptas,completed,False,False,86400,1.846575041000051,1.846575041000051,capped_run,,,0.5,0.5,0.01,0.006666666666666667,5,5,1000,3,20,1000,1000,1000,4,0.1,0.02,1.0,0.5,20.0,,0,100,0.001,nan,nan,nan,False,,highs,,nan,nan,nan,,nan,,,nan,nan,nan,,nan,,1000,1806590016,1001,1102134,sample_exhausted,,
cvar,10,20,12,1102135,qptas,completed,False,False,86400,1.8279085899999927,1.8279085899999927,capped_run,,,0.5,0.5,0.01,0.006666666666666667,5,5,1000,3,20,1000,1000,1000,4,0.1,0.02,1.0,0.5,20.0,,0,100,0.001,nan,nan,nan,False,,highs,,nan,nan,nan,,nan,,,nan,nan,nan,,nan,,1000,1806590016,1000,1102135,sample_exhausted,,
cvar,10,20,13,1102136,qptas,completed,False,False,86400,1.856316985000035,1.856316985000035,capped_run,,,0.5,0.5,0.01,0.006666666666666667,5,5,1000,3,20,1000,1000,1000,4,0.1,0.02,1.0,0.5,20.0,,0,100,0.001,nan,nan,nan,False,,highs,,nan,nan,nan,,nan,,,nan,nan,nan,,nan,,1000,1806590016,1000,1102136,sample_exhausted,,
cvar,10,20,14,1102137,qptas,completed,False,False,86400,1.782425531000058,1.782425531000058,capped_run,,,0.5,0.5,0.01,0.006666666666666667,5,5,1000,3,20,1000,1000,1000,4,0.1,0.02,1.0,0.5,20.0,,0,100,0.001,nan,nan,nan,False,,highs,,nan,nan,nan,,nan,,,nan,nan,nan,,nan,,1000,1806590016,1000,1102137,sample_exhausted,,
cvar,10,20,15,1102138,qptas,completed,False,False,86400,1.833478275999937,1.833478275999937,capped_run,,,0.5,0.5,0.01,0.006666666666666667,5,5,1000,3,20,1000,1000,1000,4,0.1,0.02,1.0,0.5,20.0,,0,100,0.001,nan,nan,nan,False,,highs,,nan,nan,nan,,nan,,,nan,nan,nan,,nan,,1000,1806590016,1000,1102138,sample_exhausted,,
cvar,10,20,16,1102139,qptas,completed,False,False,86400,1.863807096999949,1.863807096999949,capped_run,,,0.5,0.5,0.01,0.006666666666666667,5,5,1000,3,20,1000,1000,1000,4,0.1,0.02,1.0,0.5,20.0,,0,100,0.001,nan,nan,nan,False,,highs,,nan,nan,nan,,nan,,,nan,nan,nan,,nan,,1000,1806590016,1001,1102139,sample_exhausted,,
cvar,10,20,17,1102140,qptas,completed,False,False,86400,1.8616111569999703,1.8616111569999703,capped_run,,,0.5,0.5,0.01,0.006666666666666667,5,5,1000,3,20,1000,1000,1000,4,0.1,0.02,1.0,0.5,20.0,,0,100,0.001,nan,nan,nan,False,,highs,,nan,nan,nan,,nan,,,nan,nan,nan,,nan,,1000,1806590016,1000,1102140,sample_exhausted,,
cvar,10,20,18,1102141,qptas,completed,False,False,86400,1.8438983830000097,1.8438983830000097,capped_run,,,0.5,0.5,0.01,0.006666666666666667,5,5,1000,3,20,1000,1000,1000,4,0.1,0.02,1.0,0.5,20.0,,0,100,0.001,nan,nan,nan,False,,highs,,nan,nan,nan,,nan,,,nan,nan,nan,,nan,,1000,1806590016,1000,1102141,sample_exhausted,,
cvar,10,20,19,1102142,qptas,completed,False,False,86400,1.8261147009999377,1.8261147009999377,capped_run,,,0.5,0.5,0.01,0.006666666666666667,5,5,1000,3,20,1000,1000,1000,4,0.1,0.02,1.0,0.5,20.0,,0,100,0.001,nan,nan,nan,False,,highs,,nan,nan,nan,,nan,,,nan,nan,nan,,nan,,1000,1806590016,1001,1102142,sample_exhausted,,
cvar,10,50,0,1105123,qptas,completed,False,False,86400,2.0846886530000575,2.0846886530000575,capped_run,,,0.5,0.5,0.01,0.006666666666666667,8,5,1000,3,20,1000,1000,1000,4,0.1,0.02,1.0,0.5,20.0,,0,100,0.001,nan,nan,nan,False,,highs,,nan,nan,nan,,nan,,,nan,nan,nan,,nan,,1000,2730463682711675625,1000,1105123,sample_exhausted,,
cvar,10,50,1,1105124,qptas,completed,False,False,86400,2.10874509100006,2.10874509100006,capped_run,,,0.5,0.5,0.01,0.006666666666666667,8,5,1000,3,20,1000,1000,1000,4,0.1,0.02,1.0,0.5,20.0,,0,100,0.001,nan,nan,nan,False,,highs,,nan,nan,nan,,nan,,,nan,nan,nan,,nan,,1000,2730463682711675625,1000,1105124,sample_exhausted,,
cvar,10,50,2,1105125,qptas,completed,False,False,86400,2.0963925419999896,2.0963925419999896,capped_run,,,0.5,0.5,0.01,0.006666666666666667,8,5,1000,3,20,1000,1000,1000,4,0.1,0.02,1.0,0.5,20.0,,0,100,0.001,nan,nan,nan,False,,highs,,nan,nan,nan,,nan,,,nan,nan,nan,,nan,,1000,2730463682711675625,1000,1105125,sample_exhausted,,
cvar,10,50,3,1105126,qptas,completed,False,False,86400,2.1192280010000104,2.1192280010000104,capped_run,,,0.5,0.5,0.01,0.006666666666666667,8,5,1000,3,20,1000,1000,1000,4,0.1,0.02,1.0,0.5,20.0,,0,100,0.001,nan,nan,nan,False,,highs,,nan,nan,nan,,nan,,,nan,nan,nan,,nan,,1000,2730463682711675625,1000,1105126,sample_exhausted,,
cvar,10,50,4,1105127,qptas,completed,False,False,86400,2.114445874000012,2.114445874000012,capped_run,,,0.5,0.5,0.01,0.006666666666666667,8,5,1000,3,20,1000,1000,1000,4,0.1,0.02,1.0,0.5,20.0,,0,100,0.001,nan,nan,nan,False,,highs,,nan,nan,nan,,nan,,,nan,nan,nan,,nan,,1000,2730463682711675625,1000,1105127,sample_exhausted,,
cvar,10,50,5,1105128,qptas,completed,False,False,86400,2.1443965339999522,2.1443965339999522,capped_run,,,0.5,0.5,0.01,0.006666666666666667,8,5,1000,3,20,1000,1000,1000,4,0.1,0.02,1.0,0.5,20.0,,0,100,0.001,nan,nan,nan,False,,highs,,nan,nan,nan,,nan,,,nan,nan,nan,,nan,,1000,2730463682711675625,1001,1105128,sample_exhausted,,
cvar,10,50,6,1105129,qptas,completed,False,False,86400,2.0973722519999,2.0973722519999,capped_run,,,0.5,0.5,0.01,0.006666666666666667,8,5,1000,3,20,1000,1000,1000,4,0.1,0.02,1.0,0.5,20.0,,0,100,0.001,nan,nan,nan,False,,highs,,nan,nan,nan,,nan,,,nan,nan,nan,,nan,,1000,2730463682711675625,1000,1105129,sample_exhausted,,
cvar,10,50,7,1105130,qptas,completed,False,False,86400,2.16433267299999,2.16433267299999,capped_run,,,0.5,0.5,0.01,0.006666666666666667,8,5,1000,3,20,1000,1000,1000,4,0.1,0.02,1.0,0.5,20.0,,0,100,0.001,nan,nan,nan,False,,highs,,nan,nan,nan,,nan,,,nan,nan,nan,,nan,,1000,2730463682711675625,1000,1105130,sample_exhausted,,
cvar,10,50,8,1105131,qptas,completed,False,False,86400,2.159984092000059,2.159984092000059,capped_run,,,0.5,0.5,0.01,0.006666666666666667,8,5,1000,3,20,1000,1000,1000,4,0.1,0.02,1.0,0.5,20.0,,0,100,0.001,nan,nan,nan,False,,highs,,nan,nan,nan,,nan,,,nan,nan,nan,,nan,,1000,2730463682711675625,1000,1105131,sample_exhausted,,
cvar,10,50,9,1105132,qptas,completed,False,False,86400,2.135840744999996,2.135840744999996,capped_run,,,0.5,0.5,0.01,0.006666666666666667,8,5,1000,3,20,1000,1000,1000,4,0.1,0.02,1.0,0.5,20.0,,0,100,0.001,nan,nan,nan,False,,highs,,nan,nan,nan,,nan,,,nan,nan,nan,,nan,,1000,2730463682711675625,1000,1105132,sample_exhausted,,
cvar,10,50,10,1105133,qptas,completed,False,False,86400,2.1200787380000747,2.1200787380000747,capped_run,,,0.5,0.5,0.01,0.006666666666666667,8,5,1000,3,20,1000,1000,1000,4,0.1,0.02,1.0,0.5,20.0,,0,100,0.001,nan,nan,nan,False,,highs,,nan,nan,nan,,nan,,,nan,nan,nan,,nan,,1000,2730463682711675625,1000,1105133,sample_exhausted,,
cvar,10,50,11,1105134,qptas,completed,False,False,86400,2.1402562699998953,2.1402562699998953,capped_run,,,0.5,0.5,0.01,0.006666666666666667,8,5,1000,3,20,1000,1000,1000,4,0.1,0.02,1.0,0.5,20.0,,0,100,0.001,nan,nan,nan,False,,highs,,nan,nan,nan,,nan,,,nan,nan,nan,,nan,,1000,2730463682711675625,1000,1105134,sample_exhausted,,
cvar,10,50,12,1105135,qptas,completed,False,False,86400,2.075546061999944,2.075546061999944,capped_run,,,0.5,0.5,0.01,0.006666666666666667,8,5,1000,3,20,1000,1000,1000,4,0.1,0.02,1.0,0.5,20.0,,0,100,0.001,nan,nan,nan,False,,highs,,nan,nan,nan,,nan,,,nan,nan,nan,,nan,,1000,2730463682711675625,1000,1105135,sample_exhausted,,
cvar,10,50,13,1105136,qptas,completed,False,False,86400,2.1279054780000024,2.1279054780000024,capped_run,,,0.5,0.5,0.01,0.006666666666666667,8,5,1000,3,20,1000,1000,1000,4,0.1,0.02,1.0,0.5,20.0,,0,100,0.001,nan,nan,nan,False,,highs,,nan,nan,nan,,nan,,,nan,nan,nan,,nan,,1000,2730463682711675625,1000,1105136,sample_exhausted,,
cvar,10,50,14,1105137,qptas,completed,False,False,86400,2.078771135000011,2.078771135000011,capped_run,,,0.5,0.5,0.01,0.006666666666666667,8,5,1000,3,20,1000,1000,1000,4,0.1,0.02,1.0,0.5,20.0,,0,100,0.001,nan,nan,nan,False,,highs,,nan,nan,nan,,nan,,,nan,nan,nan,,nan,,1000,2730463682711675625,1000,1105137,sample_exhausted,,
cvar,10,50,15,1105138,qptas,completed,False,False,86400,2.1329489489999105,2.1329489489999105,capped_run,,,0.5,0.5,0.01,0.006666666666666667,8,5,1000,3,20,1000,1000,1000,4,0.1,0.02,1.0,0.5,20.0,,0,100,0.001,nan,nan,nan,False,,highs,,nan,nan,nan,,nan,,,nan,nan,nan,,nan,,1000,2730463682711675625,1000,1105138,sample_exhausted,,
cvar,10,50,16,1105139,qptas,completed,False,False,86400,2.11017574899995,2.11017574899995,capped_run,,,0.5,0.5,0.01,0.006666666666666667,8,5,1000,3,20,1000,1000,1000,4,0.1,0.02,1.0,0.5,20.0,,0,100,0.001,nan,nan,nan,False,,highs,,nan,nan,nan,,nan,,,nan,nan,nan,,nan,,1000,2730463682711675625,1000,1105139,sample_exhausted,,
cvar,10,50,17,1105140,qptas,completed,False,False,86400,2.114656513,2.114656513,capped_run,,,0.5,0.5,0.01,0.006666666666666667,8,5,1000,3,20,1000,1000,1000,4,0.1,0.02,1.0,0.5,20.0,,0,100,0.001,nan,nan,nan,False,,highs,,nan,nan,nan,,nan,,,nan,nan,nan,,nan,,1000,2730463682711675625,1000,1105140,sample_exhausted,,
cvar,10,50,18,1105141,qptas,completed,False,False,86400,2.140032488999964,2.140032488999964,capped_run,,,0.5,0.5,0.01,0.006666666666666667,8,5,1000,3,20,1000,1000,1000,4,0.1,0.02,1.0,0.5,20.0,,0,100,0.001,nan,nan,nan,False,,highs,,nan,nan,nan,,nan,,,nan,nan,nan,,nan,,1000,2730463682711675625,1000,1105141,sample_exhausted,,
cvar,10,50,19,1105142,qptas,completed,False,False,86400,2.134495294999965,2.134495294999965,capped_run,,,0.5,0.5,0.01,0.006666666666666667,8,5,1000,3,20,1000,1000,1000,4,0.1,0.02,1.0,0.5,20.0,,0,100,0.001,nan,nan,nan,False,,highs,,nan,nan,nan,,nan,,,nan,nan,nan,,nan,,1000,2730463682711675625,1000,1105142,sample_exhausted,,
cvar,30,5,0,1300623,qptas,completed,True,False,86400,0.4740617059999295,0.4740617059999295,capped_run,,,0.5,0.5,0.01,0.006666666666666667,3,6,1000,3,20,1000,1000,1000,6,0.1,0.02,1.0,0.5,20.0,,0,100,0.001,0.007440828640104091,0.005237548690887328,0.007440828640104091,True,,highs,,nan,nan,nan,,nan,,,nan,nan,nan,,nan,,215,1225,231,1300623,epsilon_reached,,
cvar,30,5,1,1300624,qptas,completed,True,False,86400,0.22053135599992402,0.22053135599992402,capped_run,,,0.5,0.5,0.01,0.006666666666666667,3,6,1000,3,20,1000,1000,1000,6,0.1,0.02,1.0,0.5,20.0,,0,100,0.001,0.006686440172383845,0.004548352890533569,0.006686440172383845,True,,highs,,nan,nan,nan,,nan,,,nan,nan,nan,,nan,,100,1225,105,1300624,epsilon_reached,,
cvar,30,5,2,1300625,qptas,completed,True,False,86400,1.4023945420000246,1.4023945420000246,capped_run,,,0.5,0.5,0.01,0.006666666666666667,3,6,1000,3,20,1000,1000,1000,6,0.1,0.02,1.0,0.5,20.0,,0,100,0.001,0.007696383972146503,0.007696383972146503,0.004604413717022249,True,,highs,,nan,nan,nan,,nan,,,nan,nan,nan,,nan,,662,1225,701,1300625,epsilon_reached,,
cvar,30,5,3,1300626,qptas,completed,True,False,86400,0.05522028500001852,0.05522028500001852,capped_run,,,0.5,0.5,0.01,0.006666666666666667,3,6,1000,3,20,1000,1000,1000,6,0.1,0.02,1.0,0.5,20.0,,0,100,0.001,0.005613699833557806,0.005613699833557806,0.002693099298662127,True,,highs,,nan,nan,nan,,nan,,,nan,nan,nan,,nan,,24,1225,25,1300626,epsilon_reached,,
cvar,30,5,4,1300627,qptas,completed,True,False,86400,0.21047329700002138,0.21047329700002138,capped_run,,,0.5,0.5,0.01,0.006666666666666667,3,6,1000,3,20,1000,1000,1000,6,0.1,0.02,1.0,0.5,20.0,,0,100,0.001,0.0010382430013364807,0.0006110514490201835,0.0010382430013364807,True,,highs,,nan,nan,nan,,nan,,,nan,nan,nan,,nan,,96,1225,103,1300627,epsilon_reached,,
cvar,30,5,5,1300628,qptas,completed,True,False,86400,0.13055533800002195,0.13055533800002195,capped_run,,,0.5,0.5,0.01,0.006666666666666667,3,6,1000,3,20,1000,1000,1000,6,0.1,0.02,1.0,0.5,20.0,,0,100,0.001,0.008022476727364392,0.008022476727364392,0.0075439676237234465,True,,highs,,nan,nan,nan,,nan,,,nan,nan,nan,,nan,,60,1225,63,1300628,epsilon_reached,,
cvar,30,5,6,1300629,qptas,completed,True,False,86400,0.3908404989999781,0.3908404989999781,capped_run,,,0.5,0.5,0.01,0.006666666666666667,3,6,1000,3,20,1000,1000,1000,6,0.1,0.02,1.0,0.5,20.0,,0,100,0.001,0.009935095309081432,0.0019879347371994927,0.009935095309081432,True,,highs,,nan,nan,nan,,nan,,,nan,nan,nan,,nan,,185,1225,199,1300629,epsilon_reached,,
cvar,30,5,7,1300630,qptas,completed,True,False,86400,0.24710230300001967,0.24710230300001967,capped_run,,,0.5,0.5,0.01,0.006666666666666667,3,6,1000,3,20,1000,1000,1000,6,0.1,0.02,1.0,0.5,20.0,,0,100,0.001,0.005991842558003724,0.005991842558003724,0.0022654604224265906,True,,highs,,nan,nan,nan,,nan,,,nan,nan,nan,,nan,,105,1225,115,1300630,epsilon_reached,,
cvar,30,5,8,1300631,qptas,completed,True,False,86400,0.43014382500007287,0.43014382500007287,capped_run,,,0.5,0.5,0.01,0.006666666666666667,3,6,1000,3,20,1000,1000,1000,6,0.1,0.02,1.0,0.5,20.0,,0,100,0.001,0.009696062783794868,0.009696062783794868,0.007760190673855805,True,,highs,,nan,nan,nan,,nan,,,nan,nan,nan,,nan,,194,1225,219,1300631,epsilon_reached,,
cvar,30,5,9,1300632,qptas,completed,True,False,86400,0.1908691200000021,0.1908691200000021,capped_run,,,0.5,0.5,0.01,0.006666666666666667,3,6,1000,3,20,1000,1000,1000,6,0.1,0.02,1.0,0.5,20.0,,0,100,0.001,0.007151326127431856,0.004646897637503589,0.007151326127431856,True,,highs,,nan,nan,nan,,nan,,,nan,nan,nan,,nan,,85,1225,96,1300632,epsilon_reached,,
cvar,30,5,10,1300633,qptas,completed,True,False,86400,0.35736413600000105,0.35736413600000105,capped_run,,,0.5,0.5,0.01,0.006666666666666667,3,6,1000,3,20,1000,1000,1000,6,0.1,0.02,1.0,0.5,20.0,,0,100,0.001,0.00815009642565806,0.00815009642565806,0.004034276223288891,True,,highs,,nan,nan,nan,,nan,,,nan,nan,nan,,nan,,162,1225,174,1300633,epsilon_reached,,
cvar,30,5,11,1300634,qptas,completed,True,False,86400,1.5141547770000443,1.5141547770000443,capped_run,,,0.5,0.5,0.01,0.006666666666666667,3,6,1000,3,20,1000,1000,1000,6,0.1,0.02,1.0,0.5,20.0,,0,100,0.001,0.0074166212930085185,0.006186582146870956,0.0074166212930085185,True,,highs,,nan,nan,nan,,nan,,,nan,nan,nan,,nan,,719,1225,767,1300634,epsilon_reached,,
cvar,30,5,12,1300635,qptas,completed,True,False,86400,0.14798829099993327,0.14798829099993327,capped_run,,,0.5,0.5,0.01,0.006666666666666667,3,6,1000,3,20,1000,1000,1000,6,0.1,0.02,1.0,0.5,20.0,,0,100,0.001,0.00939881059697878,0.006248048776548942,0.00939881059697878,True,,highs,,nan,nan,nan,,nan,,,nan,nan,nan,,nan,,64,1225,72,1300635,epsilon_reached,,
cvar,30,5,13,1300636,qptas,completed,True,False,86400,0.05278864000001704,0.05278864000001704,capped_run,,,0.5,0.5,0.01,0.006666666666666667,3,6,1000,3,20,1000,1000,1000,6,0.1,0.02,1.0,0.5,20.0,,0,100,0.001,0.008359426606464992,0.004030430123589335,0.008359426606464992,True,,highs,,nan,nan,nan,,nan,,,nan,nan,nan,,nan,,21,1225,23,1300636,epsilon_reached,,
cvar,30,5,14,1300637,qptas,completed,True,False,86400,0.05152611800008344,0.05152611800008344,capped_run,,,0.5,0.5,0.01,0.006666666666666667,3,6,1000,3,20,1000,1000,1000,6,0.1,0.02,1.0,0.5,20.0,,0,100,0.001,0.007304507815168448,0.007304507815168448,0.0008119589360731094,True,,highs,,nan,nan,nan,,nan,,,nan,nan,nan,,nan,,23,1225,24,1300637,epsilon_reached,,
cvar,30,5,15,1300638,qptas,completed,True,False,86400,0.2913258749999841,0.2913258749999841,capped_run,,,0.5,0.5,0.01,0.006666666666666667,3,6,1000,3,20,1000,1000,1000,6,0.1,0.02,1.0,0.5,20.0,,0,100,0.001,0.0032338552887909433,0.0032338552887909433,0.0007287747439780334,True,,highs,,nan,nan,nan,,nan,,,nan,nan,nan,,nan,,132,1225,139,1300638,epsilon_reached,,
cvar,30,5,16,1300639,qptas,completed,True,False,86400,0.06343321400004243,0.06343321400004243,capped_run,,,0.5,0.5,0.01,0.006666666666666667,3,6,1000,3,20,1000,1000,1000,6,0.1,0.02,1.0,0.5,20.0,,0,100,0.001,0.0032063088969722098,0.0010983357714796083,0.0032063088969722098,True,,highs,,nan,nan,nan,,nan,,,nan,nan,nan,,nan,,22,1225,28,1300639,epsilon_reached,,
cvar,30,5,17,1300640,qptas,completed,True,False,86400,0.21916180199991686,0.21916180199991686,capped_run,,,0.5,0.5,0.01,0.006666666666666667,3,6,1000,3,20,1000,1000,1000,6,0.1,0.02,1.0,0.5,20.0,,0,100,0.001,0.00690415420778151,0.000579277803520184,0.00690415420778151,True,,highs,,nan,nan,nan,,nan,,,nan,nan,nan,,nan,,99,1225,110,1300640,epsilon_reached,,
cvar,30,5,18,1300641,qptas,completed,True,False,86400,0.09136463100003311,0.09136463100003311,capped_run,,,0.5,0.5,0.01,0.006666666666666667,3,6,1000,3,20,1000,1000,1000,6,0.1,0.02,1.0,0.5,20.0,,0,100,0.001,0.005927460556869768,0.0002583497704711779,0.005927460556869768,True,,highs,,nan,nan,nan,,nan,,,nan,nan,nan,,nan,,41,1225,45,1300641,epsilon_reached,,
cvar,30,5,19,1300642,qptas,completed,True,False,86400,0.11215490600000066,0.11215490600000066,capped_run,,,0.5,0.5,0.01,0.006666666666666667,3,6,1000,3,20,1000,1000,1000,6,0.1,0.02,1.0,0.5,20.0,,0,100,0.001,0.00912125962107313,0.00876127794068915,0.00912125962107313,True,,highs,,nan,nan,nan,,nan,,,nan,nan,nan,,nan,,50,1225,52,1300642,epsilon_reached,,
cvar,30,10,0,1301123,qptas,completed,True,False,86400,1.5624404720000484,1.5624404720000484,capped_run,,,0.5,0.5,0.01,0.006666666666666667,4,6,1000,3,20,1000,1000,1000,6,0.1,0.02,1.0,0.5,20.0,,0,100,0.001,0.0054111501571331155,0.0028491088900620687,0.0054111501571331155,True,,highs,,nan,nan,nan,,nan,,,nan,nan,nan,,nan,,753,511225,768,1301123,epsilon_reached,,
cvar,30,10,1,1301124,qptas,completed,False,False,86400,2.1586123519999774,2.1586123519999774,capped_run,,,0.5,0.5,0.01,0.006666666666666667,4,6,1000,3,20,1000,1000,1000,6,0.1,0.02,1.0,0.5,20.0,,0,100,0.001,nan,nan,nan,False,,highs,,nan,nan,nan,,nan,,,nan,nan,nan,,nan,,1000,511225,1028,1301124,sample_exhausted,,
cvar,30,10,2,1301125,qptas,completed,False,False,86400,2.1384010909999915,2.1384010909999915,capped_run,,,0.5,0.5,0.01,0.006666666666666667,4,6,1000,3,20,1000,1000,1000,6,0.1,0.02,1.0,0.5,20.0,,0,100,0.001,nan,nan,nan,False,,highs,,nan,nan,nan,,nan,,,nan,nan,nan,,nan,,1000,511225,1021,1301125,sample_exhausted,,
cvar,30,10,3,1301126,qptas,completed,False,False,86400,2.1361217959999976,2.1361217959999976,capped_run,,,0.5,0.5,0.01,0.006666666666666667,4,6,1000,3,20,1000,1000,1000,6,0.1,0.02,1.0,0.5,20.0,,0,100,0.001,nan,nan,nan,False,,highs,,nan,nan,nan,,nan,,,nan,nan,nan,,nan,,1000,511225,1018,1301126,sample_exhausted,,
cvar,30,10,4,1301127,qptas,completed,False,False,86400,2.107936615999961,2.107936615999961,capped_run,,,0.5,0.5,0.01,0.006666666666666667,4,6,1000,3,20,1000,1000,1000,6,0.1,0.02,1.0,0.5,20.0,,0,100,0.001,nan,nan,nan,False,,highs,,nan,nan,nan,,nan,,,nan,nan,nan,,nan,,1000,511225,1017,1301127,sample_exhausted,,
cvar,30,10,5,1301128,qptas,completed,False,False,86400,2.1250392840000814,2.1250392840000814,capped_run,,,0.5,0.5,0.01,0.006666666666666667,4,6,1000,3,20,1000,1000,1000,6,0.1,0.02,1.0,0.5,20.0,,0,100,0.001,nan,nan,nan,False,,highs,,nan,nan,nan,,nan,,,nan,nan,nan,,nan,,1000,511225,1016,1301128,sample_exhausted,,
cvar,30,10,6,1301129,qptas,completed,False,False,86400,2.0819500809999454,2.0819500809999454,capped_run,,,0.5,0.5,0.01,0.006666666666666667,4,6,1000,3,20,1000,1000,1000,6,0.1,0.02,1.0,0.5,20.0,,0,100,0.001,nan,nan,nan,False,,highs,,nan,nan,nan,,nan,,,nan,nan,nan,,nan,,1000,511225,1018,1301129,sample_exhausted,,
cvar,30,10,7,1301130,qptas,completed,False,False,86400,2.0888792850000755,2.0888792850000755,capped_run,,,0.5,0.5,0.01,0.006666666666666667,4,6,1000,3,20,1000,1000,1000,6,0.1,0.02,1.0,0.5,20.0,,0,100,0.001,nan,nan,nan,False,,highs,,nan,nan,nan,,nan,,,nan,nan,nan,,nan,,1000,511225,1014,1301130,sample_exhausted,,
cvar,30,10,8,1301131,qptas,completed,False,False,86400,2.1198863600000095,2.1198863600000095,capped_run,,,0.5,0.5,0.01,0.006666666666666667,4,6,1000,3,20,1000,1000,1000,6,0.1,0.02,1.0,0.5,20.0,,0,100,0.001,nan,nan,nan,False,,highs,,nan,nan,nan,,nan,,,nan,nan,nan,,nan,,1000,511225,1018,1301131,sample_exhausted,,
cvar,30,10,9,1301132,qptas,completed,False,False,86400,2.084968785000001,2.084968785000001,capped_run,,,0.5,0.5,0.01,0.006666666666666667,4,6,1000,3,20,1000,1000,1000,6,0.1,0.02,1.0,0.5,20.0,,0,100,0.001,nan,nan,nan,False,,highs,,nan,nan,nan,,nan,,,nan,nan,nan,,nan,,1000,511225,1017,1301132,sample_exhausted,,
cvar,30,10,10,1301133,qptas,completed,True,False,86400,1.1471826250000277,1.1471826250000277,capped_run,,,0.5,0.5,0.01,0.006666666666666667,4,6,1000,3,20,1000,1000,1000,6,0.1,0.02,1.0,0.5,20.0,,0,100,0.001,0.007779228651846215,0.007532400652007609,0.007779228651846215,True,,highs,,nan,nan,nan,,nan,,,nan,nan,nan,,nan,,544,511225,551,1301133,epsilon_reached,,
cvar,30,10,11,1301134,qptas,completed,False,False,86400,2.136191976999953,2.136191976999953,capped_run,,,0.5,0.5,0.01,0.006666666666666667,4,6,1000,3,20,1000,1000,1000,6,0.1,0.02,1.0,0.5,20.0,,0,100,0.001,nan,nan,nan,False,,highs,,nan,nan,nan,,nan,,,nan,nan,nan,,nan,,1000,511225,1019,1301134,sample_exhausted,,
cvar,30,10,12,1301135,qptas,completed,False,False,86400,2.0868844730000546,2.0868844730000546,capped_run,,,0.5,0.5,0.01,0.006666666666666667,4,6,1000,3,20,1000,1000,1000,6,0.1,0.02,1.0,0.5,20.0,,0,100,0.001,nan,nan,nan,False,,highs,,nan,nan,nan,,nan,,,nan,nan,nan,,nan,,1000,511225,1019,1301135,sample_exhausted,,
cvar,30,10,13,1301136,qptas,completed,False,False,86400,2.122815116999959,2.122815116999959,capped_run,,,0.5,0.5,0.01,0.006666666666666667,4,6,1000,3,20,1000,1000,1000,6,0.1,0.02,1.0,0.5,20.0,,0,100,0.001,nan,nan,nan,False,,highs,,nan,nan,nan,,nan,,,nan,nan,nan,,nan,,1000,511225,1024,1301136,sample_exhausted,,
cvar,30,10,14,1301137,qptas,completed,True,False,86400,1.719207802000028,1.719207802000028,capped_run,,,0.5,0.5,0.01,0.006666666666666667,4,6,1000,3,20,1000,1000,1000,6,0.1,0.02,1.0,0.5,20.0,,0,100,0.001,0.008827997473560889,0.008268286345525844,0.008827997473560889,True,,highs,,nan,nan,nan,,nan,,,nan,nan,nan,,nan,,813,511225,830,1301137,epsilon_reached,,
cvar,30,10,15,1301138,qptas,completed,True,False,86400,2.06458778800004,2.06458778800004,capped_run,,,0.5,0.5,0.01,0.006666666666666667,4,6,1000,3,20,1000,1000,1000,6,0.1,0.02,1.0,0.5,20.0,,0,100,0.001,0.00754001821972311,0.00754001821972311,0.0051153960286717814,True,,highs,,nan,nan,nan,,nan,,,nan,nan,nan,,nan,,982,511225,997,1301138,epsilon_reached,,
cvar,30,10,16,1301139,qptas,completed,False,False,86400,2.1063304939999625,2.1063304939999625,capped_run,,,0.5,0.5,0.01,0.006666666666666667,4,6,1000,3,20,1000,1000,1000,6,0.1,0.02,1.0,0.5,20.0,,0,100,0.001,nan,nan,nan,False,,highs,,nan,nan,nan,,nan,,,nan,nan,nan,,nan,,1000,511225,1007,1301139,sample_exhausted,,
cvar,30,10,17,1301140,qptas,completed,False,False,86400,2.1368289600000026,2.1368289600000026,capped_run,,,0.5,0.5,0.01,0.006666666666666667,4,6,1000,3,20,1000,1000,1000,6,0.1,0.02,1.0,0.5,20.0,,0,100,0.001,nan,nan,nan,False,,highs,,nan,nan,nan,,nan,,,nan,nan,nan,,nan,,1000,511225,1025,1301140,sample_exhausted,,
cvar,30,10,18,1301141,qptas,completed,True,False,86400,1.9048142260000986,1.9048142260000986,capped_run,,,0.5,0.5,0.01,0.006666666666666667,4,6,1000,3,20,1000,1000,1000,6,0.1,0.02,1.0,0.5,20.0,,0,100,0.001,0.0065165400148412544,0.006331719605058184,0.0065165400148412544,True,,highs,,nan,nan,nan,,nan,,,nan,nan,nan,,nan,,907,511225,924,1301141,epsilon_reached,,
cvar,30,10,19,1301142,qptas,completed,True,False,86400,1.6972511440000062,1.6972511440000062,capped_run,,,0.5,0.5,0.01,0.006666666666666667,4,6,1000,3,20,1000,1000,1000,6,0.1,0.02,1.0,0.5,20.0,,0,100,0.001,0.009281440340139224,0.009260993911707871,0.009281440340139224,True,,highs,,nan,nan,nan,,nan,,,nan,nan,nan,,nan,,816,511225,834,1301142,epsilon_reached,,
cvar,30,20,0,1302123,qptas,completed,False,False,86400,2.1061032530000148,2.1061032530000148,capped_run,,,0.5,0.5,0.01,0.006666666666666667,5,6,1000,3,20,1000,1000,1000,6,0.1,0.02,1.0,0.5,20.0,,0,100,0.001,nan,nan,nan,False,,highs,,nan,nan,nan,,nan,,,nan,nan,nan,,nan,,1000,1806590016,1006,1302123,sample_exhausted,,
cvar,30,20,1,1302124,qptas,completed,False,False,86400,2.2367376629999853,2.2367376629999853,capped_run,,,0.5,0.5,0.01,0.006666666666666667,5,6,1000,3,20,1000,1000,1000,6,0.1,0.02,1.0,0.5,20.0,,0,100,0.001,nan,nan,nan,False,,highs,,nan,nan,nan,,nan,,,nan,nan,nan,,nan,,1000,1806590016,1003,1302124,sample_exhausted,,
cvar,30,20,2,1302125,qptas,completed,False,False,86400,2.2504232700000557,2.2504232700000557,capped_run,,,0.5,0.5,0.01,0.006666666666666667,5,6,1000,3,20,1000,1000,1000,6,0.1,0.02,1.0,0.5,20.0,,0,100,0.001,nan,nan,nan,False,,highs,,nan,nan,nan,,nan,,,nan,nan,nan,,nan,,1000,1806590016,1002,1302125,sample_exhausted,,
cvar,30,20,3,1302126,qptas,completed,False,False,86400,2.2727217579999888,2.2727217579999888,capped_run,,,0.5,0.5,0.01,0.006666666666666667,5,6,1000,3,20,1000,1000,1000,6,0.1,0.02,1.0,0.5,20.0,,0,100,0.001,nan,nan,nan,False,,highs,,nan,nan,nan,,nan,,,nan,nan,nan,,nan,,1000,1806590016,1002,1302126,sample_exhausted,,
cvar,30,20,4,1302127,qptas,completed,False,False,86400,2.245107118999954,2.245107118999954,capped_run,,,0.5,0.5,0.01,0.006666666666666667,5,6,1000,3,20,1000,1000,1000,6,0.1,0.02,1.0,0.5,20.0,,0,100,0.001,nan,nan,nan,False,,highs,,nan,nan,nan,,nan,,,nan,nan,nan,,nan,,1000,1806590016,1006,1302127,sample_exhausted,,
cvar,30,20,5,1302128,qptas,completed,False,False,86400,2.2568929330000174,2.2568929330000174,capped_run,,,0.5,0.5,0.01,0.006666666666666667,5,6,1000,3,20,1000,1000,1000,6,0.1,0.02,1.0,0.5,20.0,,0,100,0.001,nan,nan,nan,False,,highs,,nan,nan,nan,,nan,,,nan,nan,nan,,nan,,1000,1806590016,1001,1302128,sample_exhausted,,
cvar,30,20,6,1302129,qptas,completed,False,False,86400,2.2526537940000253,2.2526537940000253,capped_run,,,0.5,0.5,0.01,0.006666666666666667,5,6,1000,3,20,1000,1000,1000,6,0.1,0.02,1.0,0.5,20.0,,0,100,0.001,nan,nan,nan,False,,highs,,nan,nan,nan,,nan,,,nan,nan,nan,,nan,,1000,1806590016,1000,1302129,sample_exhausted,,
cvar,30,20,7,1302130,qptas,completed,False,False,86400,2.2367536200000586,2.2367536200000586,capped_run,,,0.5,0.5,0.01,0.006666666666666667,5,6,1000,3,20,1000,1000,1000,6,0.1,0.02,1.0,0.5,20.0,,0,100,0.001,nan,nan,nan,False,,highs,,nan,nan,nan,,nan,,,nan,nan,nan,,nan,,1000,1806590016,1002,1302130,sample_exhausted,,
cvar,30,20,8,1302131,qptas,completed,False,False,86400,2.204742153999973,2.204742153999973,capped_run,,,0.5,0.5,0.01,0.006666666666666667,5,6,1000,3,20,1000,1000,1000,6,0.1,0.02,1.0,0.5,20.0,,0,100,0.001,nan,nan,nan,False,,highs,,nan,nan,nan,,nan,,,nan,nan,nan,,nan,,1000,1806590016,1001,1302131,sample_exhausted,,
cvar,30,20,9,1302132,qptas,completed,False,False,86400,2.2393439460000764,2.2393439460000764,capped_run,,,0.5,0.5,0.01,0.006666666666666667,5,6,1000,3,20,1000,1000,1000,6,0.1,0.02,1.0,0.5,20.0,,0,100,0.001,nan,nan,nan,False,,highs,,nan,nan,nan,,nan,,,nan,nan,nan,,nan,,1000,1806590016,1003,1302132,sample_exhausted,,
cvar,30,20,10,1302133,qptas,completed,False,False,86400,2.248641869999915,2.248641869999915,capped_run,,,0.5,0.5,0.01,0.006666666666666667,5,6,1000,3,20,1000,1000,1000,6,0.1,0.02,1.0,0.5,20.0,,0,100,0.001,nan,nan,nan,False,,highs,,nan,nan,nan,,nan,,,nan,nan,nan,,nan,,1000,1806590016,1003,1302133,sample_exhausted,,
cvar,30,20,11,1302134,qptas,completed,False,False,86400,2.262722862999908,2.262722862999908,capped_run,,,0.5,0.5,0.01,0.006666666666666667,5,6,1000,3,20,1000,1000,1000,6,0.1,0.02,1.0,0.5,20.0,,0,100,0.001,nan,nan,nan,False,,highs,,nan,nan,nan,,nan,,,nan,nan,nan,,nan,,1000,1806590016,1002,1302134,sample_exhausted,,
cvar,30,20,12,1302135,qptas,completed,False,False,86400,2.294038763000003,2.294038763000003,capped_run,,,0.5,0.5,0.01,0.006666666666666667,5,6,1000,3,20,1000,1000,1000,6,0.1,0.02,1.0,0.5,20.0,,0,100,0.001,nan,nan,nan,False,,highs,,nan,nan,nan,,nan,,,nan,nan,nan,,nan,,1000,1806590016,1005,1302135,sample_exhausted,,
cvar,30,20,13,1302136,qptas,completed,False,False,86400,2.297624177999978,2.297624177999978,capped_run,,,0.5,0.5,0.01,0.006666666666666667,5,6,1000,3,20,1000,1000,1000,6,0.1,0.02,1.0,0.5,20.0,,0,100,0.001,nan,nan,nan,False,,highs,,nan,nan,nan,,nan,,,nan,nan,nan,,nan,,1000,1806590016,1003,1302136,sample_exhausted,,
cvar,30,20,14,1302137,qptas,completed,False,False,86400,2.3350266889999602,2.3350266889999602,capped_run,,,0.5,0.5,0.01,0.006666666666666667,5,6,1000,3,20,1000,1000,1000,6,0.1,0.02,1.0,0.5,20.0,,0,100,0.001,nan,nan,nan,False,,highs,,nan,nan,nan,,nan,,,nan,nan,nan,,nan,,1000,1806590016,1002,1302137,sample_exhausted,,
cvar,30,20,15,1302138,qptas,completed,False,False,86400,2.3462818730000663,2.3462818730000663,capped_run,,,0.5,0.5,0.01,0.006666666666666667,5,6,1000,3,20,1000,1000,1000,6,0.1,0.02,1.0,0.5,20.0,,0,100,0.001,nan,nan,nan,False,,highs,,nan,nan,nan,,nan,,,nan,nan,nan,,nan,,1000,1806590016,1001,1302138,sample_exhausted,,
cvar,30,20,16,1302139,qptas,completed,False,False,86400,2.306595942000058,2.306595942000058,capped_run,,,0.5,0.5,0.01,0.006666666666666667,5,6,1000,3,20,1000,1000,1000,6,0.1,0.02,1.0,0.5,20.0,,0,100,0.001,nan,nan,nan,False,,highs,,nan,nan,nan,,nan,,,nan,nan,nan,,nan,,1000,1806590016,1003,1302139,sample_exhausted,,
cvar,30,20,17,1302140,qptas,completed,False,False,86400,2.2789399800000183,2.2789399800000183,capped_run,,,0.5,0.5,0.01,0.006666666666666667,5,6,1000,3,20,1000,1000,1000,6,0.1,0.02,1.0,0.5,20.0,,0,100,0.001,nan,nan,nan,False,,highs,,nan,nan,nan,,nan,,,nan,nan,nan,,nan,,1000,1806590016,1003,1302140,sample_exhausted,,
cvar,30,20,18,1302141,qptas,completed,False,False,86400,2.246795411999983,2.246795411999983,capped_run,,,0.5,0.5,0.01,0.006666666666666667,5,6,1000,3,20,1000,1000,1000,6,0.1,0.02,1.0,0.5,20.0,,0,100,0.001,nan,nan,nan,False,,highs,,nan,nan,nan,,nan,,,nan,nan,nan,,nan,,1000,1806590016,1003,1302141,sample_exhausted,,
cvar,30,20,19,1302142,qptas,completed,False,False,86400,2.2490818400000308,2.2490818400000308,capped_run,,,0.5,0.5,0.01,0.006666666666666667,5,6,1000,3,20,1000,1000,1000,6,0.1,0.02,1.0,0.5,20.0,,0,100,0.001,nan,nan,nan,False,,highs,,nan,nan,nan,,nan,,,nan,nan,nan,,nan,,1000,1806590016,1002,1302142,sample_exhausted,,
cvar,30,50,0,1305123,qptas,completed,False,False,86400,2.8410841419999997,2.8410841419999997,capped_run,,,0.5,0.5,0.01,0.006666666666666667,8,6,1000,3,20,1000,1000,1000,6,0.1,0.02,1.0,0.5,20.0,,0,100,0.001,nan,nan,nan,False,,highs,,nan,nan,nan,,nan,,,nan,nan,nan,,nan,,1000,2730463682711675625,1000,1305123,sample_exhausted,,
cvar,30,50,1,1305124,qptas,completed,False,False,86400,2.780113330000063,2.780113330000063,capped_run,,,0.5,0.5,0.01,0.006666666666666667,8,6,1000,3,20,1000,1000,1000,6,0.1,0.02,1.0,0.5,20.0,,0,100,0.001,nan,nan,nan,False,,highs,,nan,nan,nan,,nan,,,nan,nan,nan,,nan,,1000,2730463682711675625,1000,1305124,sample_exhausted,,
cvar,30,50,2,1305125,qptas,completed,False,False,86400,2.790856391000034,2.790856391000034,capped_run,,,0.5,0.5,0.01,0.006666666666666667,8,6,1000,3,20,1000,1000,1000,6,0.1,0.02,1.0,0.5,20.0,,0,100,0.001,nan,nan,nan,False,,highs,,nan,nan,nan,,nan,,,nan,nan,nan,,nan,,1000,2730463682711675625,1001,1305125,sample_exhausted,,
cvar,30,50,3,1305126,qptas,completed,False,False,86400,2.8515812449999203,2.8515812449999203,capped_run,,,0.5,0.5,0.01,0.006666666666666667,8,6,1000,3,20,1000,1000,1000,6,0.1,0.02,1.0,0.5,20.0,,0,100,0.001,nan,nan,nan,False,,highs,,nan,nan,nan,,nan,,,nan,nan,nan,,nan,,1000,2730463682711675625,1000,1305126,sample_exhausted,,
cvar,30,50,4,1305127,qptas,completed,False,False,86400,2.774959693000028,2.774959693000028,capped_run,,,0.5,0.5,0.01,0.006666666666666667,8,6,1000,3,20,1000,1000,1000,6,0.1,0.02,1.0,0.5,20.0,,0,100,0.001,nan,nan,nan,False,,highs,,nan,nan,nan,,nan,,,nan,nan,nan,,nan,,1000,2730463682711675625,1000,1305127,sample_exhausted,,
cvar,30,50,5,1305128,qptas,completed,False,False,86400,2.7706370279998964,2.7706370279998964,capped_run,,,0.5,0.5,0.01,0.006666666666666667,8,6,1000,3,20,1000,1000,1000,6,0.1,0.02,1.0,0.5,20.0,,0,100,0.001,nan,nan,nan,False,,highs,,nan,nan,nan,,nan,,,nan,nan,nan,,nan,,1000,2730463682711675625,1000,1305128,sample_exhausted,,
cvar,30,50,6,1305129,qptas,completed,False,False,86400,2.814917186999992,2.814917186999992,capped_run,,,0.5,0.5,0.01,0.006666666666666667,8,6,1000,3,20,1000,1000,1000,6,0.1,0.02,1.0,0.5,20.0,,0,100,0.001,nan,nan,nan,False,,highs,,nan,nan,nan,,nan,,,nan,nan,nan,,nan,,1000,2730463682711675625,1000,1305129,sample_exhausted,,
cvar,30,50,7,1305130,qptas,completed,False,False,86400,2.7946666569999934,2.7946666569999934,capped_run,,,0.5,0.5,0.01,0.006666666666666667,8,6,1000,3,20,1000,1000,1000,6,0.1,0.02,1.0,0.5,20.0,,0,100,0.001,nan,nan,nan,False,,highs,,nan,nan,nan,,nan,,,nan,nan,nan,,nan,,1000,2730463682711675625,1000,1305130,sample_exhausted,,
cvar,30,50,8,1305131,qptas,completed,False,False,86400,2.855788781000001,2.855788781000001,capped_run,,,0.5,0.5,0.01,0.006666666666666667,8,6,1000,3,20,1000,1000,1000,6,0.1,0.02,1.0,0.5,20.0,,0,100,0.001,nan,nan,nan,False,,highs,,nan,nan,nan,,nan,,,nan,nan,nan,,nan,,1000,2730463682711675625,1000,1305131,sample_exhausted,,
cvar,30,50,9,1305132,qptas,completed,False,False,86400,2.8630615639999633,2.8630615639999633,capped_run,,,0.5,0.5,0.01,0.006666666666666667,8,6,1000,3,20,1000,1000,1000,6,0.1,0.02,1.0,0.5,20.0,,0,100,0.001,nan,nan,nan,False,,highs,,nan,nan,nan,,nan,,,nan,nan,nan,,nan,,1000,2730463682711675625,1000,1305132,sample_exhausted,,
cvar,30,50,10,1305133,qptas,completed,False,False,86400,2.7983305919999566,2.7983305919999566,capped_run,,,0.5,0.5,0.01,0.006666666666666667,8,6,1000,3,20,1000,1000,1000,6,0.1,0.02,1.0,0.5,20.0,,0,100,0.001,nan,nan,nan,False,,highs,,nan,nan,nan,,nan,,,nan,nan,nan,,nan,,1000,2730463682711675625,1000,1305133,sample_exhausted,,
cvar,30,50,11,1305134,qptas,completed,False,False,86400,2.8378037159999394,2.8378037159999394,capped_run,,,0.5,0.5,0.01,0.006666666666666667,8,6,1000,3,20,1000,1000,1000,6,0.1,0.02,1.0,0.5,20.0,,0,100,0.001,nan,nan,nan,False,,highs,,nan,nan,nan,,nan,,,nan,nan,nan,,nan,,1000,2730463682711675625,1000,1305134,sample_exhausted,,
cvar,30,50,12,1305135,qptas,completed,False,False,86400,2.841698135999991,2.841698135999991,capped_run,,,0.5,0.5,0.01,0.006666666666666667,8,6,1000,3,20,1000,1000,1000,6,0.1,0.02,1.0,0.5,20.0,,0,100,0.001,nan,nan,nan,False,,highs,,nan,nan,nan,,nan,,,nan,nan,nan,,nan,,1000,2730463682711675625,1000,1305135,sample_exhausted,,
cvar,30,50,13,1305136,qptas,completed,False,False,86400,2.8450403650000453,2.8450403650000453,capped_run,,,0.5,0.5,0.01,0.006666666666666667,8,6,1000,3,20,1000,1000,1000,6,0.1,0.02,1.0,0.5,20.0,,0,100,0.001,nan,nan,nan,False,,highs,,nan,nan,nan,,nan,,,nan,nan,nan,,nan,,1000,2730463682711675625,1000,1305136,sample_exhausted,,
cvar,30,50,14,1305137,qptas,completed,False,False,86400,2.8317795680000017,2.8317795680000017,capped_run,,,0.5,0.5,0.01,0.006666666666666667,8,6,1000,3,20,1000,1000,1000,6,0.1,0.02,1.0,0.5,20.0,,0,100,0.001,nan,nan,nan,False,,highs,,nan,nan,nan,,nan,,,nan,nan,nan,,nan,,1000,2730463682711675625,1000,1305137,sample_exhausted,,
cvar,30,50,15,1305138,qptas,completed,False,False,86400,2.8129809769999383,2.8129809769999383,capped_run,,,0.5,0.5,0.01,0.006666666666666667,8,6,1000,3,20,1000,1000,1000,6,0.1,0.02,1.0,0.5,20.0,,0,100,0.001,nan,nan,nan,False,,highs,,nan,nan,nan,,nan,,,nan,nan,nan,,nan,,1000,2730463682711675625,1000,1305138,sample_exhausted,,
cvar,30,50,16,1305139,qptas,completed,False,False,86400,2.805646974999945,2.805646974999945,capped_run,,,0.5,0.5,0.01,0.006666666666666667,8,6,1000,3,20,1000,1000,1000,6,0.1,0.02,1.0,0.5,20.0,,0,100,0.001,nan,nan,nan,False,,highs,,nan,nan,nan,,nan,,,nan,nan,nan,,nan,,1000,2730463682711675625,1000,1305139,sample_exhausted,,
cvar,30,50,17,1305140,qptas,completed,False,False,86400,2.8245619339999166,2.8245619339999166,capped_run,,,0.5,0.5,0.01,0.006666666666666667,8,6,1000,3,20,1000,1000,1000,6,0.1,0.02,1.0,0.5,20.0,,0,100,0.001,nan,nan,nan,False,,highs,,nan,nan,nan,,nan,,,nan,nan,nan,,nan,,1000,2730463682711675625,1000,1305140,sample_exhausted,,
cvar,30,50,18,1305141,qptas,completed,False,False,86400,2.8201638059999823,2.8201638059999823,capped_run,,,0.5,0.5,0.01,0.006666666666666667,8,6,1000,3,20,1000,1000,1000,6,0.1,0.02,1.0,0.5,20.0,,0,100,0.001,nan,nan,nan,False,,highs,,nan,nan,nan,,nan,,,nan,nan,nan,,nan,,1000,2730463682711675625,1000,1305141,sample_exhausted,,
cvar,30,50,19,1305142,qptas,completed,False,False,86400,2.780062316999988,2.780062316999988,capped_run,,,0.5,0.5,0.01,0.006666666666666667,8,6,1000,3,20,1000,1000,1000,6,0.1,0.02,1.0,0.5,20.0,,0,100,0.001,nan,nan,nan,False,,highs,,nan,nan,nan,,nan,,,nan,nan,nan,,nan,,1000,2730463682711675625,1000,1305142,sample_exhausted,,
cvar,100,5,0,2000623,qptas,completed,True,False,86400,0.20096093399990878,0.20096093399990878,capped_run,,,0.5,0.5,0.01,0.006666666666666667,3,10,1000,3,20,1000,1000,1000,10,0.1,0.02,1.0,0.5,20.0,,0,100,0.001,0.009340767785836257,0.005521247448295297,0.009340767785836257,True,,highs,,nan,nan,nan,,nan,,,nan,nan,nan,,nan,,60,1225,65,2000623,epsilon_reached,,
cvar,100,5,1,2000624,qptas,completed,True,False,86400,0.5402720469999167,0.5402720469999167,capped_run,,,0.5,0.5,0.01,0.006666666666666667,3,10,1000,3,20,1000,1000,1000,10,0.1,0.02,1.0,0.5,20.0,,0,100,0.001,0.009992859859109193,0.00470701595103451,0.009992859859109193,True,,highs,,nan,nan,nan,,nan,,,nan,nan,nan,,nan,,158,1225,172,2000624,epsilon_reached,,
cvar,100,5,2,2000625,qptas,completed,True,False,86400,0.6073434859999907,0.6073434859999907,capped_run,,,0.5,0.5,0.01,0.006666666666666667,3,10,1000,3,20,1000,1000,1000,10,0.1,0.02,1.0,0.5,20.0,,0,100,0.001,0.009981702501292877,0.009981702501292877,0.005843631546216199,True,,highs,,nan,nan,nan,,nan,,,nan,nan,nan,,nan,,182,1225,195,2000625,epsilon_reached,,
cvar,100,5,3,2000626,qptas,completed,True,False,86400,0.1644529010000042,0.1644529010000042,capped_run,,,0.5,0.5,0.01,0.006666666666666667,3,10,1000,3,20,1000,1000,1000,10,0.1,0.02,1.0,0.5,20.0,,0,100,0.001,0.00921413338848226,0.00921413338848226,0.006213441257193586,True,,highs,,nan,nan,nan,,nan,,,nan,nan,nan,,nan,,52,1225,55,2000626,epsilon_reached,,
cvar,100,5,4,2000627,qptas,completed,True,False,86400,0.11905554800000573,0.11905554800000573,capped_run,,,0.5,0.5,0.01,0.006666666666666667,3,10,1000,3,20,1000,1000,1000,10,0.1,0.02,1.0,0.5,20.0,,0,100,0.001,0.008959381922333809,0.008959381922333809,0.005418280795515373,True,,highs,,nan,nan,nan,,nan,,,nan,nan,nan,,nan,,34,1225,37,2000627,epsilon_reached,,
cvar,100,5,5,2000628,qptas,completed,True,False,86400,0.12799971800006915,0.12799971800006915,capped_run,,,0.5,0.5,0.01,0.006666666666666667,3,10,1000,3,20,1000,1000,1000,10,0.1,0.02,1.0,0.5,20.0,,0,100,0.001,0.009588757387792912,0.007086718641336032,0.009588757387792912,True,,highs,,nan,nan,nan,,nan,,,nan,nan,nan,,nan,,37,1225,40,2000628,epsilon_reached,,
cvar,100,5,6,2000629,qptas,completed,True,False,86400,0.46412426899996717,0.46412426899996717,capped_run,,,0.5,0.5,0.01,0.006666666666666667,3,10,1000,3,20,1000,1000,1000,10,0.1,0.02,1.0,0.5,20.0,,0,100,0.001,0.0057731648430403015,0.0057731648430403015,0.0004238191761885557,True,,highs,,nan,nan,nan,,nan,,,nan,nan,nan,,nan,,146,1225,154,2000629,epsilon_reached,,
cvar,100,5,7,2000630,qptas,completed,True,False,86400,0.08453977700003179,0.08453977700003179,capped_run,,,0.5,0.5,0.01,0.006666666666666667,3,10,1000,3,20,1000,1000,1000,10,0.1,0.02,1.0,0.5,20.0,,0,100,0.001,0.007452136126033904,0.007452136126033904,0.006516715025868036,True,,highs,,nan,nan,nan,,nan,,,nan,nan,nan,,nan,,23,1225,26,2000630,epsilon_reached,,
cvar,100,5,8,2000631,qptas,completed,True,False,86400,0.1536385809999956,0.1536385809999956,capped_run,,,0.5,0.5,0.01,0.006666666666666667,3,10,1000,3,20,1000,1000,1000,10,0.1,0.02,1.0,0.5,20.0,,0,100,0.001,0.00761253530992434,0.005952652545218373,0.00761253530992434,True,,highs,,nan,nan,nan,,nan,,,nan,nan,nan,,nan,,48,1225,50,2000631,epsilon_reached,,
cvar,100,5,9,2000632,qptas,completed,True,False,86400,1.090430668999943,1.090430668999943,capped_run,,,0.5,0.5,0.01,0.006666666666666667,3,10,1000,3,20,1000,1000,1000,10,0.1,0.02,1.0,0.5,20.0,,0,100,0.001,0.009941343871003316,0.009941343871003316,0.0059808429466236546,True,,highs,,nan,nan,nan,,nan,,,nan,nan,nan,,nan,,323,1225,357,2000632,epsilon_reached,,
cvar,100,5,10,2000633,qptas,completed,True,False,86400,0.9919218569999657,0.9919218569999657,capped_run,,,0.5,0.5,0.01,0.006666666666666667,3,10,1000,3,20,1000,1000,1000,10,0.1,0.02,1.0,0.5,20.0,,0,100,0.001,0.008635160610369341,0.008635160610369341,0.005670904729374593,True,,highs,,nan,nan,nan,,nan,,,nan,nan,nan,,nan,,298,1225,321,2000633,epsilon_reached,,
cvar,100,5,11,2000634,qptas,completed,True,False,86400,0.4114901609999606,0.4114901609999606,capped_run,,,0.5,0.5,0.01,0.006666666666666667,3,10,1000,3,20,1000,1000,1000,10,0.1,0.02,1.0,0.5,20.0,,0,100,0.001,0.007534546363954675,0.007534546363954675,0.0035934641755494545,True,,highs,,nan,nan,nan,,nan,,,nan,nan,nan,,nan,,124,1225,132,2000634,epsilon_reached,,
cvar,100,5,12,2000635,qptas,completed,True,False,86400,0.07738924000000225,0.07738924000000225,capped_run,,,0.5,0.5,0.01,0.006666666666666667,3,10,1000,3,20,1000,1000,1000,10,0.1,0.02,1.0,0.5,20.0,,0,100,0.001,0.007684806083967655,0.007684806083967655,0.0036995260260262453,True,,highs,,nan,nan,nan,,nan,,,nan,nan,nan,,nan,,18,1225,23,2000635,epsilon_reached,,
cvar,100,5,13,2000636,qptas,completed,True,False,86400,0.8461825910000016,0.8461825910000016,capped_run,,,0.5,0.5,0.01,0.006666666666666667,3,10,1000,3,20,1000,1000,1000,10,0.1,0.02,1.0,0.5,20.0,,0,100,0.001,0.009139854992840535,0.009139854992840535,0.004402696445938659,True,,highs,,nan,nan,nan,,nan,,,nan,nan,nan,,nan,,268,1225,286,2000636,epsilon_reached,,
cvar,100,5,14,2000637,qptas,completed,True,False,86400,0.038485224000055496,0.038485224000055496,capped_run,,,0.5,0.5,0.01,0.006666666666666667,3,10,1000,3,20,1000,1000,1000,10,0.1,0.02,1.0,0.5,20.0,,0,100,0.001,0.003070766160015781,0.003070766160015781,0.0001319103723703141,True,,highs,,nan,nan,nan,,nan,,,nan,nan,nan,,nan,,7,1225,9,2000637,epsilon_reached,,
cvar,100,5,15,2000638,qptas,completed,True,False,86400,0.11309446400002798,0.11309446400002798,capped_run,,,0.5,0.5,0.01,0.006666666666666667,3,10,1000,3,20,1000,1000,1000,10,0.1,0.02,1.0,0.5,20.0,,0,100,0.001,0.008007611837971829,0.002448586134891184,0.008007611837971829,True,,highs,,nan,nan,nan,,nan,,,nan,nan,nan,,nan,,33,1225,36,2000638,epsilon_reached,,
cvar,100,5,16,2000639,qptas,completed,True,False,86400,0.08923311099999864,0.08923311099999864,capped_run,,,0.5,0.5,0.01,0.006666666666666667,3,10,1000,3,20,1000,1000,1000,10,0.1,0.02,1.0,0.5,20.0,,0,100,0.001,0.009592444743878936,0.009592444743878936,0.008749053584975464,True,,highs,,nan,nan,nan,,nan,,,nan,nan,nan,,nan,,26,1225,29,2000639,epsilon_reached,,
cvar,100,5,17,2000640,qptas,completed,True,False,86400,0.09710825899992415,0.09710825899992415,capped_run,,,0.5,0.5,0.01,0.006666666666666667,3,10,1000,3,20,1000,1000,1000,10,0.1,0.02,1.0,0.5,20.0,,0,100,0.001,0.008357430029268142,0.0038410240055626876,0.008357430029268142,True,,highs,,nan,nan,nan,,nan,,,nan,nan,nan,,nan,,26,1225,29,2000640,epsilon_reached,,
cvar,100,5,18,2000641,qptas,completed,True,False,86400,0.2590002800000093,0.2590002800000093,capped_run,,,0.5,0.5,0.01,0.006666666666666667,3,10,1000,3,20,1000,1000,1000,10,0.1,0.02,1.0,0.5,20.0,,0,100,0.001,0.006373413401705941,0.005344222524133024,0.006373413401705941,True,,highs,,nan,nan,nan,,nan,,,nan,nan,nan,,nan,,61,1225,68,2000641,epsilon_reached,,
cvar,100,5,19,2000642,qptas,completed,True,False,86400,0.41186461499989946,0.41186461499989946,capped_run,,,0.5,0.5,0.01,0.006666666666666667,3,10,1000,3,20,1000,1000,1000,10,0.1,0.02,1.0,0.5,20.0,,0,100,0.001,0.007564485176090041,0.002683733767975205,0.007564485176090041,True,,highs,,nan,nan,nan,,nan,,,nan,nan,nan,,nan,,123,1225,132,2000642,epsilon_reached,,
cvar,100,10,0,2001123,qptas,completed,True,False,86400,0.8456309609999835,0.8456309609999835,capped_run,,,0.5,0.5,0.01,0.006666666666666667,4,10,1000,3,20,1000,1000,1000,10,0.1,0.02,1.0,0.5,20.0,,0,100,0.001,0.006411980565878439,0.006174655421165909,0.006411980565878439,True,,highs,,nan,nan,nan,,nan,,,nan,nan,nan,,nan,,206,511225,213,2001123,epsilon_reached,,
cvar,100,10,1,2001124,qptas,completed,True,False,86400,1.5902988530000357,1.5902988530000357,capped_run,,,0.5,0.5,0.01,0.006666666666666667,4,10,1000,3,20,1000,1000,1000,10,0.1,0.02,1.0,0.5,20.0,,0,100,0.001,0.009322725518514596,0.007997066417124776,0.009322725518514596,True,,highs,,nan,nan,nan,,nan,,,nan,nan,nan,,nan,,421,511225,426,2001124,epsilon_reached,,
cvar,100,10,2,2001125,qptas,completed,False,False,86400,6.228627700999937,6.228627700999937,capped_run,,,0.5,0.5,0.01,0.006666666666666667,4,10,1000,3,20,1000,1000,1000,10,0.1,0.02,1.0,0.5,20.0,,0,100,0.001,nan,nan,nan,False,,highs,,nan,nan,nan,,nan,,,nan,nan,nan,,nan,,1000,511225,1024,2001125,sample_exhausted,,
cvar,100,10,3,2001126,qptas,completed,True,False,86400,1.2228193739999824,1.2228193739999824,capped_run,,,0.5,0.5,0.01,0.006666666666666667,4,10,1000,3,20,1000,1000,1000,10,0.1,0.02,1.0,0.5,20.0,,0,100,0.001,0.007920240210852025,0.007920240210852025,0.006912988068373982,True,,highs,,nan,nan,nan,,nan,,,nan,nan,nan,,nan,,277,511225,288,2001126,epsilon_reached,,
cvar,100,10,4,2001127,qptas,completed,True,False,86400,0.03160362200003419,0.03160362200003419,capped_run,,,0.5,0.5,0.01,0.006666666666666667,4,10,1000,3,20,1000,1000,1000,10,0.1,0.02,1.0,0.5,20.0,,0,100,0.001,0.0071435109255422735,0.007071867634623197,0.0071435109255422735,True,,highs,,nan,nan,nan,,nan,,,nan,nan,nan,,nan,,5,511225,6,2001127,epsilon_reached,,
cvar,100,10,5,2001128,qptas,completed,True,False,86400,0.7449694970000564,0.7449694970000564,capped_run,,,0.5,0.5,0.01,0.006666666666666667,4,10,1000,3,20,1000,1000,1000,10,0.1,0.02,1.0,0.5,20.0,,0,100,0.001,0.009986206486612081,0.009986206486612081,0.006630461149048139,True,,highs,,nan,nan,nan,,nan,,,nan,nan,nan,,nan,,187,511225,194,2001128,epsilon_reached,,
cvar,100,10,6,2001129,qptas,completed,True,False,86400,1.4752921770000285,1.4752921770000285,capped_run,,,0.5,0.5,0.01,0.006666666666666667,4,10,1000,3,20,1000,1000,1000,10,0.1,0.02,1.0,0.5,20.0,,0,100,0.001,0.009910251808354809,0.009910251808354809,0.0036267552426168526,True,,highs,,nan,nan,nan,,nan,,,nan,nan,nan,,nan,,257,511225,268,2001129,epsilon_reached,,
cvar,100,10,7,2001130,qptas,completed,True,False,86400,2.4043443409999554,2.4043443409999554,capped_run,,,0.5,0.5,0.01,0.006666666666666667,4,10,1000,3,20,1000,1000,1000,10,0.1,0.02,1.0,0.5,20.0,,0,100,0.001,0.0069757122363258706,0.004841241434420829,0.0069757122363258706,True,,highs,,nan,nan,nan,,nan,,,nan,nan,nan,,nan,,310,511225,323,2001130,epsilon_reached,,
cvar,100,10,8,2001131,qptas,completed,True,False,86400,1.187323435000053,1.187323435000053,capped_run,,,0.5,0.5,0.01,0.006666666666666667,4,10,1000,3,20,1000,1000,1000,10,0.1,0.02,1.0,0.5,20.0,,0,100,0.001,0.009935335973390358,0.008917841885120847,0.009935335973390358,True,,highs,,nan,nan,nan,,nan,,,nan,nan,nan,,nan,,212,511225,216,2001131,epsilon_reached,,
cvar,100,10,9,2001132,qptas,completed,False,False,86400,8.153398329999959,8.153398329999959,capped_run,,,0.5,0.5,0.01,0.006666666666666667,4,10,1000,3,20,1000,1000,1000,10,0.1,0.02,1.0,0.5,20.0,,0,100,0.001,nan,nan,nan,False,,highs,,nan,nan,nan,,nan,,,nan,nan,nan,,nan,,1000,511225,1020,2001132,sample_exhausted,,
cvar,100,10,10,2001133,qptas,completed,True,False,86400,3.853145957000038,3.853145957000038,capped_run,,,0.5,0.5,0.01,0.006666666666666667,4,10,1000,3,20,1000,1000,1000,10,0.1,0.02,1.0,0.5,20.0,,0,100,0.001,0.007539909559017455,0.0064984832675947235,0.007539909559017455,True,,highs,,nan,nan,nan,,nan,,,nan,nan,nan,,nan,,494,511225,507,2001133,epsilon_reached,,
cvar,100,10,11,2001134,qptas,completed,True,False,86400,2.0373209609999776,2.0373209609999776,capped_run,,,0.5,0.5,0.01,0.006666666666666667,4,10,1000,3,20,1000,1000,1000,10,0.1,0.02,1.0,0.5,20.0,,0,100,0.001,0.009930004328870201,0.009930004328870201,0.007624682802932492,True,,highs,,nan,nan,nan,,nan,,,nan,nan,nan,,nan,,268,511225,276,2001134,epsilon_reached,,
cvar,100,10,12,2001135,qptas,completed,True,False,86400,1.6601508349999676,1.6601508349999676,capped_run,,,0.5,0.5,0.01,0.006666666666666667,4,10,1000,3,20,1000,1000,1000,10,0.1,0.02,1.0,0.5,20.0,,0,100,0.001,0.008201910110134158,0.008201910110134158,0.007953290789373013,True,,highs,,nan,nan,nan,,nan,,,nan,nan,nan,,nan,,207,511225,212,2001135,epsilon_reached,,
cvar,100,10,13,2001136,qptas,completed,True,False,86400,1.370465334999949,1.370465334999949,capped_run,,,0.5,0.5,0.01,0.006666666666666667,4,10,1000,3,20,1000,1000,1000,10,0.1,0.02,1.0,0.5,20.0,,0,100,0.001,0.009080662253972305,0.009080662253972305,0.007617285273075258,True,,highs,,nan,nan,nan,,nan,,,nan,nan,nan,,nan,,150,511225,156,2001136,epsilon_reached,,
cvar,100,10,14,2001137,qptas,completed,True,False,86400,2.8420169070000156,2.8420169070000156,capped_run,,,0.5,0.5,0.01,0.006666666666666667,4,10,1000,3,20,1000,1000,1000,10,0.1,0.02,1.0,0.5,20.0,,0,100,0.001,0.00992078150282294,0.00992078150282294,0.009449056395872735,True,,highs,,nan,nan,nan,,nan,,,nan,nan,nan,,nan,,380,511225,396,2001137,epsilon_reached,,
cvar,100,10,15,2001138,qptas,completed,True,False,86400,5.019043924000016,5.019043924000016,capped_run,,,0.5,0.5,0.01,0.006666666666666667,4,10,1000,3,20,1000,1000,1000,10,0.1,0.02,1.0,0.5,20.0,,0,100,0.001,0.005832843947646826,0.005431343340517536,0.005832843947646826,True,,highs,,nan,nan,nan,,nan,,,nan,nan,nan,,nan,,765,511225,784,2001138,epsilon_reached,,
cvar,100,10,16,2001139,qptas,completed,True,False,86400,0.6313180030000467,0.6313180030000467,capped_run,,,0.5,0.5,0.01,0.006666666666666667,4,10,1000,3,20,1000,1000,1000,10,0.1,0.02,1.0,0.5,20.0,,0,100,0.001,0.00812871310842167,0.007141687515105355,0.00812871310842167,True,,highs,,nan,nan,nan,,nan,,,nan,nan,nan,,nan,,147,511225,151,2001139,epsilon_reached,,
cvar,100,10,17,2001140,qptas,completed,True,False,86400,1.8868402080000806,1.8868402080000806,capped_run,,,0.5,0.5,0.01,0.006666666666666667,4,10,1000,3,20,1000,1000,1000,10,0.1,0.02,1.0,0.5,20.0,,0,100,0.001,0.009697190189512206,0.00599463152531321,0.009697190189512206,True,,highs,,nan,nan,nan,,nan,,,nan,nan,nan,,nan,,261,511225,266,2001140,epsilon_reached,,
cvar,100,10,18,2001141,qptas,completed,True,False,86400,0.5260417929999903,0.5260417929999903,capped_run,,,0.5,0.5,0.01,0.006666666666666667,4,10,1000,3,20,1000,1000,1000,10,0.1,0.02,1.0,0.5,20.0,,0,100,0.001,0.009904836252164095,0.009904836252164095,0.008163932249148909,True,,highs,,nan,nan,nan,,nan,,,nan,nan,nan,,nan,,82,511225,85,2001141,epsilon_reached,,
cvar,100,10,19,2001142,qptas,completed,True,False,86400,0.19035886599999685,0.19035886599999685,capped_run,,,0.5,0.5,0.01,0.006666666666666667,4,10,1000,3,20,1000,1000,1000,10,0.1,0.02,1.0,0.5,20.0,,0,100,0.001,0.00975805282476605,0.0063679780407207565,0.00975805282476605,True,,highs,,nan,nan,nan,,nan,,,nan,nan,nan,,nan,,23,511225,25,2001142,epsilon_reached,,
cvar,100,20,0,2002123,qptas,completed,False,False,86400,8.650031255000044,8.650031255000044,capped_run,,,0.5,0.5,0.01,0.006666666666666667,5,10,1000,3,20,1000,1000,1000,10,0.1,0.02,1.0,0.5,20.0,,0,100,0.001,nan,nan,nan,False,,highs,,nan,nan,nan,,nan,,,nan,nan,nan,,nan,,1000,1806590016,1011,2002123,sample_exhausted,,
cvar,100,20,1,2002124,qptas,completed,True,False,86400,4.990519484999936,4.990519484999936,capped_run,,,0.5,0.5,0.01,0.006666666666666667,5,10,1000,3,20,1000,1000,1000,10,0.1,0.02,1.0,0.5,20.0,,0,100,0.001,0.008343039228103366,0.008343039228103366,0.00685338233808197,True,,highs,,nan,nan,nan,,nan,,,nan,nan,nan,,nan,,610,1806590016,618,2002124,epsilon_reached,,
cvar,100,20,2,2002125,qptas,completed,False,False,86400,8.908916910000016,8.908916910000016,capped_run,,,0.5,0.5,0.01,0.006666666666666667,5,10,1000,3,20,1000,1000,1000,10,0.1,0.02,1.0,0.5,20.0,,0,100,0.001,nan,nan,nan,False,,highs,,nan,nan,nan,,nan,,,nan,nan,nan,,nan,,1000,1806590016,1009,2002125,sample_exhausted,,
cvar,100,20,3,2002126,qptas,completed,True,False,86400,6.7415004960000715,6.7415004960000715,capped_run,,,0.5,0.5,0.01,0.006666666666666667,5,10,1000,3,20,1000,1000,1000,10,0.1,0.02,1.0,0.5,20.0,,0,100,0.001,0.008892884077719265,0.006553278615963609,0.008892884077719265,True,,highs,,nan,nan,nan,,nan,,,nan,nan,nan,,nan,,825,1806590016,835,2002126,epsilon_reached,,
cvar,100,20,4,2002127,qptas,completed,False,False,86400,9.326772176000077,9.326772176000077,capped_run,,,0.5,0.5,0.01,0.006666666666666667,5,10,1000,3,20,1000,1000,1000,10,0.1,0.02,1.0,0.5,20.0,,0,100,0.001,nan,nan,nan,False,,highs,,nan,nan,nan,,nan,,,nan,nan,nan,,nan,,1000,1806590016,1011,2002127,sample_exhausted,,
cvar,100,20,5,2002128,qptas,completed,False,False,86400,7.956271259000005,7.956271259000005,capped_run,,,0.5,0.5,0.01,0.006666666666666667,5,10,1000,3,20,1000,1000,1000,10,0.1,0.02,1.0,0.5,20.0,,0,100,0.001,nan,nan,nan,False,,highs,,nan,nan,nan,,nan,,,nan,nan,nan,,nan,,1000,1806590016,1007,2002128,sample_exhausted,,
cvar,100,20,6,2002129,qptas,completed,False,False,86400,8.11068201799992,8.11068201799992,capped_run,,,0.5,0.5,0.01,0.006666666666666667,5,10,1000,3,20,1000,1000,1000,10,0.1,0.02,1.0,0.5,20.0,,0,100,0.001,nan,nan,nan,False,,highs,,nan,nan,nan,,nan,,,nan,nan,nan,,nan,,1000,1806590016,1013,2002129,sample_exhausted,,
cvar,100,20,7,2002130,qptas,completed,False,False,86400,8.138136717999942,8.138136717999942,capped_run,,,0.5,0.5,0.01,0.006666666666666667,5,10,1000,3,20,1000,1000,1000,10,0.1,0.02,1.0,0.5,20.0,,0,100,0.001,nan,nan,nan,False,,highs,,nan,nan,nan,,nan,,,nan,nan,nan,,nan,,1000,1806590016,1004,2002130,sample_exhausted,,
cvar,100,20,8,2002131,qptas,completed,False,False,86400,7.289405186000067,7.289405186000067,capped_run,,,0.5,0.5,0.01,0.006666666666666667,5,10,1000,3,20,1000,1000,1000,10,0.1,0.02,1.0,0.5,20.0,,0,100,0.001,nan,nan,nan,False,,highs,,nan,nan,nan,,nan,,,nan,nan,nan,,nan,,1000,1806590016,1012,2002131,sample_exhausted,,
cvar,100,20,9,2002132,qptas,completed,False,False,86400,9.069557809000003,9.069557809000003,capped_run,,,0.5,0.5,0.01,0.006666666666666667,5,10,1000,3,20,1000,1000,1000,10,0.1,0.02,1.0,0.5,20.0,,0,100,0.001,nan,nan,nan,False,,highs,,nan,nan,nan,,nan,,,nan,nan,nan,,nan,,1000,1806590016,1004,2002132,sample_exhausted,,
cvar,100,20,10,2002133,qptas,completed,False,False,86400,7.716946345999986,7.716946345999986,capped_run,,,0.5,0.5,0.01,0.006666666666666667,5,10,1000,3,20,1000,1000,1000,10,0.1,0.02,1.0,0.5,20.0,,0,100,0.001,nan,nan,nan,False,,highs,,nan,nan,nan,,nan,,,nan,nan,nan,,nan,,1000,1806590016,1011,2002133,sample_exhausted,,
cvar,100,20,11,2002134,qptas,completed,False,False,86400,8.670231498999897,8.670231498999897,capped_run,,,0.5,0.5,0.01,0.006666666666666667,5,10,1000,3,20,1000,1000,1000,10,0.1,0.02,1.0,0.5,20.0,,0,100,0.001,nan,nan,nan,False,,highs,,nan,nan,nan,,nan,,,nan,nan,nan,,nan,,1000,1806590016,1010,2002134,sample_exhausted,,
cvar,100,20,12,2002135,qptas,completed,False,False,86400,8.803348715000084,8.803348715000084,capped_run,,,0.5,0.5,0.01,0.006666666666666667,5,10,1000,3,20,1000,1000,1000,10,0.1,0.02,1.0,0.5,20.0,,0,100,0.001,nan,nan,nan,False,,highs,,nan,nan,nan,,nan,,,nan,nan,nan,,nan,,1000,1806590016,1005,2002135,sample_exhausted,,
cvar,100,20,13,2002136,qptas,completed,False,False,86400,9.276206495999986,9.276206495999986,capped_run,,,0.5,0.5,0.01,0.006666666666666667,5,10,1000,3,20,1000,1000,1000,10,0.1,0.02,1.0,0.5,20.0,,0,100,0.001,nan,nan,nan,False,,highs,,nan,nan,nan,,nan,,,nan,nan,nan,,nan,,1000,1806590016,1009,2002136,sample_exhausted,,
cvar,100,20,14,2002137,qptas,completed,False,False,86400,8.822071973999982,8.822071973999982,capped_run,,,0.5,0.5,0.01,0.006666666666666667,5,10,1000,3,20,1000,1000,1000,10,0.1,0.02,1.0,0.5,20.0,,0,100,0.001,nan,nan,nan,False,,highs,,nan,nan,nan,,nan,,,nan,nan,nan,,nan,,1000,1806590016,1016,2002137,sample_exhausted,,
cvar,100,20,15,2002138,qptas,completed,True,False,86400,3.310822798000004,3.310822798000004,capped_run,,,0.5,0.5,0.01,0.006666666666666667,5,10,1000,3,20,1000,1000,1000,10,0.1,0.02,1.0,0.5,20.0,,0,100,0.001,0.009606779328009907,0.00795197610978049,0.009606779328009907,True,,highs,,nan,nan,nan,,nan,,,nan,nan,nan,,nan,,357,1806590016,361,2002138,epsilon_reached,,
cvar,100,20,16,2002139,qptas,completed,False,False,86400,8.449397926000074,8.449397926000074,capped_run,,,0.5,0.5,0.01,0.006666666666666667,5,10,1000,3,20,1000,1000,1000,10,0.1,0.02,1.0,0.5,20.0,,0,100,0.001,nan,nan,nan,False,,highs,,nan,nan,nan,,nan,,,nan,nan,nan,,nan,,1000,1806590016,1008,2002139,sample_exhausted,,
cvar,100,20,17,2002140,qptas,completed,False,False,86400,8.426806403,8.426806403,capped_run,,,0.5,0.5,0.01,0.006666666666666667,5,10,1000,3,20,1000,1000,1000,10,0.1,0.02,1.0,0.5,20.0,,0,100,0.001,nan,nan,nan,False,,highs,,nan,nan,nan,,nan,,,nan,nan,nan,,nan,,1000,1806590016,1012,2002140,sample_exhausted,,
cvar,100,20,18,2002141,qptas,completed,False,False,86400,8.415080097999976,8.415080097999976,capped_run,,,0.5,0.5,0.01,0.006666666666666667,5,10,1000,3,20,1000,1000,1000,10,0.1,0.02,1.0,0.5,20.0,,0,100,0.001,nan,nan,nan,False,,highs,,nan,nan,nan,,nan,,,nan,nan,nan,,nan,,1000,1806590016,1006,2002141,sample_exhausted,,
cvar,100,20,19,2002142,qptas,completed,False,False,86400,8.530779094999957,8.530779094999957,capped_run,,,0.5,0.5,0.01,0.006666666666666667,5,10,1000,3,20,1000,1000,1000,10,0.1,0.02,1.0,0.5,20.0,,0,100,0.001,nan,nan,nan,False,,highs,,nan,nan,nan,,nan,,,nan,nan,nan,,nan,,1000,1806590016,1012,2002142,sample_exhausted,,
cvar,100,50,0,2005123,qptas,completed,False,False,86400,13.021582835000004,13.021582835000004,capped_run,,,0.5,0.5,0.01,0.006666666666666667,8,10,1000,3,20,1000,1000,1000,10,0.1,0.02,1.0,0.5,20.0,,0,100,0.001,nan,nan,nan,False,,highs,,nan,nan,nan,,nan,,,nan,nan,nan,,nan,,1000,2730463682711675625,1004,2005123,sample_exhausted,,
cvar,100,50,1,2005124,qptas,completed,False,False,86400,12.154872896000029,12.154872896000029,capped_run,,,0.5,0.5,0.01,0.006666666666666667,8,10,1000,3,20,1000,1000,1000,10,0.1,0.02,1.0,0.5,20.0,,0,100,0.001,nan,nan,nan,False,,highs,,nan,nan,nan,,nan,,,nan,nan,nan,,nan,,1000,2730463682711675625,1002,2005124,sample_exhausted,,
cvar,100,50,2,2005125,qptas,completed,False,False,86400,12.788605521000022,12.788605521000022,capped_run,,,0.5,0.5,0.01,0.006666666666666667,8,10,1000,3,20,1000,1000,1000,10,0.1,0.02,1.0,0.5,20.0,,0,100,0.001,nan,nan,nan,False,,highs,,nan,nan,nan,,nan,,,nan,nan,nan,,nan,,1000,2730463682711675625,1003,2005125,sample_exhausted,,
cvar,100,50,3,2005126,qptas,completed,False,False,86400,13.132673845,13.132673845,capped_run,,,0.5,0.5,0.01,0.006666666666666667,8,10,1000,3,20,1000,1000,1000,10,0.1,0.02,1.0,0.5,20.0,,0,100,0.001,nan,nan,nan,False,,highs,,nan,nan,nan,,nan,,,nan,nan,nan,,nan,,1000,2730463682711675625,1004,2005126,sample_exhausted,,
cvar,100,50,4,2005127,qptas,completed,False,False,86400,12.398070450000091,12.398070450000091,capped_run,,,0.5,0.5,0.01,0.006666666666666667,8,10,1000,3,20,1000,1000,1000,10,0.1,0.02,1.0,0.5,20.0,,0,100,0.001,nan,nan,nan,False,,highs,,nan,nan,nan,,nan,,,nan,nan,nan,,nan,,1000,2730463682711675625,1000,2005127,sample_exhausted,,
cvar,100,50,5,2005128,qptas,completed,False,False,86400,12.79210367799999,12.79210367799999,capped_run,,,0.5,0.5,0.01,0.006666666666666667,8,10,1000,3,20,1000,1000,1000,10,0.1,0.02,1.0,0.5,20.0,,0,100,0.001,nan,nan,nan,False,,highs,,nan,nan,nan,,nan,,,nan,nan,nan,,nan,,1000,2730463682711675625,1004,2005128,sample_exhausted,,
cvar,100,50,6,2005129,qptas,completed,False,False,86400,11.024121035999997,11.024121035999997,capped_run,,,0.5,0.5,0.01,0.006666666666666667,8,10,1000,3,20,1000,1000,1000,10,0.1,0.02,1.0,0.5,20.0,,0,100,0.001,nan,nan,nan,False,,highs,,nan,nan,nan,,nan,,,nan,nan,nan,,nan,,1000,2730463682711675625,1002,2005129,sample_exhausted,,
cvar,100,50,7,2005130,qptas,completed,False,False,86400,12.371669874999952,12.371669874999952,capped_run,,,0.5,0.5,0.01,0.006666666666666667,8,10,1000,3,20,1000,1000,1000,10,0.1,0.02,1.0,0.5,20.0,,0,100,0.001,nan,nan,nan,False,,highs,,nan,nan,nan,,nan,,,nan,nan,nan,,nan,,1000,2730463682711675625,1005,2005130,sample_exhausted,,
cvar,100,50,8,2005131,qptas,completed,False,False,86400,12.93527097599997,12.93527097599997,capped_run,,,0.5,0.5,0.01,0.006666666666666667,8,10,1000,3,20,1000,1000,1000,10,0.1,0.02,1.0,0.5,20.0,,0,100,0.001,nan,nan,nan,False,,highs,,nan,nan,nan,,nan,,,nan,nan,nan,,nan,,1000,2730463682711675625,1002,2005131,sample_exhausted,,
cvar,100,50,9,2005132,qptas,completed,False,False,86400,11.797228065000013,11.797228065000013,capped_run,,,0.5,0.5,0.01,0.006666666666666667,8,10,1000,3,20,1000,1000,1000,10,0.1,0.02,1.0,0.5,20.0,,0,100,0.001,nan,nan,nan,False,,highs,,nan,nan,nan,,nan,,,nan,nan,nan,,nan,,1000,2730463682711675625,1002,2005132,sample_exhausted,,
cvar,100,50,10,2005133,qptas,completed,False,False,86400,12.794724094000003,12.794724094000003,capped_run,,,0.5,0.5,0.01,0.006666666666666667,8,10,1000,3,20,1000,1000,1000,10,0.1,0.02,1.0,0.5,20.0,,0,100,0.001,nan,nan,nan,False,,highs,,nan,nan,nan,,nan,,,nan,nan,nan,,nan,,1000,2730463682711675625,1001,2005133,sample_exhausted,,
cvar,100,50,11,2005134,qptas,completed,False,False,86400,12.776426048999951,12.776426048999951,capped_run,,,0.5,0.5,0.01,0.006666666666666667,8,10,1000,3,20,1000,1000,1000,10,0.1,0.02,1.0,0.5,20.0,,0,100,0.001,nan,nan,nan,False,,highs,,nan,nan,nan,,nan,,,nan,nan,nan,,nan,,1000,2730463682711675625,1003,2005134,sample_exhausted,,
cvar,100,50,12,2005135,qptas,completed,False,False,86400,11.937518984999997,11.937518984999997,capped_run,,,0.5,0.5,0.01,0.006666666666666667,8,10,1000,3,20,1000,1000,1000,10,0.1,0.02,1.0,0.5,20.0,,0,100,0.001,nan,nan,nan,False,,highs,,nan,nan,nan,,nan,,,nan,nan,nan,,nan,,1000,2730463682711675625,1003,2005135,sample_exhausted,,
cvar,100,50,13,2005136,qptas,completed,False,False,86400,11.98184027100001,11.98184027100001,capped_run,,,0.5,0.5,0.01,0.006666666666666667,8,10,1000,3,20,1000,1000,1000,10,0.1,0.02,1.0,0.5,20.0,,0,100,0.001,nan,nan,nan,False,,highs,,nan,nan,nan,,nan,,,nan,nan,nan,,nan,,1000,2730463682711675625,1007,2005136,sample_exhausted,,
cvar,100,50,14,2005137,qptas,completed,True,False,86400,6.847297475999994,6.847297475999994,capped_run,,,0.5,0.5,0.01,0.006666666666666667,8,10,1000,3,20,1000,1000,1000,10,0.1,0.02,1.0,0.5,20.0,,0,100,0.001,0.009723706447969271,0.009524784566627253,0.009723706447969271,True,,highs,,nan,nan,nan,,nan,,,nan,nan,nan,,nan,,603,2730463682711675625,605,2005137,epsilon_reached,,
cvar,100,50,15,2005138,qptas,completed,False,False,86400,11.904260473000022,11.904260473000022,capped_run,,,0.5,0.5,0.01,0.006666666666666667,8,10,1000,3,20,1000,1000,1000,10,0.1,0.02,1.0,0.5,20.0,,0,100,0.001,nan,nan,nan,False,,highs,,nan,nan,nan,,nan,,,nan,nan,nan,,nan,,1000,2730463682711675625,1005,2005138,sample_exhausted,,
cvar,100,50,16,2005139,qptas,completed,False,False,86400,9.700599763000014,9.700599763000014,capped_run,,,0.5,0.5,0.01,0.006666666666666667,8,10,1000,3,20,1000,1000,1000,10,0.1,0.02,1.0,0.5,20.0,,0,100,0.001,nan,nan,nan,False,,highs,,nan,nan,nan,,nan,,,nan,nan,nan,,nan,,1000,2730463682711675625,1002,2005139,sample_exhausted,,
cvar,100,50,17,2005140,qptas,completed,False,False,86400,12.529000887000052,12.529000887000052,capped_run,,,0.5,0.5,0.01,0.006666666666666667,8,10,1000,3,20,1000,1000,1000,10,0.1,0.02,1.0,0.5,20.0,,0,100,0.001,nan,nan,nan,False,,highs,,nan,nan,nan,,nan,,,nan,nan,nan,,nan,,1000,2730463682711675625,1005,2005140,sample_exhausted,,
cvar,100,50,18,2005141,qptas,completed,False,False,86400,12.782446620999963,12.782446620999963,capped_run,,,0.5,0.5,0.01,0.006666666666666667,8,10,1000,3,20,1000,1000,1000,10,0.1,0.02,1.0,0.5,20.0,,0,100,0.001,nan,nan,nan,False,,highs,,nan,nan,nan,,nan,,,nan,nan,nan,,nan,,1000,2730463682711675625,1000,2005141,sample_exhausted,,
cvar,100,50,19,2005142,qptas,completed,False,False,86400,13.653760966999926,13.653760966999926,capped_run,,,0.5,0.5,0.01,0.006666666666666667,8,10,1000,3,20,1000,1000,1000,10,0.1,0.02,1.0,0.5,20.0,,0,100,0.001,nan,nan,nan,False,,highs,,nan,nan,nan,,nan,,,nan,nan,nan,,nan,,1000,2730463682711675625,1000,2005142,sample_exhausted,,
cvar,250,5,0,3500623,qptas,completed,True,False,86400,0.23726641700000073,0.23726641700000073,capped_run,,,0.5,0.5,0.01,0.006666666666666667,3,16,1000,3,20,1000,1000,1000,16,0.1,0.02,1.0,0.5,20.0,,0,100,0.001,0.009338771964640724,0.009338771964640724,0.008484437544145962,True,,highs,,nan,nan,nan,,nan,,,nan,nan,nan,,nan,,18,1225,20,3500623,epsilon_reached,,
cvar,250,5,1,3500624,qptas,completed,True,False,86400,0.9579348370000389,0.9579348370000389,capped_run,,,0.5,0.5,0.01,0.006666666666666667,3,16,1000,3,20,1000,1000,1000,16,0.1,0.02,1.0,0.5,20.0,,0,100,0.001,0.008996179179592334,0.008513203232035305,0.008996179179592334,True,,highs,,nan,nan,nan,,nan,,,nan,nan,nan,,nan,,75,1225,82,3500624,epsilon_reached,,
cvar,250,5,2,3500625,qptas,completed,True,False,86400,0.6012098310000056,0.6012098310000056,capped_run,,,0.5,0.5,0.01,0.006666666666666667,3,16,1000,3,20,1000,1000,1000,16,0.1,0.02,1.0,0.5,20.0,,0,100,0.001,0.007742240156314417,0.006155685182361592,0.007742240156314417,True,,highs,,nan,nan,nan,,nan,,,nan,nan,nan,,nan,,38,1225,41,3500625,epsilon_reached,,
cvar,250,5,3,3500626,qptas,completed,True,False,86400,0.08657321300006515,0.08657321300006515,capped_run,,,0.5,0.5,0.01,0.006666666666666667,3,16,1000,3,20,1000,1000,1000,16,0.1,0.02,1.0,0.5,20.0,,0,100,0.001,0.004783988511457615,0.004398949036220512,0.004783988511457615,True,,highs,,nan,nan,nan,,nan,,,nan,nan,nan,,nan,,5,1225,6,3500626,epsilon_reached,,
cvar,250,5,4,3500627,qptas,completed,True,False,86400,0.43004488099995797,0.43004488099995797,capped_run,,,0.5,0.5,0.01,0.006666666666666667,3,16,1000,3,20,1000,1000,1000,16,0.1,0.02,1.0,0.5,20.0,,0,100,0.001,0.009425991292969449,0.009425991292969449,0.008474640550346246,True,,highs,,nan,nan,nan,,nan,,,nan,nan,nan,,nan,,22,1225,26,3500627,epsilon_reached,,
cvar,250,5,5,3500628,qptas,completed,True,False,86400,0.6267748830000528,0.6267748830000528,capped_run,,,0.5,0.5,0.01,0.006666666666666667,3,16,1000,3,20,1000,1000,1000,16,0.1,0.02,1.0,0.5,20.0,,0,100,0.001,0.008346177618081874,0.006579597098281431,0.008346177618081874,True,,highs,,nan,nan,nan,,nan,,,nan,nan,nan,,nan,,40,1225,42,3500628,epsilon_reached,,
cvar,250,5,6,3500629,qptas,completed,True,False,86400,0.8081787339999664,0.8081787339999664,capped_run,,,0.5,0.5,0.01,0.006666666666666667,3,16,1000,3,20,1000,1000,1000,16,0.1,0.02,1.0,0.5,20.0,,0,100,0.001,0.008494729301879722,0.005371041532622578,0.008494729301879722,True,,highs,,nan,nan,nan,,nan,,,nan,nan,nan,,nan,,52,1225,55,3500629,epsilon_reached,,
cvar,250,5,7,3500630,qptas,completed,True,False,86400,0.21101380999994035,0.21101380999994035,capped_run,,,0.5,0.5,0.01,0.006666666666666667,3,16,1000,3,20,1000,1000,1000,16,0.1,0.02,1.0,0.5,20.0,,0,100,0.001,0.009957015015809423,0.008497838500376387,0.009957015015809423,True,,highs,,nan,nan,nan,,nan,,,nan,nan,nan,,nan,,9,1225,12,3500630,epsilon_reached,,
cvar,250,5,8,3500631,qptas,completed,True,False,86400,0.14182727100001102,0.14182727100001102,capped_run,,,0.5,0.5,0.01,0.006666666666666667,3,16,1000,3,20,1000,1000,1000,16,0.1,0.02,1.0,0.5,20.0,,0,100,0.001,0.006248525737071908,0.006248525737071908,0.005673805934041765,True,,highs,,nan,nan,nan,,nan,,,nan,nan,nan,,nan,,14,1225,16,3500631,epsilon_reached,,
cvar,250,5,9,3500632,qptas,completed,True,False,86400,0.2034600849999606,0.2034600849999606,capped_run,,,0.5,0.5,0.01,0.006666666666666667,3,16,1000,3,20,1000,1000,1000,16,0.1,0.02,1.0,0.5,20.0,,0,100,0.001,0.005256742453582985,0.0045948842186909755,0.005256742453582985,True,,highs,,nan,nan,nan,,nan,,,nan,nan,nan,,nan,,10,1225,13,3500632,epsilon_reached,,
cvar,250,5,10,3500633,qptas,completed,True,False,86400,0.2032493169999725,0.2032493169999725,capped_run,,,0.5,0.5,0.01,0.006666666666666667,3,16,1000,3,20,1000,1000,1000,16,0.1,0.02,1.0,0.5,20.0,,0,100,0.001,0.008830756319842537,0.008830756319842537,0.008477279591243725,True,,highs,,nan,nan,nan,,nan,,,nan,nan,nan,,nan,,24,1225,26,3500633,epsilon_reached,,
cvar,250,5,11,3500634,qptas,completed,True,False,86400,0.9768156650000037,0.9768156650000037,capped_run,,,0.5,0.5,0.01,0.006666666666666667,3,16,1000,3,20,1000,1000,1000,16,0.1,0.02,1.0,0.5,20.0,,0,100,0.001,0.006873337188413542,0.0066977173444104365,0.006873337188413542,True,,highs,,nan,nan,nan,,nan,,,nan,nan,nan,,nan,,77,1225,88,3500634,epsilon_reached,,
cvar,250,5,12,3500635,qptas,completed,True,False,86400,0.4149357599999348,0.4149357599999348,capped_run,,,0.5,0.5,0.01,0.006666666666666667,3,16,1000,3,20,1000,1000,1000,16,0.1,0.02,1.0,0.5,20.0,,0,100,0.001,0.006596213392573158,0.004750950987763125,0.006596213392573158,True,,highs,,nan,nan,nan,,nan,,,nan,nan,nan,,nan,,23,1225,27,3500635,epsilon_reached,,
cvar,250,5,13,3500636,qptas,completed,True,False,86400,1.5560493850000512,1.5560493850000512,capped_run,,,0.5,0.5,0.01,0.006666666666666667,3,16,1000,3,20,1000,1000,1000,16,0.1,0.02,1.0,0.5,20.0,,0,100,0.001,0.009117597837730751,0.009117597837730751,0.0075823260851112795,True,,highs,,nan,nan,nan,,nan,,,nan,nan,nan,,nan,,109,1225,115,3500636,epsilon_reached,,
cvar,250,5,14,3500637,qptas,completed,True,False,86400,0.1426831819999279,0.1426831819999279,capped_run,,,0.5,0.5,0.01,0.006666666666666667,3,16,1000,3,20,1000,1000,1000,16,0.1,0.02,1.0,0.5,20.0,,0,100,0.001,0.008830947632493535,0.0015300233828196563,0.008830947632493535,True,,highs,,nan,nan,nan,,nan,,,nan,nan,nan,,nan,,7,1225,9,3500637,epsilon_reached,,
cvar,250,5,15,3500638,qptas,completed,True,False,86400,1.756126332000008,1.756126332000008,capped_run,,,0.5,0.5,0.01,0.006666666666666667,3,16,1000,3,20,1000,1000,1000,16,0.1,0.02,1.0,0.5,20.0,,0,100,0.001,0.007883000151430897,0.007883000151430897,0.0029272868099482485,True,,highs,,nan,nan,nan,,nan,,,nan,nan,nan,,nan,,132,1225,150,3500638,epsilon_reached,,
cvar,250,5,16,3500639,qptas,completed,True,False,86400,0.3420973279999089,0.3420973279999089,capped_run,,,0.5,0.5,0.01,0.006666666666666667,3,16,1000,3,20,1000,1000,1000,16,0.1,0.02,1.0,0.5,20.0,,0,100,0.001,0.00765693739846901,0.0043892798026913815,0.00765693739846901,True,,highs,,nan,nan,nan,,nan,,,nan,nan,nan,,nan,,25,1225,26,3500639,epsilon_reached,,
cvar,250,5,17,3500640,qptas,completed,True,False,86400,0.14776015299992196,0.14776015299992196,capped_run,,,0.5,0.5,0.01,0.006666666666666667,3,16,1000,3,20,1000,1000,1000,16,0.1,0.02,1.0,0.5,20.0,,0,100,0.001,0.00879938183365675,0.00879938183365675,0.004677923860170907,True,,highs,,nan,nan,nan,,nan,,,nan,nan,nan,,nan,,10,1225,12,3500640,epsilon_reached,,
cvar,250,5,18,3500641,qptas,completed,True,False,86400,0.33628373599992756,0.33628373599992756,capped_run,,,0.5,0.5,0.01,0.006666666666666667,3,16,1000,3,20,1000,1000,1000,16,0.1,0.02,1.0,0.5,20.0,,0,100,0.001,0.009180725800861822,0.006295051230009285,0.009180725800861822,True,,highs,,nan,nan,nan,,nan,,,nan,nan,nan,,nan,,24,1225,29,3500641,epsilon_reached,,
cvar,250,5,19,3500642,qptas,completed,True,False,86400,0.30164044200000717,0.30164044200000717,capped_run,,,0.5,0.5,0.01,0.006666666666666667,3,16,1000,3,20,1000,1000,1000,16,0.1,0.02,1.0,0.5,20.0,,0,100,0.001,0.007878363004778344,0.007878363004778344,0.007163740298372356,True,,highs,,nan,nan,nan,,nan,,,nan,nan,nan,,nan,,14,1225,16,3500642,epsilon_reached,,
cvar,250,10,0,3501123,qptas,completed,True,False,86400,12.968659444000082,12.968659444000082,capped_run,,,0.5,0.5,0.01,0.006666666666666667,4,16,1000,3,20,1000,1000,1000,16,0.1,0.02,1.0,0.5,20.0,,0,100,0.001,0.008883264212757369,0.008883264212757369,0.007769743811451291,True,,highs,,nan,nan,nan,,nan,,,nan,nan,nan,,nan,,752,511225,776,3501123,epsilon_reached,,
cvar,250,10,1,3501124,qptas,completed,True,False,86400,4.012503422000009,4.012503422000009,capped_run,,,0.5,0.5,0.01,0.006666666666666667,4,16,1000,3,20,1000,1000,1000,16,0.1,0.02,1.0,0.5,20.0,,0,100,0.001,0.009855713175437875,0.009855713175437875,0.007283118923811116,True,,highs,,nan,nan,nan,,nan,,,nan,nan,nan,,nan,,222,511225,228,3501124,epsilon_reached,,
cvar,250,10,2,3501125,qptas,completed,True,False,86400,2.230967812000017,2.230967812000017,capped_run,,,0.5,0.5,0.01,0.006666666666666667,4,16,1000,3,20,1000,1000,1000,16,0.1,0.02,1.0,0.5,20.0,,0,100,0.001,0.007650085089035197,0.007650085089035197,0.006208946477592847,True,,highs,,nan,nan,nan,,nan,,,nan,nan,nan,,nan,,124,511225,126,3501125,epsilon_reached,,
cvar,250,10,3,3501126,qptas,completed,True,False,86400,7.328156765000017,7.328156765000017,capped_run,,,0.5,0.5,0.01,0.006666666666666667,4,16,1000,3,20,1000,1000,1000,16,0.1,0.02,1.0,0.5,20.0,,0,100,0.001,0.009499404280124912,0.009356259207572437,0.009499404280124912,True,,highs,,nan,nan,nan,,nan,,,nan,nan,nan,,nan,,454,511225,468,3501126,epsilon_reached,,
cvar,250,10,4,3501127,qptas,completed,True,False,86400,0.5367766290000873,0.5367766290000873,capped_run,,,0.5,0.5,0.01,0.006666666666666667,4,16,1000,3,20,1000,1000,1000,16,0.1,0.02,1.0,0.5,20.0,,0,100,0.001,0.009657274371173807,0.00959078579580841,0.009657274371173807,True,,highs,,nan,nan,nan,,nan,,,nan,nan,nan,,nan,,27,511225,28,3501127,epsilon_reached,,
cvar,250,10,5,3501128,qptas,completed,True,False,86400,5.254221069000096,5.254221069000096,capped_run,,,0.5,0.5,0.01,0.006666666666666667,4,16,1000,3,20,1000,1000,1000,16,0.1,0.02,1.0,0.5,20.0,,0,100,0.001,0.009516671766994389,0.009107286505323553,0.009516671766994389,True,,highs,,nan,nan,nan,,nan,,,nan,nan,nan,,nan,,305,511225,315,3501128,epsilon_reached,,
cvar,250,10,6,3501129,qptas,completed,True,False,86400,2.6228749260000086,2.6228749260000086,capped_run,,,0.5,0.5,0.01,0.006666666666666667,4,16,1000,3,20,1000,1000,1000,16,0.1,0.02,1.0,0.5,20.0,,0,100,0.001,0.008733590939903557,0.0073842318170807,0.008733590939903557,True,,highs,,nan,nan,nan,,nan,,,nan,nan,nan,,nan,,151,511225,157,3501129,epsilon_reached,,
cvar,250,10,7,3501130,qptas,completed,True,False,86400,4.6724365440001066,4.6724365440001066,capped_run,,,0.5,0.5,0.01,0.006666666666666667,4,16,1000,3,20,1000,1000,1000,16,0.1,0.02,1.0,0.5,20.0,,0,100,0.001,0.00990565542271471,0.007924465308220663,0.00990565542271471,True,,highs,,nan,nan,nan,,nan,,,nan,nan,nan,,nan,,290,511225,303,3501130,epsilon_reached,,
cvar,250,10,8,3501131,qptas,completed,True,False,86400,0.19208759399998598,0.19208759399998598,capped_run,,,0.5,0.5,0.01,0.006666666666666667,4,16,1000,3,20,1000,1000,1000,16,0.1,0.02,1.0,0.5,20.0,,0,100,0.001,0.007817926075630699,0.007488269001581116,0.007817926075630699,True,,highs,,nan,nan,nan,,nan,,,nan,nan,nan,,nan,,10,511225,11,3501131,epsilon_reached,,
cvar,250,10,9,3501132,qptas,completed,True,False,86400,2.0087298570000485,2.0087298570000485,capped_run,,,0.5,0.5,0.01,0.006666666666666667,4,16,1000,3,20,1000,1000,1000,16,0.1,0.02,1.0,0.5,20.0,,0,100,0.001,0.009881979001708785,0.009881979001708785,0.004566119185991591,True,,highs,,nan,nan,nan,,nan,,,nan,nan,nan,,nan,,110,511225,114,3501132,epsilon_reached,,
cvar,250,10,10,3501133,qptas,completed,True,False,86400,3.4207172249999758,3.4207172249999758,capped_run,,,0.5,0.5,0.01,0.006666666666666667,4,16,1000,3,20,1000,1000,1000,16,0.1,0.02,1.0,0.5,20.0,,0,100,0.001,0.009567917721029384,0.0054826605541435924,0.009567917721029384,True,,highs,,nan,nan,nan,,nan,,,nan,nan,nan,,nan,,237,511225,246,3501133,epsilon_reached,,
cvar,250,10,11,3501134,qptas,completed,True,False,86400,4.739495666999915,4.739495666999915,capped_run,,,0.5,0.5,0.01,0.006666666666666667,4,16,1000,3,20,1000,1000,1000,16,0.1,0.02,1.0,0.5,20.0,,0,100,0.001,0.008825761616720607,0.007155176139873931,0.008825761616720607,True,,highs,,nan,nan,nan,,nan,,,nan,nan,nan,,nan,,330,511225,340,3501134,epsilon_reached,,
cvar,250,10,12,3501135,qptas,completed,True,False,86400,0.044705389999990075,0.044705389999990075,capped_run,,,0.5,0.5,0.01,0.006666666666666667,4,16,1000,3,20,1000,1000,1000,16,0.1,0.02,1.0,0.5,20.0,,0,100,0.001,0.008808387358472058,0.007667253306112565,0.008808387358472058,True,,highs,,nan,nan,nan,,nan,,,nan,nan,nan,,nan,,3,511225,4,3501135,epsilon_reached,,
cvar,250,10,13,3501136,qptas,completed,True,False,86400,6.3059014469999966,6.3059014469999966,capped_run,,,0.5,0.5,0.01,0.006666666666666667,4,16,1000,3,20,1000,1000,1000,16,0.1,0.02,1.0,0.5,20.0,,0,100,0.001,0.007356796539708443,0.004810379301192491,0.007356796539708443,True,,highs,,nan,nan,nan,,nan,,,nan,nan,nan,,nan,,364,511225,377,3501136,epsilon_reached,,
cvar,250,10,14,3501137,qptas,completed,True,False,86400,0.7926452050000989,0.7926452050000989,capped_run,,,0.5,0.5,0.01,0.006666666666666667,4,16,1000,3,20,1000,1000,1000,16,0.1,0.02,1.0,0.5,20.0,,0,100,0.001,0.009736680635975603,0.009215012244687903,0.009736680635975603,True,,highs,,nan,nan,nan,,nan,,,nan,nan,nan,,nan,,58,511225,60,3501137,epsilon_reached,,
cvar,250,10,15,3501138,qptas,completed,True,False,86400,0.5883681189999379,0.5883681189999379,capped_run,,,0.5,0.5,0.01,0.006666666666666667,4,16,1000,3,20,1000,1000,1000,16,0.1,0.02,1.0,0.5,20.0,,0,100,0.001,0.009595994903864258,0.009595994903864258,0.003908904491255472,True,,highs,,nan,nan,nan,,nan,,,nan,nan,nan,,nan,,25,511225,26,3501138,epsilon_reached,,
cvar,250,10,16,3501139,qptas,completed,True,False,86400,14.02747471500004,14.02747471500004,capped_run,,,0.5,0.5,0.01,0.006666666666666667,4,16,1000,3,20,1000,1000,1000,16,0.1,0.02,1.0,0.5,20.0,,0,100,0.001,0.009127706077315223,0.005485425159548807,0.009127706077315223,True,,highs,,nan,nan,nan,,nan,,,nan,nan,nan,,nan,,798,511225,821,3501139,epsilon_reached,,
cvar,250,10,17,3501140,qptas,completed,True,False,86400,3.2970383690000062,3.2970383690000062,capped_run,,,0.5,0.5,0.01,0.006666666666666667,4,16,1000,3,20,1000,1000,1000,16,0.1,0.02,1.0,0.5,20.0,,0,100,0.001,0.00835792297209198,0.008257535432721341,0.00835792297209198,True,,highs,,nan,nan,nan,,nan,,,nan,nan,nan,,nan,,177,511225,180,3501140,epsilon_reached,,
cvar,250,10,18,3501141,qptas,completed,True,False,86400,0.19836611799996717,0.19836611799996717,capped_run,,,0.5,0.5,0.01,0.006666666666666667,4,16,1000,3,20,1000,1000,1000,16,0.1,0.02,1.0,0.5,20.0,,0,100,0.001,0.009613961929331616,0.009613961929331616,0.007951669958908947,True,,highs,,nan,nan,nan,,nan,,,nan,nan,nan,,nan,,7,511225,8,3501141,epsilon_reached,,
cvar,250,10,19,3501142,qptas,completed,True,False,86400,10.508228458999952,10.508228458999952,capped_run,,,0.5,0.5,0.01,0.006666666666666667,4,16,1000,3,20,1000,1000,1000,16,0.1,0.02,1.0,0.5,20.0,,0,100,0.001,0.009800885072241805,0.008027040709445377,0.009800885072241805,True,,highs,,nan,nan,nan,,nan,,,nan,nan,nan,,nan,,645,511225,669,3501142,epsilon_reached,,
cvar,250,20,0,3502123,qptas,completed,True,False,86400,8.987924602000021,8.987924602000021,capped_run,,,0.5,0.5,0.01,0.006666666666666667,5,16,1000,3,20,1000,1000,1000,16,0.1,0.02,1.0,0.5,20.0,,0,100,0.001,0.009073368859418118,0.007530010134510934,0.009073368859418118,True,,highs,,nan,nan,nan,,nan,,,nan,nan,nan,,nan,,441,1806590016,446,3502123,epsilon_reached,,
cvar,250,20,1,3502124,qptas,completed,True,False,86400,2.382464343000038,2.382464343000038,capped_run,,,0.5,0.5,0.01,0.006666666666666667,5,16,1000,3,20,1000,1000,1000,16,0.1,0.02,1.0,0.5,20.0,,0,100,0.001,0.008784608062983423,0.008784608062983423,0.00868891705616781,True,,highs,,nan,nan,nan,,nan,,,nan,nan,nan,,nan,,111,1806590016,113,3502124,epsilon_reached,,
cvar,250,20,2,3502125,qptas,completed,False,False,86400,20.374164175000033,20.374164175000033,capped_run,,,0.5,0.5,0.01,0.006666666666666667,5,16,1000,3,20,1000,1000,1000,16,0.1,0.02,1.0,0.5,20.0,,0,100,0.001,nan,nan,nan,False,,highs,,nan,nan,nan,,nan,,,nan,nan,nan,,nan,,1000,1806590016,1018,3502125,sample_exhausted,,
cvar,250,20,3,3502126,qptas,completed,True,False,86400,15.654781233999984,15.654781233999984,capped_run,,,0.5,0.5,0.01,0.006666666666666667,5,16,1000,3,20,1000,1000,1000,16,0.1,0.02,1.0,0.5,20.0,,0,100,0.001,0.009343073037507477,0.009343073037507477,0.008130954833483084,True,,highs,,nan,nan,nan,,nan,,,nan,nan,nan,,nan,,766,1806590016,777,3502126,epsilon_reached,,
cvar,250,20,4,3502127,qptas,completed,False,False,86400,22.081731550999848,22.081731550999848,capped_run,,,0.5,0.5,0.01,0.006666666666666667,5,16,1000,3,20,1000,1000,1000,16,0.1,0.02,1.0,0.5,20.0,,0,100,0.001,nan,nan,nan,False,,highs,,nan,nan,nan,,nan,,,nan,nan,nan,,nan,,1000,1806590016,1012,3502127,sample_exhausted,,
cvar,250,20,5,3502128,qptas,completed,False,False,86400,20.94245600499994,20.94245600499994,capped_run,,,0.5,0.5,0.01,0.006666666666666667,5,16,1000,3,20,1000,1000,1000,16,0.1,0.02,1.0,0.5,20.0,,0,100,0.001,nan,nan,nan,False,,highs,,nan,nan,nan,,nan,,,nan,nan,nan,,nan,,1000,1806590016,1008,3502128,sample_exhausted,,
cvar,250,20,6,3502129,qptas,completed,True,False,86400,16.618868374000044,16.618868374000044,capped_run,,,0.5,0.5,0.01,0.006666666666666667,5,16,1000,3,20,1000,1000,1000,16,0.1,0.02,1.0,0.5,20.0,,0,100,0.001,0.009818140054612456,0.009109612194369954,0.009818140054612456,True,,highs,,nan,nan,nan,,nan,,,nan,nan,nan,,nan,,789,1806590016,798,3502129,epsilon_reached,,
cvar,250,20,7,3502130,qptas,completed,False,False,86400,21.864257116999966,21.864257116999966,capped_run,,,0.5,0.5,0.01,0.006666666666666667,5,16,1000,3,20,1000,1000,1000,16,0.1,0.02,1.0,0.5,20.0,,0,100,0.001,nan,nan,nan,False,,highs,,nan,nan,nan,,nan,,,nan,nan,nan,,nan,,1000,1806590016,1012,3502130,sample_exhausted,,
cvar,250,20,8,3502131,qptas,completed,False,False,86400,22.418196986000112,22.418196986000112,capped_run,,,0.5,0.5,0.01,0.006666666666666667,5,16,1000,3,20,1000,1000,1000,16,0.1,0.02,1.0,0.5,20.0,,0,100,0.001,nan,nan,nan,False,,highs,,nan,nan,nan,,nan,,,nan,nan,nan,,nan,,1000,1806590016,1008,3502131,sample_exhausted,,
cvar,250,20,9,3502132,qptas,completed,True,False,86400,16.413634387000002,16.413634387000002,capped_run,,,0.5,0.5,0.01,0.006666666666666667,5,16,1000,3,20,1000,1000,1000,16,0.1,0.02,1.0,0.5,20.0,,0,100,0.001,0.009559942211762151,0.006941567466945908,0.009559942211762151,True,,highs,,nan,nan,nan,,nan,,,nan,nan,nan,,nan,,818,1806590016,831,3502132,epsilon_reached,,
cvar,250,20,10,3502133,qptas,completed,True,False,86400,3.5451097549999986,3.5451097549999986,capped_run,,,0.5,0.5,0.01,0.006666666666666667,5,16,1000,3,20,1000,1000,1000,16,0.1,0.02,1.0,0.5,20.0,,0,100,0.001,0.009530329727348907,0.007326836606602383,0.009530329727348907,True,,highs,,nan,nan,nan,,nan,,,nan,nan,nan,,nan,,173,1806590016,177,3502133,epsilon_reached,,
cvar,250,20,11,3502134,qptas,completed,True,False,86400,5.220116941000015,5.220116941000015,capped_run,,,0.5,0.5,0.01,0.006666666666666667,5,16,1000,3,20,1000,1000,1000,16,0.1,0.02,1.0,0.5,20.0,,0,100,0.001,0.009319263417532586,0.009319263417532586,0.008685598637550085,True,,highs,,nan,nan,nan,,nan,,,nan,nan,nan,,nan,,240,1806590016,247,3502134,epsilon_reached,,
cvar,250,20,12,3502135,qptas,completed,True,False,86400,3.665327009000066,3.665327009000066,capped_run,,,0.5,0.5,0.01,0.006666666666666667,5,16,1000,3,20,1000,1000,1000,16,0.1,0.02,1.0,0.5,20.0,,0,100,0.001,0.009989039079720485,0.009989039079720485,0.0069910233444367975,True,,highs,,nan,nan,nan,,nan,,,nan,nan,nan,,nan,,180,1806590016,183,3502135,epsilon_reached,,
cvar,250,20,13,3502136,qptas,completed,False,False,86400,21.625107266999862,21.625107266999862,capped_run,,,0.5,0.5,0.01,0.006666666666666667,5,16,1000,3,20,1000,1000,1000,16,0.1,0.02,1.0,0.5,20.0,,0,100,0.001,nan,nan,nan,False,,highs,,nan,nan,nan,,nan,,,nan,nan,nan,,nan,,1000,1806590016,1017,3502136,sample_exhausted,,
cvar,250,20,14,3502137,qptas,completed,False,False,86400,23.015535102999934,23.015535102999934,capped_run,,,0.5,0.5,0.01,0.006666666666666667,5,16,1000,3,20,1000,1000,1000,16,0.1,0.02,1.0,0.5,20.0,,0,100,0.001,nan,nan,nan,False,,highs,,nan,nan,nan,,nan,,,nan,nan,nan,,nan,,1000,1806590016,1016,3502137,sample_exhausted,,
cvar,250,20,15,3502138,qptas,completed,False,False,86400,22.64494144899993,22.64494144899993,capped_run,,,0.5,0.5,0.01,0.006666666666666667,5,16,1000,3,20,1000,1000,1000,16,0.1,0.02,1.0,0.5,20.0,,0,100,0.001,nan,nan,nan,False,,highs,,nan,nan,nan,,nan,,,nan,nan,nan,,nan,,1000,1806590016,1008,3502138,sample_exhausted,,
cvar,250,20,16,3502139,qptas,completed,True,False,86400,2.7649426199999425,2.7649426199999425,capped_run,,,0.5,0.5,0.01,0.006666666666666667,5,16,1000,3,20,1000,1000,1000,16,0.1,0.02,1.0,0.5,20.0,,0,100,0.001,0.009865684223236082,0.008113180956945576,0.009865684223236082,True,,highs,,nan,nan,nan,,nan,,,nan,nan,nan,,nan,,112,1806590016,114,3502139,epsilon_reached,,
cvar,250,20,17,3502140,qptas,completed,True,False,86400,13.661575887000026,13.661575887000026,capped_run,,,0.5,0.5,0.01,0.006666666666666667,5,16,1000,3,20,1000,1000,1000,16,0.1,0.02,1.0,0.5,20.0,,0,100,0.001,0.00836867704360511,0.007686386988366156,0.00836867704360511,True,,highs,,nan,nan,nan,,nan,,,nan,nan,nan,,nan,,631,1806590016,638,3502140,epsilon_reached,,
cvar,250,20,18,3502141,qptas,completed,True,False,86400,1.6476041749999695,1.6476041749999695,capped_run,,,0.5,0.5,0.01,0.006666666666666667,5,16,1000,3,20,1000,1000,1000,16,0.1,0.02,1.0,0.5,20.0,,0,100,0.001,0.009546371107248153,0.00854900987934143,0.009546371107248153,True,,highs,,nan,nan,nan,,nan,,,nan,nan,nan,,nan,,96,1806590016,101,3502141,epsilon_reached,,
cvar,250,20,19,3502142,qptas,completed,False,False,86400,21.752130451000085,21.752130451000085,capped_run,,,0.5,0.5,0.01,0.006666666666666667,5,16,1000,3,20,1000,1000,1000,16,0.1,0.02,1.0,0.5,20.0,,0,100,0.001,nan,nan,nan,False,,highs,,nan,nan,nan,,nan,,,nan,nan,nan,,nan,,1000,1806590016,1022,3502142,sample_exhausted,,
cvar,250,50,0,3505123,qptas,completed,True,False,86400,0.4136729499999774,0.4136729499999774,capped_run,,,0.5,0.5,0.01,0.006666666666666667,8,16,1000,3,20,1000,1000,1000,16,0.1,0.02,1.0,0.5,20.0,,0,100,0.001,0.009831825741248523,0.005942191105316463,0.009831825741248523,True,,highs,,nan,nan,nan,,nan,,,nan,nan,nan,,nan,,11,2730463682711675625,12,3505123,epsilon_reached,,
cvar,250,50,1,3505124,qptas,completed,True,False,86400,29.13814382399994,29.13814382399994,capped_run,,,0.5,0.5,0.01,0.006666666666666667,8,16,1000,3,20,1000,1000,1000,16,0.1,0.02,1.0,0.5,20.0,,0,100,0.001,0.008024296350191917,0.008024296350191917,0.005256881958972781,True,,highs,,nan,nan,nan,,nan,,,nan,nan,nan,,nan,,832,2730463682711675625,849,3505124,epsilon_reached,,
cvar,250,50,2,3505125,qptas,completed,True,False,86400,28.16520783699991,28.16520783699991,capped_run,,,0.5,0.5,0.01,0.006666666666666667,8,16,1000,3,20,1000,1000,1000,16,0.1,0.02,1.0,0.5,20.0,,0,100,0.001,0.00986929432243433,0.0094814867071637,0.00986929432243433,True,,highs,,nan,nan,nan,,nan,,,nan,nan,nan,,nan,,829,2730463682711675625,843,3505125,epsilon_reached,,
cvar,250,50,3,3505126,qptas,completed,True,False,86400,2.086921567000104,2.086921567000104,capped_run,,,0.5,0.5,0.01,0.006666666666666667,8,16,1000,3,20,1000,1000,1000,16,0.1,0.02,1.0,0.5,20.0,,0,100,0.001,0.008076333194270702,0.008076333194270702,0.005027948778830282,True,,highs,,nan,nan,nan,,nan,,,nan,nan,nan,,nan,,54,2730463682711675625,56,3505126,epsilon_reached,,
cvar,250,50,4,3505127,qptas,completed,False,False,86400,31.375041304999854,31.375041304999854,capped_run,,,0.5,0.5,0.01,0.006666666666666667,8,16,1000,3,20,1000,1000,1000,16,0.1,0.02,1.0,0.5,20.0,,0,100,0.001,nan,nan,nan,False,,highs,,nan,nan,nan,,nan,,,nan,nan,nan,,nan,,1000,2730463682711675625,1012,3505127,sample_exhausted,,
cvar,250,50,5,3505128,qptas,completed,True,False,86400,9.768828011999858,9.768828011999858,capped_run,,,0.5,0.5,0.01,0.006666666666666667,8,16,1000,3,20,1000,1000,1000,16,0.1,0.02,1.0,0.5,20.0,,0,100,0.001,0.009932093670246833,0.009125890707082362,0.009932093670246833,True,,highs,,nan,nan,nan,,nan,,,nan,nan,nan,,nan,,298,2730463682711675625,304,3505128,epsilon_reached,,
cvar,250,50,6,3505129,qptas,completed,True,False,86400,8.43967137900006,8.43967137900006,capped_run,,,0.5,0.5,0.01,0.006666666666666667,8,16,1000,3,20,1000,1000,1000,16,0.1,0.02,1.0,0.5,20.0,,0,100,0.001,0.009216475104463828,0.009216475104463828,0.00853353178546934,True,,highs,,nan,nan,nan,,nan,,,nan,nan,nan,,nan,,221,2730463682711675625,227,3505129,epsilon_reached,,
cvar,250,50,7,3505130,qptas,completed,False,False,86400,37.503032558000086,37.503032558000086,capped_run,,,0.5,0.5,0.01,0.006666666666666667,8,16,1000,3,20,1000,1000,1000,16,0.1,0.02,1.0,0.5,20.0,,0,100,0.001,nan,nan,nan,False,,highs,,nan,nan,nan,,nan,,,nan,nan,nan,,nan,,1000,2730463682711675625,1032,3505130,sample_exhausted,,
cvar,250,50,8,3505131,qptas,completed,True,False,86400,15.708943697999985,15.708943697999985,capped_run,,,0.5,0.5,0.01,0.006666666666666667,8,16,1000,3,20,1000,1000,1000,16,0.1,0.02,1.0,0.5,20.0,,0,100,0.001,0.009943729570224324,0.009930847748959304,0.009943729570224324,True,,highs,,nan,nan,nan,,nan,,,nan,nan,nan,,nan,,460,2730463682711675625,468,3505131,epsilon_reached,,
cvar,250,50,9,3505132,qptas,completed,True,False,86400,20.488582664000205,20.488582664000205,capped_run,,,0.5,0.5,0.01,0.006666666666666667,8,16,1000,3,20,1000,1000,1000,16,0.1,0.02,1.0,0.5,20.0,,0,100,0.001,0.009466128254070949,0.00882830042743965,0.009466128254070949,True,,highs,,nan,nan,nan,,nan,,,nan,nan,nan,,nan,,571,2730463682711675625,580,3505132,epsilon_reached,,
cvar,250,50,10,3505133,qptas,completed,False,False,86400,35.355556177999915,35.355556177999915,capped_run,,,0.5,0.5,0.01,0.006666666666666667,8,16,1000,3,20,1000,1000,1000,16,0.1,0.02,1.0,0.5,20.0,,0,100,0.001,nan,nan,nan,False,,highs,,nan,nan,nan,,nan,,,nan,nan,nan,,nan,,1000,2730463682711675625,1009,3505133,sample_exhausted,,
cvar,250,50,11,3505134,qptas,completed,False,False,86400,34.33314552700017,34.33314552700017,capped_run,,,0.5,0.5,0.01,0.006666666666666667,8,16,1000,3,20,1000,1000,1000,16,0.1,0.02,1.0,0.5,20.0,,0,100,0.001,nan,nan,nan,False,,highs,,nan,nan,nan,,nan,,,nan,nan,nan,,nan,,1000,2730463682711675625,1019,3505134,sample_exhausted,,
cvar,250,50,12,3505135,qptas,completed,False,False,86400,34.27974819600013,34.27974819600013,capped_run,,,0.5,0.5,0.01,0.006666666666666667,8,16,1000,3,20,1000,1000,1000,16,0.1,0.02,1.0,0.5,20.0,,0,100,0.001,nan,nan,nan,False,,highs,,nan,nan,nan,,nan,,,nan,nan,nan,,nan,,1000,2730463682711675625,1022,3505135,sample_exhausted,,
cvar,250,50,13,3505136,qptas,completed,True,False,86400,12.058396025999855,12.058396025999855,capped_run,,,0.5,0.5,0.01,0.006666666666666667,8,16,1000,3,20,1000,1000,1000,16,0.1,0.02,1.0,0.5,20.0,,0,100,0.001,0.009985184921392887,0.009960345974541762,0.009985184921392887,True,,highs,,nan,nan,nan,,nan,,,nan,nan,nan,,nan,,350,2730463682711675625,355,3505136,epsilon_reached,,
cvar,250,50,14,3505137,qptas,completed,True,False,86400,9.532153896999944,9.532153896999944,capped_run,,,0.5,0.5,0.01,0.006666666666666667,8,16,1000,3,20,1000,1000,1000,16,0.1,0.02,1.0,0.5,20.0,,0,100,0.001,0.009911519247309819,0.009911519247309819,0.00823496732473672,True,,highs,,nan,nan,nan,,nan,,,nan,nan,nan,,nan,,274,2730463682711675625,279,3505137,epsilon_reached,,
cvar,250,50,15,3505138,qptas,completed,True,False,86400,1.3634948690000783,1.3634948690000783,capped_run,,,0.5,0.5,0.01,0.006666666666666667,8,16,1000,3,20,1000,1000,1000,16,0.1,0.02,1.0,0.5,20.0,,0,100,0.001,0.009651857652470508,0.009651857652470508,0.008272322193859816,True,,highs,,nan,nan,nan,,nan,,,nan,nan,nan,,nan,,35,2730463682711675625,36,3505138,epsilon_reached,,
cvar,250,50,16,3505139,qptas,completed,False,False,86400,33.97776768099993,33.97776768099993,capped_run,,,0.5,0.5,0.01,0.006666666666666667,8,16,1000,3,20,1000,1000,1000,16,0.1,0.02,1.0,0.5,20.0,,0,100,0.001,nan,nan,nan,False,,highs,,nan,nan,nan,,nan,,,nan,nan,nan,,nan,,1000,2730463682711675625,1015,3505139,sample_exhausted,,
cvar,250,50,17,3505140,qptas,completed,True,False,86400,11.622448271000167,11.622448271000167,capped_run,,,0.5,0.5,0.01,0.006666666666666667,8,16,1000,3,20,1000,1000,1000,16,0.1,0.02,1.0,0.5,20.0,,0,100,0.001,0.009840536139939404,0.00915266804426007,0.009840536139939404,True,,highs,,nan,nan,nan,,nan,,,nan,nan,nan,,nan,,322,2730463682711675625,327,3505140,epsilon_reached,,
cvar,250,50,18,3505141,qptas,completed,True,False,86400,19.77054834899991,19.77054834899991,capped_run,,,0.5,0.5,0.01,0.006666666666666667,8,16,1000,3,20,1000,1000,1000,16,0.1,0.02,1.0,0.5,20.0,,0,100,0.001,0.009429701853079564,0.008833911016481455,0.009429701853079564,True,,highs,,nan,nan,nan,,nan,,,nan,nan,nan,,nan,,554,2730463682711675625,563,3505141,epsilon_reached,,
cvar,250,50,19,3505142,qptas,completed,True,False,86400,1.6304015430000618,1.6304015430000618,capped_run,,,0.5,0.5,0.01,0.006666666666666667,8,16,1000,3,20,1000,1000,1000,16,0.1,0.02,1.0,0.5,20.0,,0,100,0.001,0.009987038674911852,0.009987038674911852,0.009101840968683217,True,,highs,,nan,nan,nan,,nan,,,nan,nan,nan,,nan,,45,2730463682711675625,47,3505142,epsilon_reached,,
cvar,500,5,0,6000623,qptas,completed,True,False,86400,2.9664943129998846,2.9664943129998846,capped_run,,,0.5,0.5,0.01,0.006666666666666667,3,23,1000,3,20,1000,1000,1000,23,0.1,0.02,1.0,0.5,20.0,,0,100,0.001,0.008768674244232777,0.008768674244232777,0.00838375230731181,True,,highs,,nan,nan,nan,,nan,,,nan,nan,nan,,nan,,68,1225,72,6000623,epsilon_reached,,
cvar,500,5,1,6000624,qptas,completed,True,False,86400,0.11061134400006267,0.11061134400006267,capped_run,,,0.5,0.5,0.01,0.006666666666666667,3,23,1000,3,20,1000,1000,1000,23,0.1,0.02,1.0,0.5,20.0,,0,100,0.001,0.009807229374797777,0.009807229374797777,0.005251783811697719,True,,highs,,nan,nan,nan,,nan,,,nan,nan,nan,,nan,,1,1225,2,6000624,epsilon_reached,,
cvar,500,5,2,6000625,qptas,completed,True,False,86400,0.5603342099998372,0.5603342099998372,capped_run,,,0.5,0.5,0.01,0.006666666666666667,3,23,1000,3,20,1000,1000,1000,23,0.1,0.02,1.0,0.5,20.0,,0,100,0.001,0.009106408734719351,0.009106408734719351,0.006014724674219651,True,,highs,,nan,nan,nan,,nan,,,nan,nan,nan,,nan,,11,1225,12,6000625,epsilon_reached,,
cvar,500,5,3,6000626,qptas,completed,True,False,86400,1.014383276999979,1.014383276999979,capped_run,,,0.5,0.5,0.01,0.006666666666666667,3,23,1000,3,20,1000,1000,1000,23,0.1,0.02,1.0,0.5,20.0,,0,100,0.001,0.009926326336433533,0.009926326336433533,0.009609000077007823,True,,highs,,nan,nan,nan,,nan,,,nan,nan,nan,,nan,,24,1225,25,6000626,epsilon_reached,,
cvar,500,5,4,6000627,qptas,completed,True,False,86400,1.0719037819999357,1.0719037819999357,capped_run,,,0.5,0.5,0.01,0.006666666666666667,3,23,1000,3,20,1000,1000,1000,23,0.1,0.02,1.0,0.5,20.0,,0,100,0.001,0.008384403639882021,0.006489908671621358,0.008384403639882021,True,,highs,,nan,nan,nan,,nan,,,nan,nan,nan,,nan,,26,1225,29,6000627,epsilon_reached,,
cvar,500,5,5,6000628,qptas,completed,True,False,86400,2.932879289000084,2.932879289000084,capped_run,,,0.5,0.5,0.01,0.006666666666666667,3,23,1000,3,20,1000,1000,1000,23,0.1,0.02,1.0,0.5,20.0,,0,100,0.001,0.006275227460747268,0.006275227460747268,0.005789156748089108,True,,highs,,nan,nan,nan,,nan,,,nan,nan,nan,,nan,,69,1225,77,6000628,epsilon_reached,,
cvar,500,5,6,6000629,qptas,completed,True,False,86400,0.4331756660001247,0.4331756660001247,capped_run,,,0.5,0.5,0.01,0.006666666666666667,3,23,1000,3,20,1000,1000,1000,23,0.1,0.02,1.0,0.5,20.0,,0,100,0.001,0.009766509734174478,0.009766509734174478,0.004716606468492868,True,,highs,,nan,nan,nan,,nan,,,nan,nan,nan,,nan,,10,1225,11,6000629,epsilon_reached,,
cvar,500,5,7,6000630,qptas,completed,True,False,86400,0.29802334300006805,0.29802334300006805,capped_run,,,0.5,0.5,0.01,0.006666666666666667,3,23,1000,3,20,1000,1000,1000,23,0.1,0.02,1.0,0.5,20.0,,0,100,0.001,0.008074633643944285,0.008074633643944285,0.006447426885564489,True,,highs,,nan,nan,nan,,nan,,,nan,nan,nan,,nan,,7,1225,8,6000630,epsilon_reached,,
cvar,500,5,8,6000631,qptas,completed,True,False,86400,2.5620058879999306,2.5620058879999306,capped_run,,,0.5,0.5,0.01,0.006666666666666667,3,23,1000,3,20,1000,1000,1000,23,0.1,0.02,1.0,0.5,20.0,,0,100,0.001,0.009153845403022665,0.009153845403022665,0.0040214639986952405,True,,highs,,nan,nan,nan,,nan,,,nan,nan,nan,,nan,,60,1225,67,6000631,epsilon_reached,,
cvar,500,5,9,6000632,qptas,completed,True,False,86400,1.9612380650000887,1.9612380650000887,capped_run,,,0.5,0.5,0.01,0.006666666666666667,3,23,1000,3,20,1000,1000,1000,23,0.1,0.02,1.0,0.5,20.0,,0,100,0.001,0.009990940006166682,0.009990940006166682,0.006607872706838269,True,,highs,,nan,nan,nan,,nan,,,nan,nan,nan,,nan,,56,1225,60,6000632,epsilon_reached,,
cvar,500,5,10,6000633,qptas,completed,True,False,86400,1.1807715790000657,1.1807715790000657,capped_run,,,0.5,0.5,0.01,0.006666666666666667,3,23,1000,3,20,1000,1000,1000,23,0.1,0.02,1.0,0.5,20.0,,0,100,0.001,0.00973194370140018,0.00973194370140018,0.008372340667312184,True,,highs,,nan,nan,nan,,nan,,,nan,nan,nan,,nan,,25,1225,31,6000633,epsilon_reached,,
cvar,500,5,11,6000634,qptas,completed,True,False,86400,1.1679760340000485,1.1679760340000485,capped_run,,,0.5,0.5,0.01,0.006666666666666667,3,23,1000,3,20,1000,1000,1000,23,0.1,0.02,1.0,0.5,20.0,,0,100,0.001,0.006884167514684125,0.0054158628447615875,0.006884167514684125,True,,highs,,nan,nan,nan,,nan,,,nan,nan,nan,,nan,,33,1225,36,6000634,epsilon_reached,,
cvar,500,5,12,6000635,qptas,completed,True,False,86400,1.4134002890000374,1.4134002890000374,capped_run,,,0.5,0.5,0.01,0.006666666666666667,3,23,1000,3,20,1000,1000,1000,23,0.1,0.02,1.0,0.5,20.0,,0,100,0.001,0.007974961690246973,0.007974961690246973,0.007666724351115484,True,,highs,,nan,nan,nan,,nan,,,nan,nan,nan,,nan,,34,1225,38,6000635,epsilon_reached,,
cvar,500,5,13,6000636,qptas,completed,True,False,86400,0.5685049050000544,0.5685049050000544,capped_run,,,0.5,0.5,0.01,0.006666666666666667,3,23,1000,3,20,1000,1000,1000,23,0.1,0.02,1.0,0.5,20.0,,0,100,0.001,0.009632082092554839,0.00689332497685341,0.009632082092554839,True,,highs,,nan,nan,nan,,nan,,,nan,nan,nan,,nan,,10,1225,13,6000636,epsilon_reached,,
cvar,500,5,14,6000637,qptas,completed,True,False,86400,3.8386564069999167,3.8386564069999167,capped_run,,,0.5,0.5,0.01,0.006666666666666667,3,23,1000,3,20,1000,1000,1000,23,0.1,0.02,1.0,0.5,20.0,,0,100,0.001,0.008479281667661098,0.008479281667661098,0.006877646090213074,True,,highs,,nan,nan,nan,,nan,,,nan,nan,nan,,nan,,108,1225,115,6000637,epsilon_reached,,
cvar,500,5,15,6000638,qptas,completed,True,False,86400,0.4022642260001703,0.4022642260001703,capped_run,,,0.5,0.5,0.01,0.006666666666666667,3,23,1000,3,20,1000,1000,1000,23,0.1,0.02,1.0,0.5,20.0,,0,100,0.001,0.008624432262874626,0.006382318174271262,0.008624432262874626,True,,highs,,nan,nan,nan,,nan,,,nan,nan,nan,,nan,,11,1225,12,6000638,epsilon_reached,,
cvar,500,5,16,6000639,qptas,completed,True,False,86400,0.9945158420000553,0.9945158420000553,capped_run,,,0.5,0.5,0.01,0.006666666666666667,3,23,1000,3,20,1000,1000,1000,23,0.1,0.02,1.0,0.5,20.0,,0,100,0.001,0.005852358974714478,0.005746829517337737,0.005852358974714478,True,,highs,,nan,nan,nan,,nan,,,nan,nan,nan,,nan,,31,1225,37,6000639,epsilon_reached,,
cvar,500,5,17,6000640,qptas,completed,True,False,86400,0.5960056450001048,0.5960056450001048,capped_run,,,0.5,0.5,0.01,0.006666666666666667,3,23,1000,3,20,1000,1000,1000,23,0.1,0.02,1.0,0.5,20.0,,0,100,0.001,0.007994546328698449,0.007994546328698449,0.004460848162379127,True,,highs,,nan,nan,nan,,nan,,,nan,nan,nan,,nan,,11,1225,14,6000640,epsilon_reached,,
cvar,500,5,18,6000641,qptas,completed,True,False,86400,1.06498013800001,1.06498013800001,capped_run,,,0.5,0.5,0.01,0.006666666666666667,3,23,1000,3,20,1000,1000,1000,23,0.1,0.02,1.0,0.5,20.0,,0,100,0.001,0.009589295966919709,0.007269003973878585,0.009589295966919709,True,,highs,,nan,nan,nan,,nan,,,nan,nan,nan,,nan,,26,1225,32,6000641,epsilon_reached,,
cvar,500,5,19,6000642,qptas,completed,True,False,86400,1.2057334010000886,1.2057334010000886,capped_run,,,0.5,0.5,0.01,0.006666666666666667,3,23,1000,3,20,1000,1000,1000,23,0.1,0.02,1.0,0.5,20.0,,0,100,0.001,0.007464501289754399,0.007464501289754399,0.005566615712544631,True,,highs,,nan,nan,nan,,nan,,,nan,nan,nan,,nan,,33,1225,34,6000642,epsilon_reached,,
cvar,500,10,0,6001123,qptas,completed,True,False,86400,4.009872645999849,4.009872645999849,capped_run,,,0.5,0.5,0.01,0.006666666666666667,4,23,1000,3,20,1000,1000,1000,23,0.1,0.02,1.0,0.5,20.0,,0,100,0.001,0.009931657521362658,0.009931657521362658,0.008358926503583608,True,,highs,,nan,nan,nan,,nan,,,nan,nan,nan,,nan,,105,511225,111,6001123,epsilon_reached,,
cvar,500,10,1,6001124,qptas,completed,True,False,86400,23.390119899999945,23.390119899999945,capped_run,,,0.5,0.5,0.01,0.006666666666666667,4,23,1000,3,20,1000,1000,1000,23,0.1,0.02,1.0,0.5,20.0,,0,100,0.001,0.009779518699105316,0.009779518699105316,0.009674648693921983,True,,highs,,nan,nan,nan,,nan,,,nan,nan,nan,,nan,,538,511225,551,6001124,epsilon_reached,,
cvar,500,10,2,6001125,qptas,completed,True,False,86400,1.6602766439998504,1.6602766439998504,capped_run,,,0.5,0.5,0.01,0.006666666666666667,4,23,1000,3,20,1000,1000,1000,23,0.1,0.02,1.0,0.5,20.0,,0,100,0.001,0.008578805184669469,0.006385720609655587,0.008578805184669469,True,,highs,,nan,nan,nan,,nan,,,nan,nan,nan,,nan,,35,511225,38,6001125,epsilon_reached,,
cvar,500,10,3,6001126,qptas,completed,True,False,86400,3.5081065599999874,3.5081065599999874,capped_run,,,0.5,0.5,0.01,0.006666666666666667,4,23,1000,3,20,1000,1000,1000,23,0.1,0.02,1.0,0.5,20.0,,0,100,0.001,0.009847163329066988,0.009847163329066988,0.009627080737294569,True,,highs,,nan,nan,nan,,nan,,,nan,nan,nan,,nan,,68,511225,69,6001126,epsilon_reached,,
cvar,500,10,4,6001127,qptas,completed,True,False,86400,1.025960305999888,1.025960305999888,capped_run,,,0.5,0.5,0.01,0.006666666666666667,4,23,1000,3,20,1000,1000,1000,23,0.1,0.02,1.0,0.5,20.0,,0,100,0.001,0.008015762264711956,0.006306028047156964,0.008015762264711956,True,,highs,,nan,nan,nan,,nan,,,nan,nan,nan,,nan,,25,511225,27,6001127,epsilon_reached,,
cvar,500,10,5,6001128,qptas,completed,True,False,86400,4.948751893999997,4.948751893999997,capped_run,,,0.5,0.5,0.01,0.006666666666666667,4,23,1000,3,20,1000,1000,1000,23,0.1,0.02,1.0,0.5,20.0,,0,100,0.001,0.009632091416175381,0.009632091416175381,0.00743408072862789,True,,highs,,nan,nan,nan,,nan,,,nan,nan,nan,,nan,,112,511225,114,6001128,epsilon_reached,,
cvar,500,10,6,6001129,qptas,completed,True,False,86400,7.565547474999903,7.565547474999903,capped_run,,,0.5,0.5,0.01,0.006666666666666667,4,23,1000,3,20,1000,1000,1000,23,0.1,0.02,1.0,0.5,20.0,,0,100,0.001,0.00940697276291902,0.009259134649126977,0.00940697276291902,True,,highs,,nan,nan,nan,,nan,,,nan,nan,nan,,nan,,201,511225,207,6001129,epsilon_reached,,
cvar,500,10,7,6001130,qptas,completed,True,False,86400,1.2152493739999954,1.2152493739999954,capped_run,,,0.5,0.5,0.01,0.006666666666666667,4,23,1000,3,20,1000,1000,1000,23,0.1,0.02,1.0,0.5,20.0,,0,100,0.001,0.008806998666826327,0.008806998666826327,0.007367278538845001,True,,highs,,nan,nan,nan,,nan,,,nan,nan,nan,,nan,,28,511225,30,6001130,epsilon_reached,,
cvar,500,10,8,6001131,qptas,completed,True,False,86400,7.083969216000014,7.083969216000014,capped_run,,,0.5,0.5,0.01,0.006666666666666667,4,23,1000,3,20,1000,1000,1000,23,0.1,0.02,1.0,0.5,20.0,,0,100,0.001,0.009432928583298694,0.008628648388822935,0.009432928583298694,True,,highs,,nan,nan,nan,,nan,,,nan,nan,nan,,nan,,184,511225,191,6001131,epsilon_reached,,
cvar,500,10,9,6001132,qptas,completed,True,False,86400,10.785029681999958,10.785029681999958,capped_run,,,0.5,0.5,0.01,0.006666666666666667,4,23,1000,3,20,1000,1000,1000,23,0.1,0.02,1.0,0.5,20.0,,0,100,0.001,0.009852512842339789,0.009852512842339789,0.008373579623729532,True,,highs,,nan,nan,nan,,nan,,,nan,nan,nan,,nan,,252,511225,258,6001132,epsilon_reached,,
cvar,500,10,10,6001133,qptas,completed,True,False,86400,1.3084445100000721,1.3084445100000721,capped_run,,,0.5,0.5,0.01,0.006666666666666667,4,23,1000,3,20,1000,1000,1000,23,0.1,0.02,1.0,0.5,20.0,,0,100,0.001,0.009883646021502268,0.009883646021502268,0.006326198874152256,True,,highs,,nan,nan,nan,,nan,,,nan,nan,nan,,nan,,30,511225,31,6001133,epsilon_reached,,
cvar,500,10,11,6001134,qptas,completed,True,False,86400,17.03320837299998,17.03320837299998,capped_run,,,0.5,0.5,0.01,0.006666666666666667,4,23,1000,3,20,1000,1000,1000,23,0.1,0.02,1.0,0.5,20.0,,0,100,0.001,0.008814071075901375,0.008814071075901375,0.007370118935734193,True,,highs,,nan,nan,nan,,nan,,,nan,nan,nan,,nan,,370,511225,382,6001134,epsilon_reached,,
cvar,500,10,12,6001135,qptas,completed,True,False,86400,9.411083657000063,9.411083657000063,capped_run,,,0.5,0.5,0.01,0.006666666666666667,4,23,1000,3,20,1000,1000,1000,23,0.1,0.02,1.0,0.5,20.0,,0,100,0.001,0.00919547844200097,0.009122785937261901,0.00919547844200097,True,,highs,,nan,nan,nan,,nan,,,nan,nan,nan,,nan,,225,511225,234,6001135,epsilon_reached,,
cvar,500,10,13,6001136,qptas,completed,True,False,86400,8.50933530400016,8.50933530400016,capped_run,,,0.5,0.5,0.01,0.006666666666666667,4,23,1000,3,20,1000,1000,1000,23,0.1,0.02,1.0,0.5,20.0,,0,100,0.001,0.00980128902622851,0.00980128902622851,0.009181370068450767,True,,highs,,nan,nan,nan,,nan,,,nan,nan,nan,,nan,,203,511225,214,6001136,epsilon_reached,,
cvar,500,10,14,6001137,qptas,completed,True,False,86400,11.560938652000004,11.560938652000004,capped_run,,,0.5,0.5,0.01,0.006666666666666667,4,23,1000,3,20,1000,1000,1000,23,0.1,0.02,1.0,0.5,20.0,,0,100,0.001,0.009583140837177095,0.008912251305931429,0.009583140837177095,True,,highs,,nan,nan,nan,,nan,,,nan,nan,nan,,nan,,292,511225,298,6001137,epsilon_reached,,
cvar,500,10,15,6001138,qptas,completed,True,False,86400,1.8283041979998416,1.8283041979998416,capped_run,,,0.5,0.5,0.01,0.006666666666666667,4,23,1000,3,20,1000,1000,1000,23,0.1,0.02,1.0,0.5,20.0,,0,100,0.001,0.009025957475370938,0.007943870808643672,0.009025957475370938,True,,highs,,nan,nan,nan,,nan,,,nan,nan,nan,,nan,,43,511225,44,6001138,epsilon_reached,,
cvar,500,10,16,6001139,qptas,completed,True,False,86400,6.2554835579999235,6.2554835579999235,capped_run,,,0.5,0.5,0.01,0.006666666666666667,4,23,1000,3,20,1000,1000,1000,23,0.1,0.02,1.0,0.5,20.0,,0,100,0.001,0.007741663467314142,0.007741663467314142,0.007050124601707508,True,,highs,,nan,nan,nan,,nan,,,nan,nan,nan,,nan,,155,511225,158,6001139,epsilon_reached,,
cvar,500,10,17,6001140,qptas,completed,True,False,86400,10.93797262299995,10.93797262299995,capped_run,,,0.5,0.5,0.01,0.006666666666666667,4,23,1000,3,20,1000,1000,1000,23,0.1,0.02,1.0,0.5,20.0,,0,100,0.001,0.009290169243565183,0.009094183226861008,0.009290169243565183,True,,highs,,nan,nan,nan,,nan,,,nan,nan,nan,,nan,,267,511225,279,6001140,epsilon_reached,,
cvar,500,10,18,6001141,qptas,completed,True,False,86400,0.7953399139998965,0.7953399139998965,capped_run,,,0.5,0.5,0.01,0.006666666666666667,4,23,1000,3,20,1000,1000,1000,23,0.1,0.02,1.0,0.5,20.0,,0,100,0.001,0.009564168269219409,0.006553346503558044,0.009564168269219409,True,,highs,,nan,nan,nan,,nan,,,nan,nan,nan,,nan,,20,511225,23,6001141,epsilon_reached,,
cvar,500,10,19,6001142,qptas,completed,True,False,86400,27.466021438000098,27.466021438000098,capped_run,,,0.5,0.5,0.01,0.006666666666666667,4,23,1000,3,20,1000,1000,1000,23,0.1,0.02,1.0,0.5,20.0,,0,100,0.001,0.009925316508553328,0.009925316508553328,0.007852930005312397,True,,highs,,nan,nan,nan,,nan,,,nan,nan,nan,,nan,,699,511225,714,6001142,epsilon_reached,,
cvar,500,20,0,6002123,qptas,completed,False,False,86400,55.20661314599988,55.20661314599988,capped_run,,,0.5,0.5,0.01,0.006666666666666667,5,23,1000,3,20,1000,1000,1000,23,0.1,0.02,1.0,0.5,20.0,,0,100,0.001,nan,nan,nan,False,,highs,,nan,nan,nan,,nan,,,nan,nan,nan,,nan,,1000,1806590016,1016,6002123,sample_exhausted,,
cvar,500,20,1,6002124,qptas,completed,True,False,86400,9.27001786599999,9.27001786599999,capped_run,,,0.5,0.5,0.01,0.006666666666666667,5,23,1000,3,20,1000,1000,1000,23,0.1,0.02,1.0,0.5,20.0,,0,100,0.001,0.009435938167669522,0.009435938167669522,0.009279058566113663,True,,highs,,nan,nan,nan,,nan,,,nan,nan,nan,,nan,,160,1806590016,164,6002124,epsilon_reached,,
cvar,500,20,2,6002125,qptas,completed,True,False,86400,10.7872937799998,10.7872937799998,capped_run,,,0.5,0.5,0.01,0.006666666666666667,5,23,1000,3,20,1000,1000,1000,23,0.1,0.02,1.0,0.5,20.0,,0,100,0.001,0.009970023487333446,0.006576844771271628,0.009970023487333446,True,,highs,,nan,nan,nan,,nan,,,nan,nan,nan,,nan,,204,1806590016,207,6002125,epsilon_reached,,
cvar,500,20,3,6002126,qptas,completed,True,False,86400,29.271426079999856,29.271426079999856,capped_run,,,0.5,0.5,0.01,0.006666666666666667,5,23,1000,3,20,1000,1000,1000,23,0.1,0.02,1.0,0.5,20.0,,0,100,0.001,0.009904042883637054,0.009904042883637054,0.00898796553592196,True,,highs,,nan,nan,nan,,nan,,,nan,nan,nan,,nan,,512,1806590016,522,6002126,epsilon_reached,,
cvar,500,20,4,6002127,qptas,completed,False,False,86400,56.45249117499998,56.45249117499998,capped_run,,,0.5,0.5,0.01,0.006666666666666667,5,23,1000,3,20,1000,1000,1000,23,0.1,0.02,1.0,0.5,20.0,,0,100,0.001,nan,nan,nan,False,,highs,,nan,nan,nan,,nan,,,nan,nan,nan,,nan,,1000,1806590016,1012,6002127,sample_exhausted,,
cvar,500,20,5,6002128,qptas,completed,True,False,86400,8.037934339000003,8.037934339000003,capped_run,,,0.5,0.5,0.01,0.006666666666666667,5,23,1000,3,20,1000,1000,1000,23,0.1,0.02,1.0,0.5,20.0,,0,100,0.001,0.0092009393417406,0.008621973190554078,0.0092009393417406,True,,highs,,nan,nan,nan,,nan,,,nan,nan,nan,,nan,,141,1806590016,144,6002128,epsilon_reached,,
cvar,500,20,6,6002129,qptas,completed,True,False,86400,29.758848616000023,29.758848616000023,capped_run,,,0.5,0.5,0.01,0.006666666666666667,5,23,1000,3,20,1000,1000,1000,23,0.1,0.02,1.0,0.5,20.0,,0,100,0.001,0.009979483609412088,0.009979483609412088,0.009954932640196923,True,,highs,,nan,nan,nan,,nan,,,nan,nan,nan,,nan,,549,1806590016,564,6002129,epsilon_reached,,
cvar,500,20,7,6002130,qptas,completed,False,False,86400,54.325826949999964,54.325826949999964,capped_run,,,0.5,0.5,0.01,0.006666666666666667,5,23,1000,3,20,1000,1000,1000,23,0.1,0.02,1.0,0.5,20.0,,0,100,0.001,nan,nan,nan,False,,highs,,nan,nan,nan,,nan,,,nan,nan,nan,,nan,,1000,1806590016,1008,6002130,sample_exhausted,,
cvar,500,20,8,6002131,qptas,completed,False,False,86400,54.32646109699999,54.32646109699999,capped_run,,,0.5,0.5,0.01,0.006666666666666667,5,23,1000,3,20,1000,1000,1000,23,0.1,0.02,1.0,0.5,20.0,,0,100,0.001,nan,nan,nan,False,,highs,,nan,nan,nan,,nan,,,nan,nan,nan,,nan,,1000,1806590016,1012,6002131,sample_exhausted,,
cvar,500,20,9,6002132,qptas,completed,True,False,86400,6.961417682999809,6.961417682999809,capped_run,,,0.5,0.5,0.01,0.006666666666666667,5,23,1000,3,20,1000,1000,1000,23,0.1,0.02,1.0,0.5,20.0,,0,100,0.001,0.009011088938170875,0.008356255855784644,0.009011088938170875,True,,highs,,nan,nan,nan,,nan,,,nan,nan,nan,,nan,,132,1806590016,134,6002132,epsilon_reached,,
cvar,500,20,10,6002133,qptas,completed,False,False,86400,52.394822646999955,52.394822646999955,capped_run,,,0.5,0.5,0.01,0.006666666666666667,5,23,1000,3,20,1000,1000,1000,23,0.1,0.02,1.0,0.5,20.0,,0,100,0.001,nan,nan,nan,False,,highs,,nan,nan,nan,,nan,,,nan,nan,nan,,nan,,1000,1806590016,1011,6002133,sample_exhausted,,
cvar,500,20,11,6002134,qptas,completed,False,False,86400,53.700650946999986,53.700650946999986,capped_run,,,0.5,0.5,0.01,0.006666666666666667,5,23,1000,3,20,1000,1000,1000,23,0.1,0.02,1.0,0.5,20.0,,0,100,0.001,nan,nan,nan,False,,highs,,nan,nan,nan,,nan,,,nan,nan,nan,,nan,,1000,1806590016,1013,6002134,sample_exhausted,,
cvar,500,20,12,6002135,qptas,completed,True,False,86400,50.85700896800017,50.85700896800017,capped_run,,,0.5,0.5,0.01,0.006666666666666667,5,23,1000,3,20,1000,1000,1000,23,0.1,0.02,1.0,0.5,20.0,,0,100,0.001,0.009938690264862826,0.009069041131311795,0.009938690264862826,True,,highs,,nan,nan,nan,,nan,,,nan,nan,nan,,nan,,925,1806590016,943,6002135,epsilon_reached,,
cvar,500,20,13,6002136,qptas,completed,False,False,86400,55.42581175000009,55.42581175000009,capped_run,,,0.5,0.5,0.01,0.006666666666666667,5,23,1000,3,20,1000,1000,1000,23,0.1,0.02,1.0,0.5,20.0,,0,100,0.001,nan,nan,nan,False,,highs,,nan,nan,nan,,nan,,,nan,nan,nan,,nan,,1000,1806590016,1013,6002136,sample_exhausted,,
cvar,500,20,14,6002137,qptas,completed,False,False,86400,52.396229965999964,52.396229965999964,capped_run,,,0.5,0.5,0.01,0.006666666666666667,5,23,1000,3,20,1000,1000,1000,23,0.1,0.02,1.0,0.5,20.0,,0,100,0.001,nan,nan,nan,False,,highs,,nan,nan,nan,,nan,,,nan,nan,nan,,nan,,1000,1806590016,1016,6002137,sample_exhausted,,
cvar,500,20,15,6002138,qptas,completed,True,False,86400,4.214337396000019,4.214337396000019,capped_run,,,0.5,0.5,0.01,0.006666666666666667,5,23,1000,3,20,1000,1000,1000,23,0.1,0.02,1.0,0.5,20.0,,0,100,0.001,0.008655258977243951,0.008338407411407067,0.008655258977243951,True,,highs,,nan,nan,nan,,nan,,,nan,nan,nan,,nan,,73,1806590016,75,6002138,epsilon_reached,,
cvar,500,20,16,6002139,qptas,completed,False,False,86400,52.75575435699989,52.75575435699989,capped_run,,,0.5,0.5,0.01,0.006666666666666667,5,23,1000,3,20,1000,1000,1000,23,0.1,0.02,1.0,0.5,20.0,,0,100,0.001,nan,nan,nan,False,,highs,,nan,nan,nan,,nan,,,nan,nan,nan,,nan,,1000,1806590016,1012,6002139,sample_exhausted,,
cvar,500,20,17,6002140,qptas,completed,True,False,86400,43.58240869999986,43.58240869999986,capped_run,,,0.5,0.5,0.01,0.006666666666666667,5,23,1000,3,20,1000,1000,1000,23,0.1,0.02,1.0,0.5,20.0,,0,100,0.001,0.009187471308955586,0.009187471308955586,0.008761634945571084,True,,highs,,nan,nan,nan,,nan,,,nan,nan,nan,,nan,,776,1806590016,793,6002140,epsilon_reached,,
cvar,500,20,18,6002141,qptas,completed,True,False,86400,16.023696613000084,16.023696613000084,capped_run,,,0.5,0.5,0.01,0.006666666666666667,5,23,1000,3,20,1000,1000,1000,23,0.1,0.02,1.0,0.5,20.0,,0,100,0.001,0.009800345294631918,0.009800345294631918,0.007776073106876169,True,,highs,,nan,nan,nan,,nan,,,nan,nan,nan,,nan,,290,1806590016,293,6002141,epsilon_reached,,
cvar,500,20,19,6002142,qptas,completed,True,False,86400,33.13687897099999,33.13687897099999,capped_run,,,0.5,0.5,0.01,0.006666666666666667,5,23,1000,3,20,1000,1000,1000,23,0.1,0.02,1.0,0.5,20.0,,0,100,0.001,0.009003306326169969,0.008913688004926035,0.009003306326169969,True,,highs,,nan,nan,nan,,nan,,,nan,nan,nan,,nan,,598,1806590016,607,6002142,epsilon_reached,,
cvar,500,50,0,6005123,qptas,completed,True,False,86400,16.20984584100006,16.20984584100006,capped_run,,,0.5,0.5,0.01,0.006666666666666667,8,23,1000,3,20,1000,1000,1000,23,0.1,0.02,1.0,0.5,20.0,,0,100,0.001,0.009896669768613031,0.009896669768613031,0.009712427058638062,True,,highs,,nan,nan,nan,,nan,,,nan,nan,nan,,nan,,156,2730463682711675625,166,6005123,epsilon_reached,,
cvar,500,50,1,6005124,qptas,completed,True,False,86400,9.849066875999824,9.849066875999824,capped_run,,,0.5,0.5,0.01,0.006666666666666667,8,23,1000,3,20,1000,1000,1000,23,0.1,0.02,1.0,0.5,20.0,,0,100,0.001,0.009874944879711967,0.009069249255174994,0.009874944879711967,True,,highs,,nan,nan,nan,,nan,,,nan,nan,nan,,nan,,93,2730463682711675625,105,6005124,epsilon_reached,,
cvar,500,50,2,6005125,qptas,completed,True,False,86400,2.759484478999866,2.759484478999866,capped_run,,,0.5,0.5,0.01,0.006666666666666667,8,23,1000,3,20,1000,1000,1000,23,0.1,0.02,1.0,0.5,20.0,,0,100,0.001,0.009976157759264803,0.008150120034699893,0.009976157759264803,True,,highs,,nan,nan,nan,,nan,,,nan,nan,nan,,nan,,28,2730463682711675625,30,6005125,epsilon_reached,,
cvar,500,50,3,6005126,qptas,completed,True,False,86400,30.139036628999975,30.139036628999975,capped_run,,,0.5,0.5,0.01,0.006666666666666667,8,23,1000,3,20,1000,1000,1000,23,0.1,0.02,1.0,0.5,20.0,,0,100,0.001,0.00939596910958801,0.00851619166404205,0.00939596910958801,True,,highs,,nan,nan,nan,,nan,,,nan,nan,nan,,nan,,330,2730463682711675625,345,6005126,epsilon_reached,,
cvar,500,50,4,6005127,qptas,completed,True,False,86400,4.093541967999954,4.093541967999954,capped_run,,,0.5,0.5,0.01,0.006666666666666667,8,23,1000,3,20,1000,1000,1000,23,0.1,0.02,1.0,0.5,20.0,,0,100,0.001,0.009901845626965111,0.009901845626965111,0.009669857119266545,True,,highs,,nan,nan,nan,,nan,,,nan,nan,nan,,nan,,43,2730463682711675625,48,6005127,epsilon_reached,,
cvar,500,50,5,6005128,qptas,completed,True,False,86400,6.932111437999993,6.932111437999993,capped_run,,,0.5,0.5,0.01,0.006666666666666667,8,23,1000,3,20,1000,1000,1000,23,0.1,0.02,1.0,0.5,20.0,,0,100,0.001,0.009395242942545456,0.009395242942545456,0.007669046872611163,True,,highs,,nan,nan,nan,,nan,,,nan,nan,nan,,nan,,69,2730463682711675625,71,6005128,epsilon_reached,,
cvar,500,50,6,6005129,qptas,completed,True,False,86400,6.039551809999921,6.039551809999921,capped_run,,,0.5,0.5,0.01,0.006666666666666667,8,23,1000,3,20,1000,1000,1000,23,0.1,0.02,1.0,0.5,20.0,,0,100,0.001,0.009572676923075174,0.008920574037588558,0.009572676923075174,True,,highs,,nan,nan,nan,,nan,,,nan,nan,nan,,nan,,65,2730463682711675625,69,6005129,epsilon_reached,,
cvar,500,50,7,6005130,qptas,completed,True,False,86400,8.048732594000057,8.048732594000057,capped_run,,,0.5,0.5,0.01,0.006666666666666667,8,23,1000,3,20,1000,1000,1000,23,0.1,0.02,1.0,0.5,20.0,,0,100,0.001,0.009868119287139099,0.009703193361012552,0.009868119287139099,True,,highs,,nan,nan,nan,,nan,,,nan,nan,nan,,nan,,78,2730463682711675625,84,6005130,epsilon_reached,,
cvar,500,50,8,6005131,qptas,completed,True,False,86400,5.556463065000116,5.556463065000116,capped_run,,,0.5,0.5,0.01,0.006666666666666667,8,23,1000,3,20,1000,1000,1000,23,0.1,0.02,1.0,0.5,20.0,,0,100,0.001,0.00992880456735823,0.00992880456735823,0.008986370285060385,True,,highs,,nan,nan,nan,,nan,,,nan,nan,nan,,nan,,66,2730463682711675625,71,6005131,epsilon_reached,,
cvar,500,50,9,6005132,qptas,completed,True,False,86400,1.5977657739999813,1.5977657739999813,capped_run,,,0.5,0.5,0.01,0.006666666666666667,8,23,1000,3,20,1000,1000,1000,23,0.1,0.02,1.0,0.5,20.0,,0,100,0.001,0.0091939256514032,0.0091939256514032,0.007814724716679211,True,,highs,,nan,nan,nan,,nan,,,nan,nan,nan,,nan,,14,2730463682711675625,16,6005132,epsilon_reached,,
cvar,500,50,10,6005133,qptas,completed,True,False,86400,11.297150996000028,11.297150996000028,capped_run,,,0.5,0.5,0.01,0.006666666666666667,8,23,1000,3,20,1000,1000,1000,23,0.1,0.02,1.0,0.5,20.0,,0,100,0.001,0.009891228181894973,0.009891228181894973,0.009322428983902786,True,,highs,,nan,nan,nan,,nan,,,nan,nan,nan,,nan,,157,2730463682711675625,162,6005133,epsilon_reached,,
cvar,500,50,11,6005134,qptas,completed,True,False,86400,1.6958283359999768,1.6958283359999768,capped_run,,,0.5,0.5,0.01,0.006666666666666667,8,23,1000,3,20,1000,1000,1000,23,0.1,0.02,1.0,0.5,20.0,,0,100,0.001,0.009959510218192302,0.009330318511039604,0.009959510218192302,True,,highs,,nan,nan,nan,,nan,,,nan,nan,nan,,nan,,17,2730463682711675625,20,6005134,epsilon_reached,,
cvar,500,50,12,6005135,qptas,completed,True,False,86400,10.213727226999936,10.213727226999936,capped_run,,,0.5,0.5,0.01,0.006666666666666667,8,23,1000,3,20,1000,1000,1000,23,0.1,0.02,1.0,0.5,20.0,,0,100,0.001,0.009524874329017496,0.009511870673106326,0.009524874329017496,True,,highs,,nan,nan,nan,,nan,,,nan,nan,nan,,nan,,189,2730463682711675625,201,6005135,epsilon_reached,,
cvar,500,50,13,6005136,qptas,completed,True,False,86400,5.538054760000023,5.538054760000023,capped_run,,,0.5,0.5,0.01,0.006666666666666667,8,23,1000,3,20,1000,1000,1000,23,0.1,0.02,1.0,0.5,20.0,,0,100,0.001,0.009454185363830248,0.009454185363830248,0.00849805672089965,True,,highs,,nan,nan,nan,,nan,,,nan,nan,nan,,nan,,69,2730463682711675625,75,6005136,epsilon_reached,,
cvar,500,50,14,6005137,qptas,completed,True,False,86400,9.345749568999963,9.345749568999963,capped_run,,,0.5,0.5,0.01,0.006666666666666667,8,23,1000,3,20,1000,1000,1000,23,0.1,0.02,1.0,0.5,20.0,,0,100,0.001,0.009745193369208094,0.009745193369208094,0.008862402659904511,True,,highs,,nan,nan,nan,,nan,,,nan,nan,nan,,nan,,127,2730463682711675625,136,6005137,epsilon_reached,,
cvar,500,50,15,6005138,qptas,completed,True,False,86400,8.646781706000183,8.646781706000183,capped_run,,,0.5,0.5,0.01,0.006666666666666667,8,23,1000,3,20,1000,1000,1000,23,0.1,0.02,1.0,0.5,20.0,,0,100,0.001,0.009920728041788451,0.008942944946490505,0.009920728041788451,True,,highs,,nan,nan,nan,,nan,,,nan,nan,nan,,nan,,119,2730463682711675625,124,6005138,epsilon_reached,,
cvar,500,50,16,6005139,qptas,completed,True,False,86400,8.660359280999955,8.660359280999955,capped_run,,,0.5,0.5,0.01,0.006666666666666667,8,23,1000,3,20,1000,1000,1000,23,0.1,0.02,1.0,0.5,20.0,,0,100,0.001,0.009966409514641894,0.009966409514641894,0.00956362729725857,True,,highs,,nan,nan,nan,,nan,,,nan,nan,nan,,nan,,159,2730463682711675625,170,6005139,epsilon_reached,,
cvar,500,50,17,6005140,qptas,completed,True,False,86400,4.325089081999977,4.325089081999977,capped_run,,,0.5,0.5,0.01,0.006666666666666667,8,23,1000,3,20,1000,1000,1000,23,0.1,0.02,1.0,0.5,20.0,,0,100,0.001,0.009691526611009915,0.008717351117335848,0.009691526611009915,True,,highs,,nan,nan,nan,,nan,,,nan,nan,nan,,nan,,45,2730463682711675625,47,6005140,epsilon_reached,,
cvar,500,50,18,6005141,qptas,completed,True,False,86400,8.544218150000006,8.544218150000006,capped_run,,,0.5,0.5,0.01,0.006666666666666667,8,23,1000,3,20,1000,1000,1000,23,0.1,0.02,1.0,0.5,20.0,,0,100,0.001,0.009891627953854287,0.009891627953854287,0.009054385554740974,True,,highs,,nan,nan,nan,,nan,,,nan,nan,nan,,nan,,137,2730463682711675625,139,6005141,epsilon_reached,,
cvar,500,50,19,6005142,qptas,completed,True,False,86400,7.439408808000053,7.439408808000053,capped_run,,,0.5,0.5,0.01,0.006666666666666667,8,23,1000,3,20,1000,1000,1000,23,0.1,0.02,1.0,0.5,20.0,,0,100,0.001,0.009923557441202324,0.009652516285640789,0.009923557441202324,True,,highs,,nan,nan,nan,,nan,,,nan,nan,nan,,nan,,122,2730463682711675625,130,6005142,epsilon_reached,,
